Matplotlib is building the font cache; this may take a moment.
CUDA=False | montagens=['posterior8'] | modelos=['eegnet'] | alvos=30 | folds=3
  contrato 5cb6c6358c | banda 4-40 Hz ordem 5 | CAR on | IQR k=1.5 | calib 48 | fases mi
  aninhamento 2<4<8<16<21<32<64 verificado
  montagem      E  D centro  simetria
  64           27 27     10  sim
  32           14 14      4  sim
  21            9  8      4  NAO (aceita por decisao)
  16            6  6      4  sim
  8             3  3      2  sim
  4             2  2      0  sim
  2             1  1      0  sim
  3             1  1      1  sim
  sem_fz        4  3      1  NAO (aceita por decisao)
  posterior8    4  4      0  sim
  ocular4       2  2      0  sim
  6 grupos de alvos (semente 42), pool = 98 sujeitos:
    grupo 1: [3, 22, 57, 102, 107]
    grupo 2: [7, 52, 71, 79, 109]
    grupo 3: [12, 34, 60, 91, 95]
    grupo 4: [25, 31, 87, 106, 108]
    grupo 5: [41, 45, 63, 83, 105]
    grupo 6: [18, 49, 68, 76, 98]

==============================================================
  MONTAGEM posterior8 (8 canais) | MODELO eegnet | 0min
==============================================================
  grupo 1/6 | alvos [3, 22, 57, 102, 107] | pool=98 (0min)
      ERRO em posterior8/eegnet/grupo1: TypeError: Config() got an unexpected keyword argument 'deprecated'
  grupo 2/6 | alvos [7, 52, 71, 79, 109] | pool=98 (1min)
      ERRO em posterior8/eegnet/grupo2: TypeError: Config() got an unexpected keyword argument 'deprecated'
  grupo 3/6 | alvos [12, 34, 60, 91, 95] | pool=98 (1min)
      ERRO em posterior8/eegnet/grupo3: TypeError: Config() got an unexpected keyword argument 'deprecated'
  grupo 4/6 | alvos [25, 31, 87, 106, 108] | pool=98 (1min)
      ERRO em posterior8/eegnet/grupo4: TypeError: Config() got an unexpected keyword argument 'deprecated'
  grupo 5/6 | alvos [41, 45, 63, 83, 105] | pool=98 (1min)
      ERRO em posterior8/eegnet/grupo5: TypeError: Config() got an unexpected keyword argument 'deprecated'
  grupo 6/6 | alvos [18, 49, 68, 76, 98] | pool=98 (1min)
      ERRO em posterior8/eegnet/grupo6: TypeError: Config() got an unexpected keyword argument 'deprecated'

BENCH_MONTAGENS_DONE (1min)
CUDA=True | montagens=['posterior8'] | modelos=['eegsym'] | alvos=30 | folds=3
  contrato 5cb6c6358c | banda 4-40 Hz ordem 5 | CAR on | IQR k=1.5 | calib 48 | fases mi
  aninhamento 2<4<8<16<21<32<64 verificado
  montagem      E  D centro  simetria
  64           27 27     10  sim
  32           14 14      4  sim
  21            9  8      4  NAO (aceita por decisao)
  16            6  6      4  sim
  8             3  3      2  sim
  4             2  2      0  sim
  2             1  1      0  sim
  3             1  1      1  sim
  sem_fz        4  3      1  NAO (aceita por decisao)
  posterior8    4  4      0  sim
  ocular4       2  2      0  sim
  6 grupos de alvos (semente 42), pool = 98 sujeitos:
    grupo 1: [3, 22, 57, 102, 107]
    grupo 2: [7, 52, 71, 79, 109]
    grupo 3: [12, 34, 60, 91, 95]
    grupo 4: [25, 31, 87, 106, 108]
    grupo 5: [41, 45, 63, 83, 105]
    grupo 6: [18, 49, 68, 76, 98]

==============================================================
  MONTAGEM posterior8 (8 canais) | MODELO eegsym | 0min
==============================================================
  grupo 1/6 | alvos [3, 22, 57, 102, 107] | pool=98 (0min)
      ramo E: P3 PO3 O1 P7
      ramo D: P4 PO4 O2 P8
      ERRO em posterior8/eegsym/grupo1: AcceleratorError: CUDA error: no kernel image is available for execution on the device
Search for `cudaErrorNoKernelImageForDevice' in https://docs.nvidia.com/cuda/cuda-runtime-api/group__CUDART__TYPES.html for more information.
For more detailed error information, run with CUDA_LOG_FILE=stderr

  grupo 2/6 | alvos [7, 52, 71, 79, 109] | pool=98 (0min)
      ERRO em posterior8/eegsym/grupo2: AcceleratorError: CUDA error: no kernel image is available for execution on the device
Search for `cudaErrorNoKernelImageForDevice' in https://docs.nvidia.com/cuda/cuda-runtime-api/group__CUDART__TYPES.html for more information.
For more detailed error information, run with CUDA_LOG_FILE=stderr

  grupo 3/6 | alvos [12, 34, 60, 91, 95] | pool=98 (0min)
      ERRO em posterior8/eegsym/grupo3: AcceleratorError: CUDA error: no kernel image is available for execution on the device
Search for `cudaErrorNoKernelImageForDevice' in https://docs.nvidia.com/cuda/cuda-runtime-api/group__CUDART__TYPES.html for more information.
For more detailed error information, run with CUDA_LOG_FILE=stderr

  grupo 4/6 | alvos [25, 31, 87, 106, 108] | pool=98 (0min)
      ERRO em posterior8/eegsym/grupo4: AcceleratorError: CUDA error: no kernel image is available for execution on the device
Search for `cudaErrorNoKernelImageForDevice' in https://docs.nvidia.com/cuda/cuda-runtime-api/group__CUDART__TYPES.html for more information.
For more detailed error information, run with CUDA_LOG_FILE=stderr

  grupo 5/6 | alvos [41, 45, 63, 83, 105] | pool=98 (0min)
      ERRO em posterior8/eegsym/grupo5: AcceleratorError: CUDA error: no kernel image is available for execution on the device
Search for `cudaErrorNoKernelImageForDevice' in https://docs.nvidia.com/cuda/cuda-runtime-api/group__CUDART__TYPES.html for more information.
For more detailed error information, run with CUDA_LOG_FILE=stderr

  grupo 6/6 | alvos [18, 49, 68, 76, 98] | pool=98 (0min)
      ERRO em posterior8/eegsym/grupo6: AcceleratorError: CUDA error: no kernel image is available for execution on the device
Search for `cudaErrorNoKernelImageForDevice' in https://docs.nvidia.com/cuda/cuda-runtime-api/group__CUDART__TYPES.html for more information.
For more detailed error information, run with CUDA_LOG_FILE=stderr


BENCH_MONTAGENS_DONE (1min)
CUDA=True | montagens=['posterior8'] | modelos=['shallow_convnet'] | alvos=30 | folds=3
  contrato 5cb6c6358c | banda 4-40 Hz ordem 5 | CAR on | IQR k=1.5 | calib 48 | fases mi
  aninhamento 2<4<8<16<21<32<64 verificado
  montagem      E  D centro  simetria
  64           27 27     10  sim
  32           14 14      4  sim
  21            9  8      4  NAO (aceita por decisao)
  16            6  6      4  sim
  8             3  3      2  sim
  4             2  2      0  sim
  2             1  1      0  sim
  3             1  1      1  sim
  sem_fz        4  3      1  NAO (aceita por decisao)
  posterior8    4  4      0  sim
  ocular4       2  2      0  sim
  6 grupos de alvos (semente 42), pool = 98 sujeitos:
    grupo 1: [3, 22, 57, 102, 107]
    grupo 2: [7, 52, 71, 79, 109]
    grupo 3: [12, 34, 60, 91, 95]
    grupo 4: [25, 31, 87, 106, 108]
    grupo 5: [41, 45, 63, 83, 105]
    grupo 6: [18, 49, 68, 76, 98]

==============================================================
  MONTAGEM posterior8 (8 canais) | MODELO shallow_convnet | 0min
==============================================================
  grupo 1/6 | alvos [3, 22, 57, 102, 107] | pool=98 (0min)
      ERRO em posterior8/shallow_convnet/grupo1: AcceleratorError: CUDA error: no kernel image is available for execution on the device
Search for `cudaErrorNoKernelImageForDevice' in https://docs.nvidia.com/cuda/cuda-runtime-api/group__CUDART__TYPES.html for more information.
For more detailed error information, run with CUDA_LOG_FILE=stderr

  grupo 2/6 | alvos [7, 52, 71, 79, 109] | pool=98 (0min)
      ERRO em posterior8/shallow_convnet/grupo2: AcceleratorError: CUDA error: no kernel image is available for execution on the device
Search for `cudaErrorNoKernelImageForDevice' in https://docs.nvidia.com/cuda/cuda-runtime-api/group__CUDART__TYPES.html for more information.
For more detailed error information, run with CUDA_LOG_FILE=stderr

  grupo 3/6 | alvos [12, 34, 60, 91, 95] | pool=98 (0min)
      ERRO em posterior8/shallow_convnet/grupo3: AcceleratorError: CUDA error: no kernel image is available for execution on the device
Search for `cudaErrorNoKernelImageForDevice' in https://docs.nvidia.com/cuda/cuda-runtime-api/group__CUDART__TYPES.html for more information.
For more detailed error information, run with CUDA_LOG_FILE=stderr

  grupo 4/6 | alvos [25, 31, 87, 106, 108] | pool=98 (0min)
      ERRO em posterior8/shallow_convnet/grupo4: AcceleratorError: CUDA error: no kernel image is available for execution on the device
Search for `cudaErrorNoKernelImageForDevice' in https://docs.nvidia.com/cuda/cuda-runtime-api/group__CUDART__TYPES.html for more information.
For more detailed error information, run with CUDA_LOG_FILE=stderr

  grupo 5/6 | alvos [41, 45, 63, 83, 105] | pool=98 (0min)
      ERRO em posterior8/shallow_convnet/grupo5: AcceleratorError: CUDA error: no kernel image is available for execution on the device
Search for `cudaErrorNoKernelImageForDevice' in https://docs.nvidia.com/cuda/cuda-runtime-api/group__CUDART__TYPES.html for more information.
For more detailed error information, run with CUDA_LOG_FILE=stderr

  grupo 6/6 | alvos [18, 49, 68, 76, 98] | pool=98 (1min)
      ERRO em posterior8/shallow_convnet/grupo6: AcceleratorError: CUDA error: no kernel image is available for execution on the device
Search for `cudaErrorNoKernelImageForDevice' in https://docs.nvidia.com/cuda/cuda-runtime-api/group__CUDART__TYPES.html for more information.
For more detailed error information, run with CUDA_LOG_FILE=stderr


BENCH_MONTAGENS_DONE (1min)
CUDA=True | montagens=['posterior8'] | modelos=['deepcnn'] | alvos=30 | folds=3
  contrato 5cb6c6358c | banda 4-40 Hz ordem 5 | CAR on | IQR k=1.5 | calib 48 | fases mi
  aninhamento 2<4<8<16<21<32<64 verificado
  montagem      E  D centro  simetria
  64           27 27     10  sim
  32           14 14      4  sim
  21            9  8      4  NAO (aceita por decisao)
  16            6  6      4  sim
  8             3  3      2  sim
  4             2  2      0  sim
  2             1  1      0  sim
  3             1  1      1  sim
  sem_fz        4  3      1  NAO (aceita por decisao)
  posterior8    4  4      0  sim
  ocular4       2  2      0  sim
  6 grupos de alvos (semente 42), pool = 98 sujeitos:
    grupo 1: [3, 22, 57, 102, 107]
    grupo 2: [7, 52, 71, 79, 109]
    grupo 3: [12, 34, 60, 91, 95]
    grupo 4: [25, 31, 87, 106, 108]
    grupo 5: [41, 45, 63, 83, 105]
    grupo 6: [18, 49, 68, 76, 98]

==============================================================
  MONTAGEM posterior8 (8 canais) | MODELO deepcnn | 0min
==============================================================
  grupo 1/6 | alvos [3, 22, 57, 102, 107] | pool=98 (0min)
      ERRO em posterior8/deepcnn/grupo1: AcceleratorError: CUDA error: no kernel image is available for execution on the device
Search for `cudaErrorNoKernelImageForDevice' in https://docs.nvidia.com/cuda/cuda-runtime-api/group__CUDART__TYPES.html for more information.
For more detailed error information, run with CUDA_LOG_FILE=stderr

  grupo 2/6 | alvos [7, 52, 71, 79, 109] | pool=98 (0min)
Traceback (most recent call last):
  File "C:\Users\ALCYR\Documents\Códigos\EEG-MI-classification\experiments\hierarquico-8\_bench_montagens.py", line 707, in <module>
    main()
    ~~~~^^
  File "C:\Users\ALCYR\Documents\Códigos\EEG-MI-classification\experiments\hierarquico-8\_bench_montagens.py", line 595, in main
    _fase1(clf, Xm, ym)
    ~~~~~~^^^^^^^^^^^^^
  File "C:\Users\ALCYR\Documents\Códigos\EEG-MI-classification\experiments\hierarquico-8\_bench_montagens.py", line 224, in _fase1
    elif hasattr(model, "fit"): model.fit(X, y)
                                ~~~~~~~~~^^^^^^
  File "C:\Users\ALCYR\Documents\Códigos\EEG-MI-classification\modelos\cnn\adaptive_cnn.py", line 247, in fit
    y = np.asarray(y, dtype=np.int64).ravel()
        ~~~~~~~~~~^^^^^^^^^^^^^^^^^^^
KeyboardInterrupt
CUDA=True | montagens=['posterior8'] | modelos=['stia_net'] | alvos=30 | folds=3
  contrato 5cb6c6358c | banda 4-40 Hz ordem 5 | CAR on | IQR k=1.5 | calib 48 | fases mi
  aninhamento 2<4<8<16<21<32<64 verificado
  montagem      E  D centro  simetria
  64           27 27     10  sim
  32           14 14      4  sim
  21            9  8      4  NAO (aceita por decisao)
  16            6  6      4  sim
  8             3  3      2  sim
  4             2  2      0  sim
  2             1  1      0  sim
  3             1  1      1  sim
  sem_fz        4  3      1  NAO (aceita por decisao)
  posterior8    4  4      0  sim
  ocular4       2  2      0  sim
  celulas gemeas pendentes: stia_net.banda_do_artigo (rodar de novo com --banda 8 30)
  6 grupos de alvos (semente 42), pool = 98 sujeitos:
    grupo 1: [3, 22, 57, 102, 107]
    grupo 2: [7, 52, 71, 79, 109]
    grupo 3: [12, 34, 60, 91, 95]
    grupo 4: [25, 31, 87, 106, 108]
    grupo 5: [41, 45, 63, 83, 105]
    grupo 6: [18, 49, 68, 76, 98]

==============================================================
  MONTAGEM posterior8 (8 canais) | MODELO stia_net | 0min
==============================================================
  grupo 1/6 | alvos [3, 22, 57, 102, 107] | pool=98 (0min)
  [STIA-Net] Computing PLV adjacency matrix...
      ERRO em posterior8/stia_net/grupo1: AcceleratorError: CUDA error: no kernel image is available for execution on the device
Search for `cudaErrorNoKernelImageForDevice' in https://docs.nvidia.com/cuda/cuda-runtime-api/group__CUDART__TYPES.html for more information.
For more detailed error information, run with CUDA_LOG_FILE=stderr

  grupo 2/6 | alvos [7, 52, 71, 79, 109] | pool=98 (0min)
  [STIA-Net] Computing PLV adjacency matrix...
      ERRO em posterior8/stia_net/grupo2: AcceleratorError: CUDA error: no kernel image is available for execution on the device
Search for `cudaErrorNoKernelImageForDevice' in https://docs.nvidia.com/cuda/cuda-runtime-api/group__CUDART__TYPES.html for more information.
For more detailed error information, run with CUDA_LOG_FILE=stderr

  grupo 3/6 | alvos [12, 34, 60, 91, 95] | pool=98 (0min)
  [STIA-Net] Computing PLV adjacency matrix...
      ERRO em posterior8/stia_net/grupo3: AcceleratorError: CUDA error: no kernel image is available for execution on the device
Search for `cudaErrorNoKernelImageForDevice' in https://docs.nvidia.com/cuda/cuda-runtime-api/group__CUDART__TYPES.html for more information.
For more detailed error information, run with CUDA_LOG_FILE=stderr

  grupo 4/6 | alvos [25, 31, 87, 106, 108] | pool=98 (0min)
  [STIA-Net] Computing PLV adjacency matrix...
      ERRO em posterior8/stia_net/grupo4: AcceleratorError: CUDA error: no kernel image is available for execution on the device
Search for `cudaErrorNoKernelImageForDevice' in https://docs.nvidia.com/cuda/cuda-runtime-api/group__CUDART__TYPES.html for more information.
For more detailed error information, run with CUDA_LOG_FILE=stderr

  grupo 5/6 | alvos [41, 45, 63, 83, 105] | pool=98 (1min)
  [STIA-Net] Computing PLV adjacency matrix...
      ERRO em posterior8/stia_net/grupo5: AcceleratorError: CUDA error: no kernel image is available for execution on the device
Search for `cudaErrorNoKernelImageForDevice' in https://docs.nvidia.com/cuda/cuda-runtime-api/group__CUDART__TYPES.html for more information.
For more detailed error information, run with CUDA_LOG_FILE=stderr

  grupo 6/6 | alvos [18, 49, 68, 76, 98] | pool=98 (1min)
  [STIA-Net] Computing PLV adjacency matrix...
      ERRO em posterior8/stia_net/grupo6: AcceleratorError: CUDA error: no kernel image is available for execution on the device
Search for `cudaErrorNoKernelImageForDevice' in https://docs.nvidia.com/cuda/cuda-runtime-api/group__CUDART__TYPES.html for more information.
For more detailed error information, run with CUDA_LOG_FILE=stderr


BENCH_MONTAGENS_DONE (1min)
CUDA=True | montagens=['sem_fz'] | modelos=['eegnet'] | alvos=30 | folds=3
  contrato 5cb6c6358c | banda 4-40 Hz ordem 5 | CAR on | IQR k=1.5 | calib 48 | fases mi
  aninhamento 2<4<8<16<21<32<64 verificado
  montagem      E  D centro  simetria
  64           27 27     10  sim
  32           14 14      4  sim
  21            9  8      4  NAO (aceita por decisao)
  16            6  6      4  sim
  8             3  3      2  sim
  4             2  2      0  sim
  2             1  1      0  sim
  3             1  1      1  sim
  sem_fz        4  3      1  NAO (aceita por decisao)
  posterior8    4  4      0  sim
  ocular4       2  2      0  sim
  6 grupos de alvos (semente 42), pool = 98 sujeitos:
    grupo 1: [3, 22, 57, 102, 107]
    grupo 2: [7, 52, 71, 79, 109]
    grupo 3: [12, 34, 60, 91, 95]
    grupo 4: [25, 31, 87, 106, 108]
    grupo 5: [41, 45, 63, 83, 105]
    grupo 6: [18, 49, 68, 76, 98]

==============================================================
  MONTAGEM sem_fz (8 canais) | MODELO eegnet | 0min
==============================================================
  grupo 1/6 | alvos [3, 22, 57, 102, 107] | pool=98 (0min)
      ERRO em sem_fz/eegnet/grupo1: AcceleratorError: CUDA error: no kernel image is available for execution on the device
Search for `cudaErrorNoKernelImageForDevice' in https://docs.nvidia.com/cuda/cuda-runtime-api/group__CUDART__TYPES.html for more information.
For more detailed error information, run with CUDA_LOG_FILE=stderr

  grupo 2/6 | alvos [7, 52, 71, 79, 109] | pool=98 (0min)
      ERRO em sem_fz/eegnet/grupo2: AcceleratorError: CUDA error: no kernel image is available for execution on the device
Search for `cudaErrorNoKernelImageForDevice' in https://docs.nvidia.com/cuda/cuda-runtime-api/group__CUDART__TYPES.html for more information.
For more detailed error information, run with CUDA_LOG_FILE=stderr

  grupo 3/6 | alvos [12, 34, 60, 91, 95] | pool=98 (0min)
      ERRO em sem_fz/eegnet/grupo3: AcceleratorError: CUDA error: no kernel image is available for execution on the device
Search for `cudaErrorNoKernelImageForDevice' in https://docs.nvidia.com/cuda/cuda-runtime-api/group__CUDART__TYPES.html for more information.
For more detailed error information, run with CUDA_LOG_FILE=stderr

  grupo 4/6 | alvos [25, 31, 87, 106, 108] | pool=98 (1min)
      ERRO em sem_fz/eegnet/grupo4: AcceleratorError: CUDA error: no kernel image is available for execution on the device
Search for `cudaErrorNoKernelImageForDevice' in https://docs.nvidia.com/cuda/cuda-runtime-api/group__CUDART__TYPES.html for more information.
For more detailed error information, run with CUDA_LOG_FILE=stderr

  grupo 5/6 | alvos [41, 45, 63, 83, 105] | pool=98 (1min)
      ERRO em sem_fz/eegnet/grupo5: AcceleratorError: CUDA error: no kernel image is available for execution on the device
Search for `cudaErrorNoKernelImageForDevice' in https://docs.nvidia.com/cuda/cuda-runtime-api/group__CUDART__TYPES.html for more information.
For more detailed error information, run with CUDA_LOG_FILE=stderr

  grupo 6/6 | alvos [18, 49, 68, 76, 98] | pool=98 (1min)
      ERRO em sem_fz/eegnet/grupo6: AcceleratorError: CUDA error: no kernel image is available for execution on the device
Search for `cudaErrorNoKernelImageForDevice' in https://docs.nvidia.com/cuda/cuda-runtime-api/group__CUDART__TYPES.html for more information.
For more detailed error information, run with CUDA_LOG_FILE=stderr


BENCH_MONTAGENS_DONE (1min)
CUDA=True | montagens=['sem_fz'] | modelos=['eegsym'] | alvos=30 | folds=3
  contrato 5cb6c6358c | banda 4-40 Hz ordem 5 | CAR on | IQR k=1.5 | calib 48 | fases mi
  aninhamento 2<4<8<16<21<32<64 verificado
  montagem      E  D centro  simetria
  64           27 27     10  sim
  32           14 14      4  sim
  21            9  8      4  NAO (aceita por decisao)
  16            6  6      4  sim
  8             3  3      2  sim
  4             2  2      0  sim
  2             1  1      0  sim
  3             1  1      1  sim
  sem_fz        4  3      1  NAO (aceita por decisao)
  posterior8    4  4      0  sim
  ocular4       2  2      0  sim
  6 grupos de alvos (semente 42), pool = 98 sujeitos:
    grupo 1: [3, 22, 57, 102, 107]
    grupo 2: [7, 52, 71, 79, 109]
    grupo 3: [12, 34, 60, 91, 95]
    grupo 4: [25, 31, 87, 106, 108]
    grupo 5: [41, 45, 63, 83, 105]
    grupo 6: [18, 49, 68, 76, 98]

==============================================================
  MONTAGEM sem_fz (8 canais) | MODELO eegsym | 0min
==============================================================
  grupo 1/6 | alvos [3, 22, 57, 102, 107] | pool=98 (0min)
      ramo E: C3 FC3 CP3 Cz
      ramo D: C4 FC4 CP4 Cz
      descartados (lateral sem par): C1
      ERRO em sem_fz/eegsym/grupo1: ModuleNotFoundError: No module named 'torch.fx.experimental.symbolic_shapes'
  grupo 2/6 | alvos [7, 52, 71, 79, 109] | pool=98 (0min)
      ERRO em sem_fz/eegsym/grupo2: ModuleNotFoundError: No module named 'torch.fx.experimental.symbolic_shapes'
  grupo 3/6 | alvos [12, 34, 60, 91, 95] | pool=98 (0min)
      ERRO em sem_fz/eegsym/grupo3: ModuleNotFoundError: No module named 'torch.fx.experimental.symbolic_shapes'
  grupo 4/6 | alvos [25, 31, 87, 106, 108] | pool=98 (0min)
      ERRO em sem_fz/eegsym/grupo4: ModuleNotFoundError: No module named 'torch.fx.experimental.symbolic_shapes'
  grupo 5/6 | alvos [41, 45, 63, 83, 105] | pool=98 (0min)
      ERRO em sem_fz/eegsym/grupo5: ModuleNotFoundError: No module named 'torch.fx.experimental.symbolic_shapes'
  grupo 6/6 | alvos [18, 49, 68, 76, 98] | pool=98 (0min)
      ERRO em sem_fz/eegsym/grupo6: ModuleNotFoundError: No module named 'torch.fx.experimental.symbolic_shapes'

BENCH_MONTAGENS_DONE (1min)
Traceback (most recent call last):
  File "C:\Users\ALCYR\Documents\Códigos\EEG-MI-classification\experiments\hierarquico-8\_bench_montagens.py", line 66, in <module>
    import torch
  File "C:\Users\ALCYR\Documents\Códigos\EEG-MI-classification\.venv312\Lib\site-packages\torch\__init__.py", line 427, in <module>
    from torch._C import *  # noqa: F403
    ^^^^^^^^^^^^^^^^^^^^^^
ImportError: DLL load failed while importing _C: Não foi possível encontrar o módulo especificado.
Traceback (most recent call last):
  File "C:\Users\ALCYR\Documents\Códigos\EEG-MI-classification\experiments\hierarquico-8\_bench_montagens.py", line 66, in <module>
    import torch
  File "C:\Users\ALCYR\Documents\Códigos\EEG-MI-classification\.venv312\Lib\site-packages\torch\__init__.py", line 427, in <module>
    from torch._C import *  # noqa: F403
    ^^^^^^^^^^^^^^^^^^^^^^
ImportError: DLL load failed while importing _C: Não foi possível encontrar o módulo especificado.
Traceback (most recent call last):
  File "C:\Users\ALCYR\Documents\Códigos\EEG-MI-classification\experiments\hierarquico-8\_bench_montagens.py", line 66, in <module>
    import torch
  File "C:\Users\ALCYR\Documents\Códigos\EEG-MI-classification\.venv312\Lib\site-packages\torch\__init__.py", line 427, in <module>
    from torch._C import *  # noqa: F403
    ^^^^^^^^^^^^^^^^^^^^^^
ImportError: DLL load failed while importing _C: Não foi possível encontrar o módulo especificado.
Traceback (most recent call last):
  File "C:\Users\ALCYR\Documents\Códigos\EEG-MI-classification\experiments\hierarquico-8\_bench_montagens.py", line 66, in <module>
    import torch
  File "C:\Users\ALCYR\Documents\Códigos\EEG-MI-classification\.venv312\Lib\site-packages\torch\__init__.py", line 427, in <module>
    from torch._C import *  # noqa: F403
    ^^^^^^^^^^^^^^^^^^^^^^
ImportError: DLL load failed while importing _C: Não foi possível encontrar o módulo especificado.
Traceback (most recent call last):
  File "C:\Users\ALCYR\Documents\Códigos\EEG-MI-classification\experiments\hierarquico-8\_bench_montagens.py", line 66, in <module>
    import torch
  File "C:\Users\ALCYR\Documents\Códigos\EEG-MI-classification\.venv312\Lib\site-packages\torch\__init__.py", line 427, in <module>
    from torch._C import *  # noqa: F403
    ^^^^^^^^^^^^^^^^^^^^^^
ImportError: DLL load failed while importing _C: Não foi possível encontrar o módulo especificado.
Traceback (most recent call last):
  File "C:\Users\ALCYR\Documents\Códigos\EEG-MI-classification\experiments\hierarquico-8\_bench_montagens.py", line 66, in <module>
    import torch
  File "C:\Users\ALCYR\Documents\Códigos\EEG-MI-classification\.venv312\Lib\site-packages\torch\__init__.py", line 427, in <module>
    from torch._C import *  # noqa: F403
    ^^^^^^^^^^^^^^^^^^^^^^
ImportError: DLL load failed while importing _C: Não foi possível encontrar o módulo especificado.
Traceback (most recent call last):
  File "C:\Users\ALCYR\Documents\Códigos\EEG-MI-classification\experiments\hierarquico-8\_bench_montagens.py", line 66, in <module>
    import torch
  File "C:\Users\ALCYR\Documents\Códigos\EEG-MI-classification\.venv312\Lib\site-packages\torch\__init__.py", line 427, in <module>
    from torch._C import *  # noqa: F403
    ^^^^^^^^^^^^^^^^^^^^^^
ImportError: DLL load failed while importing _C: Não foi possível encontrar o módulo especificado.
Traceback (most recent call last):
  File "C:\Users\ALCYR\Documents\Códigos\EEG-MI-classification\experiments\hierarquico-8\_bench_montagens.py", line 66, in <module>
    import torch
  File "C:\Users\ALCYR\Documents\Códigos\EEG-MI-classification\.venv312\Lib\site-packages\torch\__init__.py", line 427, in <module>
    from torch._C import *  # noqa: F403
    ^^^^^^^^^^^^^^^^^^^^^^
ImportError: DLL load failed while importing _C: Não foi possível encontrar o módulo especificado.
Traceback (most recent call last):
  File "C:\Users\ALCYR\Documents\Códigos\EEG-MI-classification\experiments\hierarquico-8\_bench_montagens.py", line 66, in <module>
    import torch
  File "C:\Users\ALCYR\Documents\Códigos\EEG-MI-classification\.venv312\Lib\site-packages\torch\__init__.py", line 427, in <module>
    from torch._C import *  # noqa: F403
    ^^^^^^^^^^^^^^^^^^^^^^
ImportError: DLL load failed while importing _C: Não foi possível encontrar o módulo especificado.
Traceback (most recent call last):
  File "C:\Users\ALCYR\Documents\Códigos\EEG-MI-classification\experiments\hierarquico-8\_bench_montagens.py", line 66, in <module>
    import torch
  File "C:\Users\ALCYR\Documents\Códigos\EEG-MI-classification\.venv312\Lib\site-packages\torch\__init__.py", line 427, in <module>
    from torch._C import *  # noqa: F403
    ^^^^^^^^^^^^^^^^^^^^^^
ImportError: DLL load failed while importing _C: Não foi possível encontrar o módulo especificado.
Traceback (most recent call last):
  File "C:\Users\ALCYR\Documents\Códigos\EEG-MI-classification\experiments\hierarquico-8\_bench_montagens.py", line 66, in <module>
    import torch
  File "C:\Users\ALCYR\Documents\Códigos\EEG-MI-classification\.venv312\Lib\site-packages\torch\__init__.py", line 427, in <module>
    from torch._C import *  # noqa: F403
    ^^^^^^^^^^^^^^^^^^^^^^
ImportError: DLL load failed while importing _C: Não foi possível encontrar o módulo especificado.
Traceback (most recent call last):
  File "C:\Users\ALCYR\Documents\Códigos\EEG-MI-classification\experiments\hierarquico-8\_bench_montagens.py", line 66, in <module>
    import torch
  File "C:\Users\ALCYR\Documents\Códigos\EEG-MI-classification\.venv312\Lib\site-packages\torch\__init__.py", line 427, in <module>
    from torch._C import *  # noqa: F403
    ^^^^^^^^^^^^^^^^^^^^^^
ImportError: DLL load failed while importing _C: Não foi possível encontrar o módulo especificado.
Traceback (most recent call last):
  File "C:\Users\ALCYR\Documents\Códigos\EEG-MI-classification\experiments\hierarquico-8\_bench_montagens.py", line 66, in <module>
    import torch
  File "C:\Users\ALCYR\Documents\Códigos\EEG-MI-classification\.venv312\Lib\site-packages\torch\__init__.py", line 427, in <module>
    from torch._C import *  # noqa: F403
    ^^^^^^^^^^^^^^^^^^^^^^
ImportError: DLL load failed while importing _C: Não foi possível encontrar o módulo especificado.
Traceback (most recent call last):
  File "C:\Users\ALCYR\Documents\Códigos\EEG-MI-classification\experiments\hierarquico-8\_bench_montagens.py", line 66, in <module>
    import torch
  File "C:\Users\ALCYR\Documents\Códigos\EEG-MI-classification\.venv312\Lib\site-packages\torch\__init__.py", line 427, in <module>
    from torch._C import *  # noqa: F403
    ^^^^^^^^^^^^^^^^^^^^^^
ImportError: DLL load failed while importing _C: Não foi possível encontrar o módulo especificado.
Traceback (most recent call last):
  File "C:\Users\ALCYR\Documents\Códigos\EEG-MI-classification\experiments\hierarquico-8\_bench_montagens.py", line 66, in <module>
    import torch
  File "C:\Users\ALCYR\Documents\Códigos\EEG-MI-classification\.venv312\Lib\site-packages\torch\__init__.py", line 427, in <module>
    from torch._C import *  # noqa: F403
    ^^^^^^^^^^^^^^^^^^^^^^
ImportError: DLL load failed while importing _C: Não foi possível encontrar o módulo especificado.
Traceback (most recent call last):
  File "C:\Users\ALCYR\Documents\Códigos\EEG-MI-classification\experiments\hierarquico-8\_bench_montagens.py", line 66, in <module>
    import torch
  File "C:\Users\ALCYR\Documents\Códigos\EEG-MI-classification\.venv312\Lib\site-packages\torch\__init__.py", line 427, in <module>
    from torch._C import *  # noqa: F403
    ^^^^^^^^^^^^^^^^^^^^^^
ImportError: DLL load failed while importing _C: Não foi possível encontrar o módulo especificado.
Traceback (most recent call last):
  File "C:\Users\ALCYR\Documents\Códigos\EEG-MI-classification\experiments\hierarquico-8\_bench_montagens.py", line 66, in <module>
    import torch
  File "C:\Users\ALCYR\Documents\Códigos\EEG-MI-classification\.venv312\Lib\site-packages\torch\__init__.py", line 427, in <module>
    from torch._C import *  # noqa: F403
    ^^^^^^^^^^^^^^^^^^^^^^
ImportError: DLL load failed while importing _C: Não foi possível encontrar o módulo especificado.
Traceback (most recent call last):
  File "C:\Users\ALCYR\Documents\Códigos\EEG-MI-classification\experiments\hierarquico-8\_bench_montagens.py", line 66, in <module>
    import torch
  File "C:\Users\ALCYR\Documents\Códigos\EEG-MI-classification\.venv312\Lib\site-packages\torch\__init__.py", line 427, in <module>
    from torch._C import *  # noqa: F403
    ^^^^^^^^^^^^^^^^^^^^^^
ImportError: DLL load failed while importing _C: Não foi possível encontrar o módulo especificado.
Traceback (most recent call last):
  File "C:\Users\ALCYR\Documents\Códigos\EEG-MI-classification\experiments\hierarquico-8\_bench_montagens.py", line 66, in <module>
    import torch
  File "C:\Users\ALCYR\Documents\Códigos\EEG-MI-classification\.venv312\Lib\site-packages\torch\__init__.py", line 427, in <module>
    from torch._C import *  # noqa: F403
    ^^^^^^^^^^^^^^^^^^^^^^
ImportError: DLL load failed while importing _C: Não foi possível encontrar o módulo especificado.
Traceback (most recent call last):
  File "C:\Users\ALCYR\Documents\Códigos\EEG-MI-classification\experiments\hierarquico-8\_bench_montagens.py", line 66, in <module>
    import torch
  File "C:\Users\ALCYR\Documents\Códigos\EEG-MI-classification\.venv312\Lib\site-packages\torch\__init__.py", line 427, in <module>
    from torch._C import *  # noqa: F403
    ^^^^^^^^^^^^^^^^^^^^^^
ImportError: DLL load failed while importing _C: Não foi possível encontrar o módulo especificado.
Traceback (most recent call last):
  File "C:\Users\ALCYR\Documents\Códigos\EEG-MI-classification\experiments\hierarquico-8\_bench_montagens.py", line 66, in <module>
    import torch
  File "C:\Users\ALCYR\Documents\Códigos\EEG-MI-classification\.venv312\Lib\site-packages\torch\__init__.py", line 427, in <module>
    from torch._C import *  # noqa: F403
    ^^^^^^^^^^^^^^^^^^^^^^
ImportError: DLL load failed while importing _C: Não foi possível encontrar o módulo especificado.
Traceback (most recent call last):
  File "C:\Users\ALCYR\Documents\Códigos\EEG-MI-classification\experiments\hierarquico-8\_bench_montagens.py", line 66, in <module>
    import torch
  File "C:\Users\ALCYR\Documents\Códigos\EEG-MI-classification\.venv312\Lib\site-packages\torch\__init__.py", line 427, in <module>
    from torch._C import *  # noqa: F403
    ^^^^^^^^^^^^^^^^^^^^^^
ImportError: DLL load failed while importing _C: Não foi possível encontrar o módulo especificado.
Traceback (most recent call last):
  File "C:\Users\ALCYR\Documents\Códigos\EEG-MI-classification\experiments\hierarquico-8\_bench_montagens.py", line 66, in <module>
    import torch
  File "C:\Users\ALCYR\Documents\Códigos\EEG-MI-classification\.venv312\Lib\site-packages\torch\__init__.py", line 427, in <module>
    from torch._C import *  # noqa: F403
    ^^^^^^^^^^^^^^^^^^^^^^
ImportError: DLL load failed while importing _C: Não foi possível encontrar o módulo especificado.
Traceback (most recent call last):
  File "C:\Users\ALCYR\Documents\Códigos\EEG-MI-classification\experiments\hierarquico-8\_bench_montagens.py", line 66, in <module>
    import torch
  File "C:\Users\ALCYR\Documents\Códigos\EEG-MI-classification\.venv312\Lib\site-packages\torch\__init__.py", line 427, in <module>
    from torch._C import *  # noqa: F403
    ^^^^^^^^^^^^^^^^^^^^^^
ImportError: DLL load failed while importing _C: Não foi possível encontrar o módulo especificado.
Traceback (most recent call last):
  File "C:\Users\ALCYR\Documents\Códigos\EEG-MI-classification\experiments\hierarquico-8\_bench_montagens.py", line 66, in <module>
    import torch
  File "C:\Users\ALCYR\Documents\Códigos\EEG-MI-classification\.venv312\Lib\site-packages\torch\__init__.py", line 427, in <module>
    from torch._C import *  # noqa: F403
    ^^^^^^^^^^^^^^^^^^^^^^
ImportError: DLL load failed while importing _C: Não foi possível encontrar o módulo especificado.
Traceback (most recent call last):
  File "C:\Users\ALCYR\Documents\Códigos\EEG-MI-classification\experiments\hierarquico-8\_bench_montagens.py", line 66, in <module>
    import torch
  File "C:\Users\ALCYR\Documents\Códigos\EEG-MI-classification\.venv312\Lib\site-packages\torch\__init__.py", line 427, in <module>
    from torch._C import *  # noqa: F403
    ^^^^^^^^^^^^^^^^^^^^^^
ImportError: DLL load failed while importing _C: Não foi possível encontrar o módulo especificado.
Traceback (most recent call last):
  File "C:\Users\ALCYR\Documents\Códigos\EEG-MI-classification\experiments\hierarquico-8\_bench_montagens.py", line 66, in <module>
    import torch
  File "C:\Users\ALCYR\Documents\Códigos\EEG-MI-classification\.venv312\Lib\site-packages\torch\__init__.py", line 427, in <module>
    from torch._C import *  # noqa: F403
    ^^^^^^^^^^^^^^^^^^^^^^
ImportError: DLL load failed while importing _C: Não foi possível encontrar o módulo especificado.
Traceback (most recent call last):
  File "C:\Users\ALCYR\Documents\Códigos\EEG-MI-classification\experiments\hierarquico-8\_bench_montagens.py", line 66, in <module>
    import torch
  File "C:\Users\ALCYR\Documents\Códigos\EEG-MI-classification\.venv312\Lib\site-packages\torch\__init__.py", line 427, in <module>
    from torch._C import *  # noqa: F403
    ^^^^^^^^^^^^^^^^^^^^^^
ImportError: DLL load failed while importing _C: Não foi possível encontrar o módulo especificado.
Traceback (most recent call last):
  File "C:\Users\ALCYR\Documents\Códigos\EEG-MI-classification\experiments\hierarquico-8\_bench_montagens.py", line 66, in <module>
    import torch
  File "C:\Users\ALCYR\Documents\Códigos\EEG-MI-classification\.venv312\Lib\site-packages\torch\__init__.py", line 427, in <module>
    from torch._C import *  # noqa: F403
    ^^^^^^^^^^^^^^^^^^^^^^
ImportError: DLL load failed while importing _C: Não foi possível encontrar o módulo especificado.
Traceback (most recent call last):
  File "C:\Users\ALCYR\Documents\Códigos\EEG-MI-classification\experiments\hierarquico-8\_bench_montagens.py", line 66, in <module>
    import torch
  File "C:\Users\ALCYR\Documents\Códigos\EEG-MI-classification\.venv312\Lib\site-packages\torch\__init__.py", line 427, in <module>
    from torch._C import *  # noqa: F403
    ^^^^^^^^^^^^^^^^^^^^^^
ImportError: DLL load failed while importing _C: Não foi possível encontrar o módulo especificado.
Traceback (most recent call last):
  File "C:\Users\ALCYR\Documents\Códigos\EEG-MI-classification\experiments\hierarquico-8\_bench_montagens.py", line 66, in <module>
    import torch
  File "C:\Users\ALCYR\Documents\Códigos\EEG-MI-classification\.venv312\Lib\site-packages\torch\__init__.py", line 427, in <module>
    from torch._C import *  # noqa: F403
    ^^^^^^^^^^^^^^^^^^^^^^
ImportError: DLL load failed while importing _C: Não foi possível encontrar o módulo especificado.
Traceback (most recent call last):
  File "C:\Users\ALCYR\Documents\Códigos\EEG-MI-classification\experiments\hierarquico-8\_bench_montagens.py", line 66, in <module>
    import torch
  File "C:\Users\ALCYR\Documents\Códigos\EEG-MI-classification\.venv312\Lib\site-packages\torch\__init__.py", line 427, in <module>
    from torch._C import *  # noqa: F403
    ^^^^^^^^^^^^^^^^^^^^^^
ImportError: DLL load failed while importing _C: Não foi possível encontrar o módulo especificado.
Traceback (most recent call last):
  File "C:\Users\ALCYR\Documents\Códigos\EEG-MI-classification\experiments\hierarquico-8\_bench_montagens.py", line 66, in <module>
    import torch
  File "C:\Users\ALCYR\Documents\Códigos\EEG-MI-classification\.venv312\Lib\site-packages\torch\__init__.py", line 427, in <module>
    from torch._C import *  # noqa: F403
    ^^^^^^^^^^^^^^^^^^^^^^
ImportError: DLL load failed while importing _C: Não foi possível encontrar o módulo especificado.
Traceback (most recent call last):
  File "C:\Users\ALCYR\Documents\Códigos\EEG-MI-classification\experiments\hierarquico-8\_bench_montagens.py", line 66, in <module>
    import torch
  File "C:\Users\ALCYR\Documents\Códigos\EEG-MI-classification\.venv312\Lib\site-packages\torch\__init__.py", line 427, in <module>
    from torch._C import *  # noqa: F403
    ^^^^^^^^^^^^^^^^^^^^^^
ImportError: DLL load failed while importing _C: Não foi possível encontrar o módulo especificado.
Traceback (most recent call last):
  File "C:\Users\ALCYR\Documents\Códigos\EEG-MI-classification\experiments\hierarquico-8\_bench_montagens.py", line 66, in <module>
    import torch
  File "C:\Users\ALCYR\Documents\Códigos\EEG-MI-classification\.venv312\Lib\site-packages\torch\__init__.py", line 427, in <module>
    from torch._C import *  # noqa: F403
    ^^^^^^^^^^^^^^^^^^^^^^
ImportError: DLL load failed while importing _C: Não foi possível encontrar o módulo especificado.
Traceback (most recent call last):
  File "C:\Users\ALCYR\Documents\Códigos\EEG-MI-classification\experiments\hierarquico-8\_bench_montagens.py", line 66, in <module>
    import torch
  File "C:\Users\ALCYR\Documents\Códigos\EEG-MI-classification\.venv312\Lib\site-packages\torch\__init__.py", line 427, in <module>
    from torch._C import *  # noqa: F403
    ^^^^^^^^^^^^^^^^^^^^^^
ImportError: DLL load failed while importing _C: Não foi possível encontrar o módulo especificado.
Traceback (most recent call last):
  File "C:\Users\ALCYR\Documents\Códigos\EEG-MI-classification\experiments\hierarquico-8\_bench_montagens.py", line 66, in <module>
    import torch
  File "C:\Users\ALCYR\Documents\Códigos\EEG-MI-classification\.venv312\Lib\site-packages\torch\__init__.py", line 427, in <module>
    from torch._C import *  # noqa: F403
    ^^^^^^^^^^^^^^^^^^^^^^
ImportError: DLL load failed while importing _C: Não foi possível encontrar o módulo especificado.
Traceback (most recent call last):
  File "C:\Users\ALCYR\Documents\Códigos\EEG-MI-classification\experiments\hierarquico-8\_bench_montagens.py", line 66, in <module>
    import torch
  File "C:\Users\ALCYR\Documents\Códigos\EEG-MI-classification\.venv312\Lib\site-packages\torch\__init__.py", line 427, in <module>
    from torch._C import *  # noqa: F403
    ^^^^^^^^^^^^^^^^^^^^^^
ImportError: DLL load failed while importing _C: Não foi possível encontrar o módulo especificado.
Traceback (most recent call last):
  File "C:\Users\ALCYR\Documents\Códigos\EEG-MI-classification\experiments\hierarquico-8\_bench_montagens.py", line 66, in <module>
    import torch
  File "C:\Users\ALCYR\Documents\Códigos\EEG-MI-classification\.venv312\Lib\site-packages\torch\__init__.py", line 427, in <module>
    from torch._C import *  # noqa: F403
    ^^^^^^^^^^^^^^^^^^^^^^
ImportError: DLL load failed while importing _C: Não foi possível encontrar o módulo especificado.
Traceback (most recent call last):
  File "C:\Users\ALCYR\Documents\Códigos\EEG-MI-classification\experiments\hierarquico-8\_bench_montagens.py", line 66, in <module>
    import torch
  File "C:\Users\ALCYR\Documents\Códigos\EEG-MI-classification\.venv312\Lib\site-packages\torch\__init__.py", line 427, in <module>
    from torch._C import *  # noqa: F403
    ^^^^^^^^^^^^^^^^^^^^^^
ImportError: DLL load failed while importing _C: Não foi possível encontrar o módulo especificado.
Traceback (most recent call last):
  File "C:\Users\ALCYR\Documents\Códigos\EEG-MI-classification\experiments\hierarquico-8\_bench_montagens.py", line 66, in <module>
    import torch
  File "C:\Users\ALCYR\Documents\Códigos\EEG-MI-classification\.venv312\Lib\site-packages\torch\__init__.py", line 427, in <module>
    from torch._C import *  # noqa: F403
    ^^^^^^^^^^^^^^^^^^^^^^
ImportError: DLL load failed while importing _C: Não foi possível encontrar o módulo especificado.
Traceback (most recent call last):
  File "C:\Users\ALCYR\Documents\Códigos\EEG-MI-classification\experiments\hierarquico-8\_bench_montagens.py", line 66, in <module>
    import torch
  File "C:\Users\ALCYR\Documents\Códigos\EEG-MI-classification\.venv312\Lib\site-packages\torch\__init__.py", line 427, in <module>
    from torch._C import *  # noqa: F403
    ^^^^^^^^^^^^^^^^^^^^^^
ImportError: DLL load failed while importing _C: Não foi possível encontrar o módulo especificado.
Traceback (most recent call last):
  File "C:\Users\ALCYR\Documents\Códigos\EEG-MI-classification\experiments\hierarquico-8\_bench_montagens.py", line 66, in <module>
    import torch
  File "C:\Users\ALCYR\Documents\Códigos\EEG-MI-classification\.venv312\Lib\site-packages\torch\__init__.py", line 427, in <module>
    from torch._C import *  # noqa: F403
    ^^^^^^^^^^^^^^^^^^^^^^
ImportError: DLL load failed while importing _C: Não foi possível encontrar o módulo especificado.
Traceback (most recent call last):
  File "C:\Users\ALCYR\Documents\Códigos\EEG-MI-classification\experiments\hierarquico-8\_bench_montagens.py", line 66, in <module>
    import torch
  File "C:\Users\ALCYR\Documents\Códigos\EEG-MI-classification\.venv312\Lib\site-packages\torch\__init__.py", line 427, in <module>
    from torch._C import *  # noqa: F403
    ^^^^^^^^^^^^^^^^^^^^^^
ImportError: DLL load failed while importing _C: Não foi possível encontrar o módulo especificado.
Traceback (most recent call last):
  File "C:\Users\ALCYR\Documents\Códigos\EEG-MI-classification\experiments\hierarquico-8\_bench_montagens.py", line 66, in <module>
    import torch
  File "C:\Users\ALCYR\Documents\Códigos\EEG-MI-classification\.venv312\Lib\site-packages\torch\__init__.py", line 427, in <module>
    from torch._C import *  # noqa: F403
    ^^^^^^^^^^^^^^^^^^^^^^
ImportError: DLL load failed while importing _C: Não foi possível encontrar o módulo especificado.
Traceback (most recent call last):
  File "C:\Users\ALCYR\Documents\Códigos\EEG-MI-classification\experiments\hierarquico-8\_bench_montagens.py", line 66, in <module>
    import torch
  File "C:\Users\ALCYR\Documents\Códigos\EEG-MI-classification\.venv312\Lib\site-packages\torch\__init__.py", line 427, in <module>
    from torch._C import *  # noqa: F403
    ^^^^^^^^^^^^^^^^^^^^^^
ImportError: DLL load failed while importing _C: Não foi possível encontrar o módulo especificado.
Traceback (most recent call last):
  File "C:\Users\ALCYR\Documents\Códigos\EEG-MI-classification\experiments\hierarquico-8\_bench_montagens.py", line 66, in <module>
    import torch
  File "C:\Users\ALCYR\Documents\Códigos\EEG-MI-classification\.venv312\Lib\site-packages\torch\__init__.py", line 427, in <module>
    from torch._C import *  # noqa: F403
    ^^^^^^^^^^^^^^^^^^^^^^
ImportError: DLL load failed while importing _C: Não foi possível encontrar o módulo especificado.
Traceback (most recent call last):
  File "C:\Users\ALCYR\Documents\Códigos\EEG-MI-classification\experiments\hierarquico-8\_bench_montagens.py", line 66, in <module>
    import torch
  File "C:\Users\ALCYR\Documents\Códigos\EEG-MI-classification\.venv312\Lib\site-packages\torch\__init__.py", line 427, in <module>
    from torch._C import *  # noqa: F403
    ^^^^^^^^^^^^^^^^^^^^^^
ImportError: DLL load failed while importing _C: Não foi possível encontrar o módulo especificado.
CUDA=True | montagens=['posterior8'] | modelos=['eegnet'] | alvos=30 | folds=3
  contrato 5cb6c6358c | banda 4-40 Hz ordem 5 | CAR on | IQR k=1.5 | calib 48 | fases mi
  aninhamento 2<4<8<16<21<32<64 verificado
  montagem      E  D centro  simetria
  64           27 27     10  sim
  32           14 14      4  sim
  21            9  8      4  NAO (aceita por decisao)
  16            6  6      4  sim
  8             3  3      2  sim
  4             2  2      0  sim
  2             1  1      0  sim
  3             1  1      1  sim
  sem_fz        4  3      1  NAO (aceita por decisao)
  posterior8    4  4      0  sim
  ocular4       2  2      0  sim
  6 grupos de alvos (semente 42), pool = 98 sujeitos:
    grupo 1: [3, 22, 57, 102, 107]
    grupo 2: [7, 52, 71, 79, 109]
    grupo 3: [12, 34, 60, 91, 95]
    grupo 4: [25, 31, 87, 106, 108]
    grupo 5: [41, 45, 63, 83, 105]
    grupo 6: [18, 49, 68, 76, 98]

==============================================================
  MONTAGEM posterior8 (8 canais) | MODELO eegnet | 0min
==============================================================
  grupo 1/6 | alvos [3, 22, 57, 102, 107] | pool=98 (0min)
      pool treinado (97s) — serve aos 5 alvos do grupo
      S003 fold 0: acc3=0.357
      S003 fold 1: acc3=0.250
      S003 fold 2: acc3=0.185
      S022 fold 0: acc3=0.464
      S022 fold 1: acc3=0.750
      S022 fold 2: acc3=0.464
      S057 fold 0: acc3=0.500
      S057 fold 1: acc3=0.464
      S057 fold 2: acc3=0.571
      S102 fold 0: acc3=0.621
      S102 fold 1: acc3=0.586
      S102 fold 2: acc3=0.552
      S107 fold 0: acc3=0.448
      S107 fold 1: acc3=0.536
      S107 fold 2: acc3=0.500
  grupo 2/6 | alvos [7, 52, 71, 79, 109] | pool=98 (2min)
      pool treinado (51s) — serve aos 5 alvos do grupo
      S007 fold 0: acc3=0.655
      S007 fold 1: acc3=0.552
      S007 fold 2: acc3=0.655
      S052 fold 0: acc3=0.621
      S052 fold 1: acc3=0.643
      S052 fold 2: acc3=0.607
      S071 fold 0: acc3=0.536
      S071 fold 1: acc3=0.536
      S071 fold 2: acc3=0.481
      S079 fold 0: acc3=0.607
      S079 fold 1: acc3=0.500
      S079 fold 2: acc3=0.407
      S109 fold 0: acc3=0.367
      S109 fold 1: acc3=0.310
      S109 fold 2: acc3=0.448
  grupo 3/6 | alvos [12, 34, 60, 91, 95] | pool=98 (3min)
      pool treinado (59s) — serve aos 5 alvos do grupo
      S012 fold 0: acc3=0.367
      S012 fold 1: acc3=0.517
      S012 fold 2: acc3=0.483
      S034 fold 0: acc3=0.633
      S034 fold 1: acc3=0.533
      S034 fold 2: acc3=0.690
      S060 fold 0: acc3=0.700
      S060 fold 1: acc3=0.800
      S060 fold 2: acc3=0.793
      S091 fold 0: acc3=0.483
      S091 fold 1: acc3=0.517
      S091 fold 2: acc3=0.464
      S095 fold 0: acc3=0.367
      S095 fold 1: acc3=0.379
      S095 fold 2: acc3=0.379
  grupo 4/6 | alvos [25, 31, 87, 106, 108] | pool=98 (4min)
      pool treinado (76s) — serve aos 5 alvos do grupo
      S025 fold 0: acc3=0.571
      S025 fold 1: acc3=0.571
      S025 fold 2: acc3=0.714
      S031 fold 0: acc3=0.667
      S031 fold 1: acc3=0.533
      S031 fold 2: acc3=0.600
      S087 fold 0: acc3=0.357
      S087 fold 1: acc3=0.429
      S087 fold 2: acc3=0.407
      S106 fold 0: acc3=0.483
      S106 fold 1: acc3=0.393
      S106 fold 2: acc3=0.500
      S108 fold 0: acc3=0.552
      S108 fold 1: acc3=0.207
      S108 fold 2: acc3=0.379
  grupo 5/6 | alvos [41, 45, 63, 83, 105] | pool=98 (6min)
      pool treinado (51s) — serve aos 5 alvos do grupo
      S041 fold 0: acc3=0.433
      S041 fold 1: acc3=0.600
      S041 fold 2: acc3=0.467
      S045 fold 0: acc3=0.400
      S045 fold 1: acc3=0.552
      S045 fold 2: acc3=0.448
      S063 fold 0: acc3=0.483
      S063 fold 1: acc3=0.464
      S063 fold 2: acc3=0.536
      S083 fold 0: acc3=0.500
      S083 fold 1: acc3=0.552
      S083 fold 2: acc3=0.448
      S105 fold 0: acc3=0.643
      S105 fold 1: acc3=0.571
      S105 fold 2: acc3=0.481
  grupo 6/6 | alvos [18, 49, 68, 76, 98] | pool=98 (7min)
      pool treinado (53s) — serve aos 5 alvos do grupo
      S018 fold 0: acc3=0.600
      S018 fold 1: acc3=0.414
      S018 fold 2: acc3=0.414
      S049 fold 0: acc3=0.379
      S049 fold 1: acc3=0.655
      S049 fold 2: acc3=0.483
      S068 fold 0: acc3=0.464
      S068 fold 1: acc3=0.607
      S068 fold 2: acc3=0.370
      S076 fold 0: acc3=0.379
      S076 fold 1: acc3=0.448
      S076 fold 2: acc3=0.393
      S098 fold 0: acc3=0.500
      S098 fold 1: acc3=0.600
      S098 fold 2: acc3=0.567

BENCH_MONTAGENS_DONE (8min)
CUDA=True | montagens=['posterior8'] | modelos=['eegsym'] | alvos=30 | folds=3
  contrato 5cb6c6358c | banda 4-40 Hz ordem 5 | CAR on | IQR k=1.5 | calib 48 | fases mi
  aninhamento 2<4<8<16<21<32<64 verificado
  montagem      E  D centro  simetria
  64           27 27     10  sim
  32           14 14      4  sim
  21            9  8      4  NAO (aceita por decisao)
  16            6  6      4  sim
  8             3  3      2  sim
  4             2  2      0  sim
  2             1  1      0  sim
  3             1  1      1  sim
  sem_fz        4  3      1  NAO (aceita por decisao)
  posterior8    4  4      0  sim
  ocular4       2  2      0  sim
  6 grupos de alvos (semente 42), pool = 98 sujeitos:
    grupo 1: [3, 22, 57, 102, 107]
    grupo 2: [7, 52, 71, 79, 109]
    grupo 3: [12, 34, 60, 91, 95]
    grupo 4: [25, 31, 87, 106, 108]
    grupo 5: [41, 45, 63, 83, 105]
    grupo 6: [18, 49, 68, 76, 98]
  retomando: 90 celulas ja concluidas sob 5cb6c6358c

==============================================================
  MONTAGEM posterior8 (8 canais) | MODELO eegsym | 0min
==============================================================
  grupo 1/6 | alvos [3, 22, 57, 102, 107] | pool=98 (0min)
      ramo E: P3 PO3 O1 P7
      ramo D: P4 PO4 O2 P8
      pool treinado (65s) — serve aos 5 alvos do grupo
      S003 fold 0: acc3=0.429
      S003 fold 1: acc3=0.464
      S003 fold 2: acc3=0.519
      S022 fold 0: acc3=0.500
      S022 fold 1: acc3=0.500
      S022 fold 2: acc3=0.679
      S057 fold 0: acc3=0.286
      S057 fold 1: acc3=0.429
      S057 fold 2: acc3=0.643
      S102 fold 0: acc3=0.552
      S102 fold 1: acc3=0.414
      S102 fold 2: acc3=0.276
      S107 fold 0: acc3=0.552
      S107 fold 1: acc3=0.464
      S107 fold 2: acc3=0.393
  grupo 2/6 | alvos [7, 52, 71, 79, 109] | pool=98 (1min)
      pool treinado (61s) — serve aos 5 alvos do grupo
      S007 fold 0: acc3=0.586
      S007 fold 1: acc3=0.448
      S007 fold 2: acc3=0.414
      S052 fold 0: acc3=0.586
      S052 fold 1: acc3=0.714
      S052 fold 2: acc3=0.607
      S071 fold 0: acc3=0.643
      S071 fold 1: acc3=0.607
      S071 fold 2: acc3=0.556
      S079 fold 0: acc3=0.536
      S079 fold 1: acc3=0.464
      S079 fold 2: acc3=0.519
      S109 fold 0: acc3=0.300
      S109 fold 1: acc3=0.345
      S109 fold 2: acc3=0.310
  grupo 3/6 | alvos [12, 34, 60, 91, 95] | pool=98 (3min)
      pool treinado (65s) — serve aos 5 alvos do grupo
      S012 fold 0: acc3=0.300
      S012 fold 1: acc3=0.379
      S012 fold 2: acc3=0.448
      S034 fold 0: acc3=0.533
      S034 fold 1: acc3=0.700
      S034 fold 2: acc3=0.517
      S060 fold 0: acc3=0.567
      S060 fold 1: acc3=0.400
      S060 fold 2: acc3=0.517
      S091 fold 0: acc3=0.379
      S091 fold 1: acc3=0.448
      S091 fold 2: acc3=0.643
      S095 fold 0: acc3=0.300
      S095 fold 1: acc3=0.172
      S095 fold 2: acc3=0.414
  grupo 4/6 | alvos [25, 31, 87, 106, 108] | pool=98 (4min)
      pool treinado (61s) — serve aos 5 alvos do grupo
      S025 fold 0: acc3=0.607
      S025 fold 1: acc3=0.429
      S025 fold 2: acc3=0.571
      S031 fold 0: acc3=0.533
      S031 fold 1: acc3=0.500
      S031 fold 2: acc3=0.500
      S087 fold 0: acc3=0.321
      S087 fold 1: acc3=0.357
      S087 fold 2: acc3=0.519
      S106 fold 0: acc3=0.483
      S106 fold 1: acc3=0.607
      S106 fold 2: acc3=0.536
      S108 fold 0: acc3=0.345
      S108 fold 1: acc3=0.345
      S108 fold 2: acc3=0.517
  grupo 5/6 | alvos [41, 45, 63, 83, 105] | pool=98 (5min)
      pool treinado (60s) — serve aos 5 alvos do grupo
      S041 fold 0: acc3=0.400
      S041 fold 1: acc3=0.400
      S041 fold 2: acc3=0.433
      S045 fold 0: acc3=0.367
      S045 fold 1: acc3=0.517
      S045 fold 2: acc3=0.517
      S063 fold 0: acc3=0.621
      S063 fold 1: acc3=0.429
      S063 fold 2: acc3=0.357
      S083 fold 0: acc3=0.600
      S083 fold 1: acc3=0.586
      S083 fold 2: acc3=0.483
      S105 fold 0: acc3=0.286
      S105 fold 1: acc3=0.500
      S105 fold 2: acc3=0.481
  grupo 6/6 | alvos [18, 49, 68, 76, 98] | pool=98 (6min)
      pool treinado (64s) — serve aos 5 alvos do grupo
      S018 fold 0: acc3=0.633
      S018 fold 1: acc3=0.483
      S018 fold 2: acc3=0.448
      S049 fold 0: acc3=0.517
      S049 fold 1: acc3=0.517
      S049 fold 2: acc3=0.345
      S068 fold 0: acc3=0.571
      S068 fold 1: acc3=0.607
      S068 fold 2: acc3=0.407
      S076 fold 0: acc3=0.276
      S076 fold 1: acc3=0.414
      S076 fold 2: acc3=0.500
      S098 fold 0: acc3=0.600
      S098 fold 1: acc3=0.467
      S098 fold 2: acc3=0.500

BENCH_MONTAGENS_DONE (8min)
CUDA=True | montagens=['posterior8'] | modelos=['shallow_convnet'] | alvos=30 | folds=3
  contrato 5cb6c6358c | banda 4-40 Hz ordem 5 | CAR on | IQR k=1.5 | calib 48 | fases mi
  aninhamento 2<4<8<16<21<32<64 verificado
  montagem      E  D centro  simetria
  64           27 27     10  sim
  32           14 14      4  sim
  21            9  8      4  NAO (aceita por decisao)
  16            6  6      4  sim
  8             3  3      2  sim
  4             2  2      0  sim
  2             1  1      0  sim
  3             1  1      1  sim
  sem_fz        4  3      1  NAO (aceita por decisao)
  posterior8    4  4      0  sim
  ocular4       2  2      0  sim
  6 grupos de alvos (semente 42), pool = 98 sujeitos:
    grupo 1: [3, 22, 57, 102, 107]
    grupo 2: [7, 52, 71, 79, 109]
    grupo 3: [12, 34, 60, 91, 95]
    grupo 4: [25, 31, 87, 106, 108]
    grupo 5: [41, 45, 63, 83, 105]
    grupo 6: [18, 49, 68, 76, 98]
  retomando: 180 celulas ja concluidas sob 5cb6c6358c

==============================================================
  MONTAGEM posterior8 (8 canais) | MODELO shallow_convnet | 0min
==============================================================
  grupo 1/6 | alvos [3, 22, 57, 102, 107] | pool=98 (0min)
    [ShallowConvNet] Epoch   1/200 | Train Loss: 1.6919 | Val Loss: 1.4972
    [ShallowConvNet] Epoch  11/200 | Train Loss: 1.3969 | Val Loss: 1.4135
    [ShallowConvNet] Epoch  21/200 | Train Loss: 1.3332 | Val Loss: 1.3276
    [ShallowConvNet] Epoch  31/200 | Train Loss: 1.3196 | Val Loss: 1.4025
    [ShallowConvNet] Early stopping na época 33 com Val Loss: 1.3131
      pool treinado (32s) — serve aos 5 alvos do grupo
    [ShallowConvNet] Epoch   1/80 | Train Loss: 1.5082 | Val Loss: 1.4602
    [ShallowConvNet] Epoch  11/80 | Train Loss: 1.2121 | Val Loss: 1.4326
    [ShallowConvNet] Epoch  21/80 | Train Loss: 1.1830 | Val Loss: 1.4565
    [ShallowConvNet] Early stopping na época 23 com Val Loss: 1.4271
      S003 fold 0: acc3=0.500
    [ShallowConvNet] Epoch   1/80 | Train Loss: 1.5778 | Val Loss: 1.4050
    [ShallowConvNet] Epoch  11/80 | Train Loss: 1.4235 | Val Loss: 1.3726
    [ShallowConvNet] Epoch  21/80 | Train Loss: 1.3257 | Val Loss: 1.3859
    [ShallowConvNet] Early stopping na época 21 com Val Loss: 1.3676
      S003 fold 1: acc3=0.393
    [ShallowConvNet] Epoch   1/80 | Train Loss: 1.6098 | Val Loss: 1.3629
    [ShallowConvNet] Epoch  11/80 | Train Loss: 1.2955 | Val Loss: 1.3591
    [ShallowConvNet] Epoch  21/80 | Train Loss: 1.2847 | Val Loss: 1.3580
    [ShallowConvNet] Epoch  31/80 | Train Loss: 1.1397 | Val Loss: 1.3664
    [ShallowConvNet] Early stopping na época 32 com Val Loss: 1.3541
      S003 fold 2: acc3=0.370
    [ShallowConvNet] Epoch   1/80 | Train Loss: 1.3542 | Val Loss: 1.2581
    [ShallowConvNet] Epoch  11/80 | Train Loss: 1.2051 | Val Loss: 1.5145
    [ShallowConvNet] Early stopping na época 16 com Val Loss: 1.2581
      S022 fold 0: acc3=0.429
    [ShallowConvNet] Epoch   1/80 | Train Loss: 1.3660 | Val Loss: 1.7698
    [ShallowConvNet] Epoch  11/80 | Train Loss: 1.2777 | Val Loss: 1.7257
    [ShallowConvNet] Epoch  21/80 | Train Loss: 1.1197 | Val Loss: 1.7519
    [ShallowConvNet] Early stopping na época 28 com Val Loss: 1.7167
      S022 fold 1: acc3=0.571
    [ShallowConvNet] Epoch   1/80 | Train Loss: 1.3288 | Val Loss: 1.1407
    [ShallowConvNet] Epoch  11/80 | Train Loss: 1.3112 | Val Loss: 1.1661
    [ShallowConvNet] Early stopping na época 16 com Val Loss: 1.1407
      S022 fold 2: acc3=0.536
    [ShallowConvNet] Epoch   1/80 | Train Loss: 1.3001 | Val Loss: 1.5555
    [ShallowConvNet] Epoch  11/80 | Train Loss: 1.1574 | Val Loss: 1.5093
    [ShallowConvNet] Epoch  21/80 | Train Loss: 1.0817 | Val Loss: 1.4815
    [ShallowConvNet] Epoch  31/80 | Train Loss: 1.1016 | Val Loss: 1.4701
    [ShallowConvNet] Epoch  41/80 | Train Loss: 0.9644 | Val Loss: 1.4523
    [ShallowConvNet] Epoch  51/80 | Train Loss: 0.8966 | Val Loss: 1.4565
    [ShallowConvNet] Epoch  61/80 | Train Loss: 0.7754 | Val Loss: 1.4446
    [ShallowConvNet] Epoch  71/80 | Train Loss: 0.7534 | Val Loss: 1.4384
    [ShallowConvNet] Epoch  80/80 | Train Loss: 0.7484 | Val Loss: 1.4257
      S057 fold 0: acc3=0.429
    [ShallowConvNet] Epoch   1/80 | Train Loss: 1.4597 | Val Loss: 1.5304
    [ShallowConvNet] Epoch  11/80 | Train Loss: 1.3274 | Val Loss: 1.4931
    [ShallowConvNet] Epoch  21/80 | Train Loss: 1.1507 | Val Loss: 1.4707
    [ShallowConvNet] Epoch  31/80 | Train Loss: 1.1782 | Val Loss: 1.4538
    [ShallowConvNet] Epoch  41/80 | Train Loss: 1.0682 | Val Loss: 1.4308
    [ShallowConvNet] Epoch  51/80 | Train Loss: 0.9846 | Val Loss: 1.4202
    [ShallowConvNet] Epoch  61/80 | Train Loss: 0.9138 | Val Loss: 1.4030
    [ShallowConvNet] Epoch  71/80 | Train Loss: 0.8183 | Val Loss: 1.3692
    [ShallowConvNet] Epoch  80/80 | Train Loss: 0.8071 | Val Loss: 1.3494
      S057 fold 1: acc3=0.571
    [ShallowConvNet] Epoch   1/80 | Train Loss: 1.3495 | Val Loss: 1.2559
    [ShallowConvNet] Epoch  11/80 | Train Loss: 1.2811 | Val Loss: 1.2496
    [ShallowConvNet] Epoch  21/80 | Train Loss: 1.2178 | Val Loss: 1.2245
    [ShallowConvNet] Epoch  31/80 | Train Loss: 1.1780 | Val Loss: 1.2035
    [ShallowConvNet] Epoch  41/80 | Train Loss: 1.0832 | Val Loss: 1.1800
    [ShallowConvNet] Epoch  51/80 | Train Loss: 0.9752 | Val Loss: 1.1553
    [ShallowConvNet] Epoch  61/80 | Train Loss: 0.9151 | Val Loss: 1.1348
    [ShallowConvNet] Epoch  71/80 | Train Loss: 0.9066 | Val Loss: 1.1153
    [ShallowConvNet] Epoch  80/80 | Train Loss: 0.8545 | Val Loss: 1.0904
      S057 fold 2: acc3=0.750
    [ShallowConvNet] Epoch   1/80 | Train Loss: 1.5149 | Val Loss: 1.2949
    [ShallowConvNet] Epoch  11/80 | Train Loss: 1.2067 | Val Loss: 1.1630
    [ShallowConvNet] Epoch  21/80 | Train Loss: 1.1852 | Val Loss: 1.1785
    [ShallowConvNet] Early stopping na época 24 com Val Loss: 1.1600
      S102 fold 0: acc3=0.517
    [ShallowConvNet] Epoch   1/80 | Train Loss: 1.3056 | Val Loss: 1.1306
    [ShallowConvNet] Epoch  11/80 | Train Loss: 1.2600 | Val Loss: 1.1755
    [ShallowConvNet] Early stopping na época 16 com Val Loss: 1.1306
      S102 fold 1: acc3=0.517
    [ShallowConvNet] Epoch   1/80 | Train Loss: 1.4218 | Val Loss: 1.3369
    [ShallowConvNet] Epoch  11/80 | Train Loss: 1.1934 | Val Loss: 1.3937
    [ShallowConvNet] Early stopping na época 16 com Val Loss: 1.3369
      S102 fold 2: acc3=0.379
    [ShallowConvNet] Epoch   1/80 | Train Loss: 1.2880 | Val Loss: 1.3638
    [ShallowConvNet] Epoch  11/80 | Train Loss: 1.2301 | Val Loss: 1.3963
    [ShallowConvNet] Early stopping na época 16 com Val Loss: 1.3638
      S107 fold 0: acc3=0.448
    [ShallowConvNet] Epoch   1/80 | Train Loss: 1.1649 | Val Loss: 1.2827
    [ShallowConvNet] Epoch  11/80 | Train Loss: 1.1421 | Val Loss: 1.2911
    [ShallowConvNet] Epoch  21/80 | Train Loss: 1.0919 | Val Loss: 1.2819
    [ShallowConvNet] Epoch  31/80 | Train Loss: 1.0102 | Val Loss: 1.2994
    [ShallowConvNet] Early stopping na época 31 com Val Loss: 1.2745
      S107 fold 1: acc3=0.286
    [ShallowConvNet] Epoch   1/80 | Train Loss: 1.3162 | Val Loss: 1.4165
    [ShallowConvNet] Epoch  11/80 | Train Loss: 1.2013 | Val Loss: 1.4204
    [ShallowConvNet] Early stopping na época 20 com Val Loss: 1.4046
      S107 fold 2: acc3=0.679
  grupo 2/6 | alvos [7, 52, 71, 79, 109] | pool=98 (1min)
    [ShallowConvNet] Epoch   1/200 | Train Loss: 1.6983 | Val Loss: 1.5156
    [ShallowConvNet] Epoch  11/200 | Train Loss: 1.3850 | Val Loss: 1.3717
    [ShallowConvNet] Epoch  21/200 | Train Loss: 1.3373 | Val Loss: 1.3672
    [ShallowConvNet] Epoch  31/200 | Train Loss: 1.2989 | Val Loss: 1.3283
    [ShallowConvNet] Epoch  41/200 | Train Loss: 1.2925 | Val Loss: 1.3811
    [ShallowConvNet] Epoch  51/200 | Train Loss: 1.2916 | Val Loss: 1.3412
    [ShallowConvNet] Early stopping na época 51 com Val Loss: 1.3283
      pool treinado (45s) — serve aos 5 alvos do grupo
    [ShallowConvNet] Epoch   1/80 | Train Loss: 1.5025 | Val Loss: 1.3423
    [ShallowConvNet] Epoch  11/80 | Train Loss: 1.2795 | Val Loss: 1.2291
    [ShallowConvNet] Epoch  21/80 | Train Loss: 1.1348 | Val Loss: 1.1270
    [ShallowConvNet] Epoch  31/80 | Train Loss: 1.0101 | Val Loss: 1.0728
    [ShallowConvNet] Epoch  41/80 | Train Loss: 0.9293 | Val Loss: 1.0105
    [ShallowConvNet] Epoch  51/80 | Train Loss: 0.8518 | Val Loss: 0.9746
    [ShallowConvNet] Epoch  61/80 | Train Loss: 0.8621 | Val Loss: 0.9469
    [ShallowConvNet] Epoch  71/80 | Train Loss: 0.7307 | Val Loss: 0.9198
    [ShallowConvNet] Epoch  80/80 | Train Loss: 0.7303 | Val Loss: 0.9126
      S007 fold 0: acc3=0.862
    [ShallowConvNet] Epoch   1/80 | Train Loss: 1.2499 | Val Loss: 1.3166
    [ShallowConvNet] Epoch  11/80 | Train Loss: 1.1664 | Val Loss: 1.1512
    [ShallowConvNet] Epoch  21/80 | Train Loss: 1.1251 | Val Loss: 1.0623
    [ShallowConvNet] Epoch  31/80 | Train Loss: 0.9548 | Val Loss: 1.0029
    [ShallowConvNet] Epoch  41/80 | Train Loss: 0.8529 | Val Loss: 0.9503
    [ShallowConvNet] Epoch  51/80 | Train Loss: 0.9230 | Val Loss: 0.9082
    [ShallowConvNet] Epoch  61/80 | Train Loss: 0.8206 | Val Loss: 0.8772
    [ShallowConvNet] Epoch  71/80 | Train Loss: 0.6814 | Val Loss: 0.8479
    [ShallowConvNet] Epoch  80/80 | Train Loss: 0.6808 | Val Loss: 0.8199
      S007 fold 1: acc3=0.655
    [ShallowConvNet] Epoch   1/80 | Train Loss: 1.3979 | Val Loss: 1.4228
    [ShallowConvNet] Epoch  11/80 | Train Loss: 1.2525 | Val Loss: 1.2496
    [ShallowConvNet] Epoch  21/80 | Train Loss: 1.0756 | Val Loss: 1.1907
    [ShallowConvNet] Epoch  31/80 | Train Loss: 0.9524 | Val Loss: 1.1624
    [ShallowConvNet] Epoch  41/80 | Train Loss: 0.8843 | Val Loss: 1.1493
    [ShallowConvNet] Epoch  51/80 | Train Loss: 0.7440 | Val Loss: 1.1371
    [ShallowConvNet] Epoch  61/80 | Train Loss: 0.6756 | Val Loss: 1.1338
    [ShallowConvNet] Epoch  71/80 | Train Loss: 0.6570 | Val Loss: 1.1235
    [ShallowConvNet] Epoch  80/80 | Train Loss: 0.5806 | Val Loss: 1.1139
      S007 fold 2: acc3=0.724
    [ShallowConvNet] Epoch   1/80 | Train Loss: 1.4618 | Val Loss: 1.0881
    [ShallowConvNet] Epoch  11/80 | Train Loss: 1.2653 | Val Loss: 1.1134
    [ShallowConvNet] Early stopping na época 16 com Val Loss: 1.0881
      S052 fold 0: acc3=0.690
    [ShallowConvNet] Epoch   1/80 | Train Loss: 1.1741 | Val Loss: 1.6457
    [ShallowConvNet] Epoch  11/80 | Train Loss: 1.0088 | Val Loss: 1.4904
    [ShallowConvNet] Epoch  21/80 | Train Loss: 0.9977 | Val Loss: 1.3955
    [ShallowConvNet] Epoch  31/80 | Train Loss: 0.9106 | Val Loss: 1.3151
    [ShallowConvNet] Epoch  41/80 | Train Loss: 0.8048 | Val Loss: 1.2446
    [ShallowConvNet] Epoch  51/80 | Train Loss: 0.7444 | Val Loss: 1.1855
    [ShallowConvNet] Epoch  61/80 | Train Loss: 0.6883 | Val Loss: 1.1263
    [ShallowConvNet] Epoch  71/80 | Train Loss: 0.6555 | Val Loss: 1.0843
    [ShallowConvNet] Epoch  80/80 | Train Loss: 0.5891 | Val Loss: 1.0456
      S052 fold 1: acc3=0.571
    [ShallowConvNet] Epoch   1/80 | Train Loss: 1.1923 | Val Loss: 1.0033
    [ShallowConvNet] Epoch  11/80 | Train Loss: 1.0755 | Val Loss: 1.0931
    [ShallowConvNet] Early stopping na época 16 com Val Loss: 1.0033
      S052 fold 2: acc3=0.571
    [ShallowConvNet] Epoch   1/80 | Train Loss: 1.2719 | Val Loss: 1.0499
    [ShallowConvNet] Epoch  11/80 | Train Loss: 1.2380 | Val Loss: 0.9475
    [ShallowConvNet] Epoch  21/80 | Train Loss: 1.1799 | Val Loss: 0.9553
    [ShallowConvNet] Early stopping na época 28 com Val Loss: 0.9426
      S071 fold 0: acc3=0.786
    [ShallowConvNet] Epoch   1/80 | Train Loss: 1.2715 | Val Loss: 1.2128
    [ShallowConvNet] Epoch  11/80 | Train Loss: 1.1324 | Val Loss: 1.1211
    [ShallowConvNet] Epoch  21/80 | Train Loss: 1.0480 | Val Loss: 1.0578
    [ShallowConvNet] Epoch  31/80 | Train Loss: 1.0179 | Val Loss: 1.0309
    [ShallowConvNet] Epoch  41/80 | Train Loss: 0.9230 | Val Loss: 0.9996
    [ShallowConvNet] Epoch  51/80 | Train Loss: 0.8287 | Val Loss: 0.9635
    [ShallowConvNet] Epoch  61/80 | Train Loss: 0.8678 | Val Loss: 0.9355
    [ShallowConvNet] Epoch  71/80 | Train Loss: 0.8342 | Val Loss: 0.9071
    [ShallowConvNet] Epoch  80/80 | Train Loss: 0.7363 | Val Loss: 0.8966
      S071 fold 1: acc3=0.500
    [ShallowConvNet] Epoch   1/80 | Train Loss: 1.1937 | Val Loss: 1.0260
    [ShallowConvNet] Epoch  11/80 | Train Loss: 1.0999 | Val Loss: 0.9000
    [ShallowConvNet] Epoch  21/80 | Train Loss: 0.9537 | Val Loss: 0.8810
    [ShallowConvNet] Epoch  31/80 | Train Loss: 0.9143 | Val Loss: 0.8753
    [ShallowConvNet] Epoch  41/80 | Train Loss: 0.8442 | Val Loss: 0.8570
    [ShallowConvNet] Epoch  51/80 | Train Loss: 0.8175 | Val Loss: 0.8336
    [ShallowConvNet] Epoch  61/80 | Train Loss: 0.7380 | Val Loss: 0.8019
    [ShallowConvNet] Epoch  71/80 | Train Loss: 0.7123 | Val Loss: 0.7956
    [ShallowConvNet] Epoch  80/80 | Train Loss: 0.7884 | Val Loss: 0.7735
      S071 fold 2: acc3=0.519
    [ShallowConvNet] Epoch   1/80 | Train Loss: 1.4272 | Val Loss: 1.5899
    [ShallowConvNet] Epoch  11/80 | Train Loss: 1.3277 | Val Loss: 1.5849
    [ShallowConvNet] Early stopping na época 20 com Val Loss: 1.5342
      S079 fold 0: acc3=0.714
    [ShallowConvNet] Epoch   1/80 | Train Loss: 1.2500 | Val Loss: 1.3243
    [ShallowConvNet] Epoch  11/80 | Train Loss: 1.2885 | Val Loss: 1.3652
    [ShallowConvNet] Early stopping na época 16 com Val Loss: 1.3243
      S079 fold 1: acc3=0.500
    [ShallowConvNet] Epoch   1/80 | Train Loss: 1.2732 | Val Loss: 0.7201
    [ShallowConvNet] Epoch  11/80 | Train Loss: 1.0538 | Val Loss: 0.8101
    [ShallowConvNet] Early stopping na época 16 com Val Loss: 0.7201
      S079 fold 2: acc3=0.296
    [ShallowConvNet] Epoch   1/80 | Train Loss: 1.5422 | Val Loss: 1.2630
    [ShallowConvNet] Epoch  11/80 | Train Loss: 1.4488 | Val Loss: 1.2034
    [ShallowConvNet] Epoch  21/80 | Train Loss: 1.2885 | Val Loss: 1.2165
    [ShallowConvNet] Early stopping na época 23 com Val Loss: 1.2008
      S109 fold 0: acc3=0.367
    [ShallowConvNet] Epoch   1/80 | Train Loss: 1.3393 | Val Loss: 1.3891
    [ShallowConvNet] Epoch  11/80 | Train Loss: 1.0910 | Val Loss: 1.8063
    [ShallowConvNet] Early stopping na época 16 com Val Loss: 1.3891
      S109 fold 1: acc3=0.379
    [ShallowConvNet] Epoch   1/80 | Train Loss: 1.3843 | Val Loss: 1.5775
    [ShallowConvNet] Epoch  11/80 | Train Loss: 1.3379 | Val Loss: 1.5117
    [ShallowConvNet] Epoch  21/80 | Train Loss: 1.3725 | Val Loss: 1.4880
    [ShallowConvNet] Epoch  31/80 | Train Loss: 1.1565 | Val Loss: 1.4640
    [ShallowConvNet] Epoch  41/80 | Train Loss: 1.1420 | Val Loss: 1.4437
    [ShallowConvNet] Epoch  51/80 | Train Loss: 1.1463 | Val Loss: 1.4279
    [ShallowConvNet] Epoch  61/80 | Train Loss: 1.0033 | Val Loss: 1.4063
    [ShallowConvNet] Epoch  71/80 | Train Loss: 0.9018 | Val Loss: 1.3842
    [ShallowConvNet] Epoch  80/80 | Train Loss: 0.9077 | Val Loss: 1.3690
      S109 fold 2: acc3=0.414
  grupo 3/6 | alvos [12, 34, 60, 91, 95] | pool=98 (2min)
    [ShallowConvNet] Epoch   1/200 | Train Loss: 1.6864 | Val Loss: 1.4453
    [ShallowConvNet] Epoch  11/200 | Train Loss: 1.4012 | Val Loss: 1.3772
    [ShallowConvNet] Epoch  21/200 | Train Loss: 1.3553 | Val Loss: 1.3749
    [ShallowConvNet] Epoch  31/200 | Train Loss: 1.3019 | Val Loss: 1.3450
    [ShallowConvNet] Epoch  41/200 | Train Loss: 1.2829 | Val Loss: 1.3469
    [ShallowConvNet] Early stopping na época 46 com Val Loss: 1.3241
      pool treinado (44s) — serve aos 5 alvos do grupo
    [ShallowConvNet] Epoch   1/80 | Train Loss: 1.4524 | Val Loss: 1.3843
    [ShallowConvNet] Epoch  11/80 | Train Loss: 1.3470 | Val Loss: 1.3748
    [ShallowConvNet] Epoch  21/80 | Train Loss: 1.2419 | Val Loss: 1.4647
    [ShallowConvNet] Early stopping na época 22 com Val Loss: 1.3511
      S012 fold 0: acc3=0.433
    [ShallowConvNet] Epoch   1/80 | Train Loss: 1.4298 | Val Loss: 1.3833
    [ShallowConvNet] Epoch  11/80 | Train Loss: 1.2317 | Val Loss: 1.4087
    [ShallowConvNet] Early stopping na época 16 com Val Loss: 1.3833
      S012 fold 1: acc3=0.345
    [ShallowConvNet] Epoch   1/80 | Train Loss: 1.4138 | Val Loss: 1.4241
    [ShallowConvNet] Epoch  11/80 | Train Loss: 1.2470 | Val Loss: 1.2899
    [ShallowConvNet] Epoch  21/80 | Train Loss: 1.2230 | Val Loss: 1.2602
    [ShallowConvNet] Epoch  31/80 | Train Loss: 1.1323 | Val Loss: 1.2532
    [ShallowConvNet] Epoch  41/80 | Train Loss: 1.0155 | Val Loss: 1.2353
    [ShallowConvNet] Epoch  51/80 | Train Loss: 0.9990 | Val Loss: 1.2278
    [ShallowConvNet] Epoch  61/80 | Train Loss: 0.9472 | Val Loss: 1.2350
    [ShallowConvNet] Epoch  71/80 | Train Loss: 0.9019 | Val Loss: 1.2057
    [ShallowConvNet] Epoch  80/80 | Train Loss: 0.8378 | Val Loss: 1.1970
      S012 fold 2: acc3=0.552
    [ShallowConvNet] Epoch   1/80 | Train Loss: 1.2149 | Val Loss: 1.1596
    [ShallowConvNet] Epoch  11/80 | Train Loss: 1.1657 | Val Loss: 0.9186
    [ShallowConvNet] Epoch  21/80 | Train Loss: 0.9791 | Val Loss: 0.8532
    [ShallowConvNet] Epoch  31/80 | Train Loss: 0.9649 | Val Loss: 0.8223
    [ShallowConvNet] Epoch  41/80 | Train Loss: 0.9001 | Val Loss: 0.7973
    [ShallowConvNet] Epoch  51/80 | Train Loss: 0.7556 | Val Loss: 0.7858
    [ShallowConvNet] Epoch  61/80 | Train Loss: 0.7560 | Val Loss: 0.7696
    [ShallowConvNet] Epoch  71/80 | Train Loss: 0.6526 | Val Loss: 0.7554
    [ShallowConvNet] Epoch  80/80 | Train Loss: 0.5849 | Val Loss: 0.7538
      S034 fold 0: acc3=0.567
    [ShallowConvNet] Epoch   1/80 | Train Loss: 1.3086 | Val Loss: 1.1945
    [ShallowConvNet] Epoch  11/80 | Train Loss: 1.2137 | Val Loss: 0.9435
    [ShallowConvNet] Epoch  21/80 | Train Loss: 0.9801 | Val Loss: 0.8831
    [ShallowConvNet] Epoch  31/80 | Train Loss: 0.9255 | Val Loss: 0.8419
    [ShallowConvNet] Epoch  41/80 | Train Loss: 0.8933 | Val Loss: 0.8031
    [ShallowConvNet] Epoch  51/80 | Train Loss: 0.8084 | Val Loss: 0.7801
    [ShallowConvNet] Epoch  61/80 | Train Loss: 0.7670 | Val Loss: 0.7663
    [ShallowConvNet] Epoch  71/80 | Train Loss: 0.6813 | Val Loss: 0.7579
    [ShallowConvNet] Epoch  80/80 | Train Loss: 0.6835 | Val Loss: 0.7525
      S034 fold 1: acc3=0.767
    [ShallowConvNet] Epoch   1/80 | Train Loss: 1.2462 | Val Loss: 1.3063
    [ShallowConvNet] Epoch  11/80 | Train Loss: 1.1885 | Val Loss: 1.1768
    [ShallowConvNet] Epoch  21/80 | Train Loss: 1.0522 | Val Loss: 1.1650
    [ShallowConvNet] Epoch  31/80 | Train Loss: 1.0063 | Val Loss: 1.1493
    [ShallowConvNet] Epoch  41/80 | Train Loss: 0.8903 | Val Loss: 1.1769
    [ShallowConvNet] Early stopping na época 44 com Val Loss: 1.1482
      S034 fold 2: acc3=0.621
    [ShallowConvNet] Epoch   1/80 | Train Loss: 1.1819 | Val Loss: 1.4852
    [ShallowConvNet] Epoch  11/80 | Train Loss: 1.0571 | Val Loss: 1.3169
    [ShallowConvNet] Epoch  21/80 | Train Loss: 0.9169 | Val Loss: 1.3173
    [ShallowConvNet] Epoch  31/80 | Train Loss: 0.9169 | Val Loss: 1.3159
    [ShallowConvNet] Epoch  41/80 | Train Loss: 0.8657 | Val Loss: 1.3087
    [ShallowConvNet] Epoch  51/80 | Train Loss: 0.7541 | Val Loss: 1.2931
    [ShallowConvNet] Epoch  61/80 | Train Loss: 0.7285 | Val Loss: 1.2794
    [ShallowConvNet] Epoch  71/80 | Train Loss: 0.6366 | Val Loss: 1.2763
    [ShallowConvNet] Epoch  80/80 | Train Loss: 0.6259 | Val Loss: 1.2785
      S060 fold 0: acc3=0.700
    [ShallowConvNet] Epoch   1/80 | Train Loss: 1.2097 | Val Loss: 1.4051
    [ShallowConvNet] Epoch  11/80 | Train Loss: 1.0672 | Val Loss: 1.3057
    [ShallowConvNet] Epoch  21/80 | Train Loss: 1.0890 | Val Loss: 1.3116
    [ShallowConvNet] Epoch  31/80 | Train Loss: 0.9771 | Val Loss: 1.3057
    [ShallowConvNet] Epoch  41/80 | Train Loss: 0.9368 | Val Loss: 1.2990
    [ShallowConvNet] Epoch  51/80 | Train Loss: 0.7952 | Val Loss: 1.3009
    [ShallowConvNet] Early stopping na época 57 com Val Loss: 1.2926
      S060 fold 1: acc3=0.700
    [ShallowConvNet] Epoch   1/80 | Train Loss: 1.1744 | Val Loss: 1.4201
    [ShallowConvNet] Epoch  11/80 | Train Loss: 1.1093 | Val Loss: 1.2804
    [ShallowConvNet] Epoch  21/80 | Train Loss: 0.9630 | Val Loss: 1.2993
    [ShallowConvNet] Early stopping na época 26 com Val Loss: 1.2804
      S060 fold 2: acc3=0.517
    [ShallowConvNet] Epoch   1/80 | Train Loss: 1.2742 | Val Loss: 1.2398
    [ShallowConvNet] Epoch  11/80 | Train Loss: 1.2601 | Val Loss: 1.2414
    [ShallowConvNet] Early stopping na época 18 com Val Loss: 1.2315
      S091 fold 0: acc3=0.483
    [ShallowConvNet] Epoch   1/80 | Train Loss: 1.3417 | Val Loss: 1.1895
    [ShallowConvNet] Epoch  11/80 | Train Loss: 1.2307 | Val Loss: 1.2298
    [ShallowConvNet] Early stopping na época 16 com Val Loss: 1.1895
      S091 fold 1: acc3=0.483
    [ShallowConvNet] Epoch   1/80 | Train Loss: 1.3183 | Val Loss: 1.4408
    [ShallowConvNet] Epoch  11/80 | Train Loss: 1.2705 | Val Loss: 1.3818
    [ShallowConvNet] Epoch  21/80 | Train Loss: 1.1061 | Val Loss: 1.3695
    [ShallowConvNet] Epoch  31/80 | Train Loss: 1.1024 | Val Loss: 1.3510
    [ShallowConvNet] Epoch  41/80 | Train Loss: 1.0260 | Val Loss: 1.3264
    [ShallowConvNet] Epoch  51/80 | Train Loss: 0.8869 | Val Loss: 1.3090
    [ShallowConvNet] Epoch  61/80 | Train Loss: 0.8823 | Val Loss: 1.2969
    [ShallowConvNet] Epoch  71/80 | Train Loss: 0.8565 | Val Loss: 1.2805
    [ShallowConvNet] Epoch  80/80 | Train Loss: 0.7639 | Val Loss: 1.2549
      S091 fold 2: acc3=0.464
    [ShallowConvNet] Epoch   1/80 | Train Loss: 1.3107 | Val Loss: 1.5031
    [ShallowConvNet] Epoch  11/80 | Train Loss: 1.1849 | Val Loss: 1.8062
    [ShallowConvNet] Early stopping na época 16 com Val Loss: 1.5031
      S095 fold 0: acc3=0.433
    [ShallowConvNet] Epoch   1/80 | Train Loss: 1.3366 | Val Loss: 1.4315
    [ShallowConvNet] Epoch  11/80 | Train Loss: 1.2125 | Val Loss: 1.4371
    [ShallowConvNet] Early stopping na época 16 com Val Loss: 1.4315
      S095 fold 1: acc3=0.310
    [ShallowConvNet] Epoch   1/80 | Train Loss: 1.3066 | Val Loss: 1.3919
    [ShallowConvNet] Epoch  11/80 | Train Loss: 1.3273 | Val Loss: 1.3794
    [ShallowConvNet] Epoch  21/80 | Train Loss: 1.3002 | Val Loss: 1.3593
    [ShallowConvNet] Epoch  31/80 | Train Loss: 1.1521 | Val Loss: 1.3471
    [ShallowConvNet] Epoch  41/80 | Train Loss: 1.1807 | Val Loss: 1.3460
    [ShallowConvNet] Epoch  51/80 | Train Loss: 1.0412 | Val Loss: 1.3410
    [ShallowConvNet] Epoch  61/80 | Train Loss: 1.0137 | Val Loss: 1.3379
    [ShallowConvNet] Early stopping na época 62 com Val Loss: 1.3371
      S095 fold 2: acc3=0.586
  grupo 4/6 | alvos [25, 31, 87, 106, 108] | pool=98 (3min)
    [ShallowConvNet] Epoch   1/200 | Train Loss: 1.6665 | Val Loss: 1.4778
    [ShallowConvNet] Epoch  11/200 | Train Loss: 1.4133 | Val Loss: 1.3008
    [ShallowConvNet] Epoch  21/200 | Train Loss: 1.3394 | Val Loss: 1.2874
    [ShallowConvNet] Epoch  31/200 | Train Loss: 1.3064 | Val Loss: 1.3078
    [ShallowConvNet] Epoch  41/200 | Train Loss: 1.2992 | Val Loss: 1.3091
    [ShallowConvNet] Early stopping na época 43 com Val Loss: 1.2770
      pool treinado (51s) — serve aos 5 alvos do grupo
    [ShallowConvNet] Epoch   1/80 | Train Loss: 1.2361 | Val Loss: 1.0637
    [ShallowConvNet] Epoch  11/80 | Train Loss: 1.1473 | Val Loss: 0.8680
    [ShallowConvNet] Epoch  21/80 | Train Loss: 0.9881 | Val Loss: 0.8390
    [ShallowConvNet] Epoch  31/80 | Train Loss: 0.9256 | Val Loss: 0.8535
    [ShallowConvNet] Early stopping na época 36 com Val Loss: 0.8390
      S025 fold 0: acc3=0.607
    [ShallowConvNet] Epoch   1/80 | Train Loss: 1.1802 | Val Loss: 1.2367
    [ShallowConvNet] Epoch  11/80 | Train Loss: 1.1257 | Val Loss: 1.0852
    [ShallowConvNet] Epoch  21/80 | Train Loss: 1.0667 | Val Loss: 1.0559
    [ShallowConvNet] Epoch  31/80 | Train Loss: 0.9314 | Val Loss: 1.0363
    [ShallowConvNet] Epoch  41/80 | Train Loss: 0.9396 | Val Loss: 1.0173
    [ShallowConvNet] Epoch  51/80 | Train Loss: 0.8769 | Val Loss: 0.9979
    [ShallowConvNet] Epoch  61/80 | Train Loss: 0.7652 | Val Loss: 0.9775
    [ShallowConvNet] Epoch  71/80 | Train Loss: 0.7028 | Val Loss: 0.9586
    [ShallowConvNet] Epoch  80/80 | Train Loss: 0.6768 | Val Loss: 0.9440
      S025 fold 1: acc3=0.607
    [ShallowConvNet] Epoch   1/80 | Train Loss: 1.2796 | Val Loss: 1.2741
    [ShallowConvNet] Epoch  11/80 | Train Loss: 1.2045 | Val Loss: 1.1569
    [ShallowConvNet] Epoch  21/80 | Train Loss: 1.1088 | Val Loss: 1.1351
    [ShallowConvNet] Epoch  31/80 | Train Loss: 1.0203 | Val Loss: 1.1139
    [ShallowConvNet] Epoch  41/80 | Train Loss: 0.9458 | Val Loss: 1.0973
    [ShallowConvNet] Epoch  51/80 | Train Loss: 0.9091 | Val Loss: 1.0836
    [ShallowConvNet] Epoch  61/80 | Train Loss: 0.8564 | Val Loss: 1.0650
    [ShallowConvNet] Epoch  71/80 | Train Loss: 0.8224 | Val Loss: 1.0429
    [ShallowConvNet] Epoch  80/80 | Train Loss: 0.7765 | Val Loss: 1.0294
      S025 fold 2: acc3=0.786
    [ShallowConvNet] Epoch   1/80 | Train Loss: 1.2219 | Val Loss: 1.1806
    [ShallowConvNet] Epoch  11/80 | Train Loss: 1.1303 | Val Loss: 1.1588
    [ShallowConvNet] Epoch  21/80 | Train Loss: 1.0286 | Val Loss: 1.1411
    [ShallowConvNet] Epoch  31/80 | Train Loss: 0.9769 | Val Loss: 1.1185
    [ShallowConvNet] Epoch  41/80 | Train Loss: 0.9392 | Val Loss: 1.0791
    [ShallowConvNet] Epoch  51/80 | Train Loss: 0.8764 | Val Loss: 1.0611
    [ShallowConvNet] Epoch  61/80 | Train Loss: 0.7967 | Val Loss: 1.0413
    [ShallowConvNet] Epoch  71/80 | Train Loss: 0.7792 | Val Loss: 1.0134
    [ShallowConvNet] Epoch  80/80 | Train Loss: 0.7510 | Val Loss: 0.9913
      S031 fold 0: acc3=0.800
    [ShallowConvNet] Epoch   1/80 | Train Loss: 1.2022 | Val Loss: 1.1749
    [ShallowConvNet] Epoch  11/80 | Train Loss: 1.1476 | Val Loss: 1.1503
    [ShallowConvNet] Epoch  21/80 | Train Loss: 1.0515 | Val Loss: 1.0948
    [ShallowConvNet] Epoch  31/80 | Train Loss: 0.9822 | Val Loss: 1.0637
    [ShallowConvNet] Epoch  41/80 | Train Loss: 0.8448 | Val Loss: 1.0085
    [ShallowConvNet] Epoch  51/80 | Train Loss: 0.7880 | Val Loss: 0.9778
    [ShallowConvNet] Epoch  61/80 | Train Loss: 0.7107 | Val Loss: 0.9633
    [ShallowConvNet] Epoch  71/80 | Train Loss: 0.6622 | Val Loss: 0.9309
    [ShallowConvNet] Epoch  80/80 | Train Loss: 0.6089 | Val Loss: 0.9046
      S031 fold 1: acc3=0.733
    [ShallowConvNet] Epoch   1/80 | Train Loss: 1.1888 | Val Loss: 0.9479
    [ShallowConvNet] Epoch  11/80 | Train Loss: 1.1128 | Val Loss: 0.8948
    [ShallowConvNet] Epoch  21/80 | Train Loss: 1.0161 | Val Loss: 0.8862
    [ShallowConvNet] Epoch  31/80 | Train Loss: 0.9207 | Val Loss: 0.8722
    [ShallowConvNet] Epoch  41/80 | Train Loss: 0.8143 | Val Loss: 0.8781
    [ShallowConvNet] Early stopping na época 45 com Val Loss: 0.8716
      S031 fold 2: acc3=0.567
    [ShallowConvNet] Epoch   1/80 | Train Loss: 1.2955 | Val Loss: 1.7579
    [ShallowConvNet] Epoch  11/80 | Train Loss: 1.2406 | Val Loss: 1.6670
    [ShallowConvNet] Epoch  21/80 | Train Loss: 1.1992 | Val Loss: 1.6419
    [ShallowConvNet] Epoch  31/80 | Train Loss: 1.0636 | Val Loss: 1.6334
    [ShallowConvNet] Epoch  41/80 | Train Loss: 1.1224 | Val Loss: 1.6271
    [ShallowConvNet] Epoch  51/80 | Train Loss: 1.0222 | Val Loss: 1.6136
    [ShallowConvNet] Epoch  61/80 | Train Loss: 0.9236 | Val Loss: 1.6105
    [ShallowConvNet] Epoch  71/80 | Train Loss: 0.8466 | Val Loss: 1.5956
    [ShallowConvNet] Epoch  80/80 | Train Loss: 0.8086 | Val Loss: 1.5877
      S087 fold 0: acc3=0.321
    [ShallowConvNet] Epoch   1/80 | Train Loss: 1.5075 | Val Loss: 1.8617
    [ShallowConvNet] Epoch  11/80 | Train Loss: 1.4305 | Val Loss: 1.8473
    [ShallowConvNet] Epoch  21/80 | Train Loss: 1.2928 | Val Loss: 1.8187
    [ShallowConvNet] Epoch  31/80 | Train Loss: 1.1942 | Val Loss: 1.7698
    [ShallowConvNet] Epoch  41/80 | Train Loss: 1.2048 | Val Loss: 1.7507
    [ShallowConvNet] Epoch  51/80 | Train Loss: 1.1583 | Val Loss: 1.7406
    [ShallowConvNet] Epoch  61/80 | Train Loss: 1.0662 | Val Loss: 1.7047
    [ShallowConvNet] Epoch  71/80 | Train Loss: 1.0271 | Val Loss: 1.6882
    [ShallowConvNet] Epoch  80/80 | Train Loss: 0.9885 | Val Loss: 1.6644
      S087 fold 1: acc3=0.500
    [ShallowConvNet] Epoch   1/80 | Train Loss: 1.5754 | Val Loss: 1.0934
    [ShallowConvNet] Epoch  11/80 | Train Loss: 1.4830 | Val Loss: 1.0874
    [ShallowConvNet] Epoch  21/80 | Train Loss: 1.3273 | Val Loss: 1.0720
    [ShallowConvNet] Epoch  31/80 | Train Loss: 1.1862 | Val Loss: 1.0459
    [ShallowConvNet] Epoch  41/80 | Train Loss: 1.1607 | Val Loss: 1.0152
    [ShallowConvNet] Epoch  51/80 | Train Loss: 1.0894 | Val Loss: 1.0086
    [ShallowConvNet] Epoch  61/80 | Train Loss: 1.0968 | Val Loss: 0.9969
    [ShallowConvNet] Epoch  71/80 | Train Loss: 0.9495 | Val Loss: 0.9761
    [ShallowConvNet] Epoch  80/80 | Train Loss: 0.9554 | Val Loss: 0.9638
      S087 fold 2: acc3=0.481
    [ShallowConvNet] Epoch   1/80 | Train Loss: 1.1790 | Val Loss: 1.3116
    [ShallowConvNet] Epoch  11/80 | Train Loss: 1.1004 | Val Loss: 1.3065
    [ShallowConvNet] Epoch  21/80 | Train Loss: 1.0352 | Val Loss: 1.2959
    [ShallowConvNet] Epoch  31/80 | Train Loss: 0.9988 | Val Loss: 1.3122
    [ShallowConvNet] Early stopping na época 33 com Val Loss: 1.2938
      S106 fold 0: acc3=0.552
    [ShallowConvNet] Epoch   1/80 | Train Loss: 1.2914 | Val Loss: 1.9306
    [ShallowConvNet] Epoch  11/80 | Train Loss: 1.2751 | Val Loss: 1.7875
    [ShallowConvNet] Epoch  21/80 | Train Loss: 1.0889 | Val Loss: 1.8207
    [ShallowConvNet] Early stopping na época 24 com Val Loss: 1.7873
      S106 fold 1: acc3=0.464
    [ShallowConvNet] Epoch   1/80 | Train Loss: 1.4396 | Val Loss: 1.0119
    [ShallowConvNet] Epoch  11/80 | Train Loss: 1.2761 | Val Loss: 1.0574
    [ShallowConvNet] Early stopping na época 16 com Val Loss: 1.0119
      S106 fold 2: acc3=0.536
    [ShallowConvNet] Epoch   1/80 | Train Loss: 1.2497 | Val Loss: 1.7457
    [ShallowConvNet] Epoch  11/80 | Train Loss: 1.1361 | Val Loss: 1.8178
    [ShallowConvNet] Early stopping na época 16 com Val Loss: 1.7457
      S108 fold 0: acc3=0.448
    [ShallowConvNet] Epoch   1/80 | Train Loss: 1.3277 | Val Loss: 1.2626
    [ShallowConvNet] Epoch  11/80 | Train Loss: 1.2728 | Val Loss: 1.2639
    [ShallowConvNet] Early stopping na época 16 com Val Loss: 1.2626
      S108 fold 1: acc3=0.310
    [ShallowConvNet] Epoch   1/80 | Train Loss: 1.4696 | Val Loss: 1.1651
    [ShallowConvNet] Epoch  11/80 | Train Loss: 1.4578 | Val Loss: 1.2091
    [ShallowConvNet] Early stopping na época 16 com Val Loss: 1.1651
      S108 fold 2: acc3=0.345
  grupo 5/6 | alvos [41, 45, 63, 83, 105] | pool=98 (4min)
    [ShallowConvNet] Epoch   1/200 | Train Loss: 1.7020 | Val Loss: 1.6310
    [ShallowConvNet] Epoch  11/200 | Train Loss: 1.3925 | Val Loss: 1.3483
    [ShallowConvNet] Epoch  21/200 | Train Loss: 1.3461 | Val Loss: 1.3565
    [ShallowConvNet] Epoch  31/200 | Train Loss: 1.3142 | Val Loss: 1.3425
    [ShallowConvNet] Epoch  41/200 | Train Loss: 1.2930 | Val Loss: 1.3266
    [ShallowConvNet] Epoch  51/200 | Train Loss: 1.2775 | Val Loss: 1.3477
    [ShallowConvNet] Epoch  61/200 | Train Loss: 1.2572 | Val Loss: 1.3518
    [ShallowConvNet] Early stopping na época 61 com Val Loss: 1.3266
      pool treinado (70s) — serve aos 5 alvos do grupo
    [ShallowConvNet] Epoch   1/80 | Train Loss: 1.3712 | Val Loss: 1.3856
    [ShallowConvNet] Epoch  11/80 | Train Loss: 1.2239 | Val Loss: 1.4903
    [ShallowConvNet] Early stopping na época 16 com Val Loss: 1.3856
      S041 fold 0: acc3=0.300
    [ShallowConvNet] Epoch   1/80 | Train Loss: 1.4032 | Val Loss: 1.3872
    [ShallowConvNet] Epoch  11/80 | Train Loss: 1.3510 | Val Loss: 1.3082
    [ShallowConvNet] Epoch  21/80 | Train Loss: 1.2426 | Val Loss: 1.2820
    [ShallowConvNet] Epoch  31/80 | Train Loss: 1.1889 | Val Loss: 1.2559
    [ShallowConvNet] Epoch  41/80 | Train Loss: 1.1210 | Val Loss: 1.2304
    [ShallowConvNet] Epoch  51/80 | Train Loss: 1.0602 | Val Loss: 1.2082
    [ShallowConvNet] Epoch  61/80 | Train Loss: 0.9910 | Val Loss: 1.1867
    [ShallowConvNet] Epoch  71/80 | Train Loss: 0.9570 | Val Loss: 1.1751
    [ShallowConvNet] Epoch  80/80 | Train Loss: 0.8782 | Val Loss: 1.1642
      S041 fold 1: acc3=0.500
    [ShallowConvNet] Epoch   1/80 | Train Loss: 1.4229 | Val Loss: 1.3284
    [ShallowConvNet] Epoch  11/80 | Train Loss: 1.3459 | Val Loss: 1.0673
    [ShallowConvNet] Epoch  21/80 | Train Loss: 1.3281 | Val Loss: 1.0484
    [ShallowConvNet] Early stopping na época 30 com Val Loss: 1.0403
      S041 fold 2: acc3=0.533
    [ShallowConvNet] Epoch   1/80 | Train Loss: 1.2662 | Val Loss: 1.2905
    [ShallowConvNet] Epoch  11/80 | Train Loss: 1.1232 | Val Loss: 1.3071
    [ShallowConvNet] Early stopping na época 16 com Val Loss: 1.2905
      S045 fold 0: acc3=0.633
    [ShallowConvNet] Epoch   1/80 | Train Loss: 1.1505 | Val Loss: 1.1779
    [ShallowConvNet] Epoch  11/80 | Train Loss: 1.2069 | Val Loss: 1.1192
    [ShallowConvNet] Epoch  21/80 | Train Loss: 1.2032 | Val Loss: 1.1276
    [ShallowConvNet] Early stopping na época 25 com Val Loss: 1.1190
      S045 fold 1: acc3=0.655
    [ShallowConvNet] Epoch   1/80 | Train Loss: 1.3639 | Val Loss: 1.1800
    [ShallowConvNet] Epoch  11/80 | Train Loss: 1.1276 | Val Loss: 1.1481
    [ShallowConvNet] Epoch  21/80 | Train Loss: 0.9867 | Val Loss: 1.1479
    [ShallowConvNet] Epoch  31/80 | Train Loss: 1.0011 | Val Loss: 1.1554
    [ShallowConvNet] Early stopping na época 37 com Val Loss: 1.1428
      S045 fold 2: acc3=0.552
    [ShallowConvNet] Epoch   1/80 | Train Loss: 1.4478 | Val Loss: 1.5482
    [ShallowConvNet] Epoch  11/80 | Train Loss: 1.2823 | Val Loss: 1.6528
    [ShallowConvNet] Early stopping na época 16 com Val Loss: 1.5482
      S063 fold 0: acc3=0.586
    [ShallowConvNet] Epoch   1/80 | Train Loss: 1.3678 | Val Loss: 1.3341
    [ShallowConvNet] Epoch  11/80 | Train Loss: 1.3316 | Val Loss: 1.3225
    [ShallowConvNet] Epoch  21/80 | Train Loss: 1.2716 | Val Loss: 1.3229
    [ShallowConvNet] Early stopping na época 27 com Val Loss: 1.3218
      S063 fold 1: acc3=0.464
    [ShallowConvNet] Epoch   1/80 | Train Loss: 1.3936 | Val Loss: 1.2832
    [ShallowConvNet] Epoch  11/80 | Train Loss: 1.2428 | Val Loss: 1.2990
    [ShallowConvNet] Early stopping na época 18 com Val Loss: 1.2738
      S063 fold 2: acc3=0.321
    [ShallowConvNet] Epoch   1/80 | Train Loss: 1.4998 | Val Loss: 1.2576
    [ShallowConvNet] Epoch  11/80 | Train Loss: 1.3578 | Val Loss: 1.2134
    [ShallowConvNet] Epoch  21/80 | Train Loss: 1.3156 | Val Loss: 1.2057
    [ShallowConvNet] Epoch  31/80 | Train Loss: 1.2329 | Val Loss: 1.1978
    [ShallowConvNet] Epoch  41/80 | Train Loss: 1.1683 | Val Loss: 1.1814
    [ShallowConvNet] Epoch  51/80 | Train Loss: 1.1135 | Val Loss: 1.1745
    [ShallowConvNet] Epoch  61/80 | Train Loss: 1.0301 | Val Loss: 1.1675
    [ShallowConvNet] Epoch  71/80 | Train Loss: 1.0431 | Val Loss: 1.1624
    [ShallowConvNet] Epoch  80/80 | Train Loss: 0.9614 | Val Loss: 1.1553
      S083 fold 0: acc3=0.700
    [ShallowConvNet] Epoch   1/80 | Train Loss: 1.2520 | Val Loss: 1.4377
    [ShallowConvNet] Epoch  11/80 | Train Loss: 1.2907 | Val Loss: 1.3733
    [ShallowConvNet] Epoch  21/80 | Train Loss: 1.1680 | Val Loss: 1.3518
    [ShallowConvNet] Epoch  31/80 | Train Loss: 1.0701 | Val Loss: 1.3502
    [ShallowConvNet] Epoch  41/80 | Train Loss: 0.9559 | Val Loss: 1.3398
    [ShallowConvNet] Epoch  51/80 | Train Loss: 0.9735 | Val Loss: 1.3436
    [ShallowConvNet] Early stopping na época 54 com Val Loss: 1.3377
      S083 fold 1: acc3=0.483
    [ShallowConvNet] Epoch   1/80 | Train Loss: 1.3897 | Val Loss: 1.3242
    [ShallowConvNet] Epoch  11/80 | Train Loss: 1.1766 | Val Loss: 1.3103
    [ShallowConvNet] Epoch  21/80 | Train Loss: 1.1517 | Val Loss: 1.2873
    [ShallowConvNet] Epoch  31/80 | Train Loss: 1.0627 | Val Loss: 1.2688
    [ShallowConvNet] Epoch  41/80 | Train Loss: 0.9122 | Val Loss: 1.2553
    [ShallowConvNet] Epoch  51/80 | Train Loss: 0.9033 | Val Loss: 1.2314
    [ShallowConvNet] Epoch  61/80 | Train Loss: 0.9411 | Val Loss: 1.2153
    [ShallowConvNet] Epoch  71/80 | Train Loss: 0.8602 | Val Loss: 1.2099
    [ShallowConvNet] Epoch  80/80 | Train Loss: 0.7870 | Val Loss: 1.1923
      S083 fold 2: acc3=0.483
    [ShallowConvNet] Epoch   1/80 | Train Loss: 1.4381 | Val Loss: 1.1228
    [ShallowConvNet] Epoch  11/80 | Train Loss: 1.3112 | Val Loss: 1.0118
    [ShallowConvNet] Epoch  21/80 | Train Loss: 1.1538 | Val Loss: 1.0172
    [ShallowConvNet] Early stopping na época 27 com Val Loss: 1.0092
      S105 fold 0: acc3=0.464
    [ShallowConvNet] Epoch   1/80 | Train Loss: 1.5311 | Val Loss: 1.2014
    [ShallowConvNet] Epoch  11/80 | Train Loss: 1.2981 | Val Loss: 1.0878
    [ShallowConvNet] Epoch  21/80 | Train Loss: 1.2163 | Val Loss: 1.1025
    [ShallowConvNet] Early stopping na época 26 com Val Loss: 1.0878
      S105 fold 1: acc3=0.536
    [ShallowConvNet] Epoch   1/80 | Train Loss: 1.4207 | Val Loss: 1.1580
    [ShallowConvNet] Epoch  11/80 | Train Loss: 1.3094 | Val Loss: 0.9530
    [ShallowConvNet] Epoch  21/80 | Train Loss: 1.2593 | Val Loss: 0.9192
    [ShallowConvNet] Epoch  31/80 | Train Loss: 1.1416 | Val Loss: 0.8950
    [ShallowConvNet] Epoch  41/80 | Train Loss: 1.0694 | Val Loss: 0.8668
    [ShallowConvNet] Epoch  51/80 | Train Loss: 1.0422 | Val Loss: 0.8393
    [ShallowConvNet] Early stopping na época 60 com Val Loss: 0.8386
      S105 fold 2: acc3=0.370
  grupo 6/6 | alvos [18, 49, 68, 76, 98] | pool=98 (5min)
    [ShallowConvNet] Epoch   1/200 | Train Loss: 1.7030 | Val Loss: 1.3826
    [ShallowConvNet] Epoch  11/200 | Train Loss: 1.3938 | Val Loss: 1.3507
    [ShallowConvNet] Epoch  21/200 | Train Loss: 1.3435 | Val Loss: 1.5471
    [ShallowConvNet] Epoch  31/200 | Train Loss: 1.3073 | Val Loss: 1.3166
    [ShallowConvNet] Epoch  41/200 | Train Loss: 1.2881 | Val Loss: 1.3320
    [ShallowConvNet] Epoch  51/200 | Train Loss: 1.2710 | Val Loss: 1.3765
    [ShallowConvNet] Early stopping na época 51 com Val Loss: 1.3166
      pool treinado (56s) — serve aos 5 alvos do grupo
    [ShallowConvNet] Epoch   1/80 | Train Loss: 1.3251 | Val Loss: 1.3680
    [ShallowConvNet] Epoch  11/80 | Train Loss: 1.3371 | Val Loss: 1.2681
    [ShallowConvNet] Epoch  21/80 | Train Loss: 1.2063 | Val Loss: 1.2180
    [ShallowConvNet] Epoch  31/80 | Train Loss: 1.0330 | Val Loss: 1.2129
    [ShallowConvNet] Epoch  41/80 | Train Loss: 1.0137 | Val Loss: 1.2024
    [ShallowConvNet] Epoch  51/80 | Train Loss: 0.9776 | Val Loss: 1.1983
    [ShallowConvNet] Epoch  61/80 | Train Loss: 0.9358 | Val Loss: 1.1883
    [ShallowConvNet] Epoch  71/80 | Train Loss: 0.8611 | Val Loss: 1.1799
    [ShallowConvNet] Epoch  80/80 | Train Loss: 0.7961 | Val Loss: 1.1723
      S018 fold 0: acc3=0.567
    [ShallowConvNet] Epoch   1/80 | Train Loss: 1.3364 | Val Loss: 1.4430
    [ShallowConvNet] Epoch  11/80 | Train Loss: 1.3425 | Val Loss: 1.5709
    [ShallowConvNet] Early stopping na época 16 com Val Loss: 1.4430
      S018 fold 1: acc3=0.310
    [ShallowConvNet] Epoch   1/80 | Train Loss: 1.3287 | Val Loss: 1.3755
    [ShallowConvNet] Epoch  11/80 | Train Loss: 1.1669 | Val Loss: 1.3126
    [ShallowConvNet] Epoch  21/80 | Train Loss: 1.2075 | Val Loss: 1.2853
    [ShallowConvNet] Epoch  31/80 | Train Loss: 1.0990 | Val Loss: 1.2824
    [ShallowConvNet] Epoch  41/80 | Train Loss: 0.9920 | Val Loss: 1.2765
    [ShallowConvNet] Epoch  51/80 | Train Loss: 0.9926 | Val Loss: 1.2682
    [ShallowConvNet] Epoch  61/80 | Train Loss: 0.9967 | Val Loss: 1.2645
    [ShallowConvNet] Epoch  71/80 | Train Loss: 0.9106 | Val Loss: 1.2591
    [ShallowConvNet] Epoch  80/80 | Train Loss: 0.8318 | Val Loss: 1.2509
      S018 fold 2: acc3=0.552
    [ShallowConvNet] Epoch   1/80 | Train Loss: 1.2323 | Val Loss: 1.0591
    [ShallowConvNet] Epoch  11/80 | Train Loss: 1.0327 | Val Loss: 1.0934
    [ShallowConvNet] Early stopping na época 16 com Val Loss: 1.0591
      S049 fold 0: acc3=0.690
    [ShallowConvNet] Epoch   1/80 | Train Loss: 1.2519 | Val Loss: 0.7697
    [ShallowConvNet] Epoch  11/80 | Train Loss: 1.1495 | Val Loss: 0.8379
    [ShallowConvNet] Early stopping na época 16 com Val Loss: 0.7697
      S049 fold 1: acc3=0.586
    [ShallowConvNet] Epoch   1/80 | Train Loss: 1.2295 | Val Loss: 1.4215
    [ShallowConvNet] Epoch  11/80 | Train Loss: 1.1199 | Val Loss: 1.3702
    [ShallowConvNet] Epoch  21/80 | Train Loss: 1.0676 | Val Loss: 1.3889
    [ShallowConvNet] Early stopping na época 22 com Val Loss: 1.3607
      S049 fold 2: acc3=0.655
    [ShallowConvNet] Epoch   1/80 | Train Loss: 1.2978 | Val Loss: 1.4392
    [ShallowConvNet] Epoch  11/80 | Train Loss: 1.2517 | Val Loss: 1.4252
    [ShallowConvNet] Early stopping na época 20 com Val Loss: 1.4141
      S068 fold 0: acc3=0.464
    [ShallowConvNet] Epoch   1/80 | Train Loss: 1.3618 | Val Loss: 1.0611
    [ShallowConvNet] Epoch  11/80 | Train Loss: 1.3012 | Val Loss: 1.0895
    [ShallowConvNet] Early stopping na época 16 com Val Loss: 1.0611
      S068 fold 1: acc3=0.536
    [ShallowConvNet] Epoch   1/80 | Train Loss: 1.2854 | Val Loss: 1.3968
    [ShallowConvNet] Epoch  11/80 | Train Loss: 1.1432 | Val Loss: 1.4222
    [ShallowConvNet] Early stopping na época 16 com Val Loss: 1.3968
      S068 fold 2: acc3=0.444
    [ShallowConvNet] Epoch   1/80 | Train Loss: 1.5493 | Val Loss: 1.3768
    [ShallowConvNet] Epoch  11/80 | Train Loss: 1.3942 | Val Loss: 1.3633
    [ShallowConvNet] Epoch  21/80 | Train Loss: 1.3791 | Val Loss: 1.3221
    [ShallowConvNet] Epoch  31/80 | Train Loss: 1.1884 | Val Loss: 1.2921
    [ShallowConvNet] Epoch  41/80 | Train Loss: 1.0962 | Val Loss: 1.2674
    [ShallowConvNet] Epoch  51/80 | Train Loss: 1.1615 | Val Loss: 1.2454
    [ShallowConvNet] Epoch  61/80 | Train Loss: 1.0131 | Val Loss: 1.2241
    [ShallowConvNet] Epoch  71/80 | Train Loss: 1.0101 | Val Loss: 1.2141
    [ShallowConvNet] Epoch  80/80 | Train Loss: 0.9415 | Val Loss: 1.2024
      S076 fold 0: acc3=0.483
    [ShallowConvNet] Epoch   1/80 | Train Loss: 1.4657 | Val Loss: 1.4379
    [ShallowConvNet] Epoch  11/80 | Train Loss: 1.2821 | Val Loss: 1.4814
    [ShallowConvNet] Early stopping na época 16 com Val Loss: 1.4379
      S076 fold 1: acc3=0.414
    [ShallowConvNet] Epoch   1/80 | Train Loss: 1.3335 | Val Loss: 1.4389
    [ShallowConvNet] Epoch  11/80 | Train Loss: 1.3396 | Val Loss: 1.6394
    [ShallowConvNet] Early stopping na época 16 com Val Loss: 1.4389
      S076 fold 2: acc3=0.250
    [ShallowConvNet] Epoch   1/80 | Train Loss: 1.3467 | Val Loss: 1.3603
    [ShallowConvNet] Epoch  11/80 | Train Loss: 1.1407 | Val Loss: 1.3291
    [ShallowConvNet] Epoch  21/80 | Train Loss: 1.2130 | Val Loss: 1.2932
    [ShallowConvNet] Epoch  31/80 | Train Loss: 1.1036 | Val Loss: 1.2859
    [ShallowConvNet] Epoch  41/80 | Train Loss: 1.1716 | Val Loss: 1.2891
    [ShallowConvNet] Epoch  51/80 | Train Loss: 1.0492 | Val Loss: 1.2780
    [ShallowConvNet] Epoch  61/80 | Train Loss: 0.9761 | Val Loss: 1.2789
    [ShallowConvNet] Epoch  71/80 | Train Loss: 0.8544 | Val Loss: 1.2593
    [ShallowConvNet] Epoch  80/80 | Train Loss: 0.9224 | Val Loss: 1.2551
      S098 fold 0: acc3=0.600
    [ShallowConvNet] Epoch   1/80 | Train Loss: 1.6044 | Val Loss: 1.3062
    [ShallowConvNet] Epoch  11/80 | Train Loss: 1.3733 | Val Loss: 1.1980
    [ShallowConvNet] Epoch  21/80 | Train Loss: 1.3197 | Val Loss: 1.2578
    [ShallowConvNet] Early stopping na época 27 com Val Loss: 1.1956
      S098 fold 1: acc3=0.600
    [ShallowConvNet] Epoch   1/80 | Train Loss: 1.4055 | Val Loss: 1.0471
    [ShallowConvNet] Epoch  11/80 | Train Loss: 1.1570 | Val Loss: 0.8214
    [ShallowConvNet] Epoch  21/80 | Train Loss: 1.1060 | Val Loss: 0.7624
    [ShallowConvNet] Epoch  31/80 | Train Loss: 1.1106 | Val Loss: 0.7013
    [ShallowConvNet] Epoch  41/80 | Train Loss: 0.9435 | Val Loss: 0.6600
    [ShallowConvNet] Epoch  51/80 | Train Loss: 0.9324 | Val Loss: 0.6199
    [ShallowConvNet] Epoch  61/80 | Train Loss: 0.8467 | Val Loss: 0.5933
    [ShallowConvNet] Epoch  71/80 | Train Loss: 0.7944 | Val Loss: 0.5620
    [ShallowConvNet] Epoch  80/80 | Train Loss: 0.6822 | Val Loss: 0.5342
      S098 fold 2: acc3=0.533

BENCH_MONTAGENS_DONE (6min)
CUDA=True | montagens=['posterior8'] | modelos=['deepcnn'] | alvos=30 | folds=3
  contrato 5cb6c6358c | banda 4-40 Hz ordem 5 | CAR on | IQR k=1.5 | calib 48 | fases mi
  aninhamento 2<4<8<16<21<32<64 verificado
  montagem      E  D centro  simetria
  64           27 27     10  sim
  32           14 14      4  sim
  21            9  8      4  NAO (aceita por decisao)
  16            6  6      4  sim
  8             3  3      2  sim
  4             2  2      0  sim
  2             1  1      0  sim
  3             1  1      1  sim
  sem_fz        4  3      1  NAO (aceita por decisao)
  posterior8    4  4      0  sim
  ocular4       2  2      0  sim
  6 grupos de alvos (semente 42), pool = 98 sujeitos:
    grupo 1: [3, 22, 57, 102, 107]
    grupo 2: [7, 52, 71, 79, 109]
    grupo 3: [12, 34, 60, 91, 95]
    grupo 4: [25, 31, 87, 106, 108]
    grupo 5: [41, 45, 63, 83, 105]
    grupo 6: [18, 49, 68, 76, 98]
  retomando: 270 celulas ja concluidas sob 5cb6c6358c

==============================================================
  MONTAGEM posterior8 (8 canais) | MODELO deepcnn | 0min
==============================================================
  grupo 1/6 | alvos [3, 22, 57, 102, 107] | pool=98 (0min)
      pool treinado (137s) — serve aos 5 alvos do grupo
      S003 fold 0: acc3=0.393
      S003 fold 1: acc3=0.500
      S003 fold 2: acc3=0.370
      S022 fold 0: acc3=0.571
      S022 fold 1: acc3=0.500
      S022 fold 2: acc3=0.464
      S057 fold 0: acc3=0.464
      S057 fold 1: acc3=0.500
      S057 fold 2: acc3=0.464
      S102 fold 0: acc3=0.448
      S102 fold 1: acc3=0.552
      S102 fold 2: acc3=0.241
      S107 fold 0: acc3=0.448
      S107 fold 1: acc3=0.393
      S107 fold 2: acc3=0.464
  grupo 2/6 | alvos [7, 52, 71, 79, 109] | pool=98 (3min)
      pool treinado (111s) — serve aos 5 alvos do grupo
      S007 fold 0: acc3=0.759
      S007 fold 1: acc3=0.690
      S007 fold 2: acc3=0.552
      S052 fold 0: acc3=0.793
      S052 fold 1: acc3=0.714
      S052 fold 2: acc3=0.607
      S071 fold 0: acc3=0.536
      S071 fold 1: acc3=0.607
      S071 fold 2: acc3=0.778
      S079 fold 0: acc3=0.643
      S079 fold 1: acc3=0.607
      S079 fold 2: acc3=0.370
      S109 fold 0: acc3=0.267
      S109 fold 1: acc3=0.345
      S109 fold 2: acc3=0.448
  grupo 3/6 | alvos [12, 34, 60, 91, 95] | pool=98 (5min)
      pool treinado (84s) — serve aos 5 alvos do grupo
      S012 fold 0: acc3=0.300
      S012 fold 1: acc3=0.414
      S012 fold 2: acc3=0.310
      S034 fold 0: acc3=0.667
      S034 fold 1: acc3=0.600
      S034 fold 2: acc3=0.586
      S060 fold 0: acc3=0.567
      S060 fold 1: acc3=0.467
      S060 fold 2: acc3=0.414
      S091 fold 0: acc3=0.552
      S091 fold 1: acc3=0.448
      S091 fold 2: acc3=0.571
      S095 fold 0: acc3=0.400
      S095 fold 1: acc3=0.310
      S095 fold 2: acc3=0.310
  grupo 4/6 | alvos [25, 31, 87, 106, 108] | pool=98 (7min)
      pool treinado (88s) — serve aos 5 alvos do grupo
      S025 fold 0: acc3=0.607
      S025 fold 1: acc3=0.571
      S025 fold 2: acc3=0.643
      S031 fold 0: acc3=0.500
      S031 fold 1: acc3=0.533
      S031 fold 2: acc3=0.433
      S087 fold 0: acc3=0.321
      S087 fold 1: acc3=0.500
      S087 fold 2: acc3=0.444
      S106 fold 0: acc3=0.276
      S106 fold 1: acc3=0.393
      S106 fold 2: acc3=0.643
      S108 fold 0: acc3=0.414
      S108 fold 1: acc3=0.414
      S108 fold 2: acc3=0.379
  grupo 5/6 | alvos [41, 45, 63, 83, 105] | pool=98 (9min)
      pool treinado (77s) — serve aos 5 alvos do grupo
      S041 fold 0: acc3=0.267
      S041 fold 1: acc3=0.400
      S041 fold 2: acc3=0.333
      S045 fold 0: acc3=0.433
      S045 fold 1: acc3=0.724
      S045 fold 2: acc3=0.448
      S063 fold 0: acc3=0.552
      S063 fold 1: acc3=0.500
      S063 fold 2: acc3=0.286
      S083 fold 0: acc3=0.533
      S083 fold 1: acc3=0.448
      S083 fold 2: acc3=0.448
      S105 fold 0: acc3=0.571
      S105 fold 1: acc3=0.464
      S105 fold 2: acc3=0.481
  grupo 6/6 | alvos [18, 49, 68, 76, 98] | pool=98 (10min)
      pool treinado (117s) — serve aos 5 alvos do grupo
      S018 fold 0: acc3=0.600
      S018 fold 1: acc3=0.517
      S018 fold 2: acc3=0.414
      S049 fold 0: acc3=0.621
      S049 fold 1: acc3=0.552
      S049 fold 2: acc3=0.552
      S068 fold 0: acc3=0.536
      S068 fold 1: acc3=0.643
      S068 fold 2: acc3=0.444
      S076 fold 0: acc3=0.345
      S076 fold 1: acc3=0.586
      S076 fold 2: acc3=0.429
      S098 fold 0: acc3=0.533
      S098 fold 1: acc3=0.567
      S098 fold 2: acc3=0.500

BENCH_MONTAGENS_DONE (12min)
CUDA=True | montagens=['posterior8'] | modelos=['stia_net'] | alvos=30 | folds=3
  contrato 5cb6c6358c | banda 4-40 Hz ordem 5 | CAR on | IQR k=1.5 | calib 48 | fases mi
  aninhamento 2<4<8<16<21<32<64 verificado
  montagem      E  D centro  simetria
  64           27 27     10  sim
  32           14 14      4  sim
  21            9  8      4  NAO (aceita por decisao)
  16            6  6      4  sim
  8             3  3      2  sim
  4             2  2      0  sim
  2             1  1      0  sim
  3             1  1      1  sim
  sem_fz        4  3      1  NAO (aceita por decisao)
  posterior8    4  4      0  sim
  ocular4       2  2      0  sim
  celulas gemeas pendentes: stia_net.banda_do_artigo (rodar de novo com --banda 8 30)
  6 grupos de alvos (semente 42), pool = 98 sujeitos:
    grupo 1: [3, 22, 57, 102, 107]
    grupo 2: [7, 52, 71, 79, 109]
    grupo 3: [12, 34, 60, 91, 95]
    grupo 4: [25, 31, 87, 106, 108]
    grupo 5: [41, 45, 63, 83, 105]
    grupo 6: [18, 49, 68, 76, 98]
  retomando: 360 celulas ja concluidas sob 5cb6c6358c

==============================================================
  MONTAGEM posterior8 (8 canais) | MODELO stia_net | 0min
==============================================================
  grupo 1/6 | alvos [3, 22, 57, 102, 107] | pool=98 (0min)
  [STIA-Net] Computing PLV adjacency matrix...
      pool treinado (64s) — serve aos 5 alvos do grupo
  [STIA-Net] Recomputing PLV for MI domain...
      S003 fold 0: acc3=0.429
  [STIA-Net] Recomputing PLV for MI domain...
      S003 fold 1: acc3=0.571
  [STIA-Net] Recomputing PLV for MI domain...
      S003 fold 2: acc3=0.407
  [STIA-Net] Recomputing PLV for MI domain...
      S022 fold 0: acc3=0.429
  [STIA-Net] Recomputing PLV for MI domain...
      S022 fold 1: acc3=0.500
  [STIA-Net] Recomputing PLV for MI domain...
      S022 fold 2: acc3=0.500
  [STIA-Net] Recomputing PLV for MI domain...
      S057 fold 0: acc3=0.321
  [STIA-Net] Recomputing PLV for MI domain...
      S057 fold 1: acc3=0.429
  [STIA-Net] Recomputing PLV for MI domain...
      S057 fold 2: acc3=0.536
  [STIA-Net] Recomputing PLV for MI domain...
      S102 fold 0: acc3=0.448
  [STIA-Net] Recomputing PLV for MI domain...
      S102 fold 1: acc3=0.414
  [STIA-Net] Recomputing PLV for MI domain...
      S102 fold 2: acc3=0.345
  [STIA-Net] Recomputing PLV for MI domain...
      S107 fold 0: acc3=0.345
  [STIA-Net] Recomputing PLV for MI domain...
      S107 fold 1: acc3=0.321
  [STIA-Net] Recomputing PLV for MI domain...
      S107 fold 2: acc3=0.214
  grupo 2/6 | alvos [7, 52, 71, 79, 109] | pool=98 (1min)
  [STIA-Net] Computing PLV adjacency matrix...
      pool treinado (55s) — serve aos 5 alvos do grupo
  [STIA-Net] Recomputing PLV for MI domain...
      S007 fold 0: acc3=0.483
  [STIA-Net] Recomputing PLV for MI domain...
      S007 fold 1: acc3=0.345
  [STIA-Net] Recomputing PLV for MI domain...
      S007 fold 2: acc3=0.276
  [STIA-Net] Recomputing PLV for MI domain...
      S052 fold 0: acc3=0.241
  [STIA-Net] Recomputing PLV for MI domain...
      S052 fold 1: acc3=0.500
  [STIA-Net] Recomputing PLV for MI domain...
      S052 fold 2: acc3=0.393
  [STIA-Net] Recomputing PLV for MI domain...
      S071 fold 0: acc3=0.393
  [STIA-Net] Recomputing PLV for MI domain...
      S071 fold 1: acc3=0.571
  [STIA-Net] Recomputing PLV for MI domain...
      S071 fold 2: acc3=0.222
  [STIA-Net] Recomputing PLV for MI domain...
      S079 fold 0: acc3=0.357
  [STIA-Net] Recomputing PLV for MI domain...
      S079 fold 1: acc3=0.393
  [STIA-Net] Recomputing PLV for MI domain...
      S079 fold 2: acc3=0.333
  [STIA-Net] Recomputing PLV for MI domain...
      S109 fold 0: acc3=0.467
  [STIA-Net] Recomputing PLV for MI domain...
      S109 fold 1: acc3=0.517
  [STIA-Net] Recomputing PLV for MI domain...
      S109 fold 2: acc3=0.414
  grupo 3/6 | alvos [12, 34, 60, 91, 95] | pool=98 (2min)
  [STIA-Net] Computing PLV adjacency matrix...
      pool treinado (65s) — serve aos 5 alvos do grupo
  [STIA-Net] Recomputing PLV for MI domain...
      S012 fold 0: acc3=0.333
  [STIA-Net] Recomputing PLV for MI domain...
      S012 fold 1: acc3=0.379
  [STIA-Net] Recomputing PLV for MI domain...
      S012 fold 2: acc3=0.345
  [STIA-Net] Recomputing PLV for MI domain...
      S034 fold 0: acc3=0.400
  [STIA-Net] Recomputing PLV for MI domain...
      S034 fold 1: acc3=0.300
  [STIA-Net] Recomputing PLV for MI domain...
      S034 fold 2: acc3=0.345
  [STIA-Net] Recomputing PLV for MI domain...
      S060 fold 0: acc3=0.467
  [STIA-Net] Recomputing PLV for MI domain...
      S060 fold 1: acc3=0.333
  [STIA-Net] Recomputing PLV for MI domain...
      S060 fold 2: acc3=0.241
  [STIA-Net] Recomputing PLV for MI domain...
      S091 fold 0: acc3=0.310
  [STIA-Net] Recomputing PLV for MI domain...
      S091 fold 1: acc3=0.310
  [STIA-Net] Recomputing PLV for MI domain...
      S091 fold 2: acc3=0.464
  [STIA-Net] Recomputing PLV for MI domain...
      S095 fold 0: acc3=0.333
  [STIA-Net] Recomputing PLV for MI domain...
      S095 fold 1: acc3=0.414
  [STIA-Net] Recomputing PLV for MI domain...
      S095 fold 2: acc3=0.483
  grupo 4/6 | alvos [25, 31, 87, 106, 108] | pool=98 (4min)
  [STIA-Net] Computing PLV adjacency matrix...
      pool treinado (63s) — serve aos 5 alvos do grupo
  [STIA-Net] Recomputing PLV for MI domain...
      S025 fold 0: acc3=0.250
  [STIA-Net] Recomputing PLV for MI domain...
      S025 fold 1: acc3=0.286
  [STIA-Net] Recomputing PLV for MI domain...
      S025 fold 2: acc3=0.321
  [STIA-Net] Recomputing PLV for MI domain...
      S031 fold 0: acc3=0.267
  [STIA-Net] Recomputing PLV for MI domain...
      S031 fold 1: acc3=0.433
  [STIA-Net] Recomputing PLV for MI domain...
      S031 fold 2: acc3=0.400
  [STIA-Net] Recomputing PLV for MI domain...
      S087 fold 0: acc3=0.464
  [STIA-Net] Recomputing PLV for MI domain...
      S087 fold 1: acc3=0.393
  [STIA-Net] Recomputing PLV for MI domain...
      S087 fold 2: acc3=0.333
  [STIA-Net] Recomputing PLV for MI domain...
      S106 fold 0: acc3=0.448
  [STIA-Net] Recomputing PLV for MI domain...
      S106 fold 1: acc3=0.464
  [STIA-Net] Recomputing PLV for MI domain...
      S106 fold 2: acc3=0.321
  [STIA-Net] Recomputing PLV for MI domain...
      S108 fold 0: acc3=0.414
  [STIA-Net] Recomputing PLV for MI domain...
      S108 fold 1: acc3=0.414
  [STIA-Net] Recomputing PLV for MI domain...
      S108 fold 2: acc3=0.414
  grupo 5/6 | alvos [41, 45, 63, 83, 105] | pool=98 (5min)
  [STIA-Net] Computing PLV adjacency matrix...
      pool treinado (43s) — serve aos 5 alvos do grupo
  [STIA-Net] Recomputing PLV for MI domain...
      S041 fold 0: acc3=0.233
  [STIA-Net] Recomputing PLV for MI domain...
      S041 fold 1: acc3=0.333
  [STIA-Net] Recomputing PLV for MI domain...
      S041 fold 2: acc3=0.333
  [STIA-Net] Recomputing PLV for MI domain...
      S045 fold 0: acc3=0.433
  [STIA-Net] Recomputing PLV for MI domain...
      S045 fold 1: acc3=0.586
  [STIA-Net] Recomputing PLV for MI domain...
      S045 fold 2: acc3=0.483
  [STIA-Net] Recomputing PLV for MI domain...
      S063 fold 0: acc3=0.379
  [STIA-Net] Recomputing PLV for MI domain...
      S063 fold 1: acc3=0.393
  [STIA-Net] Recomputing PLV for MI domain...
      S063 fold 2: acc3=0.429
  [STIA-Net] Recomputing PLV for MI domain...
      S083 fold 0: acc3=0.400
  [STIA-Net] Recomputing PLV for MI domain...
      S083 fold 1: acc3=0.310
  [STIA-Net] Recomputing PLV for MI domain...
      S083 fold 2: acc3=0.241
  [STIA-Net] Recomputing PLV for MI domain...
      S105 fold 0: acc3=0.321
  [STIA-Net] Recomputing PLV for MI domain...
      S105 fold 1: acc3=0.357
  [STIA-Net] Recomputing PLV for MI domain...
      S105 fold 2: acc3=0.519
  grupo 6/6 | alvos [18, 49, 68, 76, 98] | pool=98 (6min)
  [STIA-Net] Computing PLV adjacency matrix...
      pool treinado (64s) — serve aos 5 alvos do grupo
  [STIA-Net] Recomputing PLV for MI domain...
      S018 fold 0: acc3=0.467
  [STIA-Net] Recomputing PLV for MI domain...
      S018 fold 1: acc3=0.414
  [STIA-Net] Recomputing PLV for MI domain...
      S018 fold 2: acc3=0.379
  [STIA-Net] Recomputing PLV for MI domain...
      S049 fold 0: acc3=0.241
  [STIA-Net] Recomputing PLV for MI domain...
      S049 fold 1: acc3=0.379
  [STIA-Net] Recomputing PLV for MI domain...
      S049 fold 2: acc3=0.414
  [STIA-Net] Recomputing PLV for MI domain...
      S068 fold 0: acc3=0.536
  [STIA-Net] Recomputing PLV for MI domain...
      S068 fold 1: acc3=0.429
  [STIA-Net] Recomputing PLV for MI domain...
      S068 fold 2: acc3=0.333
  [STIA-Net] Recomputing PLV for MI domain...
      S076 fold 0: acc3=0.241
  [STIA-Net] Recomputing PLV for MI domain...
      S076 fold 1: acc3=0.448
  [STIA-Net] Recomputing PLV for MI domain...
      S076 fold 2: acc3=0.214
  [STIA-Net] Recomputing PLV for MI domain...
      S098 fold 0: acc3=0.400
  [STIA-Net] Recomputing PLV for MI domain...
      S098 fold 1: acc3=0.333
  [STIA-Net] Recomputing PLV for MI domain...
      S098 fold 2: acc3=0.433

BENCH_MONTAGENS_DONE (7min)
CUDA=True | montagens=['sem_fz'] | modelos=['eegnet'] | alvos=30 | folds=3
  contrato 5cb6c6358c | banda 4-40 Hz ordem 5 | CAR on | IQR k=1.5 | calib 48 | fases mi
  aninhamento 2<4<8<16<21<32<64 verificado
  montagem      E  D centro  simetria
  64           27 27     10  sim
  32           14 14      4  sim
  21            9  8      4  NAO (aceita por decisao)
  16            6  6      4  sim
  8             3  3      2  sim
  4             2  2      0  sim
  2             1  1      0  sim
  3             1  1      1  sim
  sem_fz        4  3      1  NAO (aceita por decisao)
  posterior8    4  4      0  sim
  ocular4       2  2      0  sim
  6 grupos de alvos (semente 42), pool = 98 sujeitos:
    grupo 1: [3, 22, 57, 102, 107]
    grupo 2: [7, 52, 71, 79, 109]
    grupo 3: [12, 34, 60, 91, 95]
    grupo 4: [25, 31, 87, 106, 108]
    grupo 5: [41, 45, 63, 83, 105]
    grupo 6: [18, 49, 68, 76, 98]
  retomando: 450 celulas ja concluidas sob 5cb6c6358c

==============================================================
  MONTAGEM sem_fz (8 canais) | MODELO eegnet | 0min
==============================================================
  grupo 1/6 | alvos [3, 22, 57, 102, 107] | pool=98 (0min)
      pool treinado (97s) — serve aos 5 alvos do grupo
      S003 fold 0: acc3=0.241
      S003 fold 1: acc3=0.172
      S003 fold 2: acc3=0.207
      S022 fold 0: acc3=0.552
      S022 fold 1: acc3=0.621
      S022 fold 2: acc3=0.586
      S057 fold 0: acc3=0.379
      S057 fold 1: acc3=0.379
      S057 fold 2: acc3=0.414
      S102 fold 0: acc3=0.600
      S102 fold 1: acc3=0.733
      S102 fold 2: acc3=0.724
      S107 fold 0: acc3=0.345
      S107 fold 1: acc3=0.321
      S107 fold 2: acc3=0.214
  grupo 2/6 | alvos [7, 52, 71, 79, 109] | pool=98 (2min)
      pool treinado (65s) — serve aos 5 alvos do grupo
      S007 fold 0: acc3=0.667
      S007 fold 1: acc3=0.667
      S007 fold 2: acc3=0.586
      S052 fold 0: acc3=0.724
      S052 fold 1: acc3=0.793
      S052 fold 2: acc3=0.586
      S071 fold 0: acc3=0.655
      S071 fold 1: acc3=0.552
      S071 fold 2: acc3=0.586
      S079 fold 0: acc3=0.367
      S079 fold 1: acc3=0.483
      S079 fold 2: acc3=0.414
      S109 fold 0: acc3=0.467
      S109 fold 1: acc3=0.241
      S109 fold 2: acc3=0.586
  grupo 3/6 | alvos [12, 34, 60, 91, 95] | pool=98 (3min)
      pool treinado (80s) — serve aos 5 alvos do grupo
      S012 fold 0: acc3=0.433
      S012 fold 1: acc3=0.379
      S012 fold 2: acc3=0.379
      S034 fold 0: acc3=0.800
      S034 fold 1: acc3=0.828
      S034 fold 2: acc3=0.793
      S060 fold 0: acc3=0.571
      S060 fold 1: acc3=0.643
      S060 fold 2: acc3=0.643
      S091 fold 0: acc3=0.586
      S091 fold 1: acc3=0.483
      S091 fold 2: acc3=0.517
      S095 fold 0: acc3=0.621
      S095 fold 1: acc3=0.621
      S095 fold 2: acc3=0.414
  grupo 4/6 | alvos [25, 31, 87, 106, 108] | pool=98 (5min)
      pool treinado (101s) — serve aos 5 alvos do grupo
      S025 fold 0: acc3=0.724
      S025 fold 1: acc3=0.759
      S025 fold 2: acc3=0.621
      S031 fold 0: acc3=0.433
      S031 fold 1: acc3=0.517
      S031 fold 2: acc3=0.759
      S087 fold 0: acc3=0.345
      S087 fold 1: acc3=0.310
      S087 fold 2: acc3=0.357
      S106 fold 0: acc3=0.552
      S106 fold 1: acc3=0.448
      S106 fold 2: acc3=0.643
      S108 fold 0: acc3=0.464
      S108 fold 1: acc3=0.536
      S108 fold 2: acc3=0.393
  grupo 5/6 | alvos [41, 45, 63, 83, 105] | pool=98 (7min)
      pool treinado (48s) — serve aos 5 alvos do grupo
      S041 fold 0: acc3=0.517
      S041 fold 1: acc3=0.448
      S041 fold 2: acc3=0.414
      S045 fold 0: acc3=0.517
      S045 fold 1: acc3=0.517
      S045 fold 2: acc3=0.643
      S063 fold 0: acc3=0.533
      S063 fold 1: acc3=0.467
      S063 fold 2: acc3=0.448
      S083 fold 0: acc3=0.655
      S083 fold 1: acc3=0.571
      S083 fold 2: acc3=0.536
      S105 fold 0: acc3=0.800
      S105 fold 1: acc3=0.690
      S105 fold 2: acc3=0.483
  grupo 6/6 | alvos [18, 49, 68, 76, 98] | pool=98 (8min)
      pool treinado (117s) — serve aos 5 alvos do grupo
      S018 fold 0: acc3=0.333
      S018 fold 1: acc3=0.207
      S018 fold 2: acc3=0.241
      S049 fold 0: acc3=0.700
      S049 fold 1: acc3=0.700
      S049 fold 2: acc3=0.655
      S068 fold 0: acc3=0.433
      S068 fold 1: acc3=0.500
      S068 fold 2: acc3=0.467
      S076 fold 0: acc3=0.533
      S076 fold 1: acc3=0.167
      S076 fold 2: acc3=0.379
      S098 fold 0: acc3=0.433
      S098 fold 1: acc3=0.533
      S098 fold 2: acc3=0.414

BENCH_MONTAGENS_DONE (10min)
CUDA=True | montagens=['sem_fz'] | modelos=['eegsym'] | alvos=30 | folds=3
  contrato 5cb6c6358c | banda 4-40 Hz ordem 5 | CAR on | IQR k=1.5 | calib 48 | fases mi
  aninhamento 2<4<8<16<21<32<64 verificado
  montagem      E  D centro  simetria
  64           27 27     10  sim
  32           14 14      4  sim
  21            9  8      4  NAO (aceita por decisao)
  16            6  6      4  sim
  8             3  3      2  sim
  4             2  2      0  sim
  2             1  1      0  sim
  3             1  1      1  sim
  sem_fz        4  3      1  NAO (aceita por decisao)
  posterior8    4  4      0  sim
  ocular4       2  2      0  sim
  6 grupos de alvos (semente 42), pool = 98 sujeitos:
    grupo 1: [3, 22, 57, 102, 107]
    grupo 2: [7, 52, 71, 79, 109]
    grupo 3: [12, 34, 60, 91, 95]
    grupo 4: [25, 31, 87, 106, 108]
    grupo 5: [41, 45, 63, 83, 105]
    grupo 6: [18, 49, 68, 76, 98]
  retomando: 540 celulas ja concluidas sob 5cb6c6358c

==============================================================
  MONTAGEM sem_fz (8 canais) | MODELO eegsym | 0min
==============================================================
  grupo 1/6 | alvos [3, 22, 57, 102, 107] | pool=98 (0min)
      ramo E: C3 FC3 CP3 Cz
      ramo D: C4 FC4 CP4 Cz
      descartados (lateral sem par): C1
      pool treinado (84s) — serve aos 5 alvos do grupo
      S003 fold 0: acc3=0.345
      S003 fold 1: acc3=0.379
      S003 fold 2: acc3=0.345
      S022 fold 0: acc3=0.517
      S022 fold 1: acc3=0.345
      S022 fold 2: acc3=0.379
      S057 fold 0: acc3=0.414
      S057 fold 1: acc3=0.241
      S057 fold 2: acc3=0.379
      S102 fold 0: acc3=0.600
      S102 fold 1: acc3=0.700
      S102 fold 2: acc3=0.414
      S107 fold 0: acc3=0.448
      S107 fold 1: acc3=0.357
      S107 fold 2: acc3=0.393
  grupo 2/6 | alvos [7, 52, 71, 79, 109] | pool=98 (2min)
      pool treinado (74s) — serve aos 5 alvos do grupo
      S007 fold 0: acc3=0.667
      S007 fold 1: acc3=0.633
      S007 fold 2: acc3=0.621
      S052 fold 0: acc3=0.621
      S052 fold 1: acc3=0.724
      S052 fold 2: acc3=0.448
      S071 fold 0: acc3=0.552
      S071 fold 1: acc3=0.621
      S071 fold 2: acc3=0.690
      S079 fold 0: acc3=0.300
      S079 fold 1: acc3=0.345
      S079 fold 2: acc3=0.241
      S109 fold 0: acc3=0.267
      S109 fold 1: acc3=0.241
      S109 fold 2: acc3=0.241
  grupo 3/6 | alvos [12, 34, 60, 91, 95] | pool=98 (3min)
      pool treinado (71s) — serve aos 5 alvos do grupo
      S012 fold 0: acc3=0.633
      S012 fold 1: acc3=0.724
      S012 fold 2: acc3=0.586
      S034 fold 0: acc3=0.800
      S034 fold 1: acc3=0.759
      S034 fold 2: acc3=0.724
      S060 fold 0: acc3=0.571
      S060 fold 1: acc3=0.607
      S060 fold 2: acc3=0.714
      S091 fold 0: acc3=0.586
      S091 fold 1: acc3=0.483
      S091 fold 2: acc3=0.517
      S095 fold 0: acc3=0.621
      S095 fold 1: acc3=0.448
      S095 fold 2: acc3=0.552
  grupo 4/6 | alvos [25, 31, 87, 106, 108] | pool=98 (5min)
      pool treinado (69s) — serve aos 5 alvos do grupo
      S025 fold 0: acc3=0.655
      S025 fold 1: acc3=0.724
      S025 fold 2: acc3=0.552
      S031 fold 0: acc3=0.433
      S031 fold 1: acc3=0.586
      S031 fold 2: acc3=0.690
      S087 fold 0: acc3=0.414
      S087 fold 1: acc3=0.276
      S087 fold 2: acc3=0.464
      S106 fold 0: acc3=0.379
      S106 fold 1: acc3=0.310
      S106 fold 2: acc3=0.321
      S108 fold 0: acc3=0.571
      S108 fold 1: acc3=0.536
      S108 fold 2: acc3=0.357
  grupo 5/6 | alvos [41, 45, 63, 83, 105] | pool=98 (6min)
      pool treinado (62s) — serve aos 5 alvos do grupo
      S041 fold 0: acc3=0.276
      S041 fold 1: acc3=0.448
      S041 fold 2: acc3=0.414
      S045 fold 0: acc3=0.552
      S045 fold 1: acc3=0.552
      S045 fold 2: acc3=0.571
      S063 fold 0: acc3=0.533
      S063 fold 1: acc3=0.500
      S063 fold 2: acc3=0.310
      S083 fold 0: acc3=0.621
      S083 fold 1: acc3=0.536
      S083 fold 2: acc3=0.536
      S105 fold 0: acc3=0.733
      S105 fold 1: acc3=0.552
      S105 fold 2: acc3=0.552
  grupo 6/6 | alvos [18, 49, 68, 76, 98] | pool=98 (7min)
      pool treinado (106s) — serve aos 5 alvos do grupo
      S018 fold 0: acc3=0.400
      S018 fold 1: acc3=0.172
      S018 fold 2: acc3=0.414
      S049 fold 0: acc3=0.367
      S049 fold 1: acc3=0.400
      S049 fold 2: acc3=0.552
      S068 fold 0: acc3=0.567
      S068 fold 1: acc3=0.433
      S068 fold 2: acc3=0.467
      S076 fold 0: acc3=0.233
      S076 fold 1: acc3=0.167
      S076 fold 2: acc3=0.241
      S098 fold 0: acc3=0.500
      S098 fold 1: acc3=0.367
      S098 fold 2: acc3=0.310

BENCH_MONTAGENS_DONE (9min)
CUDA=True | montagens=['sem_fz'] | modelos=['shallow_convnet'] | alvos=30 | folds=3
  contrato 5cb6c6358c | banda 4-40 Hz ordem 5 | CAR on | IQR k=1.5 | calib 48 | fases mi
  aninhamento 2<4<8<16<21<32<64 verificado
  montagem      E  D centro  simetria
  64           27 27     10  sim
  32           14 14      4  sim
  21            9  8      4  NAO (aceita por decisao)
  16            6  6      4  sim
  8             3  3      2  sim
  4             2  2      0  sim
  2             1  1      0  sim
  3             1  1      1  sim
  sem_fz        4  3      1  NAO (aceita por decisao)
  posterior8    4  4      0  sim
  ocular4       2  2      0  sim
  6 grupos de alvos (semente 42), pool = 98 sujeitos:
    grupo 1: [3, 22, 57, 102, 107]
    grupo 2: [7, 52, 71, 79, 109]
    grupo 3: [12, 34, 60, 91, 95]
    grupo 4: [25, 31, 87, 106, 108]
    grupo 5: [41, 45, 63, 83, 105]
    grupo 6: [18, 49, 68, 76, 98]
  retomando: 630 celulas ja concluidas sob 5cb6c6358c

==============================================================
  MONTAGEM sem_fz (8 canais) | MODELO shallow_convnet | 0min
==============================================================
  grupo 1/6 | alvos [3, 22, 57, 102, 107] | pool=98 (0min)
    [ShallowConvNet] Epoch   1/200 | Train Loss: 1.7281 | Val Loss: 1.3216
    [ShallowConvNet] Epoch  11/200 | Train Loss: 1.3652 | Val Loss: 1.3218
    [ShallowConvNet] Epoch  21/200 | Train Loss: 1.3502 | Val Loss: 1.2674
    [ShallowConvNet] Epoch  31/200 | Train Loss: 1.3058 | Val Loss: 1.2832
    [ShallowConvNet] Early stopping na época 38 com Val Loss: 1.2608
      pool treinado (40s) — serve aos 5 alvos do grupo
    [ShallowConvNet] Epoch   1/80 | Train Loss: 1.7270 | Val Loss: 1.4754
    [ShallowConvNet] Epoch  11/80 | Train Loss: 1.6133 | Val Loss: 1.6569
    [ShallowConvNet] Early stopping na época 16 com Val Loss: 1.4754
      S003 fold 0: acc3=0.241
    [ShallowConvNet] Epoch   1/80 | Train Loss: 1.6265 | Val Loss: 1.5672
    [ShallowConvNet] Epoch  11/80 | Train Loss: 1.4087 | Val Loss: 1.5949
    [ShallowConvNet] Early stopping na época 16 com Val Loss: 1.5672
      S003 fold 1: acc3=0.069
    [ShallowConvNet] Epoch   1/80 | Train Loss: 1.6011 | Val Loss: 1.5515
    [ShallowConvNet] Epoch  11/80 | Train Loss: 1.4351 | Val Loss: 1.5679
    [ShallowConvNet] Early stopping na época 16 com Val Loss: 1.5515
      S003 fold 2: acc3=0.276
    [ShallowConvNet] Epoch   1/80 | Train Loss: 1.2619 | Val Loss: 1.6879
    [ShallowConvNet] Epoch  11/80 | Train Loss: 1.1092 | Val Loss: 1.7521
    [ShallowConvNet] Early stopping na época 16 com Val Loss: 1.6879
      S022 fold 0: acc3=0.483
    [ShallowConvNet] Epoch   1/80 | Train Loss: 1.2977 | Val Loss: 1.1936
    [ShallowConvNet] Epoch  11/80 | Train Loss: 1.2107 | Val Loss: 1.1831
    [ShallowConvNet] Epoch  21/80 | Train Loss: 1.1251 | Val Loss: 1.1748
    [ShallowConvNet] Epoch  31/80 | Train Loss: 1.0521 | Val Loss: 1.1511
    [ShallowConvNet] Epoch  41/80 | Train Loss: 0.9856 | Val Loss: 1.1239
    [ShallowConvNet] Epoch  51/80 | Train Loss: 0.8856 | Val Loss: 1.1055
    [ShallowConvNet] Epoch  61/80 | Train Loss: 0.9157 | Val Loss: 1.0923
    [ShallowConvNet] Epoch  71/80 | Train Loss: 0.8138 | Val Loss: 1.0769
    [ShallowConvNet] Epoch  80/80 | Train Loss: 0.7846 | Val Loss: 1.0577
      S022 fold 1: acc3=0.552
    [ShallowConvNet] Epoch   1/80 | Train Loss: 1.3260 | Val Loss: 1.1508
    [ShallowConvNet] Epoch  11/80 | Train Loss: 1.2028 | Val Loss: 1.1451
    [ShallowConvNet] Early stopping na época 19 com Val Loss: 1.1400
      S022 fold 2: acc3=0.586
    [ShallowConvNet] Epoch   1/80 | Train Loss: 1.3309 | Val Loss: 1.6680
    [ShallowConvNet] Epoch  11/80 | Train Loss: 1.2506 | Val Loss: 1.6410
    [ShallowConvNet] Epoch  21/80 | Train Loss: 1.2799 | Val Loss: 1.5993
    [ShallowConvNet] Epoch  31/80 | Train Loss: 1.2263 | Val Loss: 1.5735
    [ShallowConvNet] Epoch  41/80 | Train Loss: 1.0724 | Val Loss: 1.5730
    [ShallowConvNet] Epoch  51/80 | Train Loss: 1.0599 | Val Loss: 1.5562
    [ShallowConvNet] Epoch  61/80 | Train Loss: 1.0087 | Val Loss: 1.5395
    [ShallowConvNet] Epoch  71/80 | Train Loss: 0.8623 | Val Loss: 1.5152
    [ShallowConvNet] Epoch  80/80 | Train Loss: 0.8354 | Val Loss: 1.5256
      S057 fold 0: acc3=0.414
    [ShallowConvNet] Epoch   1/80 | Train Loss: 1.4365 | Val Loss: 1.2557
    [ShallowConvNet] Epoch  11/80 | Train Loss: 1.3486 | Val Loss: 1.2940
    [ShallowConvNet] Early stopping na época 16 com Val Loss: 1.2557
      S057 fold 1: acc3=0.310
    [ShallowConvNet] Epoch   1/80 | Train Loss: 1.3699 | Val Loss: 2.2058
    [ShallowConvNet] Epoch  11/80 | Train Loss: 1.2397 | Val Loss: 1.9004
    [ShallowConvNet] Epoch  21/80 | Train Loss: 1.1538 | Val Loss: 1.7090
    [ShallowConvNet] Epoch  31/80 | Train Loss: 1.0995 | Val Loss: 1.5624
    [ShallowConvNet] Epoch  41/80 | Train Loss: 1.0193 | Val Loss: 1.5947
    [ShallowConvNet] Early stopping na época 47 com Val Loss: 1.5614
      S057 fold 2: acc3=0.379
    [ShallowConvNet] Epoch   1/80 | Train Loss: 1.3233 | Val Loss: 1.2057
    [ShallowConvNet] Epoch  11/80 | Train Loss: 1.2681 | Val Loss: 0.7912
    [ShallowConvNet] Epoch  21/80 | Train Loss: 1.1399 | Val Loss: 0.7224
    [ShallowConvNet] Epoch  31/80 | Train Loss: 0.9858 | Val Loss: 0.6836
    [ShallowConvNet] Epoch  41/80 | Train Loss: 1.0605 | Val Loss: 0.6467
    [ShallowConvNet] Epoch  51/80 | Train Loss: 0.9315 | Val Loss: 0.6320
    [ShallowConvNet] Epoch  61/80 | Train Loss: 0.9086 | Val Loss: 0.6188
    [ShallowConvNet] Epoch  71/80 | Train Loss: 0.8487 | Val Loss: 0.5995
    [ShallowConvNet] Epoch  80/80 | Train Loss: 0.7655 | Val Loss: 0.5822
      S102 fold 0: acc3=0.667
    [ShallowConvNet] Epoch   1/80 | Train Loss: 1.3094 | Val Loss: 1.2625
    [ShallowConvNet] Epoch  11/80 | Train Loss: 1.1983 | Val Loss: 1.0971
    [ShallowConvNet] Epoch  21/80 | Train Loss: 1.0720 | Val Loss: 1.0865
    [ShallowConvNet] Epoch  31/80 | Train Loss: 1.0343 | Val Loss: 1.0762
    [ShallowConvNet] Epoch  41/80 | Train Loss: 0.8418 | Val Loss: 1.0620
    [ShallowConvNet] Epoch  51/80 | Train Loss: 0.8716 | Val Loss: 1.0555
    [ShallowConvNet] Epoch  61/80 | Train Loss: 0.7934 | Val Loss: 1.0489
    [ShallowConvNet] Epoch  71/80 | Train Loss: 0.8501 | Val Loss: 1.0424
    [ShallowConvNet] Epoch  80/80 | Train Loss: 0.7343 | Val Loss: 1.0422
      S102 fold 1: acc3=0.733
    [ShallowConvNet] Epoch   1/80 | Train Loss: 1.3006 | Val Loss: 1.3185
    [ShallowConvNet] Epoch  11/80 | Train Loss: 1.2326 | Val Loss: 1.2176
    [ShallowConvNet] Epoch  21/80 | Train Loss: 1.0858 | Val Loss: 1.1864
    [ShallowConvNet] Epoch  31/80 | Train Loss: 0.9439 | Val Loss: 1.1852
    [ShallowConvNet] Epoch  41/80 | Train Loss: 0.9058 | Val Loss: 1.1581
    [ShallowConvNet] Epoch  51/80 | Train Loss: 0.9001 | Val Loss: 1.1289
    [ShallowConvNet] Epoch  61/80 | Train Loss: 0.7871 | Val Loss: 1.1171
    [ShallowConvNet] Epoch  71/80 | Train Loss: 0.7844 | Val Loss: 1.1008
    [ShallowConvNet] Epoch  80/80 | Train Loss: 0.6090 | Val Loss: 1.1000
      S102 fold 2: acc3=0.690
    [ShallowConvNet] Epoch   1/80 | Train Loss: 1.1970 | Val Loss: 1.4791
    [ShallowConvNet] Epoch  11/80 | Train Loss: 1.1915 | Val Loss: 1.4865
    [ShallowConvNet] Early stopping na época 19 com Val Loss: 1.4379
      S107 fold 0: acc3=0.483
    [ShallowConvNet] Epoch   1/80 | Train Loss: 1.4174 | Val Loss: 1.4260
    [ShallowConvNet] Epoch  11/80 | Train Loss: 1.2374 | Val Loss: 1.4747
    [ShallowConvNet] Early stopping na época 19 com Val Loss: 1.3941
      S107 fold 1: acc3=0.464
    [ShallowConvNet] Epoch   1/80 | Train Loss: 1.4325 | Val Loss: 1.4584
    [ShallowConvNet] Epoch  11/80 | Train Loss: 1.2495 | Val Loss: 1.3494
    [ShallowConvNet] Epoch  21/80 | Train Loss: 1.2238 | Val Loss: 1.3734
    [ShallowConvNet] Early stopping na época 24 com Val Loss: 1.3409
      S107 fold 2: acc3=0.393
  grupo 2/6 | alvos [7, 52, 71, 79, 109] | pool=98 (1min)
    [ShallowConvNet] Epoch   1/200 | Train Loss: 1.6870 | Val Loss: 1.2932
    [ShallowConvNet] Epoch  11/200 | Train Loss: 1.3715 | Val Loss: 1.2738
    [ShallowConvNet] Epoch  21/200 | Train Loss: 1.3357 | Val Loss: 1.2802
    [ShallowConvNet] Epoch  31/200 | Train Loss: 1.3076 | Val Loss: 1.2827
    [ShallowConvNet] Epoch  41/200 | Train Loss: 1.2847 | Val Loss: 1.2757
    [ShallowConvNet] Early stopping na época 47 com Val Loss: 1.2723
      pool treinado (47s) — serve aos 5 alvos do grupo
    [ShallowConvNet] Epoch   1/80 | Train Loss: 1.0729 | Val Loss: 0.8475
    [ShallowConvNet] Epoch  11/80 | Train Loss: 0.9032 | Val Loss: 0.7166
    [ShallowConvNet] Epoch  21/80 | Train Loss: 0.8545 | Val Loss: 0.6471
    [ShallowConvNet] Epoch  31/80 | Train Loss: 0.7669 | Val Loss: 0.6136
    [ShallowConvNet] Epoch  41/80 | Train Loss: 0.6872 | Val Loss: 0.5930
    [ShallowConvNet] Epoch  51/80 | Train Loss: 0.6865 | Val Loss: 0.5830
    [ShallowConvNet] Epoch  61/80 | Train Loss: 0.5898 | Val Loss: 0.5632
    [ShallowConvNet] Epoch  71/80 | Train Loss: 0.5299 | Val Loss: 0.5550
    [ShallowConvNet] Epoch  80/80 | Train Loss: 0.6106 | Val Loss: 0.5467
      S007 fold 0: acc3=0.767
    [ShallowConvNet] Epoch   1/80 | Train Loss: 1.1668 | Val Loss: 1.0261
    [ShallowConvNet] Epoch  11/80 | Train Loss: 0.9036 | Val Loss: 0.8594
    [ShallowConvNet] Epoch  21/80 | Train Loss: 0.8685 | Val Loss: 0.8427
    [ShallowConvNet] Epoch  31/80 | Train Loss: 0.7929 | Val Loss: 0.8369
    [ShallowConvNet] Epoch  41/80 | Train Loss: 0.7632 | Val Loss: 0.8254
    [ShallowConvNet] Epoch  51/80 | Train Loss: 0.6005 | Val Loss: 0.8548
    [ShallowConvNet] Early stopping na época 57 com Val Loss: 0.8172
      S007 fold 1: acc3=0.633
    [ShallowConvNet] Epoch   1/80 | Train Loss: 1.0259 | Val Loss: 0.7460
    [ShallowConvNet] Epoch  11/80 | Train Loss: 0.8276 | Val Loss: 0.6198
    [ShallowConvNet] Epoch  21/80 | Train Loss: 0.7058 | Val Loss: 0.5750
    [ShallowConvNet] Epoch  31/80 | Train Loss: 0.7301 | Val Loss: 0.5399
    [ShallowConvNet] Epoch  41/80 | Train Loss: 0.6196 | Val Loss: 0.5169
    [ShallowConvNet] Epoch  51/80 | Train Loss: 0.5640 | Val Loss: 0.4905
    [ShallowConvNet] Epoch  61/80 | Train Loss: 0.5696 | Val Loss: 0.4736
    [ShallowConvNet] Epoch  71/80 | Train Loss: 0.5111 | Val Loss: 0.4593
    [ShallowConvNet] Epoch  80/80 | Train Loss: 0.4712 | Val Loss: 0.4496
      S007 fold 2: acc3=0.724
    [ShallowConvNet] Epoch   1/80 | Train Loss: 1.4309 | Val Loss: 1.1145
    [ShallowConvNet] Epoch  11/80 | Train Loss: 1.4166 | Val Loss: 1.0666
    [ShallowConvNet] Epoch  21/80 | Train Loss: 0.9596 | Val Loss: 1.0814
    [ShallowConvNet] Early stopping na época 23 com Val Loss: 1.0653
      S052 fold 0: acc3=0.724
    [ShallowConvNet] Epoch   1/80 | Train Loss: 1.1254 | Val Loss: 1.7783
    [ShallowConvNet] Epoch  11/80 | Train Loss: 0.9523 | Val Loss: 1.7067
    [ShallowConvNet] Epoch  21/80 | Train Loss: 0.9594 | Val Loss: 1.6543
    [ShallowConvNet] Epoch  31/80 | Train Loss: 0.8344 | Val Loss: 1.5764
    [ShallowConvNet] Epoch  41/80 | Train Loss: 0.8325 | Val Loss: 1.5623
    [ShallowConvNet] Epoch  51/80 | Train Loss: 0.7659 | Val Loss: 1.5283
    [ShallowConvNet] Epoch  61/80 | Train Loss: 0.6918 | Val Loss: 1.5134
    [ShallowConvNet] Epoch  71/80 | Train Loss: 0.7149 | Val Loss: 1.4958
    [ShallowConvNet] Epoch  80/80 | Train Loss: 0.7358 | Val Loss: 1.4948
      S052 fold 1: acc3=0.759
    [ShallowConvNet] Epoch   1/80 | Train Loss: 1.0405 | Val Loss: 1.5411
    [ShallowConvNet] Epoch  11/80 | Train Loss: 0.8878 | Val Loss: 1.7231
    [ShallowConvNet] Early stopping na época 16 com Val Loss: 1.5411
      S052 fold 2: acc3=0.552
    [ShallowConvNet] Epoch   1/80 | Train Loss: 1.1221 | Val Loss: 0.9114
    [ShallowConvNet] Epoch  11/80 | Train Loss: 1.1843 | Val Loss: 0.8455
    [ShallowConvNet] Epoch  21/80 | Train Loss: 0.9860 | Val Loss: 0.8170
    [ShallowConvNet] Epoch  31/80 | Train Loss: 0.8415 | Val Loss: 0.8011
    [ShallowConvNet] Epoch  41/80 | Train Loss: 0.8405 | Val Loss: 0.7791
    [ShallowConvNet] Epoch  51/80 | Train Loss: 0.7861 | Val Loss: 0.7665
    [ShallowConvNet] Epoch  61/80 | Train Loss: 0.6835 | Val Loss: 0.7496
    [ShallowConvNet] Epoch  71/80 | Train Loss: 0.7124 | Val Loss: 0.7359
    [ShallowConvNet] Epoch  80/80 | Train Loss: 0.6689 | Val Loss: 0.7284
      S071 fold 0: acc3=0.621
    [ShallowConvNet] Epoch   1/80 | Train Loss: 1.1608 | Val Loss: 1.0449
    [ShallowConvNet] Epoch  11/80 | Train Loss: 1.0461 | Val Loss: 0.9883
    [ShallowConvNet] Epoch  21/80 | Train Loss: 1.0129 | Val Loss: 0.9939
    [ShallowConvNet] Early stopping na época 27 com Val Loss: 0.9864
      S071 fold 1: acc3=0.552
    [ShallowConvNet] Epoch   1/80 | Train Loss: 1.3957 | Val Loss: 1.0874
    [ShallowConvNet] Epoch  11/80 | Train Loss: 1.0420 | Val Loss: 1.0689
    [ShallowConvNet] Early stopping na época 19 com Val Loss: 1.0432
      S071 fold 2: acc3=0.724
    [ShallowConvNet] Epoch   1/80 | Train Loss: 1.6782 | Val Loss: 1.6318
    [ShallowConvNet] Epoch  11/80 | Train Loss: 1.3119 | Val Loss: 1.5325
    [ShallowConvNet] Epoch  21/80 | Train Loss: 1.3719 | Val Loss: 1.5100
    [ShallowConvNet] Epoch  31/80 | Train Loss: 1.2770 | Val Loss: 1.5082
    [ShallowConvNet] Epoch  41/80 | Train Loss: 1.1691 | Val Loss: 1.5029
    [ShallowConvNet] Epoch  51/80 | Train Loss: 1.1526 | Val Loss: 1.4909
    [ShallowConvNet] Epoch  61/80 | Train Loss: 1.0521 | Val Loss: 1.4936
    [ShallowConvNet] Early stopping na época 67 com Val Loss: 1.4866
      S079 fold 0: acc3=0.267
    [ShallowConvNet] Epoch   1/80 | Train Loss: 1.6021 | Val Loss: 1.5765
    [ShallowConvNet] Epoch  11/80 | Train Loss: 1.5527 | Val Loss: 1.5405
    [ShallowConvNet] Epoch  21/80 | Train Loss: 1.4145 | Val Loss: 1.5173
    [ShallowConvNet] Epoch  31/80 | Train Loss: 1.2195 | Val Loss: 1.4956
    [ShallowConvNet] Epoch  41/80 | Train Loss: 1.3580 | Val Loss: 1.5223
    [ShallowConvNet] Early stopping na época 44 com Val Loss: 1.4844
      S079 fold 1: acc3=0.379
    [ShallowConvNet] Epoch   1/80 | Train Loss: 1.4455 | Val Loss: 2.3155
    [ShallowConvNet] Epoch  11/80 | Train Loss: 1.2562 | Val Loss: 2.0840
    [ShallowConvNet] Epoch  21/80 | Train Loss: 1.2634 | Val Loss: 2.1297
    [ShallowConvNet] Early stopping na época 25 com Val Loss: 2.0757
      S079 fold 2: acc3=0.379
    [ShallowConvNet] Epoch   1/80 | Train Loss: 1.4563 | Val Loss: 0.7050
    [ShallowConvNet] Epoch  11/80 | Train Loss: 1.3538 | Val Loss: 0.8859
    [ShallowConvNet] Early stopping na época 16 com Val Loss: 0.7050
      S109 fold 0: acc3=0.467
    [ShallowConvNet] Epoch   1/80 | Train Loss: 1.2695 | Val Loss: 1.4096
    [ShallowConvNet] Epoch  11/80 | Train Loss: 1.4518 | Val Loss: 1.3599
    [ShallowConvNet] Early stopping na época 20 com Val Loss: 1.3451
      S109 fold 1: acc3=0.345
    [ShallowConvNet] Epoch   1/80 | Train Loss: 1.6021 | Val Loss: 1.4532
    [ShallowConvNet] Epoch  11/80 | Train Loss: 1.3792 | Val Loss: 1.2757
    [ShallowConvNet] Epoch  21/80 | Train Loss: 1.3704 | Val Loss: 1.2957
    [ShallowConvNet] Early stopping na época 23 com Val Loss: 1.2702
      S109 fold 2: acc3=0.517
  grupo 3/6 | alvos [12, 34, 60, 91, 95] | pool=98 (2min)
    [ShallowConvNet] Epoch   1/200 | Train Loss: 1.7050 | Val Loss: 1.3414
    [ShallowConvNet] Epoch  11/200 | Train Loss: 1.3905 | Val Loss: 1.3480
    [ShallowConvNet] Epoch  21/200 | Train Loss: 1.3355 | Val Loss: 1.3006
    [ShallowConvNet] Epoch  31/200 | Train Loss: 1.3220 | Val Loss: 1.2986
    [ShallowConvNet] Epoch  41/200 | Train Loss: 1.2977 | Val Loss: 1.3312
    [ShallowConvNet] Epoch  51/200 | Train Loss: 1.2807 | Val Loss: 1.3283
    [ShallowConvNet] Early stopping na época 54 com Val Loss: 1.2930
      pool treinado (53s) — serve aos 5 alvos do grupo
    [ShallowConvNet] Epoch   1/80 | Train Loss: 1.3154 | Val Loss: 1.5847
    [ShallowConvNet] Epoch  11/80 | Train Loss: 1.2231 | Val Loss: 1.3909
    [ShallowConvNet] Epoch  21/80 | Train Loss: 1.0881 | Val Loss: 1.3518
    [ShallowConvNet] Epoch  31/80 | Train Loss: 1.1000 | Val Loss: 1.3090
    [ShallowConvNet] Epoch  41/80 | Train Loss: 1.0028 | Val Loss: 1.2854
    [ShallowConvNet] Epoch  51/80 | Train Loss: 0.9958 | Val Loss: 1.3135
    [ShallowConvNet] Early stopping na época 57 com Val Loss: 1.2781
      S012 fold 0: acc3=0.600
    [ShallowConvNet] Epoch   1/80 | Train Loss: 1.3700 | Val Loss: 1.2606
    [ShallowConvNet] Epoch  11/80 | Train Loss: 1.2067 | Val Loss: 1.2168
    [ShallowConvNet] Epoch  21/80 | Train Loss: 1.0417 | Val Loss: 1.2793
    [ShallowConvNet] Early stopping na época 23 com Val Loss: 1.2008
      S012 fold 1: acc3=0.586
    [ShallowConvNet] Epoch   1/80 | Train Loss: 1.4407 | Val Loss: 1.3368
    [ShallowConvNet] Epoch  11/80 | Train Loss: 1.0782 | Val Loss: 1.3422
    [ShallowConvNet] Early stopping na época 20 com Val Loss: 1.2961
      S012 fold 2: acc3=0.310
    [ShallowConvNet] Epoch   1/80 | Train Loss: 1.0816 | Val Loss: 1.0042
    [ShallowConvNet] Epoch  11/80 | Train Loss: 0.8258 | Val Loss: 0.7509
    [ShallowConvNet] Epoch  21/80 | Train Loss: 0.8049 | Val Loss: 0.7616
    [ShallowConvNet] Early stopping na época 27 com Val Loss: 0.7501
      S034 fold 0: acc3=0.733
    [ShallowConvNet] Epoch   1/80 | Train Loss: 0.9659 | Val Loss: 1.1895
    [ShallowConvNet] Epoch  11/80 | Train Loss: 0.8780 | Val Loss: 0.6911
    [ShallowConvNet] Epoch  21/80 | Train Loss: 0.8817 | Val Loss: 0.5906
    [ShallowConvNet] Epoch  31/80 | Train Loss: 0.6986 | Val Loss: 0.5581
    [ShallowConvNet] Epoch  41/80 | Train Loss: 0.6501 | Val Loss: 0.5448
    [ShallowConvNet] Epoch  51/80 | Train Loss: 0.7704 | Val Loss: 0.5198
    [ShallowConvNet] Epoch  61/80 | Train Loss: 0.5792 | Val Loss: 0.5180
    [ShallowConvNet] Epoch  71/80 | Train Loss: 0.5621 | Val Loss: 0.5132
    [ShallowConvNet] Early stopping na época 71 com Val Loss: 0.4987
      S034 fold 1: acc3=0.793
    [ShallowConvNet] Epoch   1/80 | Train Loss: 0.9881 | Val Loss: 1.0768
    [ShallowConvNet] Epoch  11/80 | Train Loss: 0.8422 | Val Loss: 0.7791
    [ShallowConvNet] Epoch  21/80 | Train Loss: 0.7971 | Val Loss: 0.7655
    [ShallowConvNet] Epoch  31/80 | Train Loss: 0.7079 | Val Loss: 0.7926
    [ShallowConvNet] Early stopping na época 36 com Val Loss: 0.7655
      S034 fold 2: acc3=0.793
    [ShallowConvNet] Epoch   1/80 | Train Loss: 1.1733 | Val Loss: 0.6951
    [ShallowConvNet] Epoch  11/80 | Train Loss: 1.0257 | Val Loss: 0.7468
    [ShallowConvNet] Early stopping na época 16 com Val Loss: 0.6951
      S060 fold 0: acc3=0.643
    [ShallowConvNet] Epoch   1/80 | Train Loss: 1.0357 | Val Loss: 0.9311
    [ShallowConvNet] Epoch  11/80 | Train Loss: 1.0155 | Val Loss: 0.9831
    [ShallowConvNet] Early stopping na época 16 com Val Loss: 0.9311
      S060 fold 1: acc3=0.607
    [ShallowConvNet] Epoch   1/80 | Train Loss: 1.0645 | Val Loss: 0.8829
    [ShallowConvNet] Epoch  11/80 | Train Loss: 0.9672 | Val Loss: 0.8784
    [ShallowConvNet] Epoch  21/80 | Train Loss: 0.9160 | Val Loss: 0.8390
    [ShallowConvNet] Epoch  31/80 | Train Loss: 0.9312 | Val Loss: 0.8189
    [ShallowConvNet] Epoch  41/80 | Train Loss: 0.8557 | Val Loss: 0.7888
    [ShallowConvNet] Epoch  51/80 | Train Loss: 0.7606 | Val Loss: 0.7639
    [ShallowConvNet] Epoch  61/80 | Train Loss: 0.7593 | Val Loss: 0.7479
    [ShallowConvNet] Epoch  71/80 | Train Loss: 0.7274 | Val Loss: 0.7235
    [ShallowConvNet] Epoch  80/80 | Train Loss: 0.6306 | Val Loss: 0.7185
      S060 fold 2: acc3=0.500
    [ShallowConvNet] Epoch   1/80 | Train Loss: 1.2212 | Val Loss: 1.4973
    [ShallowConvNet] Epoch  11/80 | Train Loss: 1.1874 | Val Loss: 1.4562
    [ShallowConvNet] Epoch  21/80 | Train Loss: 1.1091 | Val Loss: 1.4759
    [ShallowConvNet] Early stopping na época 22 com Val Loss: 1.4245
      S091 fold 0: acc3=0.483
    [ShallowConvNet] Epoch   1/80 | Train Loss: 1.3570 | Val Loss: 1.2576
    [ShallowConvNet] Epoch  11/80 | Train Loss: 1.0889 | Val Loss: 1.1704
    [ShallowConvNet] Epoch  21/80 | Train Loss: 1.0868 | Val Loss: 1.1800
    [ShallowConvNet] Early stopping na época 25 com Val Loss: 1.1692
      S091 fold 1: acc3=0.517
    [ShallowConvNet] Epoch   1/80 | Train Loss: 1.3424 | Val Loss: 1.2418
    [ShallowConvNet] Epoch  11/80 | Train Loss: 1.2718 | Val Loss: 1.2637
    [ShallowConvNet] Early stopping na época 19 com Val Loss: 1.2199
      S091 fold 2: acc3=0.655
    [ShallowConvNet] Epoch   1/80 | Train Loss: 1.2930 | Val Loss: 1.4105
    [ShallowConvNet] Epoch  11/80 | Train Loss: 1.2864 | Val Loss: 1.4135
    [ShallowConvNet] Early stopping na época 17 com Val Loss: 1.4049
      S095 fold 0: acc3=0.414
    [ShallowConvNet] Epoch   1/80 | Train Loss: 1.3491 | Val Loss: 1.3752
    [ShallowConvNet] Epoch  11/80 | Train Loss: 1.2650 | Val Loss: 1.2277
    [ShallowConvNet] Epoch  21/80 | Train Loss: 1.1874 | Val Loss: 1.1936
    [ShallowConvNet] Epoch  31/80 | Train Loss: 1.2944 | Val Loss: 1.1707
    [ShallowConvNet] Epoch  41/80 | Train Loss: 1.1720 | Val Loss: 1.1583
    [ShallowConvNet] Epoch  51/80 | Train Loss: 1.1386 | Val Loss: 1.1554
    [ShallowConvNet] Epoch  61/80 | Train Loss: 1.0640 | Val Loss: 1.1377
    [ShallowConvNet] Epoch  71/80 | Train Loss: 1.0765 | Val Loss: 1.1394
    [ShallowConvNet] Epoch  80/80 | Train Loss: 1.0364 | Val Loss: 1.1219
      S095 fold 1: acc3=0.379
    [ShallowConvNet] Epoch   1/80 | Train Loss: 1.3712 | Val Loss: 1.2567
    [ShallowConvNet] Epoch  11/80 | Train Loss: 1.3525 | Val Loss: 1.2390
    [ShallowConvNet] Early stopping na época 20 com Val Loss: 1.2246
      S095 fold 2: acc3=0.517
  grupo 4/6 | alvos [25, 31, 87, 106, 108] | pool=98 (3min)
    [ShallowConvNet] Epoch   1/200 | Train Loss: 1.6686 | Val Loss: 1.4667
    [ShallowConvNet] Epoch  11/200 | Train Loss: 1.3968 | Val Loss: 1.3604
    [ShallowConvNet] Epoch  21/200 | Train Loss: 1.3364 | Val Loss: 1.3100
    [ShallowConvNet] Epoch  31/200 | Train Loss: 1.3194 | Val Loss: 1.3092
    [ShallowConvNet] Early stopping na época 40 com Val Loss: 1.2954
      pool treinado (39s) — serve aos 5 alvos do grupo
    [ShallowConvNet] Epoch   1/80 | Train Loss: 1.1968 | Val Loss: 1.2703
    [ShallowConvNet] Epoch  11/80 | Train Loss: 1.1167 | Val Loss: 1.0522
    [ShallowConvNet] Epoch  21/80 | Train Loss: 0.9957 | Val Loss: 1.0068
    [ShallowConvNet] Epoch  31/80 | Train Loss: 0.9570 | Val Loss: 0.9825
    [ShallowConvNet] Epoch  41/80 | Train Loss: 0.8038 | Val Loss: 0.9635
    [ShallowConvNet] Epoch  51/80 | Train Loss: 0.7177 | Val Loss: 0.9337
    [ShallowConvNet] Epoch  61/80 | Train Loss: 0.7095 | Val Loss: 0.9081
    [ShallowConvNet] Epoch  71/80 | Train Loss: 0.6913 | Val Loss: 0.8790
    [ShallowConvNet] Epoch  80/80 | Train Loss: 0.6306 | Val Loss: 0.8610
      S025 fold 0: acc3=0.655
    [ShallowConvNet] Epoch   1/80 | Train Loss: 1.1913 | Val Loss: 1.2004
    [ShallowConvNet] Epoch  11/80 | Train Loss: 1.0250 | Val Loss: 0.8298
    [ShallowConvNet] Epoch  21/80 | Train Loss: 1.0573 | Val Loss: 0.7723
    [ShallowConvNet] Epoch  31/80 | Train Loss: 0.8591 | Val Loss: 0.7567
    [ShallowConvNet] Epoch  41/80 | Train Loss: 0.8502 | Val Loss: 0.7622
    [ShallowConvNet] Early stopping na época 50 com Val Loss: 0.7478
      S025 fold 1: acc3=0.655
    [ShallowConvNet] Epoch   1/80 | Train Loss: 1.1175 | Val Loss: 1.3577
    [ShallowConvNet] Epoch  11/80 | Train Loss: 1.0269 | Val Loss: 1.0443
    [ShallowConvNet] Epoch  21/80 | Train Loss: 0.9604 | Val Loss: 0.9457
    [ShallowConvNet] Epoch  31/80 | Train Loss: 0.9737 | Val Loss: 0.8967
    [ShallowConvNet] Epoch  41/80 | Train Loss: 0.8665 | Val Loss: 0.8503
    [ShallowConvNet] Epoch  51/80 | Train Loss: 0.7354 | Val Loss: 0.8570
    [ShallowConvNet] Epoch  61/80 | Train Loss: 0.7425 | Val Loss: 0.8221
    [ShallowConvNet] Epoch  71/80 | Train Loss: 0.7333 | Val Loss: 0.7754
    [ShallowConvNet] Epoch  80/80 | Train Loss: 0.6353 | Val Loss: 0.7897
      S025 fold 2: acc3=0.759
    [ShallowConvNet] Epoch   1/80 | Train Loss: 1.1708 | Val Loss: 1.4558
    [ShallowConvNet] Epoch  11/80 | Train Loss: 1.1779 | Val Loss: 1.2956
    [ShallowConvNet] Epoch  21/80 | Train Loss: 1.0226 | Val Loss: 1.2307
    [ShallowConvNet] Epoch  31/80 | Train Loss: 1.0027 | Val Loss: 1.1409
    [ShallowConvNet] Epoch  41/80 | Train Loss: 0.8775 | Val Loss: 1.0565
    [ShallowConvNet] Epoch  51/80 | Train Loss: 0.8553 | Val Loss: 1.0441
    [ShallowConvNet] Epoch  61/80 | Train Loss: 0.7623 | Val Loss: 1.0047
    [ShallowConvNet] Epoch  71/80 | Train Loss: 0.7151 | Val Loss: 0.9893
    [ShallowConvNet] Epoch  80/80 | Train Loss: 0.6410 | Val Loss: 0.9681
      S031 fold 0: acc3=0.600
    [ShallowConvNet] Epoch   1/80 | Train Loss: 1.3989 | Val Loss: 1.3235
    [ShallowConvNet] Epoch  11/80 | Train Loss: 1.0870 | Val Loss: 1.1566
    [ShallowConvNet] Epoch  21/80 | Train Loss: 1.0234 | Val Loss: 1.1160
    [ShallowConvNet] Epoch  31/80 | Train Loss: 1.0170 | Val Loss: 1.0951
    [ShallowConvNet] Epoch  41/80 | Train Loss: 0.9328 | Val Loss: 1.0578
    [ShallowConvNet] Epoch  51/80 | Train Loss: 0.9323 | Val Loss: 1.0184
    [ShallowConvNet] Epoch  61/80 | Train Loss: 0.8295 | Val Loss: 1.0199
    [ShallowConvNet] Early stopping na época 70 com Val Loss: 1.0109
      S031 fold 1: acc3=0.621
    [ShallowConvNet] Epoch   1/80 | Train Loss: 1.3149 | Val Loss: 0.9542
    [ShallowConvNet] Epoch  11/80 | Train Loss: 1.1330 | Val Loss: 1.0953
    [ShallowConvNet] Early stopping na época 16 com Val Loss: 0.9542
      S031 fold 2: acc3=0.483
    [ShallowConvNet] Epoch   1/80 | Train Loss: 1.4516 | Val Loss: 1.7162
    [ShallowConvNet] Epoch  11/80 | Train Loss: 1.3470 | Val Loss: 1.7481
    [ShallowConvNet] Early stopping na época 16 com Val Loss: 1.7162
      S087 fold 0: acc3=0.414
    [ShallowConvNet] Epoch   1/80 | Train Loss: 1.4091 | Val Loss: 1.2998
    [ShallowConvNet] Epoch  11/80 | Train Loss: 1.2737 | Val Loss: 1.4390
    [ShallowConvNet] Early stopping na época 16 com Val Loss: 1.2998
      S087 fold 1: acc3=0.241
    [ShallowConvNet] Epoch   1/80 | Train Loss: 1.4969 | Val Loss: 1.2826
    [ShallowConvNet] Epoch  11/80 | Train Loss: 1.5266 | Val Loss: 1.2356
    [ShallowConvNet] Epoch  21/80 | Train Loss: 1.2506 | Val Loss: 1.2263
    [ShallowConvNet] Epoch  31/80 | Train Loss: 1.2772 | Val Loss: 1.2280
    [ShallowConvNet] Early stopping na época 35 com Val Loss: 1.2236
      S087 fold 2: acc3=0.429
    [ShallowConvNet] Epoch   1/80 | Train Loss: 1.3481 | Val Loss: 1.5332
    [ShallowConvNet] Epoch  11/80 | Train Loss: 1.2160 | Val Loss: 1.3922
    [ShallowConvNet] Epoch  21/80 | Train Loss: 1.1148 | Val Loss: 1.4095
    [ShallowConvNet] Early stopping na época 30 com Val Loss: 1.3790
      S106 fold 0: acc3=0.517
    [ShallowConvNet] Epoch   1/80 | Train Loss: 1.4304 | Val Loss: 1.1313
    [ShallowConvNet] Epoch  11/80 | Train Loss: 1.3301 | Val Loss: 1.5890
    [ShallowConvNet] Early stopping na época 16 com Val Loss: 1.1313
      S106 fold 1: acc3=0.414
    [ShallowConvNet] Epoch   1/80 | Train Loss: 1.5315 | Val Loss: 1.0437
    [ShallowConvNet] Epoch  11/80 | Train Loss: 1.3970 | Val Loss: 0.9718
    [ShallowConvNet] Epoch  21/80 | Train Loss: 1.2669 | Val Loss: 0.9371
    [ShallowConvNet] Epoch  31/80 | Train Loss: 1.2881 | Val Loss: 0.9123
    [ShallowConvNet] Epoch  41/80 | Train Loss: 1.1581 | Val Loss: 0.8996
    [ShallowConvNet] Epoch  51/80 | Train Loss: 1.0776 | Val Loss: 0.8898
    [ShallowConvNet] Epoch  61/80 | Train Loss: 0.9817 | Val Loss: 0.8728
    [ShallowConvNet] Epoch  71/80 | Train Loss: 0.9301 | Val Loss: 0.8622
    [ShallowConvNet] Epoch  80/80 | Train Loss: 0.8058 | Val Loss: 0.8455
      S106 fold 2: acc3=0.536
    [ShallowConvNet] Epoch   1/80 | Train Loss: 1.5014 | Val Loss: 1.1594
    [ShallowConvNet] Epoch  11/80 | Train Loss: 1.4453 | Val Loss: 1.1009
    [ShallowConvNet] Epoch  21/80 | Train Loss: 1.2256 | Val Loss: 1.0884
    [ShallowConvNet] Epoch  31/80 | Train Loss: 1.2450 | Val Loss: 1.1000
    [ShallowConvNet] Early stopping na época 38 com Val Loss: 1.0856
      S108 fold 0: acc3=0.393
    [ShallowConvNet] Epoch   1/80 | Train Loss: 1.4390 | Val Loss: 1.1811
    [ShallowConvNet] Epoch  11/80 | Train Loss: 1.2241 | Val Loss: 1.2695
    [ShallowConvNet] Early stopping na época 16 com Val Loss: 1.1811
      S108 fold 1: acc3=0.429
    [ShallowConvNet] Epoch   1/80 | Train Loss: 1.2797 | Val Loss: 1.1701
    [ShallowConvNet] Epoch  11/80 | Train Loss: 1.1083 | Val Loss: 1.2651
    [ShallowConvNet] Early stopping na época 17 com Val Loss: 1.1666
      S108 fold 2: acc3=0.321
  grupo 5/6 | alvos [41, 45, 63, 83, 105] | pool=98 (4min)
    [ShallowConvNet] Epoch   1/200 | Train Loss: 1.6968 | Val Loss: 1.3281
    [ShallowConvNet] Epoch  11/200 | Train Loss: 1.3811 | Val Loss: 1.4035
    [ShallowConvNet] Epoch  21/200 | Train Loss: 1.3474 | Val Loss: 1.3543
    [ShallowConvNet] Epoch  31/200 | Train Loss: 1.3051 | Val Loss: 1.3183
    [ShallowConvNet] Epoch  41/200 | Train Loss: 1.2972 | Val Loss: 1.3504
    [ShallowConvNet] Early stopping na época 44 com Val Loss: 1.2863
      pool treinado (43s) — serve aos 5 alvos do grupo
    [ShallowConvNet] Epoch   1/80 | Train Loss: 1.3672 | Val Loss: 1.5359
    [ShallowConvNet] Epoch  11/80 | Train Loss: 1.2316 | Val Loss: 1.5514
    [ShallowConvNet] Early stopping na época 20 com Val Loss: 1.4820
      S041 fold 0: acc3=0.414
    [ShallowConvNet] Epoch   1/80 | Train Loss: 1.2641 | Val Loss: 1.3082
    [ShallowConvNet] Epoch  11/80 | Train Loss: 1.1579 | Val Loss: 1.3280
    [ShallowConvNet] Epoch  21/80 | Train Loss: 1.1957 | Val Loss: 1.6407
    [ShallowConvNet] Early stopping na época 22 com Val Loss: 1.2654
      S041 fold 1: acc3=0.345
    [ShallowConvNet] Epoch   1/80 | Train Loss: 1.2342 | Val Loss: 1.4648
    [ShallowConvNet] Epoch  11/80 | Train Loss: 1.1728 | Val Loss: 1.2774
    [ShallowConvNet] Epoch  21/80 | Train Loss: 1.0342 | Val Loss: 1.2649
    [ShallowConvNet] Epoch  31/80 | Train Loss: 0.9782 | Val Loss: 1.2635
    [ShallowConvNet] Early stopping na época 34 com Val Loss: 1.2485
      S041 fold 2: acc3=0.517
    [ShallowConvNet] Epoch   1/80 | Train Loss: 1.3102 | Val Loss: 0.8859
    [ShallowConvNet] Epoch  11/80 | Train Loss: 1.0371 | Val Loss: 0.9451
    [ShallowConvNet] Early stopping na época 16 com Val Loss: 0.8859
      S045 fold 0: acc3=0.655
    [ShallowConvNet] Epoch   1/80 | Train Loss: 1.1766 | Val Loss: 0.9481
    [ShallowConvNet] Epoch  11/80 | Train Loss: 0.9880 | Val Loss: 1.1190
    [ShallowConvNet] Early stopping na época 16 com Val Loss: 0.9481
      S045 fold 1: acc3=0.655
    [ShallowConvNet] Epoch   1/80 | Train Loss: 1.2077 | Val Loss: 0.8307
    [ShallowConvNet] Epoch  11/80 | Train Loss: 1.1132 | Val Loss: 0.7551
    [ShallowConvNet] Epoch  21/80 | Train Loss: 1.1110 | Val Loss: 0.7066
    [ShallowConvNet] Epoch  31/80 | Train Loss: 1.0574 | Val Loss: 0.6739
    [ShallowConvNet] Epoch  41/80 | Train Loss: 0.8527 | Val Loss: 0.6435
    [ShallowConvNet] Epoch  51/80 | Train Loss: 0.8481 | Val Loss: 0.6135
    [ShallowConvNet] Epoch  61/80 | Train Loss: 0.8018 | Val Loss: 0.5875
    [ShallowConvNet] Epoch  71/80 | Train Loss: 0.7750 | Val Loss: 0.5637
    [ShallowConvNet] Epoch  80/80 | Train Loss: 0.6837 | Val Loss: 0.5470
      S045 fold 2: acc3=0.750
    [ShallowConvNet] Epoch   1/80 | Train Loss: 1.4674 | Val Loss: 1.1811
    [ShallowConvNet] Epoch  11/80 | Train Loss: 1.3884 | Val Loss: 1.2697
    [ShallowConvNet] Early stopping na época 17 com Val Loss: 1.1763
      S063 fold 0: acc3=0.433
    [ShallowConvNet] Epoch   1/80 | Train Loss: 1.4250 | Val Loss: 1.7810
    [ShallowConvNet] Epoch  11/80 | Train Loss: 1.3961 | Val Loss: 1.6553
    [ShallowConvNet] Epoch  21/80 | Train Loss: 1.3396 | Val Loss: 1.5962
    [ShallowConvNet] Epoch  31/80 | Train Loss: 1.2783 | Val Loss: 1.5644
    [ShallowConvNet] Epoch  41/80 | Train Loss: 1.1764 | Val Loss: 1.5427
    [ShallowConvNet] Epoch  51/80 | Train Loss: 1.1017 | Val Loss: 1.5199
    [ShallowConvNet] Epoch  61/80 | Train Loss: 1.1040 | Val Loss: 1.4944
    [ShallowConvNet] Epoch  71/80 | Train Loss: 0.9742 | Val Loss: 1.4732
    [ShallowConvNet] Epoch  80/80 | Train Loss: 0.9058 | Val Loss: 1.4544
      S063 fold 1: acc3=0.467
    [ShallowConvNet] Epoch   1/80 | Train Loss: 1.3557 | Val Loss: 1.3159
    [ShallowConvNet] Epoch  11/80 | Train Loss: 1.2634 | Val Loss: 1.5526
    [ShallowConvNet] Early stopping na época 16 com Val Loss: 1.3159
      S063 fold 2: acc3=0.345
    [ShallowConvNet] Epoch   1/80 | Train Loss: 1.2642 | Val Loss: 0.4290
    [ShallowConvNet] Epoch  11/80 | Train Loss: 1.1989 | Val Loss: 0.5165
    [ShallowConvNet] Early stopping na época 16 com Val Loss: 0.4290
      S083 fold 0: acc3=0.655
    [ShallowConvNet] Epoch   1/80 | Train Loss: 1.1982 | Val Loss: 1.0525
    [ShallowConvNet] Epoch  11/80 | Train Loss: 1.0434 | Val Loss: 0.9411
    [ShallowConvNet] Epoch  21/80 | Train Loss: 0.9760 | Val Loss: 0.9247
    [ShallowConvNet] Epoch  31/80 | Train Loss: 0.8705 | Val Loss: 0.8990
    [ShallowConvNet] Epoch  41/80 | Train Loss: 0.8050 | Val Loss: 0.8784
    [ShallowConvNet] Epoch  51/80 | Train Loss: 0.7739 | Val Loss: 0.8690
    [ShallowConvNet] Epoch  61/80 | Train Loss: 0.6514 | Val Loss: 0.8504
    [ShallowConvNet] Epoch  71/80 | Train Loss: 0.5532 | Val Loss: 0.8361
    [ShallowConvNet] Epoch  80/80 | Train Loss: 0.6244 | Val Loss: 0.8325
      S083 fold 1: acc3=0.536
    [ShallowConvNet] Epoch   1/80 | Train Loss: 1.2202 | Val Loss: 1.5920
    [ShallowConvNet] Epoch  11/80 | Train Loss: 1.0837 | Val Loss: 1.4391
    [ShallowConvNet] Epoch  21/80 | Train Loss: 1.0560 | Val Loss: 1.4862
    [ShallowConvNet] Early stopping na época 23 com Val Loss: 1.4225
      S083 fold 2: acc3=0.607
    [ShallowConvNet] Epoch   1/80 | Train Loss: 1.3083 | Val Loss: 1.3457
    [ShallowConvNet] Epoch  11/80 | Train Loss: 1.2585 | Val Loss: 1.2561
    [ShallowConvNet] Epoch  21/80 | Train Loss: 1.0979 | Val Loss: 1.2068
    [ShallowConvNet] Epoch  31/80 | Train Loss: 1.0876 | Val Loss: 1.1727
    [ShallowConvNet] Epoch  41/80 | Train Loss: 1.0776 | Val Loss: 1.1458
    [ShallowConvNet] Epoch  51/80 | Train Loss: 0.9481 | Val Loss: 1.1298
    [ShallowConvNet] Epoch  61/80 | Train Loss: 0.8746 | Val Loss: 1.1077
    [ShallowConvNet] Epoch  71/80 | Train Loss: 0.8474 | Val Loss: 1.0897
    [ShallowConvNet] Epoch  80/80 | Train Loss: 0.9280 | Val Loss: 1.0845
      S105 fold 0: acc3=0.700
    [ShallowConvNet] Epoch   1/80 | Train Loss: 1.2863 | Val Loss: 1.1969
    [ShallowConvNet] Epoch  11/80 | Train Loss: 1.1158 | Val Loss: 1.0518
    [ShallowConvNet] Epoch  21/80 | Train Loss: 1.0830 | Val Loss: 1.0119
    [ShallowConvNet] Epoch  31/80 | Train Loss: 1.0089 | Val Loss: 0.9673
    [ShallowConvNet] Epoch  41/80 | Train Loss: 0.9161 | Val Loss: 0.9229
    [ShallowConvNet] Epoch  51/80 | Train Loss: 0.8775 | Val Loss: 0.8734
    [ShallowConvNet] Epoch  61/80 | Train Loss: 0.8791 | Val Loss: 0.8348
    [ShallowConvNet] Epoch  71/80 | Train Loss: 0.8283 | Val Loss: 0.7964
    [ShallowConvNet] Epoch  80/80 | Train Loss: 0.7104 | Val Loss: 0.7709
      S105 fold 1: acc3=0.690
    [ShallowConvNet] Epoch   1/80 | Train Loss: 1.4179 | Val Loss: 1.3068
    [ShallowConvNet] Epoch  11/80 | Train Loss: 1.1304 | Val Loss: 1.1782
    [ShallowConvNet] Epoch  21/80 | Train Loss: 1.1020 | Val Loss: 1.1430
    [ShallowConvNet] Epoch  31/80 | Train Loss: 1.0690 | Val Loss: 1.1386
    [ShallowConvNet] Epoch  41/80 | Train Loss: 0.9330 | Val Loss: 1.1429
    [ShallowConvNet] Early stopping na época 44 com Val Loss: 1.1358
      S105 fold 2: acc3=0.517
  grupo 6/6 | alvos [18, 49, 68, 76, 98] | pool=98 (5min)
    [ShallowConvNet] Epoch   1/200 | Train Loss: 1.6970 | Val Loss: 1.4092
    [ShallowConvNet] Epoch  11/200 | Train Loss: 1.3849 | Val Loss: 1.3558
    [ShallowConvNet] Epoch  21/200 | Train Loss: 1.3238 | Val Loss: 1.3187
    [ShallowConvNet] Epoch  31/200 | Train Loss: 1.3007 | Val Loss: 1.4079
    [ShallowConvNet] Early stopping na época 38 com Val Loss: 1.2953
      pool treinado (37s) — serve aos 5 alvos do grupo
    [ShallowConvNet] Epoch   1/80 | Train Loss: 1.4753 | Val Loss: 1.4340
    [ShallowConvNet] Epoch  11/80 | Train Loss: 1.2573 | Val Loss: 1.1433
    [ShallowConvNet] Epoch  21/80 | Train Loss: 1.2310 | Val Loss: 1.2930
    [ShallowConvNet] Early stopping na época 24 com Val Loss: 1.1242
      S018 fold 0: acc3=0.400
    [ShallowConvNet] Epoch   1/80 | Train Loss: 1.5741 | Val Loss: 1.3401
    [ShallowConvNet] Epoch  11/80 | Train Loss: 1.4255 | Val Loss: 1.6430
    [ShallowConvNet] Early stopping na época 18 com Val Loss: 1.3181
      S018 fold 1: acc3=0.241
    [ShallowConvNet] Epoch   1/80 | Train Loss: 1.4384 | Val Loss: 1.4413
    [ShallowConvNet] Epoch  11/80 | Train Loss: 1.3462 | Val Loss: 1.5268
    [ShallowConvNet] Early stopping na época 16 com Val Loss: 1.4413
      S018 fold 2: acc3=0.241
    [ShallowConvNet] Epoch   1/80 | Train Loss: 1.1775 | Val Loss: 1.3322
    [ShallowConvNet] Epoch  11/80 | Train Loss: 1.0840 | Val Loss: 1.1203
    [ShallowConvNet] Epoch  21/80 | Train Loss: 0.8640 | Val Loss: 1.1183
    [ShallowConvNet] Epoch  31/80 | Train Loss: 0.8188 | Val Loss: 1.1036
    [ShallowConvNet] Epoch  41/80 | Train Loss: 0.7685 | Val Loss: 1.0930
    [ShallowConvNet] Epoch  51/80 | Train Loss: 0.6498 | Val Loss: 1.0946
    [ShallowConvNet] Early stopping na época 59 com Val Loss: 1.0900
      S049 fold 0: acc3=0.700
    [ShallowConvNet] Epoch   1/80 | Train Loss: 1.2424 | Val Loss: 1.4614
    [ShallowConvNet] Epoch  11/80 | Train Loss: 1.0403 | Val Loss: 1.2432
    [ShallowConvNet] Epoch  21/80 | Train Loss: 0.9303 | Val Loss: 1.2158
    [ShallowConvNet] Epoch  31/80 | Train Loss: 0.8297 | Val Loss: 1.1851
    [ShallowConvNet] Epoch  41/80 | Train Loss: 0.7210 | Val Loss: 1.1598
    [ShallowConvNet] Epoch  51/80 | Train Loss: 0.6855 | Val Loss: 1.1392
    [ShallowConvNet] Epoch  61/80 | Train Loss: 0.6103 | Val Loss: 1.1214
    [ShallowConvNet] Epoch  71/80 | Train Loss: 0.5082 | Val Loss: 1.1111
    [ShallowConvNet] Epoch  80/80 | Train Loss: 0.4935 | Val Loss: 1.0983
      S049 fold 1: acc3=0.600
    [ShallowConvNet] Epoch   1/80 | Train Loss: 1.0896 | Val Loss: 1.3429
    [ShallowConvNet] Epoch  11/80 | Train Loss: 1.1339 | Val Loss: 1.1461
    [ShallowConvNet] Epoch  21/80 | Train Loss: 1.0094 | Val Loss: 1.1169
    [ShallowConvNet] Epoch  31/80 | Train Loss: 0.9534 | Val Loss: 1.0641
    [ShallowConvNet] Epoch  41/80 | Train Loss: 0.9129 | Val Loss: 1.0440
    [ShallowConvNet] Epoch  51/80 | Train Loss: 0.7804 | Val Loss: 0.9854
    [ShallowConvNet] Epoch  61/80 | Train Loss: 0.7146 | Val Loss: 0.9526
    [ShallowConvNet] Epoch  71/80 | Train Loss: 0.7456 | Val Loss: 0.9634
    [ShallowConvNet] Early stopping na época 79 com Val Loss: 0.9486
      S049 fold 2: acc3=0.655
    [ShallowConvNet] Epoch   1/80 | Train Loss: 1.3208 | Val Loss: 1.4868
    [ShallowConvNet] Epoch  11/80 | Train Loss: 1.2319 | Val Loss: 1.4339
    [ShallowConvNet] Epoch  21/80 | Train Loss: 1.1548 | Val Loss: 1.4101
    [ShallowConvNet] Epoch  31/80 | Train Loss: 1.0735 | Val Loss: 1.3940
    [ShallowConvNet] Epoch  41/80 | Train Loss: 0.9492 | Val Loss: 1.3838
    [ShallowConvNet] Epoch  51/80 | Train Loss: 0.9265 | Val Loss: 1.3707
    [ShallowConvNet] Epoch  61/80 | Train Loss: 0.9210 | Val Loss: 1.3529
    [ShallowConvNet] Epoch  71/80 | Train Loss: 0.8680 | Val Loss: 1.3437
    [ShallowConvNet] Epoch  80/80 | Train Loss: 0.8306 | Val Loss: 1.3456
      S068 fold 0: acc3=0.667
    [ShallowConvNet] Epoch   1/80 | Train Loss: 1.4147 | Val Loss: 1.2975
    [ShallowConvNet] Epoch  11/80 | Train Loss: 1.1522 | Val Loss: 1.2655
    [ShallowConvNet] Epoch  21/80 | Train Loss: 1.2130 | Val Loss: 1.2733
    [ShallowConvNet] Early stopping na época 25 com Val Loss: 1.2623
      S068 fold 1: acc3=0.467
    [ShallowConvNet] Epoch   1/80 | Train Loss: 1.2750 | Val Loss: 1.4459
    [ShallowConvNet] Epoch  11/80 | Train Loss: 1.2093 | Val Loss: 1.5157
    [ShallowConvNet] Early stopping na época 17 com Val Loss: 1.4440
      S068 fold 2: acc3=0.500
    [ShallowConvNet] Epoch   1/80 | Train Loss: 1.5663 | Val Loss: 1.4674
    [ShallowConvNet] Epoch  11/80 | Train Loss: 1.2957 | Val Loss: 1.5327
    [ShallowConvNet] Early stopping na época 16 com Val Loss: 1.4674
      S076 fold 0: acc3=0.333
    [ShallowConvNet] Epoch   1/80 | Train Loss: 1.2931 | Val Loss: 1.4122
    [ShallowConvNet] Epoch  11/80 | Train Loss: 1.3953 | Val Loss: 1.5155
    [ShallowConvNet] Early stopping na época 16 com Val Loss: 1.4122
      S076 fold 1: acc3=0.300
    [ShallowConvNet] Epoch   1/80 | Train Loss: 1.7457 | Val Loss: 1.3313
    [ShallowConvNet] Epoch  11/80 | Train Loss: 1.4615 | Val Loss: 1.1994
    [ShallowConvNet] Epoch  21/80 | Train Loss: 1.4268 | Val Loss: 1.0797
    [ShallowConvNet] Epoch  31/80 | Train Loss: 1.3713 | Val Loss: 1.1024
    [ShallowConvNet] Early stopping na época 35 com Val Loss: 1.0772
      S076 fold 2: acc3=0.276
    [ShallowConvNet] Epoch   1/80 | Train Loss: 1.5066 | Val Loss: 1.4613
    [ShallowConvNet] Epoch  11/80 | Train Loss: 1.2597 | Val Loss: 1.5829
    [ShallowConvNet] Early stopping na época 16 com Val Loss: 1.4613
      S098 fold 0: acc3=0.400
    [ShallowConvNet] Epoch   1/80 | Train Loss: 1.5957 | Val Loss: 1.2627
    [ShallowConvNet] Epoch  11/80 | Train Loss: 1.3438 | Val Loss: 1.1891
    [ShallowConvNet] Epoch  21/80 | Train Loss: 1.2793 | Val Loss: 1.2602
    [ShallowConvNet] Early stopping na época 24 com Val Loss: 1.1836
      S098 fold 1: acc3=0.567
    [ShallowConvNet] Epoch   1/80 | Train Loss: 1.3444 | Val Loss: 1.3748
    [ShallowConvNet] Epoch  11/80 | Train Loss: 1.3066 | Val Loss: 1.2154
    [ShallowConvNet] Epoch  21/80 | Train Loss: 1.0702 | Val Loss: 1.1348
    [ShallowConvNet] Epoch  31/80 | Train Loss: 0.8959 | Val Loss: 1.1058
    [ShallowConvNet] Epoch  41/80 | Train Loss: 0.9042 | Val Loss: 1.0817
    [ShallowConvNet] Epoch  51/80 | Train Loss: 0.8537 | Val Loss: 1.0649
    [ShallowConvNet] Epoch  61/80 | Train Loss: 0.8729 | Val Loss: 1.0462
    [ShallowConvNet] Epoch  71/80 | Train Loss: 0.8523 | Val Loss: 1.0320
    [ShallowConvNet] Epoch  80/80 | Train Loss: 0.7864 | Val Loss: 1.0208
      S098 fold 2: acc3=0.448

BENCH_MONTAGENS_DONE (6min)
CUDA=True | montagens=['sem_fz'] | modelos=['deepcnn'] | alvos=30 | folds=3
  contrato 5cb6c6358c | banda 4-40 Hz ordem 5 | CAR on | IQR k=1.5 | calib 48 | fases mi
  aninhamento 2<4<8<16<21<32<64 verificado
  montagem      E  D centro  simetria
  64           27 27     10  sim
  32           14 14      4  sim
  21            9  8      4  NAO (aceita por decisao)
  16            6  6      4  sim
  8             3  3      2  sim
  4             2  2      0  sim
  2             1  1      0  sim
  3             1  1      1  sim
  sem_fz        4  3      1  NAO (aceita por decisao)
  posterior8    4  4      0  sim
  ocular4       2  2      0  sim
  6 grupos de alvos (semente 42), pool = 98 sujeitos:
    grupo 1: [3, 22, 57, 102, 107]
    grupo 2: [7, 52, 71, 79, 109]
    grupo 3: [12, 34, 60, 91, 95]
    grupo 4: [25, 31, 87, 106, 108]
    grupo 5: [41, 45, 63, 83, 105]
    grupo 6: [18, 49, 68, 76, 98]
  retomando: 720 celulas ja concluidas sob 5cb6c6358c

==============================================================
  MONTAGEM sem_fz (8 canais) | MODELO deepcnn | 0min
==============================================================
  grupo 1/6 | alvos [3, 22, 57, 102, 107] | pool=98 (0min)
      pool treinado (81s) — serve aos 5 alvos do grupo
      S003 fold 0: acc3=0.276
      S003 fold 1: acc3=0.138
      S003 fold 2: acc3=0.276
      S022 fold 0: acc3=0.586
      S022 fold 1: acc3=0.345
      S022 fold 2: acc3=0.552
      S057 fold 0: acc3=0.483
      S057 fold 1: acc3=0.414
      S057 fold 2: acc3=0.379
      S102 fold 0: acc3=0.733
      S102 fold 1: acc3=0.667
      S102 fold 2: acc3=0.690
      S107 fold 0: acc3=0.414
      S107 fold 1: acc3=0.357
      S107 fold 2: acc3=0.286
  grupo 2/6 | alvos [7, 52, 71, 79, 109] | pool=98 (2min)
      pool treinado (109s) — serve aos 5 alvos do grupo
      S007 fold 0: acc3=0.667
      S007 fold 1: acc3=0.600
      S007 fold 2: acc3=0.586
      S052 fold 0: acc3=0.690
      S052 fold 1: acc3=0.828
      S052 fold 2: acc3=0.552
      S071 fold 0: acc3=0.655
      S071 fold 1: acc3=0.517
      S071 fold 2: acc3=0.586
      S079 fold 0: acc3=0.233
      S079 fold 1: acc3=0.345
      S079 fold 2: acc3=0.276
      S109 fold 0: acc3=0.167
      S109 fold 1: acc3=0.310
      S109 fold 2: acc3=0.345
  grupo 3/6 | alvos [12, 34, 60, 91, 95] | pool=98 (4min)
      pool treinado (91s) — serve aos 5 alvos do grupo
      S012 fold 0: acc3=0.433
      S012 fold 1: acc3=0.414
      S012 fold 2: acc3=0.345
      S034 fold 0: acc3=0.767
      S034 fold 1: acc3=0.828
      S034 fold 2: acc3=0.793
      S060 fold 0: acc3=0.607
      S060 fold 1: acc3=0.607
      S060 fold 2: acc3=0.571
      S091 fold 0: acc3=0.448
      S091 fold 1: acc3=0.517
      S091 fold 2: acc3=0.655
      S095 fold 0: acc3=0.483
      S095 fold 1: acc3=0.379
      S095 fold 2: acc3=0.586
  grupo 4/6 | alvos [25, 31, 87, 106, 108] | pool=98 (5min)
      pool treinado (77s) — serve aos 5 alvos do grupo
      S025 fold 0: acc3=0.690
      S025 fold 1: acc3=0.724
      S025 fold 2: acc3=0.586
      S031 fold 0: acc3=0.433
      S031 fold 1: acc3=0.483
      S031 fold 2: acc3=0.552
      S087 fold 0: acc3=0.414
      S087 fold 1: acc3=0.241
      S087 fold 2: acc3=0.321
      S106 fold 0: acc3=0.483
      S106 fold 1: acc3=0.276
      S106 fold 2: acc3=0.536
      S108 fold 0: acc3=0.393
      S108 fold 1: acc3=0.429
      S108 fold 2: acc3=0.429
  grupo 5/6 | alvos [41, 45, 63, 83, 105] | pool=98 (7min)
      pool treinado (79s) — serve aos 5 alvos do grupo
      S041 fold 0: acc3=0.345
      S041 fold 1: acc3=0.448
      S041 fold 2: acc3=0.379
      S045 fold 0: acc3=0.724
      S045 fold 1: acc3=0.759
      S045 fold 2: acc3=0.679
      S063 fold 0: acc3=0.400
      S063 fold 1: acc3=0.400
      S063 fold 2: acc3=0.310
      S083 fold 0: acc3=0.655
      S083 fold 1: acc3=0.500
      S083 fold 2: acc3=0.464
      S105 fold 0: acc3=0.667
      S105 fold 1: acc3=0.586
      S105 fold 2: acc3=0.552
  grupo 6/6 | alvos [18, 49, 68, 76, 98] | pool=98 (8min)
      pool treinado (88s) — serve aos 5 alvos do grupo
      S018 fold 0: acc3=0.267
      S018 fold 1: acc3=0.172
      S018 fold 2: acc3=0.241
      S049 fold 0: acc3=0.667
      S049 fold 1: acc3=0.567
      S049 fold 2: acc3=0.552
      S068 fold 0: acc3=0.400
      S068 fold 1: acc3=0.400
      S068 fold 2: acc3=0.467
      S076 fold 0: acc3=0.233
      S076 fold 1: acc3=0.233
      S076 fold 2: acc3=0.310
      S098 fold 0: acc3=0.300
      S098 fold 1: acc3=0.367
      S098 fold 2: acc3=0.517

BENCH_MONTAGENS_DONE (10min)
CUDA=True | montagens=['sem_fz'] | modelos=['stia_net'] | alvos=30 | folds=3
  contrato 5cb6c6358c | banda 4-40 Hz ordem 5 | CAR on | IQR k=1.5 | calib 48 | fases mi
  aninhamento 2<4<8<16<21<32<64 verificado
  montagem      E  D centro  simetria
  64           27 27     10  sim
  32           14 14      4  sim
  21            9  8      4  NAO (aceita por decisao)
  16            6  6      4  sim
  8             3  3      2  sim
  4             2  2      0  sim
  2             1  1      0  sim
  3             1  1      1  sim
  sem_fz        4  3      1  NAO (aceita por decisao)
  posterior8    4  4      0  sim
  ocular4       2  2      0  sim
  celulas gemeas pendentes: stia_net.banda_do_artigo (rodar de novo com --banda 8 30)
  6 grupos de alvos (semente 42), pool = 98 sujeitos:
    grupo 1: [3, 22, 57, 102, 107]
    grupo 2: [7, 52, 71, 79, 109]
    grupo 3: [12, 34, 60, 91, 95]
    grupo 4: [25, 31, 87, 106, 108]
    grupo 5: [41, 45, 63, 83, 105]
    grupo 6: [18, 49, 68, 76, 98]
  retomando: 810 celulas ja concluidas sob 5cb6c6358c

==============================================================
  MONTAGEM sem_fz (8 canais) | MODELO stia_net | 0min
==============================================================
  grupo 1/6 | alvos [3, 22, 57, 102, 107] | pool=98 (0min)
  [STIA-Net] Computing PLV adjacency matrix...
      pool treinado (62s) — serve aos 5 alvos do grupo
  [STIA-Net] Recomputing PLV for MI domain...
      S003 fold 0: acc3=0.345
  [STIA-Net] Recomputing PLV for MI domain...
      S003 fold 1: acc3=0.310
  [STIA-Net] Recomputing PLV for MI domain...
      S003 fold 2: acc3=0.379
  [STIA-Net] Recomputing PLV for MI domain...
      S022 fold 0: acc3=0.276
  [STIA-Net] Recomputing PLV for MI domain...
      S022 fold 1: acc3=0.345
  [STIA-Net] Recomputing PLV for MI domain...
      S022 fold 2: acc3=0.241
  [STIA-Net] Recomputing PLV for MI domain...
      S057 fold 0: acc3=0.379
  [STIA-Net] Recomputing PLV for MI domain...
      S057 fold 1: acc3=0.241
  [STIA-Net] Recomputing PLV for MI domain...
      S057 fold 2: acc3=0.414
  [STIA-Net] Recomputing PLV for MI domain...
      S102 fold 0: acc3=0.367
  [STIA-Net] Recomputing PLV for MI domain...
      S102 fold 1: acc3=0.367
  [STIA-Net] Recomputing PLV for MI domain...
      S102 fold 2: acc3=0.379
  [STIA-Net] Recomputing PLV for MI domain...
      S107 fold 0: acc3=0.414
  [STIA-Net] Recomputing PLV for MI domain...
      S107 fold 1: acc3=0.250
  [STIA-Net] Recomputing PLV for MI domain...
      S107 fold 2: acc3=0.286
  grupo 2/6 | alvos [7, 52, 71, 79, 109] | pool=98 (1min)
  [STIA-Net] Computing PLV adjacency matrix...
      pool treinado (54s) — serve aos 5 alvos do grupo
  [STIA-Net] Recomputing PLV for MI domain...
      S007 fold 0: acc3=0.500
  [STIA-Net] Recomputing PLV for MI domain...
      S007 fold 1: acc3=0.433
  [STIA-Net] Recomputing PLV for MI domain...
      S007 fold 2: acc3=0.379
  [STIA-Net] Recomputing PLV for MI domain...
      S052 fold 0: acc3=0.483
  [STIA-Net] Recomputing PLV for MI domain...
      S052 fold 1: acc3=0.552
  [STIA-Net] Recomputing PLV for MI domain...
      S052 fold 2: acc3=0.379
  [STIA-Net] Recomputing PLV for MI domain...
      S071 fold 0: acc3=0.414
  [STIA-Net] Recomputing PLV for MI domain...
      S071 fold 1: acc3=0.517
  [STIA-Net] Recomputing PLV for MI domain...
      S071 fold 2: acc3=0.345
  [STIA-Net] Recomputing PLV for MI domain...
      S079 fold 0: acc3=0.367
  [STIA-Net] Recomputing PLV for MI domain...
      S079 fold 1: acc3=0.379
  [STIA-Net] Recomputing PLV for MI domain...
      S079 fold 2: acc3=0.414
  [STIA-Net] Recomputing PLV for MI domain...
      S109 fold 0: acc3=0.400
  [STIA-Net] Recomputing PLV for MI domain...
      S109 fold 1: acc3=0.379
  [STIA-Net] Recomputing PLV for MI domain...
      S109 fold 2: acc3=0.310
  grupo 3/6 | alvos [12, 34, 60, 91, 95] | pool=98 (2min)
  [STIA-Net] Computing PLV adjacency matrix...
      pool treinado (51s) — serve aos 5 alvos do grupo
  [STIA-Net] Recomputing PLV for MI domain...
      S012 fold 0: acc3=0.367
  [STIA-Net] Recomputing PLV for MI domain...
      S012 fold 1: acc3=0.379
  [STIA-Net] Recomputing PLV for MI domain...
      S012 fold 2: acc3=0.379
  [STIA-Net] Recomputing PLV for MI domain...
      S034 fold 0: acc3=0.467
  [STIA-Net] Recomputing PLV for MI domain...
      S034 fold 1: acc3=0.483
  [STIA-Net] Recomputing PLV for MI domain...
      S034 fold 2: acc3=0.379
  [STIA-Net] Recomputing PLV for MI domain...
      S060 fold 0: acc3=0.250
  [STIA-Net] Recomputing PLV for MI domain...
      S060 fold 1: acc3=0.536
  [STIA-Net] Recomputing PLV for MI domain...
      S060 fold 2: acc3=0.214
  [STIA-Net] Recomputing PLV for MI domain...
      S091 fold 0: acc3=0.414
  [STIA-Net] Recomputing PLV for MI domain...
      S091 fold 1: acc3=0.241
  [STIA-Net] Recomputing PLV for MI domain...
      S091 fold 2: acc3=0.310
  [STIA-Net] Recomputing PLV for MI domain...
      S095 fold 0: acc3=0.448
  [STIA-Net] Recomputing PLV for MI domain...
      S095 fold 1: acc3=0.414
  [STIA-Net] Recomputing PLV for MI domain...
      S095 fold 2: acc3=0.310
  grupo 4/6 | alvos [25, 31, 87, 106, 108] | pool=98 (4min)
  [STIA-Net] Computing PLV adjacency matrix...
      pool treinado (58s) — serve aos 5 alvos do grupo
  [STIA-Net] Recomputing PLV for MI domain...
      S025 fold 0: acc3=0.345
  [STIA-Net] Recomputing PLV for MI domain...
      S025 fold 1: acc3=0.345
  [STIA-Net] Recomputing PLV for MI domain...
      S025 fold 2: acc3=0.172
  [STIA-Net] Recomputing PLV for MI domain...
      S031 fold 0: acc3=0.333
  [STIA-Net] Recomputing PLV for MI domain...
      S031 fold 1: acc3=0.552
  [STIA-Net] Recomputing PLV for MI domain...
      S031 fold 2: acc3=0.621
  [STIA-Net] Recomputing PLV for MI domain...
      S087 fold 0: acc3=0.345
  [STIA-Net] Recomputing PLV for MI domain...
      S087 fold 1: acc3=0.138
  [STIA-Net] Recomputing PLV for MI domain...
      S087 fold 2: acc3=0.464
  [STIA-Net] Recomputing PLV for MI domain...
      S106 fold 0: acc3=0.517
  [STIA-Net] Recomputing PLV for MI domain...
      S106 fold 1: acc3=0.379
  [STIA-Net] Recomputing PLV for MI domain...
      S106 fold 2: acc3=0.464
  [STIA-Net] Recomputing PLV for MI domain...
      S108 fold 0: acc3=0.500
  [STIA-Net] Recomputing PLV for MI domain...
      S108 fold 1: acc3=0.393
  [STIA-Net] Recomputing PLV for MI domain...
      S108 fold 2: acc3=0.214
  grupo 5/6 | alvos [41, 45, 63, 83, 105] | pool=98 (5min)
  [STIA-Net] Computing PLV adjacency matrix...
      pool treinado (53s) — serve aos 5 alvos do grupo
  [STIA-Net] Recomputing PLV for MI domain...
      S041 fold 0: acc3=0.345
  [STIA-Net] Recomputing PLV for MI domain...
      S041 fold 1: acc3=0.345
  [STIA-Net] Recomputing PLV for MI domain...
      S041 fold 2: acc3=0.172
  [STIA-Net] Recomputing PLV for MI domain...
      S045 fold 0: acc3=0.345
  [STIA-Net] Recomputing PLV for MI domain...
      S045 fold 1: acc3=0.414
  [STIA-Net] Recomputing PLV for MI domain...
      S045 fold 2: acc3=0.357
  [STIA-Net] Recomputing PLV for MI domain...
      S063 fold 0: acc3=0.433
  [STIA-Net] Recomputing PLV for MI domain...
      S063 fold 1: acc3=0.400
  [STIA-Net] Recomputing PLV for MI domain...
      S063 fold 2: acc3=0.276
  [STIA-Net] Recomputing PLV for MI domain...
      S083 fold 0: acc3=0.276
  [STIA-Net] Recomputing PLV for MI domain...
      S083 fold 1: acc3=0.393
  [STIA-Net] Recomputing PLV for MI domain...
      S083 fold 2: acc3=0.214
  [STIA-Net] Recomputing PLV for MI domain...
      S105 fold 0: acc3=0.400
  [STIA-Net] Recomputing PLV for MI domain...
      S105 fold 1: acc3=0.310
  [STIA-Net] Recomputing PLV for MI domain...
      S105 fold 2: acc3=0.414
  grupo 6/6 | alvos [18, 49, 68, 76, 98] | pool=98 (6min)
  [STIA-Net] Computing PLV adjacency matrix...
      pool treinado (55s) — serve aos 5 alvos do grupo
  [STIA-Net] Recomputing PLV for MI domain...
      S018 fold 0: acc3=0.267
  [STIA-Net] Recomputing PLV for MI domain...
      S018 fold 1: acc3=0.310
  [STIA-Net] Recomputing PLV for MI domain...
      S018 fold 2: acc3=0.414
  [STIA-Net] Recomputing PLV for MI domain...
      S049 fold 0: acc3=0.467
  [STIA-Net] Recomputing PLV for MI domain...
      S049 fold 1: acc3=0.233
  [STIA-Net] Recomputing PLV for MI domain...
      S049 fold 2: acc3=0.414
  [STIA-Net] Recomputing PLV for MI domain...
      S068 fold 0: acc3=0.333
  [STIA-Net] Recomputing PLV for MI domain...
      S068 fold 1: acc3=0.333
  [STIA-Net] Recomputing PLV for MI domain...
      S068 fold 2: acc3=0.400
  [STIA-Net] Recomputing PLV for MI domain...
      S076 fold 0: acc3=0.300
  [STIA-Net] Recomputing PLV for MI domain...
      S076 fold 1: acc3=0.233
  [STIA-Net] Recomputing PLV for MI domain...
      S076 fold 2: acc3=0.414
  [STIA-Net] Recomputing PLV for MI domain...
      S098 fold 0: acc3=0.433
  [STIA-Net] Recomputing PLV for MI domain...
      S098 fold 1: acc3=0.400
  [STIA-Net] Recomputing PLV for MI domain...
      S098 fold 2: acc3=0.310

BENCH_MONTAGENS_DONE (7min)
CUDA=True | montagens=['ocular4'] | modelos=['eegnet'] | alvos=30 | folds=3
  contrato 5cb6c6358c | banda 4-40 Hz ordem 5 | CAR on | IQR k=1.5 | calib 48 | fases mi
  aninhamento 2<4<8<16<21<32<64 verificado
  montagem      E  D centro  simetria
  64           27 27     10  sim
  32           14 14      4  sim
  21            9  8      4  NAO (aceita por decisao)
  16            6  6      4  sim
  8             3  3      2  sim
  4             2  2      0  sim
  2             1  1      0  sim
  3             1  1      1  sim
  sem_fz        4  3      1  NAO (aceita por decisao)
  posterior8    4  4      0  sim
  ocular4       2  2      0  sim
  6 grupos de alvos (semente 42), pool = 98 sujeitos:
    grupo 1: [3, 22, 57, 102, 107]
    grupo 2: [7, 52, 71, 79, 109]
    grupo 3: [12, 34, 60, 91, 95]
    grupo 4: [25, 31, 87, 106, 108]
    grupo 5: [41, 45, 63, 83, 105]
    grupo 6: [18, 49, 68, 76, 98]
  retomando: 900 celulas ja concluidas sob 5cb6c6358c

==============================================================
  MONTAGEM ocular4 (4 canais) | MODELO eegnet | 0min
==============================================================
  grupo 1/6 | alvos [3, 22, 57, 102, 107] | pool=98 (0min)
      pool treinado (68s) — serve aos 5 alvos do grupo
      S003 fold 0: acc3=0.500
      S003 fold 1: acc3=0.233
      S003 fold 2: acc3=0.433
      S022 fold 0: acc3=0.448
      S022 fold 1: acc3=0.517
      S022 fold 2: acc3=0.241
      S057 fold 0: acc3=0.433
      S057 fold 1: acc3=0.300
      S057 fold 2: acc3=0.433
      S102 fold 0: acc3=0.367
      S102 fold 1: acc3=0.300
      S102 fold 2: acc3=0.207
      S107 fold 0: acc3=0.467
      S107 fold 1: acc3=0.100
      S107 fold 2: acc3=0.333
  grupo 2/6 | alvos [7, 52, 71, 79, 109] | pool=98 (1min)
      pool treinado (75s) — serve aos 5 alvos do grupo
      S007 fold 0: acc3=0.533
      S007 fold 1: acc3=0.517
      S007 fold 2: acc3=0.448
      S052 fold 0: acc3=0.300
      S052 fold 1: acc3=0.467
      S052 fold 2: acc3=0.586
      S071 fold 0: acc3=0.367
      S071 fold 1: acc3=0.467
      S071 fold 2: acc3=0.414
      S079 fold 0: acc3=0.345
      S079 fold 1: acc3=0.310
      S079 fold 2: acc3=0.429
      S109 fold 0: acc3=0.345
      S109 fold 1: acc3=0.379
      S109 fold 2: acc3=0.483
  grupo 3/6 | alvos [12, 34, 60, 91, 95] | pool=98 (3min)
      pool treinado (46s) — serve aos 5 alvos do grupo
      S012 fold 0: acc3=0.414
      S012 fold 1: acc3=0.393
      S012 fold 2: acc3=0.393
      S034 fold 0: acc3=0.414
      S034 fold 1: acc3=0.241
      S034 fold 2: acc3=0.276
      S060 fold 0: acc3=0.345
      S060 fold 1: acc3=0.276
      S060 fold 2: acc3=0.517
      S091 fold 0: acc3=0.759
      S091 fold 1: acc3=0.586
      S091 fold 2: acc3=0.483
      S095 fold 0: acc3=0.414
      S095 fold 1: acc3=0.379
      S095 fold 2: acc3=0.310
  grupo 4/6 | alvos [25, 31, 87, 106, 108] | pool=98 (4min)
      pool treinado (115s) — serve aos 5 alvos do grupo
      S025 fold 0: acc3=0.233
      S025 fold 1: acc3=0.379
      S025 fold 2: acc3=0.379
      S031 fold 0: acc3=0.483
      S031 fold 1: acc3=0.517
      S031 fold 2: acc3=0.429
      S087 fold 0: acc3=0.429
      S087 fold 1: acc3=0.321
      S087 fold 2: acc3=0.536
      S106 fold 0: acc3=0.367
      S106 fold 1: acc3=0.467
      S106 fold 2: acc3=0.600
      S108 fold 0: acc3=0.414
      S108 fold 1: acc3=0.414
      S108 fold 2: acc3=0.586
  grupo 5/6 | alvos [41, 45, 63, 83, 105] | pool=98 (6min)
      pool treinado (37s) — serve aos 5 alvos do grupo
      S041 fold 0: acc3=0.414
      S041 fold 1: acc3=0.345
      S041 fold 2: acc3=0.379
      S045 fold 0: acc3=0.567
      S045 fold 1: acc3=0.533
      S045 fold 2: acc3=0.414
      S063 fold 0: acc3=0.643
      S063 fold 1: acc3=0.607
      S063 fold 2: acc3=0.556
      S083 fold 0: acc3=0.333
      S083 fold 1: acc3=0.276
      S083 fold 2: acc3=0.379
      S105 fold 0: acc3=0.207
      S105 fold 1: acc3=0.321
      S105 fold 2: acc3=0.357
  grupo 6/6 | alvos [18, 49, 68, 76, 98] | pool=98 (7min)
      pool treinado (49s) — serve aos 5 alvos do grupo
      S018 fold 0: acc3=0.700
      S018 fold 1: acc3=0.533
      S018 fold 2: acc3=0.690
      S049 fold 0: acc3=0.448
      S049 fold 1: acc3=0.241
      S049 fold 2: acc3=0.500
      S068 fold 0: acc3=0.500
      S068 fold 1: acc3=0.400
      S068 fold 2: acc3=0.500
      S076 fold 0: acc3=0.167
      S076 fold 1: acc3=0.367
      S076 fold 2: acc3=0.345
      S098 fold 0: acc3=0.300
      S098 fold 1: acc3=0.333
      S098 fold 2: acc3=0.276

BENCH_MONTAGENS_DONE (8min)
CUDA=True | montagens=['ocular4'] | modelos=['eegsym'] | alvos=30 | folds=3
  contrato 5cb6c6358c | banda 4-40 Hz ordem 5 | CAR on | IQR k=1.5 | calib 48 | fases mi
  aninhamento 2<4<8<16<21<32<64 verificado
  montagem      E  D centro  simetria
  64           27 27     10  sim
  32           14 14      4  sim
  21            9  8      4  NAO (aceita por decisao)
  16            6  6      4  sim
  8             3  3      2  sim
  4             2  2      0  sim
  2             1  1      0  sim
  3             1  1      1  sim
  sem_fz        4  3      1  NAO (aceita por decisao)
  posterior8    4  4      0  sim
  ocular4       2  2      0  sim
  6 grupos de alvos (semente 42), pool = 98 sujeitos:
    grupo 1: [3, 22, 57, 102, 107]
    grupo 2: [7, 52, 71, 79, 109]
    grupo 3: [12, 34, 60, 91, 95]
    grupo 4: [25, 31, 87, 106, 108]
    grupo 5: [41, 45, 63, 83, 105]
    grupo 6: [18, 49, 68, 76, 98]
  retomando: 990 celulas ja concluidas sob 5cb6c6358c

==============================================================
  MONTAGEM ocular4 (4 canais) | MODELO eegsym | 0min
==============================================================
  grupo 1/6 | alvos [3, 22, 57, 102, 107] | pool=98 (0min)
      ramo E: Fp1 AF7
      ramo D: Fp2 AF8
      pool treinado (55s) — serve aos 5 alvos do grupo
      S003 fold 0: acc3=0.500
      S003 fold 1: acc3=0.267
      S003 fold 2: acc3=0.400
      S022 fold 0: acc3=0.414
      S022 fold 1: acc3=0.345
      S022 fold 2: acc3=0.241
      S057 fold 0: acc3=0.333
      S057 fold 1: acc3=0.400
      S057 fold 2: acc3=0.267
      S102 fold 0: acc3=0.200
      S102 fold 1: acc3=0.267
      S102 fold 2: acc3=0.276
      S107 fold 0: acc3=0.400
      S107 fold 1: acc3=0.300
      S107 fold 2: acc3=0.333
  grupo 2/6 | alvos [7, 52, 71, 79, 109] | pool=98 (1min)
      pool treinado (59s) — serve aos 5 alvos do grupo
      S007 fold 0: acc3=0.300
      S007 fold 1: acc3=0.586
      S007 fold 2: acc3=0.345
      S052 fold 0: acc3=0.400
      S052 fold 1: acc3=0.500
      S052 fold 2: acc3=0.379
      S071 fold 0: acc3=0.467
      S071 fold 1: acc3=0.333
      S071 fold 2: acc3=0.310
      S079 fold 0: acc3=0.414
      S079 fold 1: acc3=0.448
      S079 fold 2: acc3=0.250
      S109 fold 0: acc3=0.379
      S109 fold 1: acc3=0.448
      S109 fold 2: acc3=0.310
  grupo 3/6 | alvos [12, 34, 60, 91, 95] | pool=98 (2min)
      pool treinado (53s) — serve aos 5 alvos do grupo
      S012 fold 0: acc3=0.448
      S012 fold 1: acc3=0.571
      S012 fold 2: acc3=0.321
      S034 fold 0: acc3=0.379
      S034 fold 1: acc3=0.448
      S034 fold 2: acc3=0.517
      S060 fold 0: acc3=0.448
      S060 fold 1: acc3=0.379
      S060 fold 2: acc3=0.379
      S091 fold 0: acc3=0.517
      S091 fold 1: acc3=0.690
      S091 fold 2: acc3=0.517
      S095 fold 0: acc3=0.448
      S095 fold 1: acc3=0.483
      S095 fold 2: acc3=0.414
  grupo 4/6 | alvos [25, 31, 87, 106, 108] | pool=98 (4min)
      pool treinado (59s) — serve aos 5 alvos do grupo
      S025 fold 0: acc3=0.300
      S025 fold 1: acc3=0.483
      S025 fold 2: acc3=0.379
      S031 fold 0: acc3=0.379
      S031 fold 1: acc3=0.310
      S031 fold 2: acc3=0.357
      S087 fold 0: acc3=0.179
      S087 fold 1: acc3=0.250
      S087 fold 2: acc3=0.321
      S106 fold 0: acc3=0.367
      S106 fold 1: acc3=0.267
      S106 fold 2: acc3=0.467
      S108 fold 0: acc3=0.379
      S108 fold 1: acc3=0.241
      S108 fold 2: acc3=0.448
  grupo 5/6 | alvos [41, 45, 63, 83, 105] | pool=98 (5min)
      pool treinado (47s) — serve aos 5 alvos do grupo
      S041 fold 0: acc3=0.207
      S041 fold 1: acc3=0.276
      S041 fold 2: acc3=0.276
      S045 fold 0: acc3=0.500
      S045 fold 1: acc3=0.600
      S045 fold 2: acc3=0.276
      S063 fold 0: acc3=0.250
      S063 fold 1: acc3=0.429
      S063 fold 2: acc3=0.407
      S083 fold 0: acc3=0.333
      S083 fold 1: acc3=0.310
      S083 fold 2: acc3=0.310
      S105 fold 0: acc3=0.310
      S105 fold 1: acc3=0.357
      S105 fold 2: acc3=0.321
  grupo 6/6 | alvos [18, 49, 68, 76, 98] | pool=98 (6min)
      pool treinado (58s) — serve aos 5 alvos do grupo
      S018 fold 0: acc3=0.700
      S018 fold 1: acc3=0.533
      S018 fold 2: acc3=0.621
      S049 fold 0: acc3=0.448
      S049 fold 1: acc3=0.345
      S049 fold 2: acc3=0.464
      S068 fold 0: acc3=0.300
      S068 fold 1: acc3=0.400
      S068 fold 2: acc3=0.533
      S076 fold 0: acc3=0.200
      S076 fold 1: acc3=0.233
      S076 fold 2: acc3=0.310
      S098 fold 0: acc3=0.200
      S098 fold 1: acc3=0.200
      S098 fold 2: acc3=0.241

BENCH_MONTAGENS_DONE (7min)
CUDA=True | montagens=['ocular4'] | modelos=['shallow_convnet'] | alvos=30 | folds=3
  contrato 5cb6c6358c | banda 4-40 Hz ordem 5 | CAR on | IQR k=1.5 | calib 48 | fases mi
  aninhamento 2<4<8<16<21<32<64 verificado
  montagem      E  D centro  simetria
  64           27 27     10  sim
  32           14 14      4  sim
  21            9  8      4  NAO (aceita por decisao)
  16            6  6      4  sim
  8             3  3      2  sim
  4             2  2      0  sim
  2             1  1      0  sim
  3             1  1      1  sim
  sem_fz        4  3      1  NAO (aceita por decisao)
  posterior8    4  4      0  sim
  ocular4       2  2      0  sim
  6 grupos de alvos (semente 42), pool = 98 sujeitos:
    grupo 1: [3, 22, 57, 102, 107]
    grupo 2: [7, 52, 71, 79, 109]
    grupo 3: [12, 34, 60, 91, 95]
    grupo 4: [25, 31, 87, 106, 108]
    grupo 5: [41, 45, 63, 83, 105]
    grupo 6: [18, 49, 68, 76, 98]
  retomando: 1080 celulas ja concluidas sob 5cb6c6358c

==============================================================
  MONTAGEM ocular4 (4 canais) | MODELO shallow_convnet | 0min
==============================================================
  grupo 1/6 | alvos [3, 22, 57, 102, 107] | pool=98 (0min)
    [ShallowConvNet] Epoch   1/200 | Train Loss: 1.7836 | Val Loss: 1.6761
    [ShallowConvNet] Epoch  11/200 | Train Loss: 1.4539 | Val Loss: 1.4092
    [ShallowConvNet] Epoch  21/200 | Train Loss: 1.4014 | Val Loss: 1.4149
    [ShallowConvNet] Epoch  31/200 | Train Loss: 1.3848 | Val Loss: 1.3792
    [ShallowConvNet] Epoch  41/200 | Train Loss: 1.3637 | Val Loss: 1.3863
    [ShallowConvNet] Epoch  51/200 | Train Loss: 1.3656 | Val Loss: 1.3948
    [ShallowConvNet] Early stopping na época 51 com Val Loss: 1.3792
      pool treinado (58s) — serve aos 5 alvos do grupo
    [ShallowConvNet] Epoch   1/80 | Train Loss: 1.4259 | Val Loss: 1.3550
    [ShallowConvNet] Epoch  11/80 | Train Loss: 1.3262 | Val Loss: 1.3134
    [ShallowConvNet] Epoch  21/80 | Train Loss: 1.3121 | Val Loss: 1.3005
    [ShallowConvNet] Epoch  31/80 | Train Loss: 1.3314 | Val Loss: 1.2852
    [ShallowConvNet] Epoch  41/80 | Train Loss: 1.2343 | Val Loss: 1.2734
    [ShallowConvNet] Epoch  51/80 | Train Loss: 1.2193 | Val Loss: 1.2637
    [ShallowConvNet] Epoch  61/80 | Train Loss: 1.2255 | Val Loss: 1.2590
    [ShallowConvNet] Epoch  71/80 | Train Loss: 1.1062 | Val Loss: 1.2480
    [ShallowConvNet] Epoch  80/80 | Train Loss: 1.1146 | Val Loss: 1.2462
      S003 fold 0: acc3=0.400
    [ShallowConvNet] Epoch   1/80 | Train Loss: 1.4507 | Val Loss: 1.3324
    [ShallowConvNet] Epoch  11/80 | Train Loss: 1.3370 | Val Loss: 1.3225
    [ShallowConvNet] Epoch  21/80 | Train Loss: 1.3089 | Val Loss: 1.3070
    [ShallowConvNet] Epoch  31/80 | Train Loss: 1.3162 | Val Loss: 1.2966
    [ShallowConvNet] Epoch  41/80 | Train Loss: 1.2914 | Val Loss: 1.2878
    [ShallowConvNet] Epoch  51/80 | Train Loss: 1.2745 | Val Loss: 1.2803
    [ShallowConvNet] Epoch  61/80 | Train Loss: 1.2373 | Val Loss: 1.2747
    [ShallowConvNet] Epoch  71/80 | Train Loss: 1.2368 | Val Loss: 1.2675
    [ShallowConvNet] Epoch  80/80 | Train Loss: 1.1814 | Val Loss: 1.2650
      S003 fold 1: acc3=0.333
    [ShallowConvNet] Epoch   1/80 | Train Loss: 1.4218 | Val Loss: 1.4386
    [ShallowConvNet] Epoch  11/80 | Train Loss: 1.4196 | Val Loss: 1.4219
    [ShallowConvNet] Epoch  21/80 | Train Loss: 1.3427 | Val Loss: 1.4149
    [ShallowConvNet] Epoch  31/80 | Train Loss: 1.2587 | Val Loss: 1.4197
    [ShallowConvNet] Early stopping na época 36 com Val Loss: 1.4149
      S003 fold 2: acc3=0.467
    [ShallowConvNet] Epoch   1/80 | Train Loss: 1.4416 | Val Loss: 1.2413
    [ShallowConvNet] Epoch  11/80 | Train Loss: 1.3524 | Val Loss: 1.1724
    [ShallowConvNet] Epoch  21/80 | Train Loss: 1.2763 | Val Loss: 1.1592
    [ShallowConvNet] Epoch  31/80 | Train Loss: 1.3005 | Val Loss: 1.1535
    [ShallowConvNet] Epoch  41/80 | Train Loss: 1.2484 | Val Loss: 1.1585
    [ShallowConvNet] Early stopping na época 43 com Val Loss: 1.1509
      S022 fold 0: acc3=0.414
    [ShallowConvNet] Epoch   1/80 | Train Loss: 1.3606 | Val Loss: 1.3787
    [ShallowConvNet] Epoch  11/80 | Train Loss: 1.2985 | Val Loss: 1.4941
    [ShallowConvNet] Early stopping na época 16 com Val Loss: 1.3787
      S022 fold 1: acc3=0.448
    [ShallowConvNet] Epoch   1/80 | Train Loss: 1.3773 | Val Loss: 1.2653
    [ShallowConvNet] Epoch  11/80 | Train Loss: 1.3617 | Val Loss: 1.3092
    [ShallowConvNet] Early stopping na época 16 com Val Loss: 1.2653
      S022 fold 2: acc3=0.241
    [ShallowConvNet] Epoch   1/80 | Train Loss: 1.3776 | Val Loss: 1.3189
    [ShallowConvNet] Epoch  11/80 | Train Loss: 1.3862 | Val Loss: 1.3400
    [ShallowConvNet] Early stopping na época 16 com Val Loss: 1.3189
      S057 fold 0: acc3=0.333
    [ShallowConvNet] Epoch   1/80 | Train Loss: 1.4145 | Val Loss: 1.4959
    [ShallowConvNet] Epoch  11/80 | Train Loss: 1.3602 | Val Loss: 1.5228
    [ShallowConvNet] Early stopping na época 17 com Val Loss: 1.4904
      S057 fold 1: acc3=0.267
    [ShallowConvNet] Epoch   1/80 | Train Loss: 1.4347 | Val Loss: 1.5247
    [ShallowConvNet] Epoch  11/80 | Train Loss: 1.3338 | Val Loss: 1.5062
    [ShallowConvNet] Epoch  21/80 | Train Loss: 1.3443 | Val Loss: 1.5037
    [ShallowConvNet] Early stopping na época 23 com Val Loss: 1.4988
      S057 fold 2: acc3=0.467
    [ShallowConvNet] Epoch   1/80 | Train Loss: 1.4225 | Val Loss: 1.3795
    [ShallowConvNet] Epoch  11/80 | Train Loss: 1.3607 | Val Loss: 1.3297
    [ShallowConvNet] Epoch  21/80 | Train Loss: 1.3774 | Val Loss: 1.3023
    [ShallowConvNet] Epoch  31/80 | Train Loss: 1.3046 | Val Loss: 1.2928
    [ShallowConvNet] Epoch  41/80 | Train Loss: 1.3009 | Val Loss: 1.2864
    [ShallowConvNet] Epoch  51/80 | Train Loss: 1.3007 | Val Loss: 1.2846
    [ShallowConvNet] Epoch  61/80 | Train Loss: 1.2375 | Val Loss: 1.2772
    [ShallowConvNet] Epoch  71/80 | Train Loss: 1.2382 | Val Loss: 1.2719
    [ShallowConvNet] Epoch  80/80 | Train Loss: 1.2412 | Val Loss: 1.2606
      S102 fold 0: acc3=0.400
    [ShallowConvNet] Epoch   1/80 | Train Loss: 1.3262 | Val Loss: 1.3696
    [ShallowConvNet] Epoch  11/80 | Train Loss: 1.3229 | Val Loss: 1.5095
    [ShallowConvNet] Early stopping na época 17 com Val Loss: 1.3676
      S102 fold 1: acc3=0.300
    [ShallowConvNet] Epoch   1/80 | Train Loss: 1.3996 | Val Loss: 1.4095
    [ShallowConvNet] Epoch  11/80 | Train Loss: 1.3911 | Val Loss: 1.3825
    [ShallowConvNet] Epoch  21/80 | Train Loss: 1.2774 | Val Loss: 1.3924
    [ShallowConvNet] Early stopping na época 28 com Val Loss: 1.3783
      S102 fold 2: acc3=0.379
    [ShallowConvNet] Epoch   1/80 | Train Loss: 1.3332 | Val Loss: 1.4147
    [ShallowConvNet] Epoch  11/80 | Train Loss: 1.3650 | Val Loss: 1.3761
    [ShallowConvNet] Epoch  21/80 | Train Loss: 1.3228 | Val Loss: 1.3899
    [ShallowConvNet] Early stopping na época 25 com Val Loss: 1.3714
      S107 fold 0: acc3=0.367
    [ShallowConvNet] Epoch   1/80 | Train Loss: 1.4096 | Val Loss: 1.2702
    [ShallowConvNet] Epoch  11/80 | Train Loss: 1.3608 | Val Loss: 1.2586
    [ShallowConvNet] Epoch  21/80 | Train Loss: 1.3304 | Val Loss: 1.2557
    [ShallowConvNet] Epoch  31/80 | Train Loss: 1.2924 | Val Loss: 1.2502
    [ShallowConvNet] Epoch  41/80 | Train Loss: 1.3069 | Val Loss: 1.2503
    [ShallowConvNet] Epoch  51/80 | Train Loss: 1.2813 | Val Loss: 1.2530
    [ShallowConvNet] Early stopping na época 52 com Val Loss: 1.2493
      S107 fold 1: acc3=0.367
    [ShallowConvNet] Epoch   1/80 | Train Loss: 1.4131 | Val Loss: 1.3130
    [ShallowConvNet] Epoch  11/80 | Train Loss: 1.3373 | Val Loss: 1.3148
    [ShallowConvNet] Early stopping na época 17 com Val Loss: 1.3109
      S107 fold 2: acc3=0.400
  grupo 2/6 | alvos [7, 52, 71, 79, 109] | pool=98 (1min)
    [ShallowConvNet] Epoch   1/200 | Train Loss: 1.8047 | Val Loss: 1.6359
    [ShallowConvNet] Epoch  11/200 | Train Loss: 1.4493 | Val Loss: 1.3864
    [ShallowConvNet] Epoch  21/200 | Train Loss: 1.4063 | Val Loss: 1.3985
    [ShallowConvNet] Epoch  31/200 | Train Loss: 1.3871 | Val Loss: 1.4023
    [ShallowConvNet] Early stopping na época 33 com Val Loss: 1.3819
      pool treinado (41s) — serve aos 5 alvos do grupo
    [ShallowConvNet] Epoch   1/80 | Train Loss: 1.4099 | Val Loss: 0.7094
    [ShallowConvNet] Epoch  11/80 | Train Loss: 1.2893 | Val Loss: 0.5704
    [ShallowConvNet] Epoch  21/80 | Train Loss: 1.2348 | Val Loss: 0.5301
    [ShallowConvNet] Epoch  31/80 | Train Loss: 1.1560 | Val Loss: 0.5195
    [ShallowConvNet] Epoch  41/80 | Train Loss: 1.0477 | Val Loss: 0.5120
    [ShallowConvNet] Epoch  51/80 | Train Loss: 1.0303 | Val Loss: 0.5009
    [ShallowConvNet] Epoch  61/80 | Train Loss: 1.0149 | Val Loss: 0.5071
    [ShallowConvNet] Early stopping na época 64 com Val Loss: 0.4885
      S007 fold 0: acc3=0.533
    [ShallowConvNet] Epoch   1/80 | Train Loss: 1.4814 | Val Loss: 1.3764
    [ShallowConvNet] Epoch  11/80 | Train Loss: 1.3098 | Val Loss: 1.3809
    [ShallowConvNet] Early stopping na época 19 com Val Loss: 1.3648
      S007 fold 1: acc3=0.414
    [ShallowConvNet] Epoch   1/80 | Train Loss: 1.3724 | Val Loss: 1.3989
    [ShallowConvNet] Epoch  11/80 | Train Loss: 1.2635 | Val Loss: 1.4429
    [ShallowConvNet] Early stopping na época 16 com Val Loss: 1.3989
      S007 fold 2: acc3=0.379
    [ShallowConvNet] Epoch   1/80 | Train Loss: 1.3724 | Val Loss: 1.4075
    [ShallowConvNet] Epoch  11/80 | Train Loss: 1.3015 | Val Loss: 1.4465
    [ShallowConvNet] Early stopping na época 16 com Val Loss: 1.4075
      S052 fold 0: acc3=0.367
    [ShallowConvNet] Epoch   1/80 | Train Loss: 1.3512 | Val Loss: 1.3130
    [ShallowConvNet] Epoch  11/80 | Train Loss: 1.2889 | Val Loss: 1.4370
    [ShallowConvNet] Early stopping na época 16 com Val Loss: 1.3130
      S052 fold 1: acc3=0.533
    [ShallowConvNet] Epoch   1/80 | Train Loss: 1.4920 | Val Loss: 1.3727
    [ShallowConvNet] Epoch  11/80 | Train Loss: 1.2773 | Val Loss: 1.3256
    [ShallowConvNet] Epoch  21/80 | Train Loss: 1.1626 | Val Loss: 1.3059
    [ShallowConvNet] Epoch  31/80 | Train Loss: 1.1132 | Val Loss: 1.3082
    [ShallowConvNet] Early stopping na época 36 com Val Loss: 1.3059
      S052 fold 2: acc3=0.448
    [ShallowConvNet] Epoch   1/80 | Train Loss: 1.4169 | Val Loss: 1.3445
    [ShallowConvNet] Epoch  11/80 | Train Loss: 1.2767 | Val Loss: 1.4617
    [ShallowConvNet] Early stopping na época 17 com Val Loss: 1.3401
      S071 fold 0: acc3=0.333
    [ShallowConvNet] Epoch   1/80 | Train Loss: 1.3347 | Val Loss: 1.3419
    [ShallowConvNet] Epoch  11/80 | Train Loss: 1.3414 | Val Loss: 1.3441
    [ShallowConvNet] Early stopping na época 20 com Val Loss: 1.3402
      S071 fold 1: acc3=0.433
    [ShallowConvNet] Epoch   1/80 | Train Loss: 1.4954 | Val Loss: 1.4176
    [ShallowConvNet] Epoch  11/80 | Train Loss: 1.3333 | Val Loss: 1.3280
    [ShallowConvNet] Epoch  21/80 | Train Loss: 1.3375 | Val Loss: 1.2723
    [ShallowConvNet] Epoch  31/80 | Train Loss: 1.2682 | Val Loss: 1.3007
    [ShallowConvNet] Early stopping na época 36 com Val Loss: 1.2723
      S071 fold 2: acc3=0.345
    [ShallowConvNet] Epoch   1/80 | Train Loss: 1.3275 | Val Loss: 1.3161
    [ShallowConvNet] Epoch  11/80 | Train Loss: 1.2503 | Val Loss: 1.5124
    [ShallowConvNet] Early stopping na época 16 com Val Loss: 1.3161
      S079 fold 0: acc3=0.276
    [ShallowConvNet] Epoch   1/80 | Train Loss: 1.4838 | Val Loss: 1.3492
    [ShallowConvNet] Epoch  11/80 | Train Loss: 1.3529 | Val Loss: 1.3728
    [ShallowConvNet] Early stopping na época 16 com Val Loss: 1.3492
      S079 fold 1: acc3=0.414
    [ShallowConvNet] Epoch   1/80 | Train Loss: 1.4623 | Val Loss: 1.4691
    [ShallowConvNet] Epoch  11/80 | Train Loss: 1.3969 | Val Loss: 1.4460
    [ShallowConvNet] Epoch  21/80 | Train Loss: 1.3076 | Val Loss: 1.4382
    [ShallowConvNet] Epoch  31/80 | Train Loss: 1.2734 | Val Loss: 1.4363
    [ShallowConvNet] Early stopping na época 32 com Val Loss: 1.4316
      S079 fold 2: acc3=0.429
    [ShallowConvNet] Epoch   1/80 | Train Loss: 1.4324 | Val Loss: 1.2944
    [ShallowConvNet] Epoch  11/80 | Train Loss: 1.3906 | Val Loss: 1.3292
    [ShallowConvNet] Early stopping na época 16 com Val Loss: 1.2944
      S109 fold 0: acc3=0.310
    [ShallowConvNet] Epoch   1/80 | Train Loss: 1.3896 | Val Loss: 1.5436
    [ShallowConvNet] Epoch  11/80 | Train Loss: 1.3356 | Val Loss: 1.6130
    [ShallowConvNet] Early stopping na época 16 com Val Loss: 1.5436
      S109 fold 1: acc3=0.345
    [ShallowConvNet] Epoch   1/80 | Train Loss: 1.3781 | Val Loss: 1.3433
    [ShallowConvNet] Epoch  11/80 | Train Loss: 1.3426 | Val Loss: 1.4117
    [ShallowConvNet] Early stopping na época 16 com Val Loss: 1.3433
      S109 fold 2: acc3=0.586
  grupo 3/6 | alvos [12, 34, 60, 91, 95] | pool=98 (2min)
    [ShallowConvNet] Epoch   1/200 | Train Loss: 1.7942 | Val Loss: 1.6048
    [ShallowConvNet] Epoch  11/200 | Train Loss: 1.4613 | Val Loss: 1.4016
    [ShallowConvNet] Epoch  21/200 | Train Loss: 1.4110 | Val Loss: 1.3979
    [ShallowConvNet] Epoch  31/200 | Train Loss: 1.3879 | Val Loss: 1.3806
    [ShallowConvNet] Epoch  41/200 | Train Loss: 1.3676 | Val Loss: 1.3997
    [ShallowConvNet] Epoch  51/200 | Train Loss: 1.3689 | Val Loss: 1.3795
    [ShallowConvNet] Epoch  61/200 | Train Loss: 1.3646 | Val Loss: 1.3870
    [ShallowConvNet] Epoch  71/200 | Train Loss: 1.3651 | Val Loss: 1.3839
    [ShallowConvNet] Epoch  81/200 | Train Loss: 1.3638 | Val Loss: 1.3905
    [ShallowConvNet] Early stopping na época 89 com Val Loss: 1.3793
      pool treinado (92s) — serve aos 5 alvos do grupo
    [ShallowConvNet] Epoch   1/80 | Train Loss: 1.3788 | Val Loss: 1.4272
    [ShallowConvNet] Epoch  11/80 | Train Loss: 1.3818 | Val Loss: 1.4611
    [ShallowConvNet] Early stopping na época 16 com Val Loss: 1.4272
      S012 fold 0: acc3=0.448
    [ShallowConvNet] Epoch   1/80 | Train Loss: 1.3775 | Val Loss: 1.3364
    [ShallowConvNet] Epoch  11/80 | Train Loss: 1.3497 | Val Loss: 1.3201
    [ShallowConvNet] Epoch  21/80 | Train Loss: 1.3352 | Val Loss: 1.3237
    [ShallowConvNet] Early stopping na época 28 com Val Loss: 1.3189
      S012 fold 1: acc3=0.357
    [ShallowConvNet] Epoch   1/80 | Train Loss: 1.4030 | Val Loss: 1.3163
    [ShallowConvNet] Epoch  11/80 | Train Loss: 1.4025 | Val Loss: 1.3137
    [ShallowConvNet] Epoch  21/80 | Train Loss: 1.3642 | Val Loss: 1.3114
    [ShallowConvNet] Epoch  31/80 | Train Loss: 1.3940 | Val Loss: 1.3099
    [ShallowConvNet] Epoch  41/80 | Train Loss: 1.3099 | Val Loss: 1.3091
    [ShallowConvNet] Epoch  51/80 | Train Loss: 1.3259 | Val Loss: 1.3090
    [ShallowConvNet] Early stopping na época 55 com Val Loss: 1.3085
      S012 fold 2: acc3=0.464
    [ShallowConvNet] Epoch   1/80 | Train Loss: 1.3677 | Val Loss: 1.3768
    [ShallowConvNet] Epoch  11/80 | Train Loss: 1.3451 | Val Loss: 1.3514
    [ShallowConvNet] Epoch  21/80 | Train Loss: 1.3369 | Val Loss: 1.3401
    [ShallowConvNet] Epoch  31/80 | Train Loss: 1.2829 | Val Loss: 1.3366
    [ShallowConvNet] Epoch  41/80 | Train Loss: 1.2893 | Val Loss: 1.3340
    [ShallowConvNet] Epoch  51/80 | Train Loss: 1.3031 | Val Loss: 1.3317
    [ShallowConvNet] Epoch  61/80 | Train Loss: 1.2779 | Val Loss: 1.3295
    [ShallowConvNet] Epoch  71/80 | Train Loss: 1.2259 | Val Loss: 1.3278
    [ShallowConvNet] Epoch  80/80 | Train Loss: 1.2398 | Val Loss: 1.3254
      S034 fold 0: acc3=0.379
    [ShallowConvNet] Epoch   1/80 | Train Loss: 1.3686 | Val Loss: 1.4211
    [ShallowConvNet] Epoch  11/80 | Train Loss: 1.3006 | Val Loss: 1.4705
    [ShallowConvNet] Early stopping na época 16 com Val Loss: 1.4211
      S034 fold 1: acc3=0.310
    [ShallowConvNet] Epoch   1/80 | Train Loss: 1.3530 | Val Loss: 1.3734
    [ShallowConvNet] Epoch  11/80 | Train Loss: 1.3924 | Val Loss: 1.3518
    [ShallowConvNet] Epoch  21/80 | Train Loss: 1.3561 | Val Loss: 1.3440
    [ShallowConvNet] Epoch  31/80 | Train Loss: 1.2865 | Val Loss: 1.3503
    [ShallowConvNet] Early stopping na época 32 com Val Loss: 1.3422
      S034 fold 2: acc3=0.552
    [ShallowConvNet] Epoch   1/80 | Train Loss: 1.4361 | Val Loss: 1.2763
    [ShallowConvNet] Epoch  11/80 | Train Loss: 1.3714 | Val Loss: 1.3227
    [ShallowConvNet] Early stopping na época 16 com Val Loss: 1.2763
      S060 fold 0: acc3=0.448
    [ShallowConvNet] Epoch   1/80 | Train Loss: 1.4148 | Val Loss: 1.4486
    [ShallowConvNet] Epoch  11/80 | Train Loss: 1.3718 | Val Loss: 1.3916
    [ShallowConvNet] Epoch  21/80 | Train Loss: 1.4107 | Val Loss: 1.3946
    [ShallowConvNet] Early stopping na época 25 com Val Loss: 1.3913
      S060 fold 1: acc3=0.414
    [ShallowConvNet] Epoch   1/80 | Train Loss: 1.3482 | Val Loss: 1.3750
    [ShallowConvNet] Epoch  11/80 | Train Loss: 1.3634 | Val Loss: 1.3681
    [ShallowConvNet] Early stopping na época 19 com Val Loss: 1.3641
      S060 fold 2: acc3=0.276
    [ShallowConvNet] Epoch   1/80 | Train Loss: 1.3387 | Val Loss: 1.3752
    [ShallowConvNet] Epoch  11/80 | Train Loss: 1.3454 | Val Loss: 1.3656
    [ShallowConvNet] Epoch  21/80 | Train Loss: 1.3370 | Val Loss: 1.3635
    [ShallowConvNet] Epoch  31/80 | Train Loss: 1.2990 | Val Loss: 1.3594
    [ShallowConvNet] Epoch  41/80 | Train Loss: 1.2765 | Val Loss: 1.3533
    [ShallowConvNet] Epoch  51/80 | Train Loss: 1.2477 | Val Loss: 1.3461
    [ShallowConvNet] Epoch  61/80 | Train Loss: 1.2535 | Val Loss: 1.3418
    [ShallowConvNet] Epoch  71/80 | Train Loss: 1.2479 | Val Loss: 1.3375
    [ShallowConvNet] Epoch  80/80 | Train Loss: 1.1871 | Val Loss: 1.3336
      S091 fold 0: acc3=0.552
    [ShallowConvNet] Epoch   1/80 | Train Loss: 1.3351 | Val Loss: 1.5643
    [ShallowConvNet] Epoch  11/80 | Train Loss: 1.3284 | Val Loss: 1.5114
    [ShallowConvNet] Epoch  21/80 | Train Loss: 1.3190 | Val Loss: 1.5085
    [ShallowConvNet] Epoch  31/80 | Train Loss: 1.3056 | Val Loss: 1.5073
    [ShallowConvNet] Epoch  41/80 | Train Loss: 1.2750 | Val Loss: 1.5014
    [ShallowConvNet] Epoch  51/80 | Train Loss: 1.2598 | Val Loss: 1.4960
    [ShallowConvNet] Epoch  61/80 | Train Loss: 1.2198 | Val Loss: 1.4908
    [ShallowConvNet] Epoch  71/80 | Train Loss: 1.2006 | Val Loss: 1.4842
    [ShallowConvNet] Epoch  80/80 | Train Loss: 1.1993 | Val Loss: 1.4818
      S091 fold 1: acc3=0.621
    [ShallowConvNet] Epoch   1/80 | Train Loss: 1.3225 | Val Loss: 1.4191
    [ShallowConvNet] Epoch  11/80 | Train Loss: 1.3143 | Val Loss: 1.3872
    [ShallowConvNet] Epoch  21/80 | Train Loss: 1.2614 | Val Loss: 1.3977
    [ShallowConvNet] Early stopping na época 23 com Val Loss: 1.3848
      S091 fold 2: acc3=0.345
    [ShallowConvNet] Epoch   1/80 | Train Loss: 1.3728 | Val Loss: 1.4192
    [ShallowConvNet] Epoch  11/80 | Train Loss: 1.3484 | Val Loss: 1.3996
    [ShallowConvNet] Epoch  21/80 | Train Loss: 1.3154 | Val Loss: 1.3977
    [ShallowConvNet] Epoch  31/80 | Train Loss: 1.2983 | Val Loss: 1.4052
    [ShallowConvNet] Early stopping na época 33 com Val Loss: 1.3972
      S095 fold 0: acc3=0.345
    [ShallowConvNet] Epoch   1/80 | Train Loss: 1.3814 | Val Loss: 1.4489
    [ShallowConvNet] Epoch  11/80 | Train Loss: 1.3457 | Val Loss: 1.4346
    [ShallowConvNet] Epoch  21/80 | Train Loss: 1.3679 | Val Loss: 1.4462
    [ShallowConvNet] Early stopping na época 23 com Val Loss: 1.4320
      S095 fold 1: acc3=0.414
    [ShallowConvNet] Epoch   1/80 | Train Loss: 1.3961 | Val Loss: 1.5153
    [ShallowConvNet] Epoch  11/80 | Train Loss: 1.3761 | Val Loss: 1.5184
    [ShallowConvNet] Early stopping na época 19 com Val Loss: 1.5090
      S095 fold 2: acc3=0.379
  grupo 4/6 | alvos [25, 31, 87, 106, 108] | pool=98 (4min)
    [ShallowConvNet] Epoch   1/200 | Train Loss: 1.8027 | Val Loss: 1.6541
    [ShallowConvNet] Epoch  11/200 | Train Loss: 1.4493 | Val Loss: 1.4427
    [ShallowConvNet] Epoch  21/200 | Train Loss: 1.4058 | Val Loss: 1.4053
    [ShallowConvNet] Epoch  31/200 | Train Loss: 1.3864 | Val Loss: 1.4105
    [ShallowConvNet] Early stopping na época 40 com Val Loss: 1.3692
      pool treinado (46s) — serve aos 5 alvos do grupo
    [ShallowConvNet] Epoch   1/80 | Train Loss: 1.3805 | Val Loss: 1.3425
    [ShallowConvNet] Epoch  11/80 | Train Loss: 1.3874 | Val Loss: 1.3160
    [ShallowConvNet] Epoch  21/80 | Train Loss: 1.2272 | Val Loss: 1.3193
    [ShallowConvNet] Early stopping na época 26 com Val Loss: 1.3160
      S025 fold 0: acc3=0.367
    [ShallowConvNet] Epoch   1/80 | Train Loss: 1.3632 | Val Loss: 1.4094
    [ShallowConvNet] Epoch  11/80 | Train Loss: 1.3588 | Val Loss: 1.2862
    [ShallowConvNet] Epoch  21/80 | Train Loss: 1.3185 | Val Loss: 1.2387
    [ShallowConvNet] Epoch  31/80 | Train Loss: 1.2701 | Val Loss: 1.2366
    [ShallowConvNet] Epoch  41/80 | Train Loss: 1.2453 | Val Loss: 1.2379
    [ShallowConvNet] Early stopping na época 43 com Val Loss: 1.2350
      S025 fold 1: acc3=0.586
    [ShallowConvNet] Epoch   1/80 | Train Loss: 1.3552 | Val Loss: 1.3833
    [ShallowConvNet] Epoch  11/80 | Train Loss: 1.3570 | Val Loss: 1.3031
    [ShallowConvNet] Epoch  21/80 | Train Loss: 1.3064 | Val Loss: 1.2844
    [ShallowConvNet] Epoch  31/80 | Train Loss: 1.2712 | Val Loss: 1.2786
    [ShallowConvNet] Epoch  41/80 | Train Loss: 1.2613 | Val Loss: 1.2686
    [ShallowConvNet] Epoch  51/80 | Train Loss: 1.2054 | Val Loss: 1.2574
    [ShallowConvNet] Epoch  61/80 | Train Loss: 1.1628 | Val Loss: 1.2441
    [ShallowConvNet] Epoch  71/80 | Train Loss: 1.1599 | Val Loss: 1.2334
    [ShallowConvNet] Epoch  80/80 | Train Loss: 1.0615 | Val Loss: 1.2222
      S025 fold 2: acc3=0.448
    [ShallowConvNet] Epoch   1/80 | Train Loss: 1.3864 | Val Loss: 1.4213
    [ShallowConvNet] Epoch  11/80 | Train Loss: 1.3954 | Val Loss: 1.3974
    [ShallowConvNet] Epoch  21/80 | Train Loss: 1.3384 | Val Loss: 1.3822
    [ShallowConvNet] Epoch  31/80 | Train Loss: 1.3072 | Val Loss: 1.3799
    [ShallowConvNet] Epoch  41/80 | Train Loss: 1.2203 | Val Loss: 1.3771
    [ShallowConvNet] Epoch  51/80 | Train Loss: 1.2656 | Val Loss: 1.3721
    [ShallowConvNet] Epoch  61/80 | Train Loss: 1.2276 | Val Loss: 1.3562
    [ShallowConvNet] Epoch  71/80 | Train Loss: 1.1765 | Val Loss: 1.3497
    [ShallowConvNet] Epoch  80/80 | Train Loss: 1.2442 | Val Loss: 1.3440
      S031 fold 0: acc3=0.345
    [ShallowConvNet] Epoch   1/80 | Train Loss: 1.5094 | Val Loss: 1.3080
    [ShallowConvNet] Epoch  11/80 | Train Loss: 1.3256 | Val Loss: 1.4533
    [ShallowConvNet] Early stopping na época 17 com Val Loss: 1.3050
      S031 fold 1: acc3=0.310
    [ShallowConvNet] Epoch   1/80 | Train Loss: 1.3657 | Val Loss: 1.2601
    [ShallowConvNet] Epoch  11/80 | Train Loss: 1.3498 | Val Loss: 1.2850
    [ShallowConvNet] Early stopping na época 17 com Val Loss: 1.2601
      S031 fold 2: acc3=0.357
    [ShallowConvNet] Epoch   1/80 | Train Loss: 1.4078 | Val Loss: 1.4027
    [ShallowConvNet] Epoch  11/80 | Train Loss: 1.3508 | Val Loss: 1.3879
    [ShallowConvNet] Epoch  21/80 | Train Loss: 1.3252 | Val Loss: 1.3799
    [ShallowConvNet] Epoch  31/80 | Train Loss: 1.2958 | Val Loss: 1.3718
    [ShallowConvNet] Epoch  41/80 | Train Loss: 1.2084 | Val Loss: 1.3560
    [ShallowConvNet] Epoch  51/80 | Train Loss: 1.2058 | Val Loss: 1.3407
    [ShallowConvNet] Epoch  61/80 | Train Loss: 1.1582 | Val Loss: 1.3269
    [ShallowConvNet] Epoch  71/80 | Train Loss: 1.1524 | Val Loss: 1.3111
    [ShallowConvNet] Epoch  80/80 | Train Loss: 1.0687 | Val Loss: 1.2956
      S087 fold 0: acc3=0.321
    [ShallowConvNet] Epoch   1/80 | Train Loss: 1.3413 | Val Loss: 1.3433
    [ShallowConvNet] Epoch  11/80 | Train Loss: 1.3155 | Val Loss: 1.3341
    [ShallowConvNet] Epoch  21/80 | Train Loss: 1.2598 | Val Loss: 1.3450
    [ShallowConvNet] Early stopping na época 22 com Val Loss: 1.3314
      S087 fold 1: acc3=0.464
    [ShallowConvNet] Epoch   1/80 | Train Loss: 1.4162 | Val Loss: 1.4289
    [ShallowConvNet] Epoch  11/80 | Train Loss: 1.3551 | Val Loss: 1.4564
    [ShallowConvNet] Early stopping na época 16 com Val Loss: 1.4289
      S087 fold 2: acc3=0.464
    [ShallowConvNet] Epoch   1/80 | Train Loss: 1.3233 | Val Loss: 1.4360
    [ShallowConvNet] Epoch  11/80 | Train Loss: 1.2726 | Val Loss: 1.4411
    [ShallowConvNet] Early stopping na época 16 com Val Loss: 1.4360
      S106 fold 0: acc3=0.333
    [ShallowConvNet] Epoch   1/80 | Train Loss: 1.3901 | Val Loss: 1.4784
    [ShallowConvNet] Epoch  11/80 | Train Loss: 1.3097 | Val Loss: 1.4564
    [ShallowConvNet] Epoch  21/80 | Train Loss: 1.3776 | Val Loss: 1.4263
    [ShallowConvNet] Epoch  31/80 | Train Loss: 1.3122 | Val Loss: 1.4302
    [ShallowConvNet] Early stopping na época 33 com Val Loss: 1.4247
      S106 fold 1: acc3=0.467
    [ShallowConvNet] Epoch   1/80 | Train Loss: 1.4117 | Val Loss: 1.2940
    [ShallowConvNet] Epoch  11/80 | Train Loss: 1.3465 | Val Loss: 1.3438
    [ShallowConvNet] Early stopping na época 16 com Val Loss: 1.2940
      S106 fold 2: acc3=0.533
    [ShallowConvNet] Epoch   1/80 | Train Loss: 1.3036 | Val Loss: 1.2723
    [ShallowConvNet] Epoch  11/80 | Train Loss: 1.3034 | Val Loss: 1.2718
    [ShallowConvNet] Epoch  21/80 | Train Loss: 1.2093 | Val Loss: 1.2696
    [ShallowConvNet] Early stopping na época 29 com Val Loss: 1.2685
      S108 fold 0: acc3=0.517
    [ShallowConvNet] Epoch   1/80 | Train Loss: 1.3468 | Val Loss: 1.2611
    [ShallowConvNet] Epoch  11/80 | Train Loss: 1.2919 | Val Loss: 1.2677
    [ShallowConvNet] Early stopping na época 16 com Val Loss: 1.2611
      S108 fold 1: acc3=0.517
    [ShallowConvNet] Epoch   1/80 | Train Loss: 1.3406 | Val Loss: 1.2918
    [ShallowConvNet] Epoch  11/80 | Train Loss: 1.3396 | Val Loss: 1.3005
    [ShallowConvNet] Epoch  21/80 | Train Loss: 1.2876 | Val Loss: 1.2872
    [ShallowConvNet] Epoch  31/80 | Train Loss: 1.2493 | Val Loss: 1.2633
    [ShallowConvNet] Epoch  41/80 | Train Loss: 1.1854 | Val Loss: 1.2472
    [ShallowConvNet] Epoch  51/80 | Train Loss: 1.0988 | Val Loss: 1.2248
    [ShallowConvNet] Epoch  61/80 | Train Loss: 1.1503 | Val Loss: 1.2217
    [ShallowConvNet] Epoch  71/80 | Train Loss: 1.1878 | Val Loss: 1.2150
    [ShallowConvNet] Epoch  80/80 | Train Loss: 1.1055 | Val Loss: 1.1782
      S108 fold 2: acc3=0.414
  grupo 5/6 | alvos [41, 45, 63, 83, 105] | pool=98 (5min)
    [ShallowConvNet] Epoch   1/200 | Train Loss: 1.8143 | Val Loss: 1.4533
    [ShallowConvNet] Epoch  11/200 | Train Loss: 1.4589 | Val Loss: 1.4592
    [ShallowConvNet] Epoch  21/200 | Train Loss: 1.4029 | Val Loss: 1.4173
    [ShallowConvNet] Epoch  31/200 | Train Loss: 1.3731 | Val Loss: 1.3919
    [ShallowConvNet] Epoch  41/200 | Train Loss: 1.3679 | Val Loss: 1.3888
    [ShallowConvNet] Early stopping na época 44 com Val Loss: 1.3820
      pool treinado (49s) — serve aos 5 alvos do grupo
    [ShallowConvNet] Epoch   1/80 | Train Loss: 1.3947 | Val Loss: 0.6948
    [ShallowConvNet] Epoch  11/80 | Train Loss: 1.3968 | Val Loss: 0.7386
    [ShallowConvNet] Early stopping na época 16 com Val Loss: 0.6948
      S041 fold 0: acc3=0.483
    [ShallowConvNet] Epoch   1/80 | Train Loss: 1.4156 | Val Loss: 1.3979
    [ShallowConvNet] Epoch  11/80 | Train Loss: 1.3396 | Val Loss: 1.3808
    [ShallowConvNet] Epoch  21/80 | Train Loss: 1.2684 | Val Loss: 1.2742
    [ShallowConvNet] Epoch  31/80 | Train Loss: 1.2245 | Val Loss: 1.2912
    [ShallowConvNet] Early stopping na época 36 com Val Loss: 1.2742
      S041 fold 1: acc3=0.483
    [ShallowConvNet] Epoch   1/80 | Train Loss: 1.3160 | Val Loss: 1.3754
    [ShallowConvNet] Epoch  11/80 | Train Loss: 1.2964 | Val Loss: 1.3480
    [ShallowConvNet] Epoch  21/80 | Train Loss: 1.2394 | Val Loss: 1.4257
    [ShallowConvNet] Early stopping na época 23 com Val Loss: 1.3376
      S041 fold 2: acc3=0.345
    [ShallowConvNet] Epoch   1/80 | Train Loss: 1.3911 | Val Loss: 1.2985
    [ShallowConvNet] Epoch  11/80 | Train Loss: 1.3400 | Val Loss: 1.2650
    [ShallowConvNet] Epoch  21/80 | Train Loss: 1.3207 | Val Loss: 1.2856
    [ShallowConvNet] Early stopping na época 22 com Val Loss: 1.2594
      S045 fold 0: acc3=0.533
    [ShallowConvNet] Epoch   1/80 | Train Loss: 1.3059 | Val Loss: 1.3636
    [ShallowConvNet] Epoch  11/80 | Train Loss: 1.2931 | Val Loss: 1.3558
    [ShallowConvNet] Early stopping na época 20 com Val Loss: 1.3452
      S045 fold 1: acc3=0.600
    [ShallowConvNet] Epoch   1/80 | Train Loss: 1.2563 | Val Loss: 1.2446
    [ShallowConvNet] Epoch  11/80 | Train Loss: 1.2698 | Val Loss: 1.2395
    [ShallowConvNet] Epoch  21/80 | Train Loss: 1.1908 | Val Loss: 1.2447
    [ShallowConvNet] Early stopping na época 21 com Val Loss: 1.2374
      S045 fold 2: acc3=0.517
    [ShallowConvNet] Epoch   1/80 | Train Loss: 1.3927 | Val Loss: 1.4549
    [ShallowConvNet] Epoch  11/80 | Train Loss: 1.4021 | Val Loss: 1.2915
    [ShallowConvNet] Epoch  21/80 | Train Loss: 1.3037 | Val Loss: 1.2483
    [ShallowConvNet] Epoch  31/80 | Train Loss: 1.2541 | Val Loss: 1.2244
    [ShallowConvNet] Epoch  41/80 | Train Loss: 1.2242 | Val Loss: 1.2004
    [ShallowConvNet] Epoch  51/80 | Train Loss: 1.2040 | Val Loss: 1.1790
    [ShallowConvNet] Epoch  61/80 | Train Loss: 1.1348 | Val Loss: 1.1602
    [ShallowConvNet] Epoch  71/80 | Train Loss: 1.1086 | Val Loss: 1.1496
    [ShallowConvNet] Epoch  80/80 | Train Loss: 1.0458 | Val Loss: 1.1375
      S063 fold 0: acc3=0.500
    [ShallowConvNet] Epoch   1/80 | Train Loss: 1.3715 | Val Loss: 1.3185
    [ShallowConvNet] Epoch  11/80 | Train Loss: 1.3416 | Val Loss: 1.2100
    [ShallowConvNet] Epoch  21/80 | Train Loss: 1.2922 | Val Loss: 1.1945
    [ShallowConvNet] Epoch  31/80 | Train Loss: 1.2719 | Val Loss: 1.1952
    [ShallowConvNet] Epoch  41/80 | Train Loss: 1.1969 | Val Loss: 1.1958
    [ShallowConvNet] Early stopping na época 42 com Val Loss: 1.1917
      S063 fold 1: acc3=0.679
    [ShallowConvNet] Epoch   1/80 | Train Loss: 1.4231 | Val Loss: 1.2930
    [ShallowConvNet] Epoch  11/80 | Train Loss: 1.3804 | Val Loss: 1.2509
    [ShallowConvNet] Epoch  21/80 | Train Loss: 1.3313 | Val Loss: 1.2490
    [ShallowConvNet] Epoch  31/80 | Train Loss: 1.2495 | Val Loss: 1.2483
    [ShallowConvNet] Epoch  41/80 | Train Loss: 1.2775 | Val Loss: 1.2487
    [ShallowConvNet] Epoch  51/80 | Train Loss: 1.2191 | Val Loss: 1.2413
    [ShallowConvNet] Epoch  61/80 | Train Loss: 1.1773 | Val Loss: 1.2403
    [ShallowConvNet] Epoch  71/80 | Train Loss: 1.1088 | Val Loss: 1.2373
    [ShallowConvNet] Epoch  80/80 | Train Loss: 1.1354 | Val Loss: 1.2303
      S063 fold 2: acc3=0.630
    [ShallowConvNet] Epoch   1/80 | Train Loss: 1.4682 | Val Loss: 1.3911
    [ShallowConvNet] Epoch  11/80 | Train Loss: 1.3974 | Val Loss: 1.3801
    [ShallowConvNet] Epoch  21/80 | Train Loss: 1.3646 | Val Loss: 1.3851
    [ShallowConvNet] Early stopping na época 22 com Val Loss: 1.3767
      S083 fold 0: acc3=0.400
    [ShallowConvNet] Epoch   1/80 | Train Loss: 1.3960 | Val Loss: 1.4936
    [ShallowConvNet] Epoch  11/80 | Train Loss: 1.3548 | Val Loss: 1.4289
    [ShallowConvNet] Epoch  21/80 | Train Loss: 1.3884 | Val Loss: 1.4220
    [ShallowConvNet] Epoch  31/80 | Train Loss: 1.3463 | Val Loss: 1.4165
    [ShallowConvNet] Epoch  41/80 | Train Loss: 1.3396 | Val Loss: 1.4142
    [ShallowConvNet] Epoch  51/80 | Train Loss: 1.3219 | Val Loss: 1.4132
    [ShallowConvNet] Epoch  61/80 | Train Loss: 1.2544 | Val Loss: 1.4114
    [ShallowConvNet] Epoch  71/80 | Train Loss: 1.2363 | Val Loss: 1.4098
    [ShallowConvNet] Epoch  80/80 | Train Loss: 1.2454 | Val Loss: 1.4111
      S083 fold 1: acc3=0.414
    [ShallowConvNet] Epoch   1/80 | Train Loss: 1.4579 | Val Loss: 1.4926
    [ShallowConvNet] Epoch  11/80 | Train Loss: 1.3767 | Val Loss: 1.4250
    [ShallowConvNet] Epoch  21/80 | Train Loss: 1.2786 | Val Loss: 1.4143
    [ShallowConvNet] Epoch  31/80 | Train Loss: 1.2367 | Val Loss: 1.3905
    [ShallowConvNet] Epoch  41/80 | Train Loss: 1.3040 | Val Loss: 1.3833
    [ShallowConvNet] Epoch  51/80 | Train Loss: 1.2279 | Val Loss: 1.3785
    [ShallowConvNet] Epoch  61/80 | Train Loss: 1.1981 | Val Loss: 1.3718
    [ShallowConvNet] Epoch  71/80 | Train Loss: 1.1777 | Val Loss: 1.3606
    [ShallowConvNet] Epoch  80/80 | Train Loss: 1.1680 | Val Loss: 1.3488
      S083 fold 2: acc3=0.241
    [ShallowConvNet] Epoch   1/80 | Train Loss: 1.4495 | Val Loss: 1.3555
    [ShallowConvNet] Epoch  11/80 | Train Loss: 1.3670 | Val Loss: 1.3754
    [ShallowConvNet] Early stopping na época 17 com Val Loss: 1.3552
      S105 fold 0: acc3=0.483
    [ShallowConvNet] Epoch   1/80 | Train Loss: 1.4305 | Val Loss: 1.3141
    [ShallowConvNet] Epoch  11/80 | Train Loss: 1.3244 | Val Loss: 1.3071
    [ShallowConvNet] Early stopping na época 20 com Val Loss: 1.2913
      S105 fold 1: acc3=0.393
    [ShallowConvNet] Epoch   1/80 | Train Loss: 1.3629 | Val Loss: 1.5005
    [ShallowConvNet] Epoch  11/80 | Train Loss: 1.2521 | Val Loss: 1.5093
    [ShallowConvNet] Early stopping na época 16 com Val Loss: 1.5005
      S105 fold 2: acc3=0.357
  grupo 6/6 | alvos [18, 49, 68, 76, 98] | pool=98 (6min)
    [ShallowConvNet] Epoch   1/200 | Train Loss: 1.7690 | Val Loss: 1.4486
    [ShallowConvNet] Epoch  11/200 | Train Loss: 1.4588 | Val Loss: 1.3794
    [ShallowConvNet] Epoch  21/200 | Train Loss: 1.3998 | Val Loss: 1.3806
    [ShallowConvNet] Early stopping na época 30 com Val Loss: 1.3764
      pool treinado (41s) — serve aos 5 alvos do grupo
    [ShallowConvNet] Epoch   1/80 | Train Loss: 1.2970 | Val Loss: 1.2408
    [ShallowConvNet] Epoch  11/80 | Train Loss: 1.0884 | Val Loss: 1.1087
    [ShallowConvNet] Epoch  21/80 | Train Loss: 0.9989 | Val Loss: 1.0325
    [ShallowConvNet] Epoch  31/80 | Train Loss: 0.8919 | Val Loss: 0.9887
    [ShallowConvNet] Epoch  41/80 | Train Loss: 0.8909 | Val Loss: 0.9857
    [ShallowConvNet] Epoch  51/80 | Train Loss: 0.8064 | Val Loss: 0.9687
    [ShallowConvNet] Epoch  61/80 | Train Loss: 0.7841 | Val Loss: 0.9827
    [ShallowConvNet] Early stopping na época 68 com Val Loss: 0.9642
      S018 fold 0: acc3=0.667
    [ShallowConvNet] Epoch   1/80 | Train Loss: 1.1954 | Val Loss: 1.3387
    [ShallowConvNet] Epoch  11/80 | Train Loss: 1.1109 | Val Loss: 1.2310
    [ShallowConvNet] Epoch  21/80 | Train Loss: 1.0002 | Val Loss: 1.2428
    [ShallowConvNet] Early stopping na época 28 com Val Loss: 1.2253
      S018 fold 1: acc3=0.633
    [ShallowConvNet] Epoch   1/80 | Train Loss: 1.2184 | Val Loss: 1.4470
    [ShallowConvNet] Epoch  11/80 | Train Loss: 1.0563 | Val Loss: 1.0946
    [ShallowConvNet] Epoch  21/80 | Train Loss: 0.9446 | Val Loss: 1.0717
    [ShallowConvNet] Epoch  31/80 | Train Loss: 0.8770 | Val Loss: 1.0715
    [ShallowConvNet] Epoch  41/80 | Train Loss: 0.8332 | Val Loss: 1.0738
    [ShallowConvNet] Early stopping na época 45 com Val Loss: 1.0690
      S018 fold 2: acc3=0.621
    [ShallowConvNet] Epoch   1/80 | Train Loss: 1.4754 | Val Loss: 1.5797
    [ShallowConvNet] Epoch  11/80 | Train Loss: 1.3597 | Val Loss: 1.4307
    [ShallowConvNet] Epoch  21/80 | Train Loss: 1.3614 | Val Loss: 1.3691
    [ShallowConvNet] Epoch  31/80 | Train Loss: 1.1959 | Val Loss: 1.3666
    [ShallowConvNet] Epoch  41/80 | Train Loss: 1.1729 | Val Loss: 1.3432
    [ShallowConvNet] Epoch  51/80 | Train Loss: 1.1035 | Val Loss: 1.3313
    [ShallowConvNet] Epoch  61/80 | Train Loss: 1.0569 | Val Loss: 1.3172
    [ShallowConvNet] Epoch  71/80 | Train Loss: 1.0265 | Val Loss: 1.3161
    [ShallowConvNet] Epoch  80/80 | Train Loss: 1.0106 | Val Loss: 1.3038
      S049 fold 0: acc3=0.448
    [ShallowConvNet] Epoch   1/80 | Train Loss: 1.3789 | Val Loss: 1.1874
    [ShallowConvNet] Epoch  11/80 | Train Loss: 1.2721 | Val Loss: 1.2143
    [ShallowConvNet] Early stopping na época 16 com Val Loss: 1.1874
      S049 fold 1: acc3=0.310
    [ShallowConvNet] Epoch   1/80 | Train Loss: 1.4407 | Val Loss: 1.4591
    [ShallowConvNet] Epoch  11/80 | Train Loss: 1.3245 | Val Loss: 1.4519
    [ShallowConvNet] Epoch  21/80 | Train Loss: 1.2233 | Val Loss: 1.4407
    [ShallowConvNet] Epoch  31/80 | Train Loss: 1.1769 | Val Loss: 1.4287
    [ShallowConvNet] Epoch  41/80 | Train Loss: 1.0690 | Val Loss: 1.4052
    [ShallowConvNet] Epoch  51/80 | Train Loss: 0.9932 | Val Loss: 1.3834
    [ShallowConvNet] Epoch  61/80 | Train Loss: 0.9708 | Val Loss: 1.3628
    [ShallowConvNet] Epoch  71/80 | Train Loss: 0.9402 | Val Loss: 1.3366
    [ShallowConvNet] Epoch  80/80 | Train Loss: 0.8832 | Val Loss: 1.3155
      S049 fold 2: acc3=0.536
    [ShallowConvNet] Epoch   1/80 | Train Loss: 1.2858 | Val Loss: 1.2441
    [ShallowConvNet] Epoch  11/80 | Train Loss: 1.2973 | Val Loss: 1.2164
    [ShallowConvNet] Epoch  21/80 | Train Loss: 1.2382 | Val Loss: 1.2243
    [ShallowConvNet] Early stopping na época 30 com Val Loss: 1.2137
      S068 fold 0: acc3=0.500
    [ShallowConvNet] Epoch   1/80 | Train Loss: 1.3174 | Val Loss: 1.1603
    [ShallowConvNet] Epoch  11/80 | Train Loss: 1.3122 | Val Loss: 1.1863
    [ShallowConvNet] Early stopping na época 16 com Val Loss: 1.1603
      S068 fold 1: acc3=0.400
    [ShallowConvNet] Epoch   1/80 | Train Loss: 1.3868 | Val Loss: 1.2061
    [ShallowConvNet] Epoch  11/80 | Train Loss: 1.3102 | Val Loss: 1.3624
    [ShallowConvNet] Early stopping na época 16 com Val Loss: 1.2061
      S068 fold 2: acc3=0.533
    [ShallowConvNet] Epoch   1/80 | Train Loss: 1.4566 | Val Loss: 1.1778
    [ShallowConvNet] Epoch  11/80 | Train Loss: 1.2699 | Val Loss: 1.3016
    [ShallowConvNet] Early stopping na época 16 com Val Loss: 1.1778
      S076 fold 0: acc3=0.267
    [ShallowConvNet] Epoch   1/80 | Train Loss: 1.4760 | Val Loss: 1.6823
    [ShallowConvNet] Epoch  11/80 | Train Loss: 1.3046 | Val Loss: 1.4523
    [ShallowConvNet] Epoch  21/80 | Train Loss: 1.2775 | Val Loss: 1.4843
    [ShallowConvNet] Early stopping na época 25 com Val Loss: 1.4494
      S076 fold 1: acc3=0.433
    [ShallowConvNet] Epoch   1/80 | Train Loss: 1.3121 | Val Loss: 1.2861
    [ShallowConvNet] Epoch  11/80 | Train Loss: 1.3357 | Val Loss: 1.3416
    [ShallowConvNet] Early stopping na época 17 com Val Loss: 1.2845
      S076 fold 2: acc3=0.276
    [ShallowConvNet] Epoch   1/80 | Train Loss: 1.3587 | Val Loss: 1.2263
    [ShallowConvNet] Epoch  11/80 | Train Loss: 1.3578 | Val Loss: 1.4762
    [ShallowConvNet] Early stopping na época 16 com Val Loss: 1.2263
      S098 fold 0: acc3=0.233
    [ShallowConvNet] Epoch   1/80 | Train Loss: 1.3927 | Val Loss: 1.3288
    [ShallowConvNet] Epoch  11/80 | Train Loss: 1.3422 | Val Loss: 1.3839
    [ShallowConvNet] Early stopping na época 16 com Val Loss: 1.3288
      S098 fold 1: acc3=0.233
    [ShallowConvNet] Epoch   1/80 | Train Loss: 1.4992 | Val Loss: 1.3816
    [ShallowConvNet] Epoch  11/80 | Train Loss: 1.4366 | Val Loss: 1.3834
    [ShallowConvNet] Early stopping na época 19 com Val Loss: 1.3753
      S098 fold 2: acc3=0.241

BENCH_MONTAGENS_DONE (7min)
CUDA=True | montagens=['ocular4'] | modelos=['deepcnn'] | alvos=30 | folds=3
  contrato 5cb6c6358c | banda 4-40 Hz ordem 5 | CAR on | IQR k=1.5 | calib 48 | fases mi
  aninhamento 2<4<8<16<21<32<64 verificado
  montagem      E  D centro  simetria
  64           27 27     10  sim
  32           14 14      4  sim
  21            9  8      4  NAO (aceita por decisao)
  16            6  6      4  sim
  8             3  3      2  sim
  4             2  2      0  sim
  2             1  1      0  sim
  3             1  1      1  sim
  sem_fz        4  3      1  NAO (aceita por decisao)
  posterior8    4  4      0  sim
  ocular4       2  2      0  sim
  6 grupos de alvos (semente 42), pool = 98 sujeitos:
    grupo 1: [3, 22, 57, 102, 107]
    grupo 2: [7, 52, 71, 79, 109]
    grupo 3: [12, 34, 60, 91, 95]
    grupo 4: [25, 31, 87, 106, 108]
    grupo 5: [41, 45, 63, 83, 105]
    grupo 6: [18, 49, 68, 76, 98]
  retomando: 1170 celulas ja concluidas sob 5cb6c6358c

==============================================================
  MONTAGEM ocular4 (4 canais) | MODELO deepcnn | 0min
==============================================================
  grupo 1/6 | alvos [3, 22, 57, 102, 107] | pool=98 (0min)
      pool treinado (78s) — serve aos 5 alvos do grupo
      S003 fold 0: acc3=0.333
      S003 fold 1: acc3=0.200
      S003 fold 2: acc3=0.500
      S022 fold 0: acc3=0.379
      S022 fold 1: acc3=0.414
      S022 fold 2: acc3=0.276
      S057 fold 0: acc3=0.400
      S057 fold 1: acc3=0.433
      S057 fold 2: acc3=0.467
      S102 fold 0: acc3=0.233
      S102 fold 1: acc3=0.300
      S102 fold 2: acc3=0.241
      S107 fold 0: acc3=0.533
      S107 fold 1: acc3=0.400
      S107 fold 2: acc3=0.433
  grupo 2/6 | alvos [7, 52, 71, 79, 109] | pool=98 (2min)
      pool treinado (114s) — serve aos 5 alvos do grupo
      S007 fold 0: acc3=0.400
      S007 fold 1: acc3=0.552
      S007 fold 2: acc3=0.448
      S052 fold 0: acc3=0.433
      S052 fold 1: acc3=0.433
      S052 fold 2: acc3=0.517
      S071 fold 0: acc3=0.467
      S071 fold 1: acc3=0.433
      S071 fold 2: acc3=0.345
      S079 fold 0: acc3=0.483
      S079 fold 1: acc3=0.483
      S079 fold 2: acc3=0.429
      S109 fold 0: acc3=0.379
      S109 fold 1: acc3=0.483
      S109 fold 2: acc3=0.586
  grupo 3/6 | alvos [12, 34, 60, 91, 95] | pool=98 (4min)
      pool treinado (106s) — serve aos 5 alvos do grupo
      S012 fold 0: acc3=0.414
      S012 fold 1: acc3=0.250
      S012 fold 2: acc3=0.393
      S034 fold 0: acc3=0.207
      S034 fold 1: acc3=0.310
      S034 fold 2: acc3=0.276
      S060 fold 0: acc3=0.414
      S060 fold 1: acc3=0.379
      S060 fold 2: acc3=0.379
      S091 fold 0: acc3=0.621
      S091 fold 1: acc3=0.414
      S091 fold 2: acc3=0.483
      S095 fold 0: acc3=0.414
      S095 fold 1: acc3=0.448
      S095 fold 2: acc3=0.379
  grupo 4/6 | alvos [25, 31, 87, 106, 108] | pool=98 (6min)
      pool treinado (74s) — serve aos 5 alvos do grupo
      S025 fold 0: acc3=0.500
      S025 fold 1: acc3=0.483
      S025 fold 2: acc3=0.345
      S031 fold 0: acc3=0.345
      S031 fold 1: acc3=0.517
      S031 fold 2: acc3=0.393
      S087 fold 0: acc3=0.250
      S087 fold 1: acc3=0.429
      S087 fold 2: acc3=0.500
      S106 fold 0: acc3=0.433
      S106 fold 1: acc3=0.333
      S106 fold 2: acc3=0.500
      S108 fold 0: acc3=0.172
      S108 fold 1: acc3=0.345
      S108 fold 2: acc3=0.379
  grupo 5/6 | alvos [41, 45, 63, 83, 105] | pool=98 (7min)
      pool treinado (74s) — serve aos 5 alvos do grupo
      S041 fold 0: acc3=0.207
      S041 fold 1: acc3=0.379
      S041 fold 2: acc3=0.276
      S045 fold 0: acc3=0.467
      S045 fold 1: acc3=0.333
      S045 fold 2: acc3=0.448
      S063 fold 0: acc3=0.500
      S063 fold 1: acc3=0.250
      S063 fold 2: acc3=0.630
      S083 fold 0: acc3=0.267
      S083 fold 1: acc3=0.345
      S083 fold 2: acc3=0.379
      S105 fold 0: acc3=0.448
      S105 fold 1: acc3=0.250
      S105 fold 2: acc3=0.429
  grupo 6/6 | alvos [18, 49, 68, 76, 98] | pool=98 (9min)
      pool treinado (153s) — serve aos 5 alvos do grupo
      S018 fold 0: acc3=0.700
      S018 fold 1: acc3=0.567
      S018 fold 2: acc3=0.690
      S049 fold 0: acc3=0.448
      S049 fold 1: acc3=0.448
      S049 fold 2: acc3=0.571
      S068 fold 0: acc3=0.400
      S068 fold 1: acc3=0.400
      S068 fold 2: acc3=0.600
      S076 fold 0: acc3=0.167
      S076 fold 1: acc3=0.300
      S076 fold 2: acc3=0.241
      S098 fold 0: acc3=0.233
      S098 fold 1: acc3=0.300
      S098 fold 2: acc3=0.207

BENCH_MONTAGENS_DONE (12min)
CUDA=True | montagens=['ocular4'] | modelos=['stia_net'] | alvos=30 | folds=3
  contrato 5cb6c6358c | banda 4-40 Hz ordem 5 | CAR on | IQR k=1.5 | calib 48 | fases mi
  aninhamento 2<4<8<16<21<32<64 verificado
  montagem      E  D centro  simetria
  64           27 27     10  sim
  32           14 14      4  sim
  21            9  8      4  NAO (aceita por decisao)
  16            6  6      4  sim
  8             3  3      2  sim
  4             2  2      0  sim
  2             1  1      0  sim
  3             1  1      1  sim
  sem_fz        4  3      1  NAO (aceita por decisao)
  posterior8    4  4      0  sim
  ocular4       2  2      0  sim
  celulas gemeas pendentes: stia_net.banda_do_artigo (rodar de novo com --banda 8 30)
  6 grupos de alvos (semente 42), pool = 98 sujeitos:
    grupo 1: [3, 22, 57, 102, 107]
    grupo 2: [7, 52, 71, 79, 109]
    grupo 3: [12, 34, 60, 91, 95]
    grupo 4: [25, 31, 87, 106, 108]
    grupo 5: [41, 45, 63, 83, 105]
    grupo 6: [18, 49, 68, 76, 98]
  retomando: 1260 celulas ja concluidas sob 5cb6c6358c

==============================================================
  MONTAGEM ocular4 (4 canais) | MODELO stia_net | 0min
==============================================================
  grupo 1/6 | alvos [3, 22, 57, 102, 107] | pool=98 (0min)
  [STIA-Net] Computing PLV adjacency matrix...
      pool treinado (49s) — serve aos 5 alvos do grupo
  [STIA-Net] Recomputing PLV for MI domain...
      S003 fold 0: acc3=0.567
  [STIA-Net] Recomputing PLV for MI domain...
      S003 fold 1: acc3=0.400
  [STIA-Net] Recomputing PLV for MI domain...
      S003 fold 2: acc3=0.467
  [STIA-Net] Recomputing PLV for MI domain...
      S022 fold 0: acc3=0.379
  [STIA-Net] Recomputing PLV for MI domain...
      S022 fold 1: acc3=0.414
  [STIA-Net] Recomputing PLV for MI domain...
      S022 fold 2: acc3=0.276
  [STIA-Net] Recomputing PLV for MI domain...
      S057 fold 0: acc3=0.300
  [STIA-Net] Recomputing PLV for MI domain...
      S057 fold 1: acc3=0.367
  [STIA-Net] Recomputing PLV for MI domain...
      S057 fold 2: acc3=0.367
  [STIA-Net] Recomputing PLV for MI domain...
      S102 fold 0: acc3=0.200
  [STIA-Net] Recomputing PLV for MI domain...
      S102 fold 1: acc3=0.267
  [STIA-Net] Recomputing PLV for MI domain...
      S102 fold 2: acc3=0.414
  [STIA-Net] Recomputing PLV for MI domain...
      S107 fold 0: acc3=0.333
  [STIA-Net] Recomputing PLV for MI domain...
      S107 fold 1: acc3=0.267
  [STIA-Net] Recomputing PLV for MI domain...
      S107 fold 2: acc3=0.267
  grupo 2/6 | alvos [7, 52, 71, 79, 109] | pool=98 (1min)
  [STIA-Net] Computing PLV adjacency matrix...
      pool treinado (47s) — serve aos 5 alvos do grupo
  [STIA-Net] Recomputing PLV for MI domain...
      S007 fold 0: acc3=0.200
  [STIA-Net] Recomputing PLV for MI domain...
      S007 fold 1: acc3=0.345
  [STIA-Net] Recomputing PLV for MI domain...
      S007 fold 2: acc3=0.517
  [STIA-Net] Recomputing PLV for MI domain...
      S052 fold 0: acc3=0.467
  [STIA-Net] Recomputing PLV for MI domain...
      S052 fold 1: acc3=0.533
  [STIA-Net] Recomputing PLV for MI domain...
      S052 fold 2: acc3=0.517
  [STIA-Net] Recomputing PLV for MI domain...
      S071 fold 0: acc3=0.467
  [STIA-Net] Recomputing PLV for MI domain...
      S071 fold 1: acc3=0.433
  [STIA-Net] Recomputing PLV for MI domain...
      S071 fold 2: acc3=0.448
  [STIA-Net] Recomputing PLV for MI domain...
      S079 fold 0: acc3=0.276
  [STIA-Net] Recomputing PLV for MI domain...
      S079 fold 1: acc3=0.414
  [STIA-Net] Recomputing PLV for MI domain...
      S079 fold 2: acc3=0.321
  [STIA-Net] Recomputing PLV for MI domain...
      S109 fold 0: acc3=0.621
  [STIA-Net] Recomputing PLV for MI domain...
      S109 fold 1: acc3=0.310
  [STIA-Net] Recomputing PLV for MI domain...
      S109 fold 2: acc3=0.552
  grupo 3/6 | alvos [12, 34, 60, 91, 95] | pool=98 (2min)
  [STIA-Net] Computing PLV adjacency matrix...
      pool treinado (46s) — serve aos 5 alvos do grupo
  [STIA-Net] Recomputing PLV for MI domain...
      S012 fold 0: acc3=0.517
  [STIA-Net] Recomputing PLV for MI domain...
      S012 fold 1: acc3=0.393
  [STIA-Net] Recomputing PLV for MI domain...
      S012 fold 2: acc3=0.357
  [STIA-Net] Recomputing PLV for MI domain...
      S034 fold 0: acc3=0.586
  [STIA-Net] Recomputing PLV for MI domain...
      S034 fold 1: acc3=0.241
  [STIA-Net] Recomputing PLV for MI domain...
      S034 fold 2: acc3=0.345
  [STIA-Net] Recomputing PLV for MI domain...
      S060 fold 0: acc3=0.310
  [STIA-Net] Recomputing PLV for MI domain...
      S060 fold 1: acc3=0.276
  [STIA-Net] Recomputing PLV for MI domain...
      S060 fold 2: acc3=0.345
  [STIA-Net] Recomputing PLV for MI domain...
      S091 fold 0: acc3=0.448
  [STIA-Net] Recomputing PLV for MI domain...
      S091 fold 1: acc3=0.276
  [STIA-Net] Recomputing PLV for MI domain...
      S091 fold 2: acc3=0.310
  [STIA-Net] Recomputing PLV for MI domain...
      S095 fold 0: acc3=0.345
  [STIA-Net] Recomputing PLV for MI domain...
      S095 fold 1: acc3=0.483
  [STIA-Net] Recomputing PLV for MI domain...
      S095 fold 2: acc3=0.379
  grupo 4/6 | alvos [25, 31, 87, 106, 108] | pool=98 (3min)
  [STIA-Net] Computing PLV adjacency matrix...
      pool treinado (49s) — serve aos 5 alvos do grupo
  [STIA-Net] Recomputing PLV for MI domain...
      S025 fold 0: acc3=0.367
  [STIA-Net] Recomputing PLV for MI domain...
      S025 fold 1: acc3=0.345
  [STIA-Net] Recomputing PLV for MI domain...
      S025 fold 2: acc3=0.414
  [STIA-Net] Recomputing PLV for MI domain...
      S031 fold 0: acc3=0.448
  [STIA-Net] Recomputing PLV for MI domain...
      S031 fold 1: acc3=0.345
  [STIA-Net] Recomputing PLV for MI domain...
      S031 fold 2: acc3=0.536
  [STIA-Net] Recomputing PLV for MI domain...
      S087 fold 0: acc3=0.429
  [STIA-Net] Recomputing PLV for MI domain...
      S087 fold 1: acc3=0.143
  [STIA-Net] Recomputing PLV for MI domain...
      S087 fold 2: acc3=0.429
  [STIA-Net] Recomputing PLV for MI domain...
      S106 fold 0: acc3=0.467
  [STIA-Net] Recomputing PLV for MI domain...
      S106 fold 1: acc3=0.400
  [STIA-Net] Recomputing PLV for MI domain...
      S106 fold 2: acc3=0.267
  [STIA-Net] Recomputing PLV for MI domain...
      S108 fold 0: acc3=0.310
  [STIA-Net] Recomputing PLV for MI domain...
      S108 fold 1: acc3=0.172
  [STIA-Net] Recomputing PLV for MI domain...
      S108 fold 2: acc3=0.345
  grupo 5/6 | alvos [41, 45, 63, 83, 105] | pool=98 (4min)
  [STIA-Net] Computing PLV adjacency matrix...
      pool treinado (48s) — serve aos 5 alvos do grupo
  [STIA-Net] Recomputing PLV for MI domain...
      S041 fold 0: acc3=0.379
  [STIA-Net] Recomputing PLV for MI domain...
      S041 fold 1: acc3=0.310
  [STIA-Net] Recomputing PLV for MI domain...
      S041 fold 2: acc3=0.207
  [STIA-Net] Recomputing PLV for MI domain...
      S045 fold 0: acc3=0.367
  [STIA-Net] Recomputing PLV for MI domain...
      S045 fold 1: acc3=0.467
  [STIA-Net] Recomputing PLV for MI domain...
      S045 fold 2: acc3=0.448
  [STIA-Net] Recomputing PLV for MI domain...
      S063 fold 0: acc3=0.393
  [STIA-Net] Recomputing PLV for MI domain...
      S063 fold 1: acc3=0.357
  [STIA-Net] Recomputing PLV for MI domain...
      S063 fold 2: acc3=0.444
  [STIA-Net] Recomputing PLV for MI domain...
      S083 fold 0: acc3=0.367
  [STIA-Net] Recomputing PLV for MI domain...
      S083 fold 1: acc3=0.310
  [STIA-Net] Recomputing PLV for MI domain...
      S083 fold 2: acc3=0.448
  [STIA-Net] Recomputing PLV for MI domain...
      S105 fold 0: acc3=0.414
  [STIA-Net] Recomputing PLV for MI domain...
      S105 fold 1: acc3=0.429
  [STIA-Net] Recomputing PLV for MI domain...
      S105 fold 2: acc3=0.536
  grupo 6/6 | alvos [18, 49, 68, 76, 98] | pool=98 (5min)
  [STIA-Net] Computing PLV adjacency matrix...
      pool treinado (46s) — serve aos 5 alvos do grupo
  [STIA-Net] Recomputing PLV for MI domain...
      S018 fold 0: acc3=0.267
  [STIA-Net] Recomputing PLV for MI domain...
      S018 fold 1: acc3=0.433
  [STIA-Net] Recomputing PLV for MI domain...
      S018 fold 2: acc3=0.310
  [STIA-Net] Recomputing PLV for MI domain...
      S049 fold 0: acc3=0.276
  [STIA-Net] Recomputing PLV for MI domain...
      S049 fold 1: acc3=0.345
  [STIA-Net] Recomputing PLV for MI domain...
      S049 fold 2: acc3=0.464
  [STIA-Net] Recomputing PLV for MI domain...
      S068 fold 0: acc3=0.333
  [STIA-Net] Recomputing PLV for MI domain...
      S068 fold 1: acc3=0.367
  [STIA-Net] Recomputing PLV for MI domain...
      S068 fold 2: acc3=0.300
  [STIA-Net] Recomputing PLV for MI domain...
      S076 fold 0: acc3=0.333
  [STIA-Net] Recomputing PLV for MI domain...
      S076 fold 1: acc3=0.533
  [STIA-Net] Recomputing PLV for MI domain...
      S076 fold 2: acc3=0.345
  [STIA-Net] Recomputing PLV for MI domain...
      S098 fold 0: acc3=0.333
  [STIA-Net] Recomputing PLV for MI domain...
      S098 fold 1: acc3=0.300
  [STIA-Net] Recomputing PLV for MI domain...
      S098 fold 2: acc3=0.345

BENCH_MONTAGENS_DONE (6min)
CUDA=True | montagens=['8'] | modelos=['eegnet'] | alvos=30 | folds=3
  contrato 5cb6c6358c | banda 4-40 Hz ordem 5 | CAR on | IQR k=1.5 | calib 48 | fases mi
  aninhamento 2<4<8<16<21<32<64 verificado
  montagem      E  D centro  simetria
  64           27 27     10  sim
  32           14 14      4  sim
  21            9  8      4  NAO (aceita por decisao)
  16            6  6      4  sim
  8             3  3      2  sim
  4             2  2      0  sim
  2             1  1      0  sim
  3             1  1      1  sim
  sem_fz        4  3      1  NAO (aceita por decisao)
  posterior8    4  4      0  sim
  ocular4       2  2      0  sim
  6 grupos de alvos (semente 42), pool = 98 sujeitos:
    grupo 1: [3, 22, 57, 102, 107]
    grupo 2: [7, 52, 71, 79, 109]
    grupo 3: [12, 34, 60, 91, 95]
    grupo 4: [25, 31, 87, 106, 108]
    grupo 5: [41, 45, 63, 83, 105]
    grupo 6: [18, 49, 68, 76, 98]
  retomando: 1350 celulas ja concluidas sob 5cb6c6358c

==============================================================
  MONTAGEM 8 (8 canais) | MODELO eegnet | 0min
==============================================================
  grupo 1/6 | alvos [3, 22, 57, 102, 107] | pool=98 (0min)
      pool treinado (54s) — serve aos 5 alvos do grupo
      S003 fold 0: acc3=0.276
      S003 fold 1: acc3=0.207
      S003 fold 2: acc3=0.143
      S022 fold 0: acc3=0.552
      S022 fold 1: acc3=0.621
      S022 fold 2: acc3=0.536
      S057 fold 0: acc3=0.345
      S057 fold 1: acc3=0.241
      S057 fold 2: acc3=0.357
      S102 fold 0: acc3=0.700
      S102 fold 1: acc3=0.800
      S102 fold 2: acc3=0.724
      S107 fold 0: acc3=0.207
      S107 fold 1: acc3=0.357
      S107 fold 2: acc3=0.357
  grupo 2/6 | alvos [7, 52, 71, 79, 109] | pool=98 (1min)
      pool treinado (183s) — serve aos 5 alvos do grupo
      S007 fold 0: acc3=0.800
      S007 fold 1: acc3=0.690
      S007 fold 2: acc3=0.586
      S052 fold 0: acc3=0.621
      S052 fold 1: acc3=0.552
      S052 fold 2: acc3=0.690
      S071 fold 0: acc3=0.655
      S071 fold 1: acc3=0.552
      S071 fold 2: acc3=0.690
      S079 fold 0: acc3=0.241
      S079 fold 1: acc3=0.310
      S079 fold 2: acc3=0.464
      S109 fold 0: acc3=0.400
      S109 fold 1: acc3=0.207
      S109 fold 2: acc3=0.414
  grupo 3/6 | alvos [12, 34, 60, 91, 95] | pool=98 (4min)
      pool treinado (77s) — serve aos 5 alvos do grupo
      S012 fold 0: acc3=0.600
      S012 fold 1: acc3=0.567
      S012 fold 2: acc3=0.586
      S034 fold 0: acc3=0.800
      S034 fold 1: acc3=0.900
      S034 fold 2: acc3=0.655
      S060 fold 0: acc3=0.483
      S060 fold 1: acc3=0.552
      S060 fold 2: acc3=0.643
      S091 fold 0: acc3=0.533
      S091 fold 1: acc3=0.600
      S091 fold 2: acc3=0.433
      S095 fold 0: acc3=0.483
      S095 fold 1: acc3=0.448
      S095 fold 2: acc3=0.517
  grupo 4/6 | alvos [25, 31, 87, 106, 108] | pool=98 (6min)
      pool treinado (75s) — serve aos 5 alvos do grupo
      S025 fold 0: acc3=0.724
      S025 fold 1: acc3=0.464
      S025 fold 2: acc3=0.679
      S031 fold 0: acc3=0.533
      S031 fold 1: acc3=0.567
      S031 fold 2: acc3=0.533
      S087 fold 0: acc3=0.414
      S087 fold 1: acc3=0.286
      S087 fold 2: acc3=0.464
      S106 fold 0: acc3=0.448
      S106 fold 1: acc3=0.464
      S106 fold 2: acc3=0.464
      S108 fold 0: acc3=0.379
      S108 fold 1: acc3=0.393
      S108 fold 2: acc3=0.286
  grupo 5/6 | alvos [41, 45, 63, 83, 105] | pool=98 (7min)
      pool treinado (77s) — serve aos 5 alvos do grupo
      S041 fold 0: acc3=0.467
      S041 fold 1: acc3=0.586
      S041 fold 2: acc3=0.483
      S045 fold 0: acc3=0.567
      S045 fold 1: acc3=0.567
      S045 fold 2: acc3=0.655
      S063 fold 0: acc3=0.567
      S063 fold 1: acc3=0.400
      S063 fold 2: acc3=0.517
      S083 fold 0: acc3=0.821
      S083 fold 1: acc3=0.607
      S083 fold 2: acc3=0.643
      S105 fold 0: acc3=0.621
      S105 fold 1: acc3=0.517
      S105 fold 2: acc3=0.586
  grupo 6/6 | alvos [18, 49, 68, 76, 98] | pool=98 (9min)
      pool treinado (80s) — serve aos 5 alvos do grupo
      S018 fold 0: acc3=0.276
      S018 fold 1: acc3=0.379
      S018 fold 2: acc3=0.414
      S049 fold 0: acc3=0.767
      S049 fold 1: acc3=0.759
      S049 fold 2: acc3=0.724
      S068 fold 0: acc3=0.500
      S068 fold 1: acc3=0.367
      S068 fold 2: acc3=0.500
      S076 fold 0: acc3=0.433
      S076 fold 1: acc3=0.207
      S076 fold 2: acc3=0.483
      S098 fold 0: acc3=0.448
      S098 fold 1: acc3=0.586
      S098 fold 2: acc3=0.500

BENCH_MONTAGENS_DONE (10min)
CUDA=True | montagens=['8'] | modelos=['eegsym'] | alvos=30 | folds=3
  contrato 5cb6c6358c | banda 4-40 Hz ordem 5 | CAR on | IQR k=1.5 | calib 48 | fases mi
  aninhamento 2<4<8<16<21<32<64 verificado
  montagem      E  D centro  simetria
  64           27 27     10  sim
  32           14 14      4  sim
  21            9  8      4  NAO (aceita por decisao)
  16            6  6      4  sim
  8             3  3      2  sim
  4             2  2      0  sim
  2             1  1      0  sim
  3             1  1      1  sim
  sem_fz        4  3      1  NAO (aceita por decisao)
  posterior8    4  4      0  sim
  ocular4       2  2      0  sim
  6 grupos de alvos (semente 42), pool = 98 sujeitos:
    grupo 1: [3, 22, 57, 102, 107]
    grupo 2: [7, 52, 71, 79, 109]
    grupo 3: [12, 34, 60, 91, 95]
    grupo 4: [25, 31, 87, 106, 108]
    grupo 5: [41, 45, 63, 83, 105]
    grupo 6: [18, 49, 68, 76, 98]
  retomando: 1440 celulas ja concluidas sob 5cb6c6358c

==============================================================
  MONTAGEM 8 (8 canais) | MODELO eegsym | 0min
==============================================================
  grupo 1/6 | alvos [3, 22, 57, 102, 107] | pool=98 (0min)
      ramo E: C3 FC3 CP3 Cz Fz
      ramo D: C4 FC4 CP4 Cz Fz
      pool treinado (57s) — serve aos 5 alvos do grupo
      S003 fold 0: acc3=0.241
      S003 fold 1: acc3=0.379
      S003 fold 2: acc3=0.250
      S022 fold 0: acc3=0.483
      S022 fold 1: acc3=0.517
      S022 fold 2: acc3=0.500
      S057 fold 0: acc3=0.448
      S057 fold 1: acc3=0.310
      S057 fold 2: acc3=0.393
      S102 fold 0: acc3=0.667
      S102 fold 1: acc3=0.700
      S102 fold 2: acc3=0.586
      S107 fold 0: acc3=0.276
      S107 fold 1: acc3=0.286
      S107 fold 2: acc3=0.357
  grupo 2/6 | alvos [7, 52, 71, 79, 109] | pool=98 (1min)
      pool treinado (66s) — serve aos 5 alvos do grupo
      S007 fold 0: acc3=0.833
      S007 fold 1: acc3=0.724
      S007 fold 2: acc3=0.655
      S052 fold 0: acc3=0.621
      S052 fold 1: acc3=0.655
      S052 fold 2: acc3=0.586
      S071 fold 0: acc3=0.517
      S071 fold 1: acc3=0.552
      S071 fold 2: acc3=0.724
      S079 fold 0: acc3=0.379
      S079 fold 1: acc3=0.483
      S079 fold 2: acc3=0.286
      S109 fold 0: acc3=0.300
      S109 fold 1: acc3=0.241
      S109 fold 2: acc3=0.241
  grupo 3/6 | alvos [12, 34, 60, 91, 95] | pool=98 (3min)
      pool treinado (78s) — serve aos 5 alvos do grupo
CUDA=True | montagens=['posterior8'] | modelos=['eegnet'] | alvos=30 | folds=3
  contrato 5cb6c6358c | banda 4-40 Hz ordem 5 | CAR on | IQR k=1.5 | calib 48 | fases mi
  aninhamento 2<4<8<16<21<32<64 verificado
  montagem      E  D centro  simetria
  64           27 27     10  sim
  32           14 14      4  sim
  21            9  8      4  NAO (aceita por decisao)
  16            6  6      4  sim
  8             3  3      2  sim
  4             2  2      0  sim
  2             1  1      0  sim
  3             1  1      1  sim
  sem_fz        4  3      1  NAO (aceita por decisao)
  posterior8    4  4      0  sim
  ocular4       2  2      0  sim
  6 grupos de alvos (semente 42), pool = 98 sujeitos:
    grupo 1: [3, 22, 57, 102, 107]
    grupo 2: [7, 52, 71, 79, 109]
    grupo 3: [12, 34, 60, 91, 95]
    grupo 4: [25, 31, 87, 106, 108]
    grupo 5: [41, 45, 63, 83, 105]
    grupo 6: [18, 49, 68, 76, 98]
  retomando: 1470 celulas ja concluidas sob 5cb6c6358c

==============================================================
  MONTAGEM posterior8 (8 canais) | MODELO eegnet | 0min
==============================================================

BENCH_MONTAGENS_DONE (0min)
CUDA=True | montagens=['posterior8'] | modelos=['eegsym'] | alvos=30 | folds=3
  contrato 5cb6c6358c | banda 4-40 Hz ordem 5 | CAR on | IQR k=1.5 | calib 48 | fases mi
  aninhamento 2<4<8<16<21<32<64 verificado
  montagem      E  D centro  simetria
  64           27 27     10  sim
  32           14 14      4  sim
  21            9  8      4  NAO (aceita por decisao)
  16            6  6      4  sim
  8             3  3      2  sim
  4             2  2      0  sim
  2             1  1      0  sim
  3             1  1      1  sim
  sem_fz        4  3      1  NAO (aceita por decisao)
  posterior8    4  4      0  sim
  ocular4       2  2      0  sim
  6 grupos de alvos (semente 42), pool = 98 sujeitos:
    grupo 1: [3, 22, 57, 102, 107]
    grupo 2: [7, 52, 71, 79, 109]
    grupo 3: [12, 34, 60, 91, 95]
    grupo 4: [25, 31, 87, 106, 108]
    grupo 5: [41, 45, 63, 83, 105]
    grupo 6: [18, 49, 68, 76, 98]
  retomando: 1470 celulas ja concluidas sob 5cb6c6358c

==============================================================
  MONTAGEM posterior8 (8 canais) | MODELO eegsym | 0min
==============================================================

BENCH_MONTAGENS_DONE (0min)
CUDA=True | montagens=['posterior8'] | modelos=['shallow_convnet'] | alvos=30 | folds=3
  contrato 5cb6c6358c | banda 4-40 Hz ordem 5 | CAR on | IQR k=1.5 | calib 48 | fases mi
  aninhamento 2<4<8<16<21<32<64 verificado
  montagem      E  D centro  simetria
  64           27 27     10  sim
  32           14 14      4  sim
  21            9  8      4  NAO (aceita por decisao)
  16            6  6      4  sim
  8             3  3      2  sim
  4             2  2      0  sim
  2             1  1      0  sim
  3             1  1      1  sim
  sem_fz        4  3      1  NAO (aceita por decisao)
  posterior8    4  4      0  sim
  ocular4       2  2      0  sim
  6 grupos de alvos (semente 42), pool = 98 sujeitos:
    grupo 1: [3, 22, 57, 102, 107]
    grupo 2: [7, 52, 71, 79, 109]
    grupo 3: [12, 34, 60, 91, 95]
    grupo 4: [25, 31, 87, 106, 108]
    grupo 5: [41, 45, 63, 83, 105]
    grupo 6: [18, 49, 68, 76, 98]
  retomando: 1470 celulas ja concluidas sob 5cb6c6358c

==============================================================
  MONTAGEM posterior8 (8 canais) | MODELO shallow_convnet | 0min
==============================================================

BENCH_MONTAGENS_DONE (0min)
CUDA=True | montagens=['posterior8'] | modelos=['deepcnn'] | alvos=30 | folds=3
  contrato 5cb6c6358c | banda 4-40 Hz ordem 5 | CAR on | IQR k=1.5 | calib 48 | fases mi
  aninhamento 2<4<8<16<21<32<64 verificado
  montagem      E  D centro  simetria
  64           27 27     10  sim
  32           14 14      4  sim
  21            9  8      4  NAO (aceita por decisao)
  16            6  6      4  sim
  8             3  3      2  sim
  4             2  2      0  sim
  2             1  1      0  sim
  3             1  1      1  sim
  sem_fz        4  3      1  NAO (aceita por decisao)
  posterior8    4  4      0  sim
  ocular4       2  2      0  sim
  6 grupos de alvos (semente 42), pool = 98 sujeitos:
    grupo 1: [3, 22, 57, 102, 107]
    grupo 2: [7, 52, 71, 79, 109]
    grupo 3: [12, 34, 60, 91, 95]
    grupo 4: [25, 31, 87, 106, 108]
    grupo 5: [41, 45, 63, 83, 105]
    grupo 6: [18, 49, 68, 76, 98]
  retomando: 1470 celulas ja concluidas sob 5cb6c6358c

==============================================================
  MONTAGEM posterior8 (8 canais) | MODELO deepcnn | 0min
==============================================================

BENCH_MONTAGENS_DONE (0min)
CUDA=True | montagens=['posterior8'] | modelos=['stia_net'] | alvos=30 | folds=3
  contrato 5cb6c6358c | banda 4-40 Hz ordem 5 | CAR on | IQR k=1.5 | calib 48 | fases mi
  aninhamento 2<4<8<16<21<32<64 verificado
  montagem      E  D centro  simetria
  64           27 27     10  sim
  32           14 14      4  sim
  21            9  8      4  NAO (aceita por decisao)
  16            6  6      4  sim
  8             3  3      2  sim
  4             2  2      0  sim
  2             1  1      0  sim
  3             1  1      1  sim
  sem_fz        4  3      1  NAO (aceita por decisao)
  posterior8    4  4      0  sim
  ocular4       2  2      0  sim
  celulas gemeas pendentes: stia_net.banda_do_artigo (rodar de novo com --banda 8 30)
  6 grupos de alvos (semente 42), pool = 98 sujeitos:
    grupo 1: [3, 22, 57, 102, 107]
    grupo 2: [7, 52, 71, 79, 109]
    grupo 3: [12, 34, 60, 91, 95]
    grupo 4: [25, 31, 87, 106, 108]
    grupo 5: [41, 45, 63, 83, 105]
    grupo 6: [18, 49, 68, 76, 98]
  retomando: 1470 celulas ja concluidas sob 5cb6c6358c

==============================================================
  MONTAGEM posterior8 (8 canais) | MODELO stia_net | 0min
==============================================================

BENCH_MONTAGENS_DONE (0min)
CUDA=True | montagens=['sem_fz'] | modelos=['eegnet'] | alvos=30 | folds=3
  contrato 5cb6c6358c | banda 4-40 Hz ordem 5 | CAR on | IQR k=1.5 | calib 48 | fases mi
  aninhamento 2<4<8<16<21<32<64 verificado
  montagem      E  D centro  simetria
  64           27 27     10  sim
  32           14 14      4  sim
  21            9  8      4  NAO (aceita por decisao)
  16            6  6      4  sim
  8             3  3      2  sim
  4             2  2      0  sim
  2             1  1      0  sim
  3             1  1      1  sim
  sem_fz        4  3      1  NAO (aceita por decisao)
  posterior8    4  4      0  sim
  ocular4       2  2      0  sim
  6 grupos de alvos (semente 42), pool = 98 sujeitos:
    grupo 1: [3, 22, 57, 102, 107]
    grupo 2: [7, 52, 71, 79, 109]
    grupo 3: [12, 34, 60, 91, 95]
    grupo 4: [25, 31, 87, 106, 108]
    grupo 5: [41, 45, 63, 83, 105]
    grupo 6: [18, 49, 68, 76, 98]
  retomando: 1470 celulas ja concluidas sob 5cb6c6358c

==============================================================
  MONTAGEM sem_fz (8 canais) | MODELO eegnet | 0min
==============================================================

BENCH_MONTAGENS_DONE (0min)
CUDA=True | montagens=['sem_fz'] | modelos=['eegsym'] | alvos=30 | folds=3
  contrato 5cb6c6358c | banda 4-40 Hz ordem 5 | CAR on | IQR k=1.5 | calib 48 | fases mi
  aninhamento 2<4<8<16<21<32<64 verificado
  montagem      E  D centro  simetria
  64           27 27     10  sim
  32           14 14      4  sim
  21            9  8      4  NAO (aceita por decisao)
  16            6  6      4  sim
  8             3  3      2  sim
  4             2  2      0  sim
  2             1  1      0  sim
  3             1  1      1  sim
  sem_fz        4  3      1  NAO (aceita por decisao)
  posterior8    4  4      0  sim
  ocular4       2  2      0  sim
  6 grupos de alvos (semente 42), pool = 98 sujeitos:
    grupo 1: [3, 22, 57, 102, 107]
    grupo 2: [7, 52, 71, 79, 109]
    grupo 3: [12, 34, 60, 91, 95]
    grupo 4: [25, 31, 87, 106, 108]
    grupo 5: [41, 45, 63, 83, 105]
    grupo 6: [18, 49, 68, 76, 98]
  retomando: 1470 celulas ja concluidas sob 5cb6c6358c

==============================================================
  MONTAGEM sem_fz (8 canais) | MODELO eegsym | 0min
==============================================================

BENCH_MONTAGENS_DONE (0min)
CUDA=True | montagens=['sem_fz'] | modelos=['shallow_convnet'] | alvos=30 | folds=3
  contrato 5cb6c6358c | banda 4-40 Hz ordem 5 | CAR on | IQR k=1.5 | calib 48 | fases mi
  aninhamento 2<4<8<16<21<32<64 verificado
  montagem      E  D centro  simetria
  64           27 27     10  sim
  32           14 14      4  sim
  21            9  8      4  NAO (aceita por decisao)
  16            6  6      4  sim
  8             3  3      2  sim
  4             2  2      0  sim
  2             1  1      0  sim
  3             1  1      1  sim
  sem_fz        4  3      1  NAO (aceita por decisao)
  posterior8    4  4      0  sim
  ocular4       2  2      0  sim
  6 grupos de alvos (semente 42), pool = 98 sujeitos:
    grupo 1: [3, 22, 57, 102, 107]
    grupo 2: [7, 52, 71, 79, 109]
    grupo 3: [12, 34, 60, 91, 95]
    grupo 4: [25, 31, 87, 106, 108]
    grupo 5: [41, 45, 63, 83, 105]
    grupo 6: [18, 49, 68, 76, 98]
  retomando: 1470 celulas ja concluidas sob 5cb6c6358c

==============================================================
  MONTAGEM sem_fz (8 canais) | MODELO shallow_convnet | 0min
==============================================================

BENCH_MONTAGENS_DONE (0min)
CUDA=True | montagens=['sem_fz'] | modelos=['deepcnn'] | alvos=30 | folds=3
  contrato 5cb6c6358c | banda 4-40 Hz ordem 5 | CAR on | IQR k=1.5 | calib 48 | fases mi
  aninhamento 2<4<8<16<21<32<64 verificado
  montagem      E  D centro  simetria
  64           27 27     10  sim
  32           14 14      4  sim
  21            9  8      4  NAO (aceita por decisao)
  16            6  6      4  sim
  8             3  3      2  sim
  4             2  2      0  sim
  2             1  1      0  sim
  3             1  1      1  sim
  sem_fz        4  3      1  NAO (aceita por decisao)
  posterior8    4  4      0  sim
  ocular4       2  2      0  sim
  6 grupos de alvos (semente 42), pool = 98 sujeitos:
    grupo 1: [3, 22, 57, 102, 107]
    grupo 2: [7, 52, 71, 79, 109]
    grupo 3: [12, 34, 60, 91, 95]
    grupo 4: [25, 31, 87, 106, 108]
    grupo 5: [41, 45, 63, 83, 105]
    grupo 6: [18, 49, 68, 76, 98]
  retomando: 1470 celulas ja concluidas sob 5cb6c6358c

==============================================================
  MONTAGEM sem_fz (8 canais) | MODELO deepcnn | 0min
==============================================================

BENCH_MONTAGENS_DONE (0min)
CUDA=True | montagens=['sem_fz'] | modelos=['stia_net'] | alvos=30 | folds=3
  contrato 5cb6c6358c | banda 4-40 Hz ordem 5 | CAR on | IQR k=1.5 | calib 48 | fases mi
  aninhamento 2<4<8<16<21<32<64 verificado
  montagem      E  D centro  simetria
  64           27 27     10  sim
  32           14 14      4  sim
  21            9  8      4  NAO (aceita por decisao)
  16            6  6      4  sim
  8             3  3      2  sim
  4             2  2      0  sim
  2             1  1      0  sim
  3             1  1      1  sim
  sem_fz        4  3      1  NAO (aceita por decisao)
  posterior8    4  4      0  sim
  ocular4       2  2      0  sim
  celulas gemeas pendentes: stia_net.banda_do_artigo (rodar de novo com --banda 8 30)
  6 grupos de alvos (semente 42), pool = 98 sujeitos:
    grupo 1: [3, 22, 57, 102, 107]
    grupo 2: [7, 52, 71, 79, 109]
    grupo 3: [12, 34, 60, 91, 95]
    grupo 4: [25, 31, 87, 106, 108]
    grupo 5: [41, 45, 63, 83, 105]
    grupo 6: [18, 49, 68, 76, 98]
  retomando: 1470 celulas ja concluidas sob 5cb6c6358c

==============================================================
  MONTAGEM sem_fz (8 canais) | MODELO stia_net | 0min
==============================================================

BENCH_MONTAGENS_DONE (0min)
CUDA=True | montagens=['ocular4'] | modelos=['eegnet'] | alvos=30 | folds=3
  contrato 5cb6c6358c | banda 4-40 Hz ordem 5 | CAR on | IQR k=1.5 | calib 48 | fases mi
  aninhamento 2<4<8<16<21<32<64 verificado
  montagem      E  D centro  simetria
  64           27 27     10  sim
  32           14 14      4  sim
  21            9  8      4  NAO (aceita por decisao)
  16            6  6      4  sim
  8             3  3      2  sim
  4             2  2      0  sim
  2             1  1      0  sim
  3             1  1      1  sim
  sem_fz        4  3      1  NAO (aceita por decisao)
  posterior8    4  4      0  sim
  ocular4       2  2      0  sim
  6 grupos de alvos (semente 42), pool = 98 sujeitos:
    grupo 1: [3, 22, 57, 102, 107]
    grupo 2: [7, 52, 71, 79, 109]
    grupo 3: [12, 34, 60, 91, 95]
    grupo 4: [25, 31, 87, 106, 108]
    grupo 5: [41, 45, 63, 83, 105]
    grupo 6: [18, 49, 68, 76, 98]
  retomando: 1470 celulas ja concluidas sob 5cb6c6358c

==============================================================
  MONTAGEM ocular4 (4 canais) | MODELO eegnet | 0min
==============================================================

BENCH_MONTAGENS_DONE (0min)
CUDA=True | montagens=['ocular4'] | modelos=['eegsym'] | alvos=30 | folds=3
  contrato 5cb6c6358c | banda 4-40 Hz ordem 5 | CAR on | IQR k=1.5 | calib 48 | fases mi
  aninhamento 2<4<8<16<21<32<64 verificado
  montagem      E  D centro  simetria
  64           27 27     10  sim
  32           14 14      4  sim
  21            9  8      4  NAO (aceita por decisao)
  16            6  6      4  sim
  8             3  3      2  sim
  4             2  2      0  sim
  2             1  1      0  sim
  3             1  1      1  sim
  sem_fz        4  3      1  NAO (aceita por decisao)
  posterior8    4  4      0  sim
  ocular4       2  2      0  sim
  6 grupos de alvos (semente 42), pool = 98 sujeitos:
    grupo 1: [3, 22, 57, 102, 107]
    grupo 2: [7, 52, 71, 79, 109]
    grupo 3: [12, 34, 60, 91, 95]
    grupo 4: [25, 31, 87, 106, 108]
    grupo 5: [41, 45, 63, 83, 105]
    grupo 6: [18, 49, 68, 76, 98]
  retomando: 1470 celulas ja concluidas sob 5cb6c6358c

==============================================================
  MONTAGEM ocular4 (4 canais) | MODELO eegsym | 0min
==============================================================

BENCH_MONTAGENS_DONE (0min)
CUDA=True | montagens=['ocular4'] | modelos=['shallow_convnet'] | alvos=30 | folds=3
  contrato 5cb6c6358c | banda 4-40 Hz ordem 5 | CAR on | IQR k=1.5 | calib 48 | fases mi
  aninhamento 2<4<8<16<21<32<64 verificado
  montagem      E  D centro  simetria
  64           27 27     10  sim
  32           14 14      4  sim
  21            9  8      4  NAO (aceita por decisao)
  16            6  6      4  sim
  8             3  3      2  sim
  4             2  2      0  sim
  2             1  1      0  sim
  3             1  1      1  sim
  sem_fz        4  3      1  NAO (aceita por decisao)
  posterior8    4  4      0  sim
  ocular4       2  2      0  sim
  6 grupos de alvos (semente 42), pool = 98 sujeitos:
    grupo 1: [3, 22, 57, 102, 107]
    grupo 2: [7, 52, 71, 79, 109]
    grupo 3: [12, 34, 60, 91, 95]
    grupo 4: [25, 31, 87, 106, 108]
    grupo 5: [41, 45, 63, 83, 105]
    grupo 6: [18, 49, 68, 76, 98]
  retomando: 1470 celulas ja concluidas sob 5cb6c6358c

==============================================================
  MONTAGEM ocular4 (4 canais) | MODELO shallow_convnet | 0min
==============================================================

BENCH_MONTAGENS_DONE (0min)
CUDA=True | montagens=['ocular4'] | modelos=['deepcnn'] | alvos=30 | folds=3
  contrato 5cb6c6358c | banda 4-40 Hz ordem 5 | CAR on | IQR k=1.5 | calib 48 | fases mi
  aninhamento 2<4<8<16<21<32<64 verificado
  montagem      E  D centro  simetria
  64           27 27     10  sim
  32           14 14      4  sim
  21            9  8      4  NAO (aceita por decisao)
  16            6  6      4  sim
  8             3  3      2  sim
  4             2  2      0  sim
  2             1  1      0  sim
  3             1  1      1  sim
  sem_fz        4  3      1  NAO (aceita por decisao)
  posterior8    4  4      0  sim
  ocular4       2  2      0  sim
  6 grupos de alvos (semente 42), pool = 98 sujeitos:
    grupo 1: [3, 22, 57, 102, 107]
    grupo 2: [7, 52, 71, 79, 109]
    grupo 3: [12, 34, 60, 91, 95]
    grupo 4: [25, 31, 87, 106, 108]
    grupo 5: [41, 45, 63, 83, 105]
    grupo 6: [18, 49, 68, 76, 98]
  retomando: 1470 celulas ja concluidas sob 5cb6c6358c

==============================================================
  MONTAGEM ocular4 (4 canais) | MODELO deepcnn | 0min
==============================================================

BENCH_MONTAGENS_DONE (0min)
CUDA=True | montagens=['ocular4'] | modelos=['stia_net'] | alvos=30 | folds=3
  contrato 5cb6c6358c | banda 4-40 Hz ordem 5 | CAR on | IQR k=1.5 | calib 48 | fases mi
  aninhamento 2<4<8<16<21<32<64 verificado
  montagem      E  D centro  simetria
  64           27 27     10  sim
  32           14 14      4  sim
  21            9  8      4  NAO (aceita por decisao)
  16            6  6      4  sim
  8             3  3      2  sim
  4             2  2      0  sim
  2             1  1      0  sim
  3             1  1      1  sim
  sem_fz        4  3      1  NAO (aceita por decisao)
  posterior8    4  4      0  sim
  ocular4       2  2      0  sim
  celulas gemeas pendentes: stia_net.banda_do_artigo (rodar de novo com --banda 8 30)
  6 grupos de alvos (semente 42), pool = 98 sujeitos:
    grupo 1: [3, 22, 57, 102, 107]
    grupo 2: [7, 52, 71, 79, 109]
    grupo 3: [12, 34, 60, 91, 95]
    grupo 4: [25, 31, 87, 106, 108]
    grupo 5: [41, 45, 63, 83, 105]
    grupo 6: [18, 49, 68, 76, 98]
  retomando: 1470 celulas ja concluidas sob 5cb6c6358c

==============================================================
  MONTAGEM ocular4 (4 canais) | MODELO stia_net | 0min
==============================================================

BENCH_MONTAGENS_DONE (0min)
CUDA=True | montagens=['8'] | modelos=['eegnet'] | alvos=30 | folds=3
  contrato 5cb6c6358c | banda 4-40 Hz ordem 5 | CAR on | IQR k=1.5 | calib 48 | fases mi
  aninhamento 2<4<8<16<21<32<64 verificado
  montagem      E  D centro  simetria
  64           27 27     10  sim
  32           14 14      4  sim
  21            9  8      4  NAO (aceita por decisao)
  16            6  6      4  sim
  8             3  3      2  sim
  4             2  2      0  sim
  2             1  1      0  sim
  3             1  1      1  sim
  sem_fz        4  3      1  NAO (aceita por decisao)
  posterior8    4  4      0  sim
  ocular4       2  2      0  sim
  6 grupos de alvos (semente 42), pool = 98 sujeitos:
    grupo 1: [3, 22, 57, 102, 107]
    grupo 2: [7, 52, 71, 79, 109]
    grupo 3: [12, 34, 60, 91, 95]
    grupo 4: [25, 31, 87, 106, 108]
    grupo 5: [41, 45, 63, 83, 105]
    grupo 6: [18, 49, 68, 76, 98]
  retomando: 1470 celulas ja concluidas sob 5cb6c6358c

==============================================================
  MONTAGEM 8 (8 canais) | MODELO eegnet | 0min
==============================================================

BENCH_MONTAGENS_DONE (0min)
CUDA=True | montagens=['8'] | modelos=['eegsym'] | alvos=30 | folds=3
  contrato 5cb6c6358c | banda 4-40 Hz ordem 5 | CAR on | IQR k=1.5 | calib 48 | fases mi
  aninhamento 2<4<8<16<21<32<64 verificado
  montagem      E  D centro  simetria
  64           27 27     10  sim
  32           14 14      4  sim
  21            9  8      4  NAO (aceita por decisao)
  16            6  6      4  sim
  8             3  3      2  sim
  4             2  2      0  sim
  2             1  1      0  sim
  3             1  1      1  sim
  sem_fz        4  3      1  NAO (aceita por decisao)
  posterior8    4  4      0  sim
  ocular4       2  2      0  sim
  6 grupos de alvos (semente 42), pool = 98 sujeitos:
    grupo 1: [3, 22, 57, 102, 107]
    grupo 2: [7, 52, 71, 79, 109]
    grupo 3: [12, 34, 60, 91, 95]
    grupo 4: [25, 31, 87, 106, 108]
    grupo 5: [41, 45, 63, 83, 105]
    grupo 6: [18, 49, 68, 76, 98]
  retomando: 1470 celulas ja concluidas sob 5cb6c6358c

==============================================================
  MONTAGEM 8 (8 canais) | MODELO eegsym | 0min
==============================================================
  grupo 3/6 | alvos [12, 34, 60, 91, 95] | pool=98 (0min)
      pool treinado (67s) — serve aos 5 alvos do grupo
      S012 fold 0: acc3=0.667
      S012 fold 1: acc3=0.567
      S012 fold 2: acc3=0.655
      S034 fold 0: acc3=0.833
      S034 fold 1: acc3=0.933
      S034 fold 2: acc3=0.586
      S060 fold 0: acc3=0.621
      S060 fold 1: acc3=0.621
      S060 fold 2: acc3=0.643
      S091 fold 0: acc3=0.533
      S091 fold 1: acc3=0.567
      S091 fold 2: acc3=0.433
      S095 fold 0: acc3=0.655
      S095 fold 1: acc3=0.379
      S095 fold 2: acc3=0.586
  grupo 4/6 | alvos [25, 31, 87, 106, 108] | pool=98 (1min)
      pool treinado (54s) — serve aos 5 alvos do grupo
      S025 fold 0: acc3=0.621
      S025 fold 1: acc3=0.786
      S025 fold 2: acc3=0.679
      S031 fold 0: acc3=0.600
      S031 fold 1: acc3=0.567
      S031 fold 2: acc3=0.467
      S087 fold 0: acc3=0.379
      S087 fold 1: acc3=0.321
      S087 fold 2: acc3=0.214
      S106 fold 0: acc3=0.379
      S106 fold 1: acc3=0.429
      S106 fold 2: acc3=0.393
      S108 fold 0: acc3=0.379
      S108 fold 1: acc3=0.500
      S108 fold 2: acc3=0.500
  grupo 5/6 | alvos [41, 45, 63, 83, 105] | pool=98 (3min)
      pool treinado (60s) — serve aos 5 alvos do grupo
      S041 fold 0: acc3=0.433
      S041 fold 1: acc3=0.586
      S041 fold 2: acc3=0.517
      S045 fold 0: acc3=0.633
      S045 fold 1: acc3=0.600
      S045 fold 2: acc3=0.655
      S063 fold 0: acc3=0.400
      S063 fold 1: acc3=0.567
      S063 fold 2: acc3=0.552
      S083 fold 0: acc3=0.464
      S083 fold 1: acc3=0.607
      S083 fold 2: acc3=0.393
      S105 fold 0: acc3=0.828
      S105 fold 1: acc3=0.655
      S105 fold 2: acc3=0.655
  grupo 6/6 | alvos [18, 49, 68, 76, 98] | pool=98 (4min)
      pool treinado (63s) — serve aos 5 alvos do grupo
      S018 fold 0: acc3=0.345
      S018 fold 1: acc3=0.241
      S018 fold 2: acc3=0.345
      S049 fold 0: acc3=0.600
      S049 fold 1: acc3=0.724
      S049 fold 2: acc3=0.621
      S068 fold 0: acc3=0.700
      S068 fold 1: acc3=0.533
      S068 fold 2: acc3=0.533
      S076 fold 0: acc3=0.367
      S076 fold 1: acc3=0.310
      S076 fold 2: acc3=0.517
      S098 fold 0: acc3=0.517
      S098 fold 1: acc3=0.448
      S098 fold 2: acc3=0.500

BENCH_MONTAGENS_DONE (5min)
CUDA=True | montagens=['8'] | modelos=['shallow_convnet'] | alvos=30 | folds=3
  contrato 5cb6c6358c | banda 4-40 Hz ordem 5 | CAR on | IQR k=1.5 | calib 48 | fases mi
  aninhamento 2<4<8<16<21<32<64 verificado
  montagem      E  D centro  simetria
  64           27 27     10  sim
  32           14 14      4  sim
  21            9  8      4  NAO (aceita por decisao)
  16            6  6      4  sim
  8             3  3      2  sim
  4             2  2      0  sim
  2             1  1      0  sim
  3             1  1      1  sim
  sem_fz        4  3      1  NAO (aceita por decisao)
  posterior8    4  4      0  sim
  ocular4       2  2      0  sim
  6 grupos de alvos (semente 42), pool = 98 sujeitos:
    grupo 1: [3, 22, 57, 102, 107]
    grupo 2: [7, 52, 71, 79, 109]
    grupo 3: [12, 34, 60, 91, 95]
    grupo 4: [25, 31, 87, 106, 108]
    grupo 5: [41, 45, 63, 83, 105]
    grupo 6: [18, 49, 68, 76, 98]
  retomando: 1530 celulas ja concluidas sob 5cb6c6358c

==============================================================
  MONTAGEM 8 (8 canais) | MODELO shallow_convnet | 0min
==============================================================
  grupo 1/6 | alvos [3, 22, 57, 102, 107] | pool=98 (0min)
    [ShallowConvNet] Epoch   1/200 | Train Loss: 1.6663 | Val Loss: 1.4427
    [ShallowConvNet] Epoch  11/200 | Train Loss: 1.3570 | Val Loss: 1.3726
    [ShallowConvNet] Epoch  21/200 | Train Loss: 1.3179 | Val Loss: 1.3075
    [ShallowConvNet] Epoch  31/200 | Train Loss: 1.2841 | Val Loss: 1.3218
    [ShallowConvNet] Epoch  41/200 | Train Loss: 1.2724 | Val Loss: 1.3131
    [ShallowConvNet] Early stopping na época 43 com Val Loss: 1.2973
      pool treinado (37s) — serve aos 5 alvos do grupo
    [ShallowConvNet] Epoch   1/80 | Train Loss: 1.6729 | Val Loss: 1.5208
    [ShallowConvNet] Epoch  11/80 | Train Loss: 1.5497 | Val Loss: 1.5267
    [ShallowConvNet] Early stopping na época 18 com Val Loss: 1.5014
      S003 fold 0: acc3=0.276
    [ShallowConvNet] Epoch   1/80 | Train Loss: 1.7144 | Val Loss: 1.4990
    [ShallowConvNet] Epoch  11/80 | Train Loss: 1.6456 | Val Loss: 1.5061
    [ShallowConvNet] Early stopping na época 19 com Val Loss: 1.4904
      S003 fold 1: acc3=0.276
    [ShallowConvNet] Epoch   1/80 | Train Loss: 1.7946 | Val Loss: 1.7277
    [ShallowConvNet] Epoch  11/80 | Train Loss: 1.4056 | Val Loss: 1.8195
    [ShallowConvNet] Early stopping na época 16 com Val Loss: 1.7277
      S003 fold 2: acc3=0.357
    [ShallowConvNet] Epoch   1/80 | Train Loss: 1.2663 | Val Loss: 1.3320
    [ShallowConvNet] Epoch  11/80 | Train Loss: 1.2867 | Val Loss: 1.3435
    [ShallowConvNet] Early stopping na época 16 com Val Loss: 1.3320
      S022 fold 0: acc3=0.621
    [ShallowConvNet] Epoch   1/80 | Train Loss: 1.3322 | Val Loss: 1.5771
    [ShallowConvNet] Epoch  11/80 | Train Loss: 1.1693 | Val Loss: 1.5150
    [ShallowConvNet] Epoch  21/80 | Train Loss: 1.1688 | Val Loss: 1.4787
    [ShallowConvNet] Epoch  31/80 | Train Loss: 1.0272 | Val Loss: 1.4517
    [ShallowConvNet] Epoch  41/80 | Train Loss: 0.8924 | Val Loss: 1.4257
    [ShallowConvNet] Epoch  51/80 | Train Loss: 0.8586 | Val Loss: 1.3957
    [ShallowConvNet] Epoch  61/80 | Train Loss: 0.7887 | Val Loss: 1.3657
    [ShallowConvNet] Epoch  71/80 | Train Loss: 0.8272 | Val Loss: 1.3470
    [ShallowConvNet] Epoch  80/80 | Train Loss: 0.7146 | Val Loss: 1.3208
      S022 fold 1: acc3=0.621
    [ShallowConvNet] Epoch   1/80 | Train Loss: 1.2998 | Val Loss: 1.3544
    [ShallowConvNet] Epoch  11/80 | Train Loss: 1.3185 | Val Loss: 1.3090
    [ShallowConvNet] Epoch  21/80 | Train Loss: 1.1343 | Val Loss: 1.2747
    [ShallowConvNet] Epoch  31/80 | Train Loss: 1.0408 | Val Loss: 1.2493
    [ShallowConvNet] Epoch  41/80 | Train Loss: 0.9992 | Val Loss: 1.2213
    [ShallowConvNet] Epoch  51/80 | Train Loss: 0.8519 | Val Loss: 1.2069
    [ShallowConvNet] Epoch  61/80 | Train Loss: 0.8377 | Val Loss: 1.1970
    [ShallowConvNet] Epoch  71/80 | Train Loss: 0.8865 | Val Loss: 1.1775
    [ShallowConvNet] Epoch  80/80 | Train Loss: 0.7357 | Val Loss: 1.1661
      S022 fold 2: acc3=0.643
    [ShallowConvNet] Epoch   1/80 | Train Loss: 1.6410 | Val Loss: 1.1395
    [ShallowConvNet] Epoch  11/80 | Train Loss: 1.4560 | Val Loss: 1.1861
    [ShallowConvNet] Early stopping na época 16 com Val Loss: 1.1395
      S057 fold 0: acc3=0.414
    [ShallowConvNet] Epoch   1/80 | Train Loss: 1.3593 | Val Loss: 1.2750
    [ShallowConvNet] Epoch  11/80 | Train Loss: 1.3424 | Val Loss: 1.2572
    [ShallowConvNet] Epoch  21/80 | Train Loss: 1.2221 | Val Loss: 1.2718
    [ShallowConvNet] Early stopping na época 22 com Val Loss: 1.2558
      S057 fold 1: acc3=0.414
    [ShallowConvNet] Epoch   1/80 | Train Loss: 1.4046 | Val Loss: 1.4649
    [ShallowConvNet] Epoch  11/80 | Train Loss: 1.1944 | Val Loss: 1.5448
    [ShallowConvNet] Early stopping na época 16 com Val Loss: 1.4649
      S057 fold 2: acc3=0.357
    [ShallowConvNet] Epoch   1/80 | Train Loss: 1.2386 | Val Loss: 1.3034
    [ShallowConvNet] Epoch  11/80 | Train Loss: 1.0763 | Val Loss: 1.1155
    [ShallowConvNet] Epoch  21/80 | Train Loss: 0.9993 | Val Loss: 1.1620
    [ShallowConvNet] Early stopping na época 23 com Val Loss: 1.1032
      S102 fold 0: acc3=0.600
    [ShallowConvNet] Epoch   1/80 | Train Loss: 1.2539 | Val Loss: 1.1793
    [ShallowConvNet] Epoch  11/80 | Train Loss: 1.0439 | Val Loss: 0.8757
    [ShallowConvNet] Epoch  21/80 | Train Loss: 0.9877 | Val Loss: 0.8443
    [ShallowConvNet] Epoch  31/80 | Train Loss: 0.9100 | Val Loss: 0.8164
    [ShallowConvNet] Epoch  41/80 | Train Loss: 0.8457 | Val Loss: 0.7934
    [ShallowConvNet] Epoch  51/80 | Train Loss: 0.7990 | Val Loss: 0.7722
    [ShallowConvNet] Epoch  61/80 | Train Loss: 0.8930 | Val Loss: 0.7572
    [ShallowConvNet] Epoch  71/80 | Train Loss: 0.6598 | Val Loss: 0.7384
    [ShallowConvNet] Epoch  80/80 | Train Loss: 0.7441 | Val Loss: 0.7249
      S102 fold 1: acc3=0.700
    [ShallowConvNet] Epoch   1/80 | Train Loss: 1.1759 | Val Loss: 1.5088
    [ShallowConvNet] Epoch  11/80 | Train Loss: 1.1653 | Val Loss: 1.4468
    [ShallowConvNet] Epoch  21/80 | Train Loss: 1.1711 | Val Loss: 1.4331
    [ShallowConvNet] Epoch  31/80 | Train Loss: 0.7773 | Val Loss: 1.4300
    [ShallowConvNet] Epoch  41/80 | Train Loss: 0.8288 | Val Loss: 1.4051
    [ShallowConvNet] Epoch  51/80 | Train Loss: 0.7389 | Val Loss: 1.3940
    [ShallowConvNet] Epoch  61/80 | Train Loss: 0.7293 | Val Loss: 1.3642
    [ShallowConvNet] Epoch  71/80 | Train Loss: 0.7208 | Val Loss: 1.3677
    [ShallowConvNet] Epoch  80/80 | Train Loss: 0.5941 | Val Loss: 1.3501
      S102 fold 2: acc3=0.690
    [ShallowConvNet] Epoch   1/80 | Train Loss: 1.3293 | Val Loss: 1.4151
    [ShallowConvNet] Epoch  11/80 | Train Loss: 1.2108 | Val Loss: 1.4096
    [ShallowConvNet] Early stopping na época 19 com Val Loss: 1.4040
      S107 fold 0: acc3=0.517
    [ShallowConvNet] Epoch   1/80 | Train Loss: 1.3426 | Val Loss: 1.2533
    [ShallowConvNet] Epoch  11/80 | Train Loss: 1.2868 | Val Loss: 1.3155
    [ShallowConvNet] Early stopping na época 16 com Val Loss: 1.2533
      S107 fold 1: acc3=0.321
    [ShallowConvNet] Epoch   1/80 | Train Loss: 1.4246 | Val Loss: 1.4694
    [ShallowConvNet] Epoch  11/80 | Train Loss: 1.2942 | Val Loss: 1.5692
    [ShallowConvNet] Early stopping na época 16 com Val Loss: 1.4694
      S107 fold 2: acc3=0.393
  grupo 2/6 | alvos [7, 52, 71, 79, 109] | pool=98 (1min)
    [ShallowConvNet] Epoch   1/200 | Train Loss: 1.6823 | Val Loss: 1.5786
    [ShallowConvNet] Epoch  11/200 | Train Loss: 1.3970 | Val Loss: 1.3457
    [ShallowConvNet] Epoch  21/200 | Train Loss: 1.3082 | Val Loss: 1.3065
    [ShallowConvNet] Epoch  31/200 | Train Loss: 1.2939 | Val Loss: 1.3398
    [ShallowConvNet] Epoch  41/200 | Train Loss: 1.2683 | Val Loss: 1.3088
    [ShallowConvNet] Early stopping na época 47 com Val Loss: 1.2900
      pool treinado (41s) — serve aos 5 alvos do grupo
    [ShallowConvNet] Epoch   1/80 | Train Loss: 1.0230 | Val Loss: 1.1222
    [ShallowConvNet] Epoch  11/80 | Train Loss: 0.8431 | Val Loss: 1.0799
    [ShallowConvNet] Epoch  21/80 | Train Loss: 0.8098 | Val Loss: 1.0286
    [ShallowConvNet] Epoch  31/80 | Train Loss: 0.7668 | Val Loss: 1.0016
    [ShallowConvNet] Epoch  41/80 | Train Loss: 0.7026 | Val Loss: 0.9945
    [ShallowConvNet] Epoch  51/80 | Train Loss: 0.6388 | Val Loss: 0.9731
    [ShallowConvNet] Epoch  61/80 | Train Loss: 0.5953 | Val Loss: 0.9606
    [ShallowConvNet] Epoch  71/80 | Train Loss: 0.5559 | Val Loss: 0.9307
    [ShallowConvNet] Epoch  80/80 | Train Loss: 0.5435 | Val Loss: 0.9265
      S007 fold 0: acc3=0.700
    [ShallowConvNet] Epoch   1/80 | Train Loss: 0.9845 | Val Loss: 0.9518
    [ShallowConvNet] Epoch  11/80 | Train Loss: 0.8709 | Val Loss: 0.9511
    [ShallowConvNet] Epoch  21/80 | Train Loss: 0.7164 | Val Loss: 0.9659
    [ShallowConvNet] Early stopping na época 22 com Val Loss: 0.9270
      S007 fold 1: acc3=0.690
    [ShallowConvNet] Epoch   1/80 | Train Loss: 0.9206 | Val Loss: 0.9545
    [ShallowConvNet] Epoch  11/80 | Train Loss: 0.8547 | Val Loss: 0.8427
    [ShallowConvNet] Epoch  21/80 | Train Loss: 0.7259 | Val Loss: 0.7946
    [ShallowConvNet] Epoch  31/80 | Train Loss: 0.7022 | Val Loss: 0.7565
    [ShallowConvNet] Epoch  41/80 | Train Loss: 0.6006 | Val Loss: 0.7260
    [ShallowConvNet] Epoch  51/80 | Train Loss: 0.6363 | Val Loss: 0.6998
    [ShallowConvNet] Epoch  61/80 | Train Loss: 0.5534 | Val Loss: 0.6734
    [ShallowConvNet] Epoch  71/80 | Train Loss: 0.4975 | Val Loss: 0.6533
    [ShallowConvNet] Epoch  80/80 | Train Loss: 0.4769 | Val Loss: 0.6306
      S007 fold 2: acc3=0.621
    [ShallowConvNet] Epoch   1/80 | Train Loss: 1.3687 | Val Loss: 0.8323
    [ShallowConvNet] Epoch  11/80 | Train Loss: 1.1313 | Val Loss: 0.9420
    [ShallowConvNet] Early stopping na época 16 com Val Loss: 0.8323
      S052 fold 0: acc3=0.655
    [ShallowConvNet] Epoch   1/80 | Train Loss: 1.0829 | Val Loss: 1.9348
    [ShallowConvNet] Epoch  11/80 | Train Loss: 0.8736 | Val Loss: 1.8661
    [ShallowConvNet] Epoch  21/80 | Train Loss: 0.7603 | Val Loss: 1.7931
    [ShallowConvNet] Epoch  31/80 | Train Loss: 0.8648 | Val Loss: 1.7375
    [ShallowConvNet] Epoch  41/80 | Train Loss: 0.6524 | Val Loss: 1.7351
    [ShallowConvNet] Epoch  51/80 | Train Loss: 0.6215 | Val Loss: 1.7227
    [ShallowConvNet] Early stopping na época 52 com Val Loss: 1.7164
      S052 fold 1: acc3=0.655
    [ShallowConvNet] Epoch   1/80 | Train Loss: 1.0822 | Val Loss: 1.6470
    [ShallowConvNet] Epoch  11/80 | Train Loss: 0.9874 | Val Loss: 1.7097
    [ShallowConvNet] Early stopping na época 16 com Val Loss: 1.6470
      S052 fold 2: acc3=0.690
    [ShallowConvNet] Epoch   1/80 | Train Loss: 0.9464 | Val Loss: 0.7205
    [ShallowConvNet] Epoch  11/80 | Train Loss: 0.8747 | Val Loss: 0.7002
    [ShallowConvNet] Epoch  21/80 | Train Loss: 0.8093 | Val Loss: 0.6956
    [ShallowConvNet] Epoch  31/80 | Train Loss: 0.7755 | Val Loss: 0.6868
    [ShallowConvNet] Epoch  41/80 | Train Loss: 0.6268 | Val Loss: 0.6854
    [ShallowConvNet] Epoch  51/80 | Train Loss: 0.7450 | Val Loss: 0.6765
    [ShallowConvNet] Epoch  61/80 | Train Loss: 0.6641 | Val Loss: 0.6836
    [ShallowConvNet] Epoch  71/80 | Train Loss: 0.6569 | Val Loss: 0.6752
    [ShallowConvNet] Epoch  80/80 | Train Loss: 0.6168 | Val Loss: 0.6773
      S071 fold 0: acc3=0.690
    [ShallowConvNet] Epoch   1/80 | Train Loss: 1.1297 | Val Loss: 0.8435
    [ShallowConvNet] Epoch  11/80 | Train Loss: 0.9610 | Val Loss: 0.8146
    [ShallowConvNet] Epoch  21/80 | Train Loss: 0.9260 | Val Loss: 0.8525
    [ShallowConvNet] Early stopping na época 23 com Val Loss: 0.8009
      S071 fold 1: acc3=0.621
    [ShallowConvNet] Epoch   1/80 | Train Loss: 1.1248 | Val Loss: 1.0699
    [ShallowConvNet] Epoch  11/80 | Train Loss: 0.9023 | Val Loss: 1.0544
    [ShallowConvNet] Early stopping na época 20 com Val Loss: 1.0396
      S071 fold 2: acc3=0.690
    [ShallowConvNet] Epoch   1/80 | Train Loss: 1.8371 | Val Loss: 1.3314
    [ShallowConvNet] Epoch  11/80 | Train Loss: 1.6933 | Val Loss: 1.2857
    [ShallowConvNet] Epoch  21/80 | Train Loss: 1.3423 | Val Loss: 1.2701
    [ShallowConvNet] Epoch  31/80 | Train Loss: 1.2896 | Val Loss: 1.2691
    [ShallowConvNet] Epoch  41/80 | Train Loss: 1.2904 | Val Loss: 1.2680
    [ShallowConvNet] Epoch  51/80 | Train Loss: 1.2026 | Val Loss: 1.2684
    [ShallowConvNet] Early stopping na época 59 com Val Loss: 1.2646
      S079 fold 0: acc3=0.345
    [ShallowConvNet] Epoch   1/80 | Train Loss: 1.4158 | Val Loss: 1.2282
    [ShallowConvNet] Epoch  11/80 | Train Loss: 1.3745 | Val Loss: 1.3866
    [ShallowConvNet] Early stopping na época 16 com Val Loss: 1.2282
      S079 fold 1: acc3=0.379
    [ShallowConvNet] Epoch   1/80 | Train Loss: 1.4015 | Val Loss: 1.9431
    [ShallowConvNet] Epoch  11/80 | Train Loss: 1.2750 | Val Loss: 1.8234
    [ShallowConvNet] Epoch  21/80 | Train Loss: 1.1687 | Val Loss: 1.8234
    [ShallowConvNet] Early stopping na época 23 com Val Loss: 1.8081
      S079 fold 2: acc3=0.429
    [ShallowConvNet] Epoch   1/80 | Train Loss: 1.4012 | Val Loss: 0.5626
    [ShallowConvNet] Epoch  11/80 | Train Loss: 1.2725 | Val Loss: 0.7967
    [ShallowConvNet] Early stopping na época 16 com Val Loss: 0.5626
      S109 fold 0: acc3=0.500
    [ShallowConvNet] Epoch   1/80 | Train Loss: 1.3895 | Val Loss: 1.6271
    [ShallowConvNet] Epoch  11/80 | Train Loss: 1.3729 | Val Loss: 1.4244
    [ShallowConvNet] Epoch  21/80 | Train Loss: 1.2795 | Val Loss: 1.4236
    [ShallowConvNet] Epoch  31/80 | Train Loss: 1.3763 | Val Loss: 1.4290
    [ShallowConvNet] Early stopping na época 33 com Val Loss: 1.4207
      S109 fold 1: acc3=0.448
    [ShallowConvNet] Epoch   1/80 | Train Loss: 1.4241 | Val Loss: 1.3607
    [ShallowConvNet] Epoch  11/80 | Train Loss: 1.4171 | Val Loss: 1.3673
    [ShallowConvNet] Early stopping na época 17 com Val Loss: 1.3447
      S109 fold 2: acc3=0.483
  grupo 3/6 | alvos [12, 34, 60, 91, 95] | pool=98 (2min)
    [ShallowConvNet] Epoch   1/200 | Train Loss: 1.6792 | Val Loss: 1.5441
    [ShallowConvNet] Epoch  11/200 | Train Loss: 1.3526 | Val Loss: 1.4146
    [ShallowConvNet] Epoch  21/200 | Train Loss: 1.3230 | Val Loss: 1.3311
    [ShallowConvNet] Early stopping na época 29 com Val Loss: 1.3030
      pool treinado (25s) — serve aos 5 alvos do grupo
    [ShallowConvNet] Epoch   1/80 | Train Loss: 1.3520 | Val Loss: 1.3475
    [ShallowConvNet] Epoch  11/80 | Train Loss: 1.1009 | Val Loss: 1.2346
    [ShallowConvNet] Epoch  21/80 | Train Loss: 0.9649 | Val Loss: 1.1372
    [ShallowConvNet] Epoch  31/80 | Train Loss: 0.8939 | Val Loss: 1.0627
    [ShallowConvNet] Epoch  41/80 | Train Loss: 0.7746 | Val Loss: 1.0204
    [ShallowConvNet] Epoch  51/80 | Train Loss: 0.7731 | Val Loss: 0.9752
    [ShallowConvNet] Epoch  61/80 | Train Loss: 0.6467 | Val Loss: 0.9314
    [ShallowConvNet] Epoch  71/80 | Train Loss: 0.6688 | Val Loss: 0.9151
    [ShallowConvNet] Epoch  80/80 | Train Loss: 0.5755 | Val Loss: 0.8783
      S012 fold 0: acc3=0.500
    [ShallowConvNet] Epoch   1/80 | Train Loss: 1.4188 | Val Loss: 1.2397
    [ShallowConvNet] Epoch  11/80 | Train Loss: 1.1317 | Val Loss: 1.0443
    [ShallowConvNet] Epoch  21/80 | Train Loss: 1.0467 | Val Loss: 1.0553
    [ShallowConvNet] Early stopping na época 28 com Val Loss: 1.0384
      S012 fold 1: acc3=0.667
    [ShallowConvNet] Epoch   1/80 | Train Loss: 1.2016 | Val Loss: 1.1885
    [ShallowConvNet] Epoch  11/80 | Train Loss: 1.1664 | Val Loss: 1.0535
    [ShallowConvNet] Epoch  21/80 | Train Loss: 1.0854 | Val Loss: 1.0321
    [ShallowConvNet] Epoch  31/80 | Train Loss: 0.9007 | Val Loss: 1.0165
    [ShallowConvNet] Epoch  41/80 | Train Loss: 0.8496 | Val Loss: 1.0120
    [ShallowConvNet] Epoch  51/80 | Train Loss: 0.7048 | Val Loss: 0.9924
    [ShallowConvNet] Epoch  61/80 | Train Loss: 0.7149 | Val Loss: 0.9820
    [ShallowConvNet] Epoch  71/80 | Train Loss: 0.6502 | Val Loss: 1.0099
    [ShallowConvNet] Early stopping na época 72 com Val Loss: 0.9812
      S012 fold 2: acc3=0.586
    [ShallowConvNet] Epoch   1/80 | Train Loss: 1.0190 | Val Loss: 0.8396
    [ShallowConvNet] Epoch  11/80 | Train Loss: 0.7298 | Val Loss: 0.7214
    [ShallowConvNet] Epoch  21/80 | Train Loss: 0.6592 | Val Loss: 0.7408
    [ShallowConvNet] Epoch  31/80 | Train Loss: 0.5785 | Val Loss: 0.6993
    [ShallowConvNet] Epoch  41/80 | Train Loss: 0.4981 | Val Loss: 0.6770
    [ShallowConvNet] Epoch  51/80 | Train Loss: 0.4631 | Val Loss: 0.6635
    [ShallowConvNet] Epoch  61/80 | Train Loss: 0.4436 | Val Loss: 0.6335
    [ShallowConvNet] Epoch  71/80 | Train Loss: 0.3731 | Val Loss: 0.6315
    [ShallowConvNet] Early stopping na época 71 com Val Loss: 0.6286
      S034 fold 0: acc3=0.767
    [ShallowConvNet] Epoch   1/80 | Train Loss: 1.0375 | Val Loss: 1.2226
    [ShallowConvNet] Epoch  11/80 | Train Loss: 0.8543 | Val Loss: 0.6002
    [ShallowConvNet] Epoch  21/80 | Train Loss: 0.7178 | Val Loss: 0.5171
    [ShallowConvNet] Epoch  31/80 | Train Loss: 0.7334 | Val Loss: 0.5367
    [ShallowConvNet] Early stopping na época 35 com Val Loss: 0.5086
      S034 fold 1: acc3=0.833
    [ShallowConvNet] Epoch   1/80 | Train Loss: 1.0126 | Val Loss: 0.8734
    [ShallowConvNet] Epoch  11/80 | Train Loss: 0.7244 | Val Loss: 0.6344
    [ShallowConvNet] Epoch  21/80 | Train Loss: 0.6494 | Val Loss: 0.6986
    [ShallowConvNet] Early stopping na época 25 com Val Loss: 0.6302
      S034 fold 2: acc3=0.759
    [ShallowConvNet] Epoch   1/80 | Train Loss: 1.0391 | Val Loss: 1.0293
    [ShallowConvNet] Epoch  11/80 | Train Loss: 0.9013 | Val Loss: 1.0355
    [ShallowConvNet] Epoch  21/80 | Train Loss: 0.8496 | Val Loss: 1.0063
    [ShallowConvNet] Epoch  31/80 | Train Loss: 0.7943 | Val Loss: 0.9920
    [ShallowConvNet] Epoch  41/80 | Train Loss: 0.7831 | Val Loss: 0.9761
    [ShallowConvNet] Epoch  51/80 | Train Loss: 0.7317 | Val Loss: 0.9765
    [ShallowConvNet] Epoch  61/80 | Train Loss: 0.5898 | Val Loss: 0.9600
    [ShallowConvNet] Epoch  71/80 | Train Loss: 0.5009 | Val Loss: 0.9576
    [ShallowConvNet] Epoch  80/80 | Train Loss: 0.4810 | Val Loss: 0.9630
      S060 fold 0: acc3=0.586
    [ShallowConvNet] Epoch   1/80 | Train Loss: 1.0242 | Val Loss: 1.3555
    [ShallowConvNet] Epoch  11/80 | Train Loss: 0.8512 | Val Loss: 1.4654
    [ShallowConvNet] Early stopping na época 16 com Val Loss: 1.3555
      S060 fold 1: acc3=0.621
    [ShallowConvNet] Epoch   1/80 | Train Loss: 1.1700 | Val Loss: 0.9033
    [ShallowConvNet] Epoch  11/80 | Train Loss: 1.0306 | Val Loss: 0.8116
    [ShallowConvNet] Epoch  21/80 | Train Loss: 0.9171 | Val Loss: 0.7651
    [ShallowConvNet] Epoch  31/80 | Train Loss: 0.8584 | Val Loss: 0.7359
    [ShallowConvNet] Epoch  41/80 | Train Loss: 0.7696 | Val Loss: 0.7188
    [ShallowConvNet] Epoch  51/80 | Train Loss: 0.7676 | Val Loss: 0.7108
    [ShallowConvNet] Epoch  61/80 | Train Loss: 0.6918 | Val Loss: 0.7012
    [ShallowConvNet] Epoch  71/80 | Train Loss: 0.6723 | Val Loss: 0.6887
    [ShallowConvNet] Epoch  80/80 | Train Loss: 0.6012 | Val Loss: 0.6837
      S060 fold 2: acc3=0.536
    [ShallowConvNet] Epoch   1/80 | Train Loss: 1.2415 | Val Loss: 1.3052
    [ShallowConvNet] Epoch  11/80 | Train Loss: 0.9562 | Val Loss: 1.2557
    [ShallowConvNet] Epoch  21/80 | Train Loss: 0.8324 | Val Loss: 1.2342
    [ShallowConvNet] Epoch  31/80 | Train Loss: 0.8236 | Val Loss: 1.2413
    [ShallowConvNet] Epoch  41/80 | Train Loss: 0.6736 | Val Loss: 1.2098
    [ShallowConvNet] Epoch  51/80 | Train Loss: 0.6435 | Val Loss: 1.2106
    [ShallowConvNet] Epoch  61/80 | Train Loss: 0.6045 | Val Loss: 1.2054
    [ShallowConvNet] Early stopping na época 62 com Val Loss: 1.1953
      S091 fold 0: acc3=0.400
    [ShallowConvNet] Epoch   1/80 | Train Loss: 1.3013 | Val Loss: 1.4839
    [ShallowConvNet] Epoch  11/80 | Train Loss: 1.2005 | Val Loss: 1.3715
    [ShallowConvNet] Epoch  21/80 | Train Loss: 1.0106 | Val Loss: 1.3467
    [ShallowConvNet] Epoch  31/80 | Train Loss: 0.9767 | Val Loss: 1.3442
    [ShallowConvNet] Epoch  41/80 | Train Loss: 0.9458 | Val Loss: 1.3295
    [ShallowConvNet] Epoch  51/80 | Train Loss: 0.8954 | Val Loss: 1.3292
    [ShallowConvNet] Early stopping na época 51 com Val Loss: 1.3281
      S091 fold 1: acc3=0.667
    [ShallowConvNet] Epoch   1/80 | Train Loss: 1.2709 | Val Loss: 1.3930
    [ShallowConvNet] Epoch  11/80 | Train Loss: 1.0521 | Val Loss: 1.3643
    [ShallowConvNet] Epoch  21/80 | Train Loss: 1.0241 | Val Loss: 1.2875
    [ShallowConvNet] Epoch  31/80 | Train Loss: 0.8920 | Val Loss: 1.2121
    [ShallowConvNet] Epoch  41/80 | Train Loss: 0.9204 | Val Loss: 1.1793
    [ShallowConvNet] Epoch  51/80 | Train Loss: 0.8772 | Val Loss: 1.2142
    [ShallowConvNet] Early stopping na época 56 com Val Loss: 1.1793
      S091 fold 2: acc3=0.667
    [ShallowConvNet] Epoch   1/80 | Train Loss: 1.4768 | Val Loss: 1.2832
    [ShallowConvNet] Epoch  11/80 | Train Loss: 1.4133 | Val Loss: 1.2183
    [ShallowConvNet] Epoch  21/80 | Train Loss: 1.1295 | Val Loss: 1.1860
    [ShallowConvNet] Epoch  31/80 | Train Loss: 1.0941 | Val Loss: 1.1785
    [ShallowConvNet] Epoch  41/80 | Train Loss: 1.0695 | Val Loss: 1.1684
    [ShallowConvNet] Epoch  51/80 | Train Loss: 1.0012 | Val Loss: 1.1687
    [ShallowConvNet] Early stopping na época 57 com Val Loss: 1.1669
      S095 fold 0: acc3=0.483
    [ShallowConvNet] Epoch   1/80 | Train Loss: 1.2978 | Val Loss: 1.1022
    [ShallowConvNet] Epoch  11/80 | Train Loss: 1.2254 | Val Loss: 1.0513
    [ShallowConvNet] Epoch  21/80 | Train Loss: 1.2071 | Val Loss: 1.0260
    [ShallowConvNet] Epoch  31/80 | Train Loss: 1.0410 | Val Loss: 1.0142
    [ShallowConvNet] Epoch  41/80 | Train Loss: 0.9902 | Val Loss: 1.0061
    [ShallowConvNet] Epoch  51/80 | Train Loss: 0.9251 | Val Loss: 0.9958
    [ShallowConvNet] Epoch  61/80 | Train Loss: 0.8535 | Val Loss: 0.9797
    [ShallowConvNet] Epoch  71/80 | Train Loss: 0.8416 | Val Loss: 0.9748
    [ShallowConvNet] Epoch  80/80 | Train Loss: 0.7772 | Val Loss: 0.9657
      S095 fold 1: acc3=0.310
    [ShallowConvNet] Epoch   1/80 | Train Loss: 1.4203 | Val Loss: 1.1809
    [ShallowConvNet] Epoch  11/80 | Train Loss: 1.3107 | Val Loss: 1.2712
    [ShallowConvNet] Early stopping na época 16 com Val Loss: 1.1809
      S095 fold 2: acc3=0.517
  grupo 4/6 | alvos [25, 31, 87, 106, 108] | pool=98 (2min)
    [ShallowConvNet] Epoch   1/200 | Train Loss: 1.7060 | Val Loss: 1.4215
    [ShallowConvNet] Epoch  11/200 | Train Loss: 1.3520 | Val Loss: 1.2851
    [ShallowConvNet] Epoch  21/200 | Train Loss: 1.3389 | Val Loss: 1.3142
    [ShallowConvNet] Epoch  31/200 | Train Loss: 1.3109 | Val Loss: 1.2832
    [ShallowConvNet] Early stopping na época 33 com Val Loss: 1.2730
      pool treinado (28s) — serve aos 5 alvos do grupo
    [ShallowConvNet] Epoch   1/80 | Train Loss: 1.1417 | Val Loss: 1.2079
    [ShallowConvNet] Epoch  11/80 | Train Loss: 0.9030 | Val Loss: 1.0267
    [ShallowConvNet] Epoch  21/80 | Train Loss: 0.8871 | Val Loss: 0.9896
    [ShallowConvNet] Epoch  31/80 | Train Loss: 0.7656 | Val Loss: 0.9718
    [ShallowConvNet] Epoch  41/80 | Train Loss: 0.6735 | Val Loss: 0.9448
    [ShallowConvNet] Epoch  51/80 | Train Loss: 0.6109 | Val Loss: 0.9151
    [ShallowConvNet] Epoch  61/80 | Train Loss: 0.6513 | Val Loss: 0.9081
    [ShallowConvNet] Epoch  71/80 | Train Loss: 0.5639 | Val Loss: 0.8962
    [ShallowConvNet] Epoch  80/80 | Train Loss: 0.5812 | Val Loss: 0.8675
      S025 fold 0: acc3=0.621
    [ShallowConvNet] Epoch   1/80 | Train Loss: 1.0472 | Val Loss: 1.3882
    [ShallowConvNet] Epoch  11/80 | Train Loss: 0.8537 | Val Loss: 1.4069
    [ShallowConvNet] Early stopping na época 16 com Val Loss: 1.3882
      S025 fold 1: acc3=0.571
    [ShallowConvNet] Epoch   1/80 | Train Loss: 1.1456 | Val Loss: 1.1719
    [ShallowConvNet] Epoch  11/80 | Train Loss: 1.1345 | Val Loss: 0.9194
    [ShallowConvNet] Epoch  21/80 | Train Loss: 0.9751 | Val Loss: 0.8849
    [ShallowConvNet] Epoch  31/80 | Train Loss: 0.9309 | Val Loss: 0.8539
    [ShallowConvNet] Epoch  41/80 | Train Loss: 0.7530 | Val Loss: 0.8759
    [ShallowConvNet] Epoch  51/80 | Train Loss: 0.7017 | Val Loss: 0.8790
    [ShallowConvNet] Early stopping na época 51 com Val Loss: 0.8538
      S025 fold 2: acc3=0.679
    [ShallowConvNet] Epoch   1/80 | Train Loss: 1.1756 | Val Loss: 0.8494
    [ShallowConvNet] Epoch  11/80 | Train Loss: 1.0419 | Val Loss: 0.6887
    [ShallowConvNet] Epoch  21/80 | Train Loss: 0.9502 | Val Loss: 0.6358
    [ShallowConvNet] Epoch  31/80 | Train Loss: 0.8475 | Val Loss: 0.6165
    [ShallowConvNet] Epoch  41/80 | Train Loss: 0.8600 | Val Loss: 0.5762
    [ShallowConvNet] Epoch  51/80 | Train Loss: 0.6785 | Val Loss: 0.5413
    [ShallowConvNet] Epoch  61/80 | Train Loss: 0.6849 | Val Loss: 0.5100
    [ShallowConvNet] Epoch  71/80 | Train Loss: 0.7230 | Val Loss: 0.4914
    [ShallowConvNet] Epoch  80/80 | Train Loss: 0.6347 | Val Loss: 0.4813
      S031 fold 0: acc3=0.667
    [ShallowConvNet] Epoch   1/80 | Train Loss: 1.2136 | Val Loss: 1.1022
    [ShallowConvNet] Epoch  11/80 | Train Loss: 1.0326 | Val Loss: 0.9759
    [ShallowConvNet] Epoch  21/80 | Train Loss: 0.8474 | Val Loss: 0.9099
    [ShallowConvNet] Epoch  31/80 | Train Loss: 0.7920 | Val Loss: 0.8530
    [ShallowConvNet] Epoch  41/80 | Train Loss: 0.8153 | Val Loss: 0.8105
    [ShallowConvNet] Epoch  51/80 | Train Loss: 0.6746 | Val Loss: 0.7700
    [ShallowConvNet] Epoch  61/80 | Train Loss: 0.6352 | Val Loss: 0.7129
    [ShallowConvNet] Epoch  71/80 | Train Loss: 0.6016 | Val Loss: 0.6509
    [ShallowConvNet] Epoch  80/80 | Train Loss: 0.5364 | Val Loss: 0.6151
      S031 fold 1: acc3=0.600
    [ShallowConvNet] Epoch   1/80 | Train Loss: 1.1341 | Val Loss: 1.2662
    [ShallowConvNet] Epoch  11/80 | Train Loss: 1.0481 | Val Loss: 1.0114
    [ShallowConvNet] Epoch  21/80 | Train Loss: 1.0594 | Val Loss: 0.9816
    [ShallowConvNet] Epoch  31/80 | Train Loss: 0.9171 | Val Loss: 0.9519
    [ShallowConvNet] Epoch  41/80 | Train Loss: 0.8768 | Val Loss: 0.9442
    [ShallowConvNet] Epoch  51/80 | Train Loss: 0.8272 | Val Loss: 0.9408
    [ShallowConvNet] Epoch  61/80 | Train Loss: 0.7447 | Val Loss: 0.9282
    [ShallowConvNet] Epoch  71/80 | Train Loss: 0.7355 | Val Loss: 0.9375
    [ShallowConvNet] Early stopping na época 72 com Val Loss: 0.9091
      S031 fold 2: acc3=0.767
    [ShallowConvNet] Epoch   1/80 | Train Loss: 1.4478 | Val Loss: 1.1036
    [ShallowConvNet] Epoch  11/80 | Train Loss: 1.2503 | Val Loss: 1.1166
    [ShallowConvNet] Early stopping na época 16 com Val Loss: 1.1036
      S087 fold 0: acc3=0.448
    [ShallowConvNet] Epoch   1/80 | Train Loss: 1.3234 | Val Loss: 1.0726
    [ShallowConvNet] Epoch  11/80 | Train Loss: 1.2224 | Val Loss: 1.0743
    [ShallowConvNet] Early stopping na época 20 com Val Loss: 1.0621
      S087 fold 1: acc3=0.286
    [ShallowConvNet] Epoch   1/80 | Train Loss: 1.4727 | Val Loss: 1.3547
    [ShallowConvNet] Epoch  11/80 | Train Loss: 1.4719 | Val Loss: 1.3058
    [ShallowConvNet] Epoch  21/80 | Train Loss: 1.3822 | Val Loss: 1.3041
    [ShallowConvNet] Epoch  31/80 | Train Loss: 1.1656 | Val Loss: 1.2630
    [ShallowConvNet] Epoch  41/80 | Train Loss: 1.1324 | Val Loss: 1.2406
    [ShallowConvNet] Epoch  51/80 | Train Loss: 1.0805 | Val Loss: 1.2207
    [ShallowConvNet] Epoch  61/80 | Train Loss: 0.9502 | Val Loss: 1.2330
    [ShallowConvNet] Epoch  71/80 | Train Loss: 0.9018 | Val Loss: 1.2175
    [ShallowConvNet] Early stopping na época 71 com Val Loss: 1.2159
      S087 fold 2: acc3=0.357
    [ShallowConvNet] Epoch   1/80 | Train Loss: 1.4357 | Val Loss: 1.4055
    [ShallowConvNet] Epoch  11/80 | Train Loss: 1.2101 | Val Loss: 1.3798
    [ShallowConvNet] Epoch  21/80 | Train Loss: 1.1686 | Val Loss: 1.4103
    [ShallowConvNet] Early stopping na época 24 com Val Loss: 1.3767
      S106 fold 0: acc3=0.552
    [ShallowConvNet] Epoch   1/80 | Train Loss: 1.4203 | Val Loss: 1.4088
    [ShallowConvNet] Epoch  11/80 | Train Loss: 1.4076 | Val Loss: 1.4384
    [ShallowConvNet] Early stopping na época 16 com Val Loss: 1.4088
      S106 fold 1: acc3=0.643
    [ShallowConvNet] Epoch   1/80 | Train Loss: 1.3762 | Val Loss: 1.3743
    [ShallowConvNet] Epoch  11/80 | Train Loss: 1.3085 | Val Loss: 1.2780
    [ShallowConvNet] Epoch  21/80 | Train Loss: 1.0772 | Val Loss: 1.3018
    [ShallowConvNet] Early stopping na época 21 com Val Loss: 1.2587
      S106 fold 2: acc3=0.571
    [ShallowConvNet] Epoch   1/80 | Train Loss: 1.2168 | Val Loss: 1.1088
    [ShallowConvNet] Epoch  11/80 | Train Loss: 1.2436 | Val Loss: 1.1354
    [ShallowConvNet] Early stopping na época 18 com Val Loss: 1.1004
      S108 fold 0: acc3=0.345
    [ShallowConvNet] Epoch   1/80 | Train Loss: 1.4602 | Val Loss: 1.8712
    [ShallowConvNet] Epoch  11/80 | Train Loss: 1.2662 | Val Loss: 1.7034
    [ShallowConvNet] Epoch  21/80 | Train Loss: 1.1505 | Val Loss: 1.6705
    [ShallowConvNet] Epoch  31/80 | Train Loss: 1.0865 | Val Loss: 1.6895
    [ShallowConvNet] Early stopping na época 35 com Val Loss: 1.6700
      S108 fold 1: acc3=0.500
    [ShallowConvNet] Epoch   1/80 | Train Loss: 1.1902 | Val Loss: 1.5470
    [ShallowConvNet] Epoch  11/80 | Train Loss: 1.0303 | Val Loss: 1.5415
    [ShallowConvNet] Epoch  21/80 | Train Loss: 1.0049 | Val Loss: 1.5632
    [ShallowConvNet] Early stopping na época 23 com Val Loss: 1.5223
      S108 fold 2: acc3=0.250
  grupo 5/6 | alvos [41, 45, 63, 83, 105] | pool=98 (3min)
    [ShallowConvNet] Epoch   1/200 | Train Loss: 1.6809 | Val Loss: 1.3841
    [ShallowConvNet] Epoch  11/200 | Train Loss: 1.3699 | Val Loss: 1.3112
    [ShallowConvNet] Epoch  21/200 | Train Loss: 1.3229 | Val Loss: 1.3392
    [ShallowConvNet] Epoch  31/200 | Train Loss: 1.3022 | Val Loss: 1.3068
    [ShallowConvNet] Early stopping na época 38 com Val Loss: 1.2790
      pool treinado (32s) — serve aos 5 alvos do grupo
    [ShallowConvNet] Epoch   1/80 | Train Loss: 1.3856 | Val Loss: 1.4156
    [ShallowConvNet] Epoch  11/80 | Train Loss: 1.1598 | Val Loss: 1.1489
    [ShallowConvNet] Epoch  21/80 | Train Loss: 1.1176 | Val Loss: 1.2685
    [ShallowConvNet] Early stopping na época 24 com Val Loss: 1.1411
      S041 fold 0: acc3=0.433
    [ShallowConvNet] Epoch   1/80 | Train Loss: 1.3726 | Val Loss: 1.4286
    [ShallowConvNet] Epoch  11/80 | Train Loss: 1.2814 | Val Loss: 1.4119
    [ShallowConvNet] Epoch  21/80 | Train Loss: 1.1766 | Val Loss: 1.7857
    [ShallowConvNet] Early stopping na época 21 com Val Loss: 1.2342
      S041 fold 1: acc3=0.586
    [ShallowConvNet] Epoch   1/80 | Train Loss: 1.1122 | Val Loss: 1.3831
    [ShallowConvNet] Epoch  11/80 | Train Loss: 0.9694 | Val Loss: 1.3790
    [ShallowConvNet] Epoch  21/80 | Train Loss: 1.1362 | Val Loss: 1.4065
    [ShallowConvNet] Early stopping na época 22 com Val Loss: 1.3593
      S041 fold 2: acc3=0.379
    [ShallowConvNet] Epoch   1/80 | Train Loss: 1.1539 | Val Loss: 1.1031
    [ShallowConvNet] Epoch  11/80 | Train Loss: 1.0068 | Val Loss: 1.1283
    [ShallowConvNet] Early stopping na época 18 com Val Loss: 1.1008
      S045 fold 0: acc3=0.700
    [ShallowConvNet] Epoch   1/80 | Train Loss: 1.1496 | Val Loss: 0.8937
    [ShallowConvNet] Epoch  11/80 | Train Loss: 0.9972 | Val Loss: 0.8468
    [ShallowConvNet] Epoch  21/80 | Train Loss: 0.9448 | Val Loss: 0.8191
    [ShallowConvNet] Epoch  31/80 | Train Loss: 0.8569 | Val Loss: 0.8127
    [ShallowConvNet] Epoch  41/80 | Train Loss: 0.7358 | Val Loss: 0.8232
    [ShallowConvNet] Early stopping na época 49 com Val Loss: 0.8121
      S045 fold 1: acc3=0.633
    [ShallowConvNet] Epoch   1/80 | Train Loss: 1.1661 | Val Loss: 1.3175
    [ShallowConvNet] Epoch  11/80 | Train Loss: 1.0156 | Val Loss: 1.1740
    [ShallowConvNet] Epoch  21/80 | Train Loss: 0.8830 | Val Loss: 1.1390
    [ShallowConvNet] Epoch  31/80 | Train Loss: 0.8696 | Val Loss: 1.1360
    [ShallowConvNet] Epoch  41/80 | Train Loss: 0.8194 | Val Loss: 1.1161
    [ShallowConvNet] Epoch  51/80 | Train Loss: 0.7579 | Val Loss: 1.1461
    [ShallowConvNet] Early stopping na época 56 com Val Loss: 1.1161
      S045 fold 2: acc3=0.655
    [ShallowConvNet] Epoch   1/80 | Train Loss: 1.3751 | Val Loss: 1.4446
    [ShallowConvNet] Epoch  11/80 | Train Loss: 1.2493 | Val Loss: 1.4512
    [ShallowConvNet] Early stopping na época 16 com Val Loss: 1.4446
      S063 fold 0: acc3=0.333
    [ShallowConvNet] Epoch   1/80 | Train Loss: 1.5023 | Val Loss: 1.1566
    [ShallowConvNet] Epoch  11/80 | Train Loss: 1.4291 | Val Loss: 0.9541
    [ShallowConvNet] Epoch  21/80 | Train Loss: 1.3135 | Val Loss: 0.9164
    [ShallowConvNet] Epoch  31/80 | Train Loss: 1.2471 | Val Loss: 0.8737
    [ShallowConvNet] Epoch  41/80 | Train Loss: 1.2119 | Val Loss: 0.8226
    [ShallowConvNet] Epoch  51/80 | Train Loss: 1.2118 | Val Loss: 0.8310
    [ShallowConvNet] Epoch  61/80 | Train Loss: 1.0151 | Val Loss: 0.8008
    [ShallowConvNet] Epoch  71/80 | Train Loss: 1.0616 | Val Loss: 0.7797
    [ShallowConvNet] Epoch  80/80 | Train Loss: 0.9706 | Val Loss: 0.7601
      S063 fold 1: acc3=0.400
    [ShallowConvNet] Epoch   1/80 | Train Loss: 1.3136 | Val Loss: 1.4478
    [ShallowConvNet] Epoch  11/80 | Train Loss: 1.3546 | Val Loss: 1.4971
    [ShallowConvNet] Early stopping na época 16 com Val Loss: 1.4478
      S063 fold 2: acc3=0.345
    [ShallowConvNet] Epoch   1/80 | Train Loss: 1.3320 | Val Loss: 1.0332
    [ShallowConvNet] Epoch  11/80 | Train Loss: 1.1254 | Val Loss: 0.8279
    [ShallowConvNet] Epoch  21/80 | Train Loss: 0.9578 | Val Loss: 0.8042
    [ShallowConvNet] Epoch  31/80 | Train Loss: 1.0056 | Val Loss: 0.7495
    [ShallowConvNet] Epoch  41/80 | Train Loss: 0.9057 | Val Loss: 0.7158
    [ShallowConvNet] Epoch  51/80 | Train Loss: 0.8356 | Val Loss: 0.6910
    [ShallowConvNet] Epoch  61/80 | Train Loss: 0.8695 | Val Loss: 0.6590
    [ShallowConvNet] Epoch  71/80 | Train Loss: 0.7395 | Val Loss: 0.6348
    [ShallowConvNet] Epoch  80/80 | Train Loss: 0.6917 | Val Loss: 0.6213
      S083 fold 0: acc3=0.679
    [ShallowConvNet] Epoch   1/80 | Train Loss: 1.0715 | Val Loss: 1.2118
    [ShallowConvNet] Epoch  11/80 | Train Loss: 0.8795 | Val Loss: 1.0333
    [ShallowConvNet] Epoch  21/80 | Train Loss: 0.8746 | Val Loss: 1.0726
    [ShallowConvNet] Early stopping na época 23 com Val Loss: 1.0151
      S083 fold 1: acc3=0.607
    [ShallowConvNet] Epoch   1/80 | Train Loss: 1.2333 | Val Loss: 1.2736
    [ShallowConvNet] Epoch  11/80 | Train Loss: 0.9758 | Val Loss: 1.4106
    [ShallowConvNet] Early stopping na época 17 com Val Loss: 1.2653
      S083 fold 2: acc3=0.607
    [ShallowConvNet] Epoch   1/80 | Train Loss: 1.2397 | Val Loss: 1.4967
    [ShallowConvNet] Epoch  11/80 | Train Loss: 1.0158 | Val Loss: 1.5199
    [ShallowConvNet] Early stopping na época 18 com Val Loss: 1.4855
      S105 fold 0: acc3=0.448
    [ShallowConvNet] Epoch   1/80 | Train Loss: 1.1740 | Val Loss: 1.2385
    [ShallowConvNet] Epoch  11/80 | Train Loss: 0.8966 | Val Loss: 1.3421
    [ShallowConvNet] Early stopping na época 18 com Val Loss: 1.2204
      S105 fold 1: acc3=0.655
    [ShallowConvNet] Epoch   1/80 | Train Loss: 1.1572 | Val Loss: 1.3469
    [ShallowConvNet] Epoch  11/80 | Train Loss: 1.1162 | Val Loss: 1.2033
    [ShallowConvNet] Epoch  21/80 | Train Loss: 0.9746 | Val Loss: 1.1409
    [ShallowConvNet] Epoch  31/80 | Train Loss: 0.9227 | Val Loss: 1.0963
    [ShallowConvNet] Epoch  41/80 | Train Loss: 0.9059 | Val Loss: 1.0585
    [ShallowConvNet] Epoch  51/80 | Train Loss: 0.9011 | Val Loss: 1.0123
    [ShallowConvNet] Epoch  61/80 | Train Loss: 0.7999 | Val Loss: 0.9865
    [ShallowConvNet] Epoch  71/80 | Train Loss: 0.8175 | Val Loss: 0.9566
    [ShallowConvNet] Epoch  80/80 | Train Loss: 0.7282 | Val Loss: 0.9302
      S105 fold 2: acc3=0.655
  grupo 6/6 | alvos [18, 49, 68, 76, 98] | pool=98 (4min)
    [ShallowConvNet] Epoch   1/200 | Train Loss: 1.6908 | Val Loss: 1.4558
    [ShallowConvNet] Epoch  11/200 | Train Loss: 1.3709 | Val Loss: 1.3129
    [ShallowConvNet] Epoch  21/200 | Train Loss: 1.3302 | Val Loss: 1.3040
    [ShallowConvNet] Epoch  31/200 | Train Loss: 1.2972 | Val Loss: 1.2995
    [ShallowConvNet] Early stopping na época 33 com Val Loss: 1.2987
      pool treinado (29s) — serve aos 5 alvos do grupo
    [ShallowConvNet] Epoch   1/80 | Train Loss: 1.4037 | Val Loss: 1.2685
    [ShallowConvNet] Epoch  11/80 | Train Loss: 1.3623 | Val Loss: 1.1655
    [ShallowConvNet] Epoch  21/80 | Train Loss: 1.3096 | Val Loss: 1.0934
    [ShallowConvNet] Epoch  31/80 | Train Loss: 1.0908 | Val Loss: 1.0996
    [ShallowConvNet] Early stopping na época 36 com Val Loss: 1.0934
      S018 fold 0: acc3=0.414
    [ShallowConvNet] Epoch   1/80 | Train Loss: 1.2704 | Val Loss: 1.4944
    [ShallowConvNet] Epoch  11/80 | Train Loss: 1.1832 | Val Loss: 1.3938
    [ShallowConvNet] Epoch  21/80 | Train Loss: 1.0789 | Val Loss: 1.4463
    [ShallowConvNet] Early stopping na época 25 com Val Loss: 1.3921
      S018 fold 1: acc3=0.552
    [ShallowConvNet] Epoch   1/80 | Train Loss: 1.2995 | Val Loss: 1.3584
    [ShallowConvNet] Epoch  11/80 | Train Loss: 1.1198 | Val Loss: 1.6099
    [ShallowConvNet] Early stopping na época 16 com Val Loss: 1.3584
      S018 fold 2: acc3=0.310
    [ShallowConvNet] Epoch   1/80 | Train Loss: 1.1810 | Val Loss: 0.9593
    [ShallowConvNet] Epoch  11/80 | Train Loss: 0.9379 | Val Loss: 0.7956
    [ShallowConvNet] Epoch  21/80 | Train Loss: 0.9514 | Val Loss: 0.7243
    [ShallowConvNet] Epoch  31/80 | Train Loss: 0.7210 | Val Loss: 0.6665
    [ShallowConvNet] Epoch  41/80 | Train Loss: 0.6635 | Val Loss: 0.6174
    [ShallowConvNet] Epoch  51/80 | Train Loss: 0.6961 | Val Loss: 0.5709
    [ShallowConvNet] Epoch  61/80 | Train Loss: 0.5687 | Val Loss: 0.5338
    [ShallowConvNet] Epoch  71/80 | Train Loss: 0.5303 | Val Loss: 0.5049
    [ShallowConvNet] Epoch  80/80 | Train Loss: 0.4988 | Val Loss: 0.4815
      S049 fold 0: acc3=0.700
    [ShallowConvNet] Epoch   1/80 | Train Loss: 1.2640 | Val Loss: 0.6378
    [ShallowConvNet] Epoch  11/80 | Train Loss: 0.9688 | Val Loss: 0.7113
    [ShallowConvNet] Early stopping na época 16 com Val Loss: 0.6378
      S049 fold 1: acc3=0.621
    [ShallowConvNet] Epoch   1/80 | Train Loss: 1.0890 | Val Loss: 0.8718
    [ShallowConvNet] Epoch  11/80 | Train Loss: 0.9257 | Val Loss: 0.8743
    [ShallowConvNet] Epoch  21/80 | Train Loss: 0.8319 | Val Loss: 0.8483
    [ShallowConvNet] Epoch  31/80 | Train Loss: 0.7613 | Val Loss: 0.8325
    [ShallowConvNet] Epoch  41/80 | Train Loss: 0.6963 | Val Loss: 0.8172
    [ShallowConvNet] Epoch  51/80 | Train Loss: 0.7198 | Val Loss: 0.8029
    [ShallowConvNet] Epoch  61/80 | Train Loss: 0.6081 | Val Loss: 0.7582
    [ShallowConvNet] Epoch  71/80 | Train Loss: 0.5805 | Val Loss: 0.7489
    [ShallowConvNet] Epoch  80/80 | Train Loss: 0.5352 | Val Loss: 0.7322
      S049 fold 2: acc3=0.724
    [ShallowConvNet] Epoch   1/80 | Train Loss: 1.3453 | Val Loss: 1.3980
    [ShallowConvNet] Epoch  11/80 | Train Loss: 1.2370 | Val Loss: 1.3634
    [ShallowConvNet] Epoch  21/80 | Train Loss: 1.1255 | Val Loss: 1.3377
    [ShallowConvNet] Epoch  31/80 | Train Loss: 1.0160 | Val Loss: 1.3206
    [ShallowConvNet] Epoch  41/80 | Train Loss: 1.0589 | Val Loss: 1.3021
    [ShallowConvNet] Epoch  51/80 | Train Loss: 0.9309 | Val Loss: 1.2897
    [ShallowConvNet] Epoch  61/80 | Train Loss: 0.8651 | Val Loss: 1.2765
    [ShallowConvNet] Epoch  71/80 | Train Loss: 0.7858 | Val Loss: 1.2675
    [ShallowConvNet] Epoch  80/80 | Train Loss: 0.7101 | Val Loss: 1.2625
      S068 fold 0: acc3=0.833
    [ShallowConvNet] Epoch   1/80 | Train Loss: 1.2529 | Val Loss: 1.1348
    [ShallowConvNet] Epoch  11/80 | Train Loss: 1.0861 | Val Loss: 1.1289
    [ShallowConvNet] Epoch  21/80 | Train Loss: 1.0661 | Val Loss: 1.1380
    [ShallowConvNet] Early stopping na época 21 com Val Loss: 1.1230
      S068 fold 1: acc3=0.367
    [ShallowConvNet] Epoch   1/80 | Train Loss: 1.2772 | Val Loss: 1.5514
    [ShallowConvNet] Epoch  11/80 | Train Loss: 1.1713 | Val Loss: 1.6482
    [ShallowConvNet] Early stopping na época 16 com Val Loss: 1.5514
      S068 fold 2: acc3=0.600
    [ShallowConvNet] Epoch   1/80 | Train Loss: 1.3321 | Val Loss: 1.4543
    [ShallowConvNet] Epoch  11/80 | Train Loss: 1.1812 | Val Loss: 1.3577
    [ShallowConvNet] Epoch  21/80 | Train Loss: 1.2044 | Val Loss: 1.3165
    [ShallowConvNet] Epoch  31/80 | Train Loss: 1.0048 | Val Loss: 1.2768
    [ShallowConvNet] Epoch  41/80 | Train Loss: 1.0411 | Val Loss: 1.2654
    [ShallowConvNet] Epoch  51/80 | Train Loss: 0.8638 | Val Loss: 1.2447
    [ShallowConvNet] Epoch  61/80 | Train Loss: 0.8328 | Val Loss: 1.2126
    [ShallowConvNet] Epoch  71/80 | Train Loss: 0.7438 | Val Loss: 1.1899
    [ShallowConvNet] Epoch  80/80 | Train Loss: 0.8424 | Val Loss: 1.1890
      S076 fold 0: acc3=0.433
    [ShallowConvNet] Epoch   1/80 | Train Loss: 1.4612 | Val Loss: 1.3784
    [ShallowConvNet] Epoch  11/80 | Train Loss: 1.3545 | Val Loss: 1.4242
    [ShallowConvNet] Early stopping na época 16 com Val Loss: 1.3784
      S076 fold 1: acc3=0.172
    [ShallowConvNet] Epoch   1/80 | Train Loss: 1.5828 | Val Loss: 1.3923
    [ShallowConvNet] Epoch  11/80 | Train Loss: 1.5470 | Val Loss: 1.4924
    [ShallowConvNet] Early stopping na época 18 com Val Loss: 1.3808
      S076 fold 2: acc3=0.345
    [ShallowConvNet] Epoch   1/80 | Train Loss: 1.3137 | Val Loss: 1.5394
    [ShallowConvNet] Epoch  11/80 | Train Loss: 1.2395 | Val Loss: 1.5207
    [ShallowConvNet] Epoch  21/80 | Train Loss: 1.0333 | Val Loss: 1.5828
    [ShallowConvNet] Early stopping na época 29 com Val Loss: 1.5104
      S098 fold 0: acc3=0.483
    [ShallowConvNet] Epoch   1/80 | Train Loss: 1.4125 | Val Loss: 0.9596
    [ShallowConvNet] Epoch  11/80 | Train Loss: 1.2890 | Val Loss: 0.8049
    [ShallowConvNet] Epoch  21/80 | Train Loss: 1.1145 | Val Loss: 0.8178
    [ShallowConvNet] Early stopping na época 29 com Val Loss: 0.8024
      S098 fold 1: acc3=0.517
    [ShallowConvNet] Epoch   1/80 | Train Loss: 1.2953 | Val Loss: 1.2640
    [ShallowConvNet] Epoch  11/80 | Train Loss: 1.2997 | Val Loss: 1.1818
    [ShallowConvNet] Epoch  21/80 | Train Loss: 1.1207 | Val Loss: 1.1340
    [ShallowConvNet] Epoch  31/80 | Train Loss: 0.9531 | Val Loss: 1.0753
    [ShallowConvNet] Epoch  41/80 | Train Loss: 0.8662 | Val Loss: 1.0259
    [ShallowConvNet] Epoch  51/80 | Train Loss: 0.9013 | Val Loss: 1.0200
    [ShallowConvNet] Epoch  61/80 | Train Loss: 0.7531 | Val Loss: 0.9916
    [ShallowConvNet] Epoch  71/80 | Train Loss: 0.6984 | Val Loss: 0.9803
    [ShallowConvNet] Epoch  80/80 | Train Loss: 0.7115 | Val Loss: 0.9381
      S098 fold 2: acc3=0.571

BENCH_MONTAGENS_DONE (4min)
CUDA=True | montagens=['8'] | modelos=['deepcnn'] | alvos=30 | folds=3
  contrato 5cb6c6358c | banda 4-40 Hz ordem 5 | CAR on | IQR k=1.5 | calib 48 | fases mi
  aninhamento 2<4<8<16<21<32<64 verificado
  montagem      E  D centro  simetria
  64           27 27     10  sim
  32           14 14      4  sim
  21            9  8      4  NAO (aceita por decisao)
  16            6  6      4  sim
  8             3  3      2  sim
  4             2  2      0  sim
  2             1  1      0  sim
  3             1  1      1  sim
  sem_fz        4  3      1  NAO (aceita por decisao)
  posterior8    4  4      0  sim
  ocular4       2  2      0  sim
  6 grupos de alvos (semente 42), pool = 98 sujeitos:
    grupo 1: [3, 22, 57, 102, 107]
    grupo 2: [7, 52, 71, 79, 109]
    grupo 3: [12, 34, 60, 91, 95]
    grupo 4: [25, 31, 87, 106, 108]
    grupo 5: [41, 45, 63, 83, 105]
    grupo 6: [18, 49, 68, 76, 98]
  retomando: 1620 celulas ja concluidas sob 5cb6c6358c

==============================================================
  MONTAGEM 8 (8 canais) | MODELO deepcnn | 0min
==============================================================
  grupo 1/6 | alvos [3, 22, 57, 102, 107] | pool=98 (0min)
      pool treinado (69s) — serve aos 5 alvos do grupo
      S003 fold 0: acc3=0.207
      S003 fold 1: acc3=0.172
      S003 fold 2: acc3=0.179
      S022 fold 0: acc3=0.655
      S022 fold 1: acc3=0.586
      S022 fold 2: acc3=0.500
      S057 fold 0: acc3=0.448
      S057 fold 1: acc3=0.448
      S057 fold 2: acc3=0.429
      S102 fold 0: acc3=0.700
      S102 fold 1: acc3=0.767
      S102 fold 2: acc3=0.345
      S107 fold 0: acc3=0.310
      S107 fold 1: acc3=0.250
      S107 fold 2: acc3=0.357
  grupo 2/6 | alvos [7, 52, 71, 79, 109] | pool=98 (1min)
      pool treinado (64s) — serve aos 5 alvos do grupo
      S007 fold 0: acc3=0.700
      S007 fold 1: acc3=0.552
      S007 fold 2: acc3=0.586
      S052 fold 0: acc3=0.621
      S052 fold 1: acc3=0.759
      S052 fold 2: acc3=0.690
      S071 fold 0: acc3=0.552
      S071 fold 1: acc3=0.552
      S071 fold 2: acc3=0.621
      S079 fold 0: acc3=0.276
      S079 fold 1: acc3=0.483
      S079 fold 2: acc3=0.429
      S109 fold 0: acc3=0.267
      S109 fold 1: acc3=0.207
      S109 fold 2: acc3=0.310
  grupo 3/6 | alvos [12, 34, 60, 91, 95] | pool=98 (3min)
      pool treinado (69s) — serve aos 5 alvos do grupo
      S012 fold 0: acc3=0.667
      S012 fold 1: acc3=0.633
      S012 fold 2: acc3=0.517
      S034 fold 0: acc3=0.767
      S034 fold 1: acc3=0.867
      S034 fold 2: acc3=0.690
      S060 fold 0: acc3=0.759
      S060 fold 1: acc3=0.517
      S060 fold 2: acc3=0.500
      S091 fold 0: acc3=0.567
      S091 fold 1: acc3=0.633
      S091 fold 2: acc3=0.633
      S095 fold 0: acc3=0.448
      S095 fold 1: acc3=0.310
      S095 fold 2: acc3=0.586
  grupo 4/6 | alvos [25, 31, 87, 106, 108] | pool=98 (4min)
      pool treinado (63s) — serve aos 5 alvos do grupo
      S025 fold 0: acc3=0.724
      S025 fold 1: acc3=0.714
      S025 fold 2: acc3=0.643
      S031 fold 0: acc3=0.467
      S031 fold 1: acc3=0.500
      S031 fold 2: acc3=0.500
      S087 fold 0: acc3=0.414
      S087 fold 1: acc3=0.250
      S087 fold 2: acc3=0.429
      S106 fold 0: acc3=0.483
      S106 fold 1: acc3=0.429
      S106 fold 2: acc3=0.357
      S108 fold 0: acc3=0.379
      S108 fold 1: acc3=0.500
      S108 fold 2: acc3=0.357
  grupo 5/6 | alvos [41, 45, 63, 83, 105] | pool=98 (5min)
      pool treinado (50s) — serve aos 5 alvos do grupo
      S041 fold 0: acc3=0.400
      S041 fold 1: acc3=0.345
      S041 fold 2: acc3=0.241
      S045 fold 0: acc3=0.500
      S045 fold 1: acc3=0.500
      S045 fold 2: acc3=0.517
      S063 fold 0: acc3=0.367
      S063 fold 1: acc3=0.367
      S063 fold 2: acc3=0.276
      S083 fold 0: acc3=0.607
      S083 fold 1: acc3=0.429
      S083 fold 2: acc3=0.500
      S105 fold 0: acc3=0.621
      S105 fold 1: acc3=0.379
      S105 fold 2: acc3=0.483
  grupo 6/6 | alvos [18, 49, 68, 76, 98] | pool=98 (6min)
      pool treinado (67s) — serve aos 5 alvos do grupo
      S018 fold 0: acc3=0.241
      S018 fold 1: acc3=0.310
      S018 fold 2: acc3=0.241
      S049 fold 0: acc3=0.700
      S049 fold 1: acc3=0.655
      S049 fold 2: acc3=0.655
      S068 fold 0: acc3=0.433
      S068 fold 1: acc3=0.433
      S068 fold 2: acc3=0.300
      S076 fold 0: acc3=0.300
      S076 fold 1: acc3=0.241
      S076 fold 2: acc3=0.310
      S098 fold 0: acc3=0.483
      S098 fold 1: acc3=0.517
      S098 fold 2: acc3=0.536

BENCH_MONTAGENS_DONE (8min)
CUDA=True | montagens=['8'] | modelos=['stia_net'] | alvos=30 | folds=3
  contrato 5cb6c6358c | banda 4-40 Hz ordem 5 | CAR on | IQR k=1.5 | calib 48 | fases mi
  aninhamento 2<4<8<16<21<32<64 verificado
  montagem      E  D centro  simetria
  64           27 27     10  sim
  32           14 14      4  sim
  21            9  8      4  NAO (aceita por decisao)
  16            6  6      4  sim
  8             3  3      2  sim
  4             2  2      0  sim
  2             1  1      0  sim
  3             1  1      1  sim
  sem_fz        4  3      1  NAO (aceita por decisao)
  posterior8    4  4      0  sim
  ocular4       2  2      0  sim
  celulas gemeas pendentes: stia_net.banda_do_artigo (rodar de novo com --banda 8 30)
  6 grupos de alvos (semente 42), pool = 98 sujeitos:
    grupo 1: [3, 22, 57, 102, 107]
    grupo 2: [7, 52, 71, 79, 109]
    grupo 3: [12, 34, 60, 91, 95]
    grupo 4: [25, 31, 87, 106, 108]
    grupo 5: [41, 45, 63, 83, 105]
    grupo 6: [18, 49, 68, 76, 98]
  retomando: 1710 celulas ja concluidas sob 5cb6c6358c

==============================================================
  MONTAGEM 8 (8 canais) | MODELO stia_net | 0min
==============================================================
  grupo 1/6 | alvos [3, 22, 57, 102, 107] | pool=98 (0min)
  [STIA-Net] Computing PLV adjacency matrix...
      pool treinado (43s) — serve aos 5 alvos do grupo
  [STIA-Net] Recomputing PLV for MI domain...
      S003 fold 0: acc3=0.172
  [STIA-Net] Recomputing PLV for MI domain...
      S003 fold 1: acc3=0.379
  [STIA-Net] Recomputing PLV for MI domain...
      S003 fold 2: acc3=0.286
  [STIA-Net] Recomputing PLV for MI domain...
      S022 fold 0: acc3=0.276
  [STIA-Net] Recomputing PLV for MI domain...
      S022 fold 1: acc3=0.241
  [STIA-Net] Recomputing PLV for MI domain...
      S022 fold 2: acc3=0.214
  [STIA-Net] Recomputing PLV for MI domain...
      S057 fold 0: acc3=0.552
  [STIA-Net] Recomputing PLV for MI domain...
      S057 fold 1: acc3=0.310
  [STIA-Net] Recomputing PLV for MI domain...
      S057 fold 2: acc3=0.286
  [STIA-Net] Recomputing PLV for MI domain...
      S102 fold 0: acc3=0.267
  [STIA-Net] Recomputing PLV for MI domain...
      S102 fold 1: acc3=0.267
  [STIA-Net] Recomputing PLV for MI domain...
      S102 fold 2: acc3=0.276
  [STIA-Net] Recomputing PLV for MI domain...
      S107 fold 0: acc3=0.345
  [STIA-Net] Recomputing PLV for MI domain...
      S107 fold 1: acc3=0.250
  [STIA-Net] Recomputing PLV for MI domain...
      S107 fold 2: acc3=0.357
  grupo 2/6 | alvos [7, 52, 71, 79, 109] | pool=98 (1min)
  [STIA-Net] Computing PLV adjacency matrix...
      pool treinado (41s) — serve aos 5 alvos do grupo
  [STIA-Net] Recomputing PLV for MI domain...
      S007 fold 0: acc3=0.533
  [STIA-Net] Recomputing PLV for MI domain...
      S007 fold 1: acc3=0.379
  [STIA-Net] Recomputing PLV for MI domain...
      S007 fold 2: acc3=0.414
  [STIA-Net] Recomputing PLV for MI domain...
      S052 fold 0: acc3=0.517
  [STIA-Net] Recomputing PLV for MI domain...
      S052 fold 1: acc3=0.207
  [STIA-Net] Recomputing PLV for MI domain...
      S052 fold 2: acc3=0.310
  [STIA-Net] Recomputing PLV for MI domain...
      S071 fold 0: acc3=0.448
  [STIA-Net] Recomputing PLV for MI domain...
      S071 fold 1: acc3=0.276
  [STIA-Net] Recomputing PLV for MI domain...
      S071 fold 2: acc3=0.483
  [STIA-Net] Recomputing PLV for MI domain...
      S079 fold 0: acc3=0.345
  [STIA-Net] Recomputing PLV for MI domain...
      S079 fold 1: acc3=0.345
  [STIA-Net] Recomputing PLV for MI domain...
      S079 fold 2: acc3=0.536
  [STIA-Net] Recomputing PLV for MI domain...
      S109 fold 0: acc3=0.467
  [STIA-Net] Recomputing PLV for MI domain...
      S109 fold 1: acc3=0.414
  [STIA-Net] Recomputing PLV for MI domain...
      S109 fold 2: acc3=0.345
  grupo 3/6 | alvos [12, 34, 60, 91, 95] | pool=98 (2min)
  [STIA-Net] Computing PLV adjacency matrix...
      pool treinado (41s) — serve aos 5 alvos do grupo
  [STIA-Net] Recomputing PLV for MI domain...
      S012 fold 0: acc3=0.300
  [STIA-Net] Recomputing PLV for MI domain...
      S012 fold 1: acc3=0.367
  [STIA-Net] Recomputing PLV for MI domain...
      S012 fold 2: acc3=0.414
  [STIA-Net] Recomputing PLV for MI domain...
      S034 fold 0: acc3=0.467
  [STIA-Net] Recomputing PLV for MI domain...
      S034 fold 1: acc3=0.367
  [STIA-Net] Recomputing PLV for MI domain...
      S034 fold 2: acc3=0.448
  [STIA-Net] Recomputing PLV for MI domain...
      S060 fold 0: acc3=0.345
  [STIA-Net] Recomputing PLV for MI domain...
      S060 fold 1: acc3=0.552
  [STIA-Net] Recomputing PLV for MI domain...
      S060 fold 2: acc3=0.250
  [STIA-Net] Recomputing PLV for MI domain...
      S091 fold 0: acc3=0.500
  [STIA-Net] Recomputing PLV for MI domain...
      S091 fold 1: acc3=0.567
  [STIA-Net] Recomputing PLV for MI domain...
      S091 fold 2: acc3=0.267
  [STIA-Net] Recomputing PLV for MI domain...
      S095 fold 0: acc3=0.379
  [STIA-Net] Recomputing PLV for MI domain...
      S095 fold 1: acc3=0.310
  [STIA-Net] Recomputing PLV for MI domain...
      S095 fold 2: acc3=0.414
  grupo 4/6 | alvos [25, 31, 87, 106, 108] | pool=98 (3min)
  [STIA-Net] Computing PLV adjacency matrix...
      pool treinado (43s) — serve aos 5 alvos do grupo
  [STIA-Net] Recomputing PLV for MI domain...
      S025 fold 0: acc3=0.379
  [STIA-Net] Recomputing PLV for MI domain...
      S025 fold 1: acc3=0.464
  [STIA-Net] Recomputing PLV for MI domain...
      S025 fold 2: acc3=0.607
  [STIA-Net] Recomputing PLV for MI domain...
      S031 fold 0: acc3=0.233
  [STIA-Net] Recomputing PLV for MI domain...
      S031 fold 1: acc3=0.300
  [STIA-Net] Recomputing PLV for MI domain...
      S031 fold 2: acc3=0.433
  [STIA-Net] Recomputing PLV for MI domain...
      S087 fold 0: acc3=0.345
  [STIA-Net] Recomputing PLV for MI domain...
      S087 fold 1: acc3=0.464
  [STIA-Net] Recomputing PLV for MI domain...
      S087 fold 2: acc3=0.393
  [STIA-Net] Recomputing PLV for MI domain...
      S106 fold 0: acc3=0.448
  [STIA-Net] Recomputing PLV for MI domain...
      S106 fold 1: acc3=0.393
  [STIA-Net] Recomputing PLV for MI domain...
      S106 fold 2: acc3=0.464
  [STIA-Net] Recomputing PLV for MI domain...
      S108 fold 0: acc3=0.483
  [STIA-Net] Recomputing PLV for MI domain...
      S108 fold 1: acc3=0.464
  [STIA-Net] Recomputing PLV for MI domain...
      S108 fold 2: acc3=0.464
  grupo 5/6 | alvos [41, 45, 63, 83, 105] | pool=98 (4min)
  [STIA-Net] Computing PLV adjacency matrix...
      pool treinado (41s) — serve aos 5 alvos do grupo
  [STIA-Net] Recomputing PLV for MI domain...
      S041 fold 0: acc3=0.200
  [STIA-Net] Recomputing PLV for MI domain...
      S041 fold 1: acc3=0.379
  [STIA-Net] Recomputing PLV for MI domain...
      S041 fold 2: acc3=0.207
  [STIA-Net] Recomputing PLV for MI domain...
      S045 fold 0: acc3=0.333
  [STIA-Net] Recomputing PLV for MI domain...
      S045 fold 1: acc3=0.467
  [STIA-Net] Recomputing PLV for MI domain...
      S045 fold 2: acc3=0.345
  [STIA-Net] Recomputing PLV for MI domain...
      S063 fold 0: acc3=0.333
  [STIA-Net] Recomputing PLV for MI domain...
      S063 fold 1: acc3=0.433
  [STIA-Net] Recomputing PLV for MI domain...
      S063 fold 2: acc3=0.345
  [STIA-Net] Recomputing PLV for MI domain...
      S083 fold 0: acc3=0.393
  [STIA-Net] Recomputing PLV for MI domain...
      S083 fold 1: acc3=0.357
  [STIA-Net] Recomputing PLV for MI domain...
      S083 fold 2: acc3=0.393
  [STIA-Net] Recomputing PLV for MI domain...
      S105 fold 0: acc3=0.276
  [STIA-Net] Recomputing PLV for MI domain...
      S105 fold 1: acc3=0.207
  [STIA-Net] Recomputing PLV for MI domain...
      S105 fold 2: acc3=0.414
  grupo 6/6 | alvos [18, 49, 68, 76, 98] | pool=98 (4min)
  [STIA-Net] Computing PLV adjacency matrix...
      pool treinado (44s) — serve aos 5 alvos do grupo
  [STIA-Net] Recomputing PLV for MI domain...
      S018 fold 0: acc3=0.345
  [STIA-Net] Recomputing PLV for MI domain...
      S018 fold 1: acc3=0.276
  [STIA-Net] Recomputing PLV for MI domain...
      S018 fold 2: acc3=0.172
  [STIA-Net] Recomputing PLV for MI domain...
      S049 fold 0: acc3=0.500
  [STIA-Net] Recomputing PLV for MI domain...
      S049 fold 1: acc3=0.414
  [STIA-Net] Recomputing PLV for MI domain...
      S049 fold 2: acc3=0.345
  [STIA-Net] Recomputing PLV for MI domain...
      S068 fold 0: acc3=0.400
  [STIA-Net] Recomputing PLV for MI domain...
      S068 fold 1: acc3=0.167
  [STIA-Net] Recomputing PLV for MI domain...
      S068 fold 2: acc3=0.333
  [STIA-Net] Recomputing PLV for MI domain...
      S076 fold 0: acc3=0.300
  [STIA-Net] Recomputing PLV for MI domain...
      S076 fold 1: acc3=0.276
  [STIA-Net] Recomputing PLV for MI domain...
      S076 fold 2: acc3=0.310
  [STIA-Net] Recomputing PLV for MI domain...
      S098 fold 0: acc3=0.414
  [STIA-Net] Recomputing PLV for MI domain...
      S098 fold 1: acc3=0.483
  [STIA-Net] Recomputing PLV for MI domain...
      S098 fold 2: acc3=0.536

BENCH_MONTAGENS_DONE (5min)
CUDA=True | montagens=['64'] | modelos=['eegnet'] | alvos=30 | folds=3
  contrato 5cb6c6358c | banda 4-40 Hz ordem 5 | CAR on | IQR k=1.5 | calib 48 | fases mi
  aninhamento 2<4<8<16<21<32<64 verificado
  montagem      E  D centro  simetria
  64           27 27     10  sim
  32           14 14      4  sim
  21            9  8      4  NAO (aceita por decisao)
  16            6  6      4  sim
  8             3  3      2  sim
  4             2  2      0  sim
  2             1  1      0  sim
  3             1  1      1  sim
  sem_fz        4  3      1  NAO (aceita por decisao)
  posterior8    4  4      0  sim
  ocular4       2  2      0  sim
  6 grupos de alvos (semente 42), pool = 98 sujeitos:
    grupo 1: [3, 22, 57, 102, 107]
    grupo 2: [7, 52, 71, 79, 109]
    grupo 3: [12, 34, 60, 91, 95]
    grupo 4: [25, 31, 87, 106, 108]
    grupo 5: [41, 45, 63, 83, 105]
    grupo 6: [18, 49, 68, 76, 98]
  retomando: 1800 celulas ja concluidas sob 5cb6c6358c

==============================================================
  MONTAGEM 64 (64 canais) | MODELO eegnet | 0min
==============================================================
  grupo 1/6 | alvos [3, 22, 57, 102, 107] | pool=98 (0min)
      pool treinado (185s) — serve aos 5 alvos do grupo
      S003 fold 0: acc3=0.233
      S003 fold 1: acc3=0.333
      S003 fold 2: acc3=0.500
      S022 fold 0: acc3=0.667
      S022 fold 1: acc3=0.567
      S022 fold 2: acc3=0.533
      S057 fold 0: acc3=0.600
      S057 fold 1: acc3=0.533
      S057 fold 2: acc3=0.633
      S102 fold 0: acc3=0.690
      S102 fold 1: acc3=0.793
      S102 fold 2: acc3=0.571
      S107 fold 0: acc3=0.433
      S107 fold 1: acc3=0.533
      S107 fold 2: acc3=0.667
  grupo 2/6 | alvos [7, 52, 71, 79, 109] | pool=98 (3min)
      pool treinado (168s) — serve aos 5 alvos do grupo
      S007 fold 0: acc3=0.867
      S007 fold 1: acc3=0.767
      S007 fold 2: acc3=0.862
      S052 fold 0: acc3=0.733
      S052 fold 1: acc3=0.767
      S052 fold 2: acc3=0.600
      S071 fold 0: acc3=0.733
      S071 fold 1: acc3=0.633
      S071 fold 2: acc3=0.633
      S079 fold 0: acc3=0.433
      S079 fold 1: acc3=0.467
      S079 fold 2: acc3=0.333
      S109 fold 0: acc3=0.300
      S109 fold 1: acc3=0.414
      S109 fold 2: acc3=0.241
  grupo 3/6 | alvos [12, 34, 60, 91, 95] | pool=98 (6min)
      pool treinado (200s) — serve aos 5 alvos do grupo
      S012 fold 0: acc3=0.621
      S012 fold 1: acc3=0.586
      S012 fold 2: acc3=0.621
      S034 fold 0: acc3=0.828
      S034 fold 1: acc3=0.828
      S034 fold 2: acc3=0.655
      S060 fold 0: acc3=0.759
      S060 fold 1: acc3=0.655
      S060 fold 2: acc3=0.724
      S091 fold 0: acc3=0.633
      S091 fold 1: acc3=0.733
      S091 fold 2: acc3=0.767
      S095 fold 0: acc3=0.429
      S095 fold 1: acc3=0.407
      S095 fold 2: acc3=0.444
  grupo 4/6 | alvos [25, 31, 87, 106, 108] | pool=98 (10min)
      pool treinado (184s) — serve aos 5 alvos do grupo
      S025 fold 0: acc3=0.897
      S025 fold 1: acc3=0.828
      S025 fold 2: acc3=0.793
      S031 fold 0: acc3=0.655
      S031 fold 1: acc3=0.621
      S031 fold 2: acc3=0.621
      S087 fold 0: acc3=0.483
      S087 fold 1: acc3=0.250
      S087 fold 2: acc3=0.643
      S106 fold 0: acc3=0.667
      S106 fold 1: acc3=0.667
      S106 fold 2: acc3=0.667
      S108 fold 0: acc3=0.571
      S108 fold 1: acc3=0.500
      S108 fold 2: acc3=0.370
  grupo 5/6 | alvos [41, 45, 63, 83, 105] | pool=98 (14min)
      pool treinado (169s) — serve aos 5 alvos do grupo
      S041 fold 0: acc3=0.567
      S041 fold 1: acc3=0.586
      S041 fold 2: acc3=0.552
      S045 fold 0: acc3=0.767
      S045 fold 1: acc3=0.700
      S045 fold 2: acc3=0.586
      S063 fold 0: acc3=0.655
      S063 fold 1: acc3=0.552
      S063 fold 2: acc3=0.621
      S083 fold 0: acc3=0.700
      S083 fold 1: acc3=0.621
      S083 fold 2: acc3=0.552
      S105 fold 0: acc3=0.667
      S105 fold 1: acc3=0.667
      S105 fold 2: acc3=0.633
  grupo 6/6 | alvos [18, 49, 68, 76, 98] | pool=98 (17min)
      pool treinado (153s) — serve aos 5 alvos do grupo
      S018 fold 0: acc3=0.700
      S018 fold 1: acc3=0.600
      S018 fold 2: acc3=0.500
      S049 fold 0: acc3=0.690
      S049 fold 1: acc3=0.655
      S049 fold 2: acc3=0.786
      S068 fold 0: acc3=0.667
      S068 fold 1: acc3=0.586
      S068 fold 2: acc3=0.586
      S076 fold 0: acc3=0.552
      S076 fold 1: acc3=0.517
      S076 fold 2: acc3=0.379
      S098 fold 0: acc3=0.467
      S098 fold 1: acc3=0.567
      S098 fold 2: acc3=0.700

BENCH_MONTAGENS_DONE (20min)
CUDA=True | montagens=['64'] | modelos=['eegsym'] | alvos=30 | folds=3
  contrato 5cb6c6358c | banda 4-40 Hz ordem 5 | CAR on | IQR k=1.5 | calib 48 | fases mi
  aninhamento 2<4<8<16<21<32<64 verificado
  montagem      E  D centro  simetria
  64           27 27     10  sim
  32           14 14      4  sim
  21            9  8      4  NAO (aceita por decisao)
  16            6  6      4  sim
  8             3  3      2  sim
  4             2  2      0  sim
  2             1  1      0  sim
  3             1  1      1  sim
  sem_fz        4  3      1  NAO (aceita por decisao)
  posterior8    4  4      0  sim
  ocular4       2  2      0  sim
  6 grupos de alvos (semente 42), pool = 98 sujeitos:
    grupo 1: [3, 22, 57, 102, 107]
    grupo 2: [7, 52, 71, 79, 109]
    grupo 3: [12, 34, 60, 91, 95]
    grupo 4: [25, 31, 87, 106, 108]
    grupo 5: [41, 45, 63, 83, 105]
    grupo 6: [18, 49, 68, 76, 98]
  retomando: 1890 celulas ja concluidas sob 5cb6c6358c

==============================================================
  MONTAGEM 64 (64 canais) | MODELO eegsym | 0min
==============================================================
  grupo 1/6 | alvos [3, 22, 57, 102, 107] | pool=98 (0min)
      ramo E: FC5 FC3 FC1 C5 C3 C1 CP5 CP3 CP1 Fp1 AF7 AF3 F7 F5 F3 F1 FT7 T7 T9 TP7 P7 P5 P3 P1 PO7 PO3 O1 FCz Cz CPz Fpz AFz Fz Pz POz Oz Iz
      ramo D: FC6 FC4 FC2 C6 C4 C2 CP6 CP4 CP2 Fp2 AF8 AF4 F8 F6 F4 F2 FT8 T8 T10 TP8 P8 P6 P4 P2 PO8 PO4 O2 FCz Cz CPz Fpz AFz Fz Pz POz Oz Iz
      pool treinado (111s) — serve aos 5 alvos do grupo
      S003 fold 0: acc3=0.500
      S003 fold 1: acc3=0.500
      S003 fold 2: acc3=0.467
      S022 fold 0: acc3=0.567
      S022 fold 1: acc3=0.567
      S022 fold 2: acc3=0.567
      S057 fold 0: acc3=0.567
      S057 fold 1: acc3=0.433
      S057 fold 2: acc3=0.467
      S102 fold 0: acc3=0.517
      S102 fold 1: acc3=0.621
      S102 fold 2: acc3=0.643
      S107 fold 0: acc3=0.433
      S107 fold 1: acc3=0.467
      S107 fold 2: acc3=0.533
  grupo 2/6 | alvos [7, 52, 71, 79, 109] | pool=98 (2min)
      pool treinado (119s) — serve aos 5 alvos do grupo
      S007 fold 0: acc3=0.833
      S007 fold 1: acc3=0.800
      S007 fold 2: acc3=0.862
      S052 fold 0: acc3=0.633
      S052 fold 1: acc3=0.567
      S052 fold 2: acc3=0.733
      S071 fold 0: acc3=0.733
      S071 fold 1: acc3=0.667
      S071 fold 2: acc3=0.700
      S079 fold 0: acc3=0.467
      S079 fold 1: acc3=0.567
      S079 fold 2: acc3=0.533
      S109 fold 0: acc3=0.267
      S109 fold 1: acc3=0.241
      S109 fold 2: acc3=0.241
  grupo 3/6 | alvos [12, 34, 60, 91, 95] | pool=98 (5min)
      pool treinado (116s) — serve aos 5 alvos do grupo
      S012 fold 0: acc3=0.586
      S012 fold 1: acc3=0.483
      S012 fold 2: acc3=0.586
      S034 fold 0: acc3=0.621
      S034 fold 1: acc3=0.655
      S034 fold 2: acc3=0.586
      S060 fold 0: acc3=0.724
      S060 fold 1: acc3=0.621
      S060 fold 2: acc3=0.759
      S091 fold 0: acc3=0.533
      S091 fold 1: acc3=0.567
      S091 fold 2: acc3=0.700
      S095 fold 0: acc3=0.500
      S095 fold 1: acc3=0.481
      S095 fold 2: acc3=0.667
  grupo 4/6 | alvos [25, 31, 87, 106, 108] | pool=98 (7min)
      pool treinado (127s) — serve aos 5 alvos do grupo
      S025 fold 0: acc3=0.793
      S025 fold 1: acc3=0.828
      S025 fold 2: acc3=0.586
      S031 fold 0: acc3=0.724
      S031 fold 1: acc3=0.621
      S031 fold 2: acc3=0.690
      S087 fold 0: acc3=0.345
      S087 fold 1: acc3=0.179
      S087 fold 2: acc3=0.536
      S106 fold 0: acc3=0.600
      S106 fold 1: acc3=0.667
      S106 fold 2: acc3=0.533
      S108 fold 0: acc3=0.464
      S108 fold 1: acc3=0.500
      S108 fold 2: acc3=0.556
  grupo 5/6 | alvos [41, 45, 63, 83, 105] | pool=98 (9min)
      pool treinado (146s) — serve aos 5 alvos do grupo
      S041 fold 0: acc3=0.667
      S041 fold 1: acc3=0.621
      S041 fold 2: acc3=0.621
      S045 fold 0: acc3=0.667
      S045 fold 1: acc3=0.600
      S045 fold 2: acc3=0.655
      S063 fold 0: acc3=0.552
      S063 fold 1: acc3=0.483
      S063 fold 2: acc3=0.586
      S083 fold 0: acc3=0.700
      S083 fold 1: acc3=0.552
      S083 fold 2: acc3=0.621
      S105 fold 0: acc3=0.633
      S105 fold 1: acc3=0.533
      S105 fold 2: acc3=0.533
  grupo 6/6 | alvos [18, 49, 68, 76, 98] | pool=98 (12min)
      pool treinado (122s) — serve aos 5 alvos do grupo
      S018 fold 0: acc3=0.600
      S018 fold 1: acc3=0.767
      S018 fold 2: acc3=0.633
      S049 fold 0: acc3=0.655
      S049 fold 1: acc3=0.552
      S049 fold 2: acc3=0.643
      S068 fold 0: acc3=0.567
      S068 fold 1: acc3=0.621
      S068 fold 2: acc3=0.586
      S076 fold 0: acc3=0.621
      S076 fold 1: acc3=0.517
      S076 fold 2: acc3=0.241
      S098 fold 0: acc3=0.533
      S098 fold 1: acc3=0.633
      S098 fold 2: acc3=0.633

BENCH_MONTAGENS_DONE (14min)
CUDA=True | montagens=['64'] | modelos=['shallow_convnet'] | alvos=30 | folds=3
  contrato 5cb6c6358c | banda 4-40 Hz ordem 5 | CAR on | IQR k=1.5 | calib 48 | fases mi
  aninhamento 2<4<8<16<21<32<64 verificado
  montagem      E  D centro  simetria
  64           27 27     10  sim
  32           14 14      4  sim
  21            9  8      4  NAO (aceita por decisao)
  16            6  6      4  sim
  8             3  3      2  sim
  4             2  2      0  sim
  2             1  1      0  sim
  3             1  1      1  sim
  sem_fz        4  3      1  NAO (aceita por decisao)
  posterior8    4  4      0  sim
  ocular4       2  2      0  sim
  6 grupos de alvos (semente 42), pool = 98 sujeitos:
    grupo 1: [3, 22, 57, 102, 107]
    grupo 2: [7, 52, 71, 79, 109]
    grupo 3: [12, 34, 60, 91, 95]
    grupo 4: [25, 31, 87, 106, 108]
    grupo 5: [41, 45, 63, 83, 105]
    grupo 6: [18, 49, 68, 76, 98]
  retomando: 1980 celulas ja concluidas sob 5cb6c6358c

==============================================================
  MONTAGEM 64 (64 canais) | MODELO shallow_convnet | 0min
==============================================================
  grupo 1/6 | alvos [3, 22, 57, 102, 107] | pool=98 (0min)
    [ShallowConvNet] Epoch   1/200 | Train Loss: 1.6909 | Val Loss: 1.3950
    [ShallowConvNet] Epoch  11/200 | Train Loss: 1.2461 | Val Loss: 1.2096
    [ShallowConvNet] Epoch  21/200 | Train Loss: 1.1197 | Val Loss: 1.2210
    [ShallowConvNet] Epoch  31/200 | Train Loss: 1.0546 | Val Loss: 1.3159
    [ShallowConvNet] Early stopping na época 36 com Val Loss: 1.1839
      pool treinado (217s) — serve aos 5 alvos do grupo
    [ShallowConvNet] Epoch   1/80 | Train Loss: 1.7434 | Val Loss: 1.3824
    [ShallowConvNet] Epoch  11/80 | Train Loss: 1.3184 | Val Loss: 1.3906
    [ShallowConvNet] Early stopping na época 19 com Val Loss: 1.3682
      S003 fold 0: acc3=0.267
    [ShallowConvNet] Epoch   1/80 | Train Loss: 1.8730 | Val Loss: 1.8141
    [ShallowConvNet] Epoch  11/80 | Train Loss: 1.3200 | Val Loss: 1.4997
    [ShallowConvNet] Epoch  21/80 | Train Loss: 1.1630 | Val Loss: 1.3930
    [ShallowConvNet] Epoch  31/80 | Train Loss: 1.0464 | Val Loss: 1.3425
    [ShallowConvNet] Epoch  41/80 | Train Loss: 0.7154 | Val Loss: 1.2951
    [ShallowConvNet] Epoch  51/80 | Train Loss: 0.7218 | Val Loss: 1.2755
    [ShallowConvNet] Early stopping na época 60 com Val Loss: 1.2667
      S003 fold 1: acc3=0.500
    [ShallowConvNet] Epoch   1/80 | Train Loss: 1.6524 | Val Loss: 1.6634
    [ShallowConvNet] Epoch  11/80 | Train Loss: 1.2221 | Val Loss: 1.8885
    [ShallowConvNet] Early stopping na época 16 com Val Loss: 1.6634
      S003 fold 2: acc3=0.333
    [ShallowConvNet] Epoch   1/80 | Train Loss: 1.1221 | Val Loss: 1.1659
    [ShallowConvNet] Epoch  11/80 | Train Loss: 0.9127 | Val Loss: 0.9350
    [ShallowConvNet] Epoch  21/80 | Train Loss: 0.7319 | Val Loss: 0.8321
    [ShallowConvNet] Epoch  31/80 | Train Loss: 0.5045 | Val Loss: 0.7915
    [ShallowConvNet] Epoch  41/80 | Train Loss: 0.6009 | Val Loss: 0.7907
    [ShallowConvNet] Epoch  51/80 | Train Loss: 0.4761 | Val Loss: 0.7447
    [ShallowConvNet] Epoch  61/80 | Train Loss: 0.3754 | Val Loss: 0.7629
    [ShallowConvNet] Epoch  71/80 | Train Loss: 0.2767 | Val Loss: 0.7385
    [ShallowConvNet] Epoch  80/80 | Train Loss: 0.2891 | Val Loss: 0.7193
      S022 fold 0: acc3=0.667
    [ShallowConvNet] Epoch   1/80 | Train Loss: 1.1745 | Val Loss: 1.1989
    [ShallowConvNet] Epoch  11/80 | Train Loss: 1.0609 | Val Loss: 1.4376
    [ShallowConvNet] Early stopping na época 16 com Val Loss: 1.1989
      S022 fold 1: acc3=0.600
    [ShallowConvNet] Epoch   1/80 | Train Loss: 1.3304 | Val Loss: 1.1726
    [ShallowConvNet] Epoch  11/80 | Train Loss: 1.1130 | Val Loss: 1.1348
    [ShallowConvNet] Epoch  21/80 | Train Loss: 0.7324 | Val Loss: 1.1041
    [ShallowConvNet] Early stopping na época 30 com Val Loss: 1.0998
      S022 fold 2: acc3=0.600
    [ShallowConvNet] Epoch   1/80 | Train Loss: 1.4954 | Val Loss: 2.2149
    [ShallowConvNet] Epoch  11/80 | Train Loss: 1.2670 | Val Loss: 2.2413
    [ShallowConvNet] Epoch  21/80 | Train Loss: 1.0428 | Val Loss: 2.1872
    [ShallowConvNet] Epoch  31/80 | Train Loss: 0.9241 | Val Loss: 2.1522
    [ShallowConvNet] Epoch  41/80 | Train Loss: 0.7837 | Val Loss: 2.1668
    [ShallowConvNet] Epoch  51/80 | Train Loss: 0.6923 | Val Loss: 2.1189
    [ShallowConvNet] Epoch  61/80 | Train Loss: 0.5930 | Val Loss: 2.1062
    [ShallowConvNet] Epoch  71/80 | Train Loss: 0.5400 | Val Loss: 2.0646
    [ShallowConvNet] Epoch  80/80 | Train Loss: 0.4565 | Val Loss: 2.0538
      S057 fold 0: acc3=0.600
    [ShallowConvNet] Epoch   1/80 | Train Loss: 1.4467 | Val Loss: 1.3397
    [ShallowConvNet] Epoch  11/80 | Train Loss: 1.1213 | Val Loss: 1.3474
    [ShallowConvNet] Early stopping na época 17 com Val Loss: 1.3377
      S057 fold 1: acc3=0.467
    [ShallowConvNet] Epoch   1/80 | Train Loss: 1.4127 | Val Loss: 1.2148
    [ShallowConvNet] Epoch  11/80 | Train Loss: 1.2358 | Val Loss: 1.1641
    [ShallowConvNet] Epoch  21/80 | Train Loss: 0.8883 | Val Loss: 1.2032
    [ShallowConvNet] Early stopping na época 22 com Val Loss: 1.1358
      S057 fold 2: acc3=0.433
    [ShallowConvNet] Epoch   1/80 | Train Loss: 1.2758 | Val Loss: 0.9784
    [ShallowConvNet] Epoch  11/80 | Train Loss: 0.7915 | Val Loss: 0.8331
    [ShallowConvNet] Epoch  21/80 | Train Loss: 0.7217 | Val Loss: 0.8058
    [ShallowConvNet] Epoch  31/80 | Train Loss: 0.5139 | Val Loss: 0.7979
    [ShallowConvNet] Epoch  41/80 | Train Loss: 0.3923 | Val Loss: 0.7958
    [ShallowConvNet] Epoch  51/80 | Train Loss: 0.3743 | Val Loss: 0.7948
    [ShallowConvNet] Epoch  61/80 | Train Loss: 0.3176 | Val Loss: 0.7940
    [ShallowConvNet] Epoch  71/80 | Train Loss: 0.2963 | Val Loss: 0.7881
    [ShallowConvNet] Epoch  80/80 | Train Loss: 0.2560 | Val Loss: 0.7760
      S102 fold 0: acc3=0.793
    [ShallowConvNet] Epoch   1/80 | Train Loss: 1.2106 | Val Loss: 1.0266
    [ShallowConvNet] Epoch  11/80 | Train Loss: 0.8236 | Val Loss: 1.1130
    [ShallowConvNet] Early stopping na época 17 com Val Loss: 1.0201
      S102 fold 1: acc3=0.552
    [ShallowConvNet] Epoch   1/80 | Train Loss: 1.1136 | Val Loss: 0.8461
    [ShallowConvNet] Epoch  11/80 | Train Loss: 1.0707 | Val Loss: 1.1329
    [ShallowConvNet] Early stopping na época 18 com Val Loss: 0.8270
      S102 fold 2: acc3=0.750
    [ShallowConvNet] Epoch   1/80 | Train Loss: 1.2672 | Val Loss: 1.1063
    [ShallowConvNet] Epoch  11/80 | Train Loss: 1.0740 | Val Loss: 1.4240
    [ShallowConvNet] Early stopping na época 16 com Val Loss: 1.1063
      S107 fold 0: acc3=0.367
    [ShallowConvNet] Epoch   1/80 | Train Loss: 1.2411 | Val Loss: 1.7100
    [ShallowConvNet] Epoch  11/80 | Train Loss: 1.1049 | Val Loss: 1.8606
    [ShallowConvNet] Early stopping na época 16 com Val Loss: 1.7100
      S107 fold 1: acc3=0.500
    [ShallowConvNet] Epoch   1/80 | Train Loss: 1.4757 | Val Loss: 1.4639
    [ShallowConvNet] Epoch  11/80 | Train Loss: 1.2209 | Val Loss: 1.3010
    [ShallowConvNet] Epoch  21/80 | Train Loss: 1.0083 | Val Loss: 1.3167
    [ShallowConvNet] Early stopping na época 26 com Val Loss: 1.3010
      S107 fold 2: acc3=0.467
  grupo 2/6 | alvos [7, 52, 71, 79, 109] | pool=98 (4min)
    [ShallowConvNet] Epoch   1/200 | Train Loss: 1.6682 | Val Loss: 1.4174
    [ShallowConvNet] Epoch  11/200 | Train Loss: 1.2577 | Val Loss: 1.2286
    [ShallowConvNet] Epoch  21/200 | Train Loss: 1.1474 | Val Loss: 1.2412
    [ShallowConvNet] Epoch  31/200 | Train Loss: 1.0418 | Val Loss: 1.2379
    [ShallowConvNet] Early stopping na época 38 com Val Loss: 1.1910
      pool treinado (228s) — serve aos 5 alvos do grupo
    [ShallowConvNet] Epoch   1/80 | Train Loss: 1.0992 | Val Loss: 0.9250
    [ShallowConvNet] Epoch  11/80 | Train Loss: 0.6912 | Val Loss: 0.7844
    [ShallowConvNet] Epoch  21/80 | Train Loss: 0.5929 | Val Loss: 0.6891
    [ShallowConvNet] Epoch  31/80 | Train Loss: 0.3810 | Val Loss: 0.6286
    [ShallowConvNet] Epoch  41/80 | Train Loss: 0.4084 | Val Loss: 0.5828
    [ShallowConvNet] Epoch  51/80 | Train Loss: 0.2349 | Val Loss: 0.6179
    [ShallowConvNet] Early stopping na época 55 com Val Loss: 0.5768
      S007 fold 0: acc3=0.800
    [ShallowConvNet] Epoch   1/80 | Train Loss: 1.0876 | Val Loss: 0.7909
    [ShallowConvNet] Epoch  11/80 | Train Loss: 0.7328 | Val Loss: 0.7281
    [ShallowConvNet] Epoch  21/80 | Train Loss: 0.5559 | Val Loss: 0.5774
    [ShallowConvNet] Epoch  31/80 | Train Loss: 0.4213 | Val Loss: 0.5296
    [ShallowConvNet] Epoch  41/80 | Train Loss: 0.3960 | Val Loss: 0.4912
    [ShallowConvNet] Epoch  51/80 | Train Loss: 0.2945 | Val Loss: 0.4540
    [ShallowConvNet] Epoch  61/80 | Train Loss: 0.2485 | Val Loss: 0.4153
    [ShallowConvNet] Epoch  71/80 | Train Loss: 0.2064 | Val Loss: 0.3985
    [ShallowConvNet] Epoch  80/80 | Train Loss: 0.1868 | Val Loss: 0.3769
      S007 fold 1: acc3=0.767
    [ShallowConvNet] Epoch   1/80 | Train Loss: 0.9445 | Val Loss: 0.8303
    [ShallowConvNet] Epoch  11/80 | Train Loss: 0.6209 | Val Loss: 0.8085
    [ShallowConvNet] Epoch  21/80 | Train Loss: 0.4328 | Val Loss: 0.7647
    [ShallowConvNet] Epoch  31/80 | Train Loss: 0.3447 | Val Loss: 0.7061
    [ShallowConvNet] Epoch  41/80 | Train Loss: 0.3253 | Val Loss: 0.6703
    [ShallowConvNet] Epoch  51/80 | Train Loss: 0.2305 | Val Loss: 0.6327
    [ShallowConvNet] Epoch  61/80 | Train Loss: 0.2256 | Val Loss: 0.6119
    [ShallowConvNet] Epoch  71/80 | Train Loss: 0.2048 | Val Loss: 0.5944
    [ShallowConvNet] Epoch  80/80 | Train Loss: 0.1763 | Val Loss: 0.5935
      S007 fold 2: acc3=0.862
    [ShallowConvNet] Epoch   1/80 | Train Loss: 0.9700 | Val Loss: 0.6897
    [ShallowConvNet] Epoch  11/80 | Train Loss: 0.9221 | Val Loss: 0.5851
    [ShallowConvNet] Epoch  21/80 | Train Loss: 0.5537 | Val Loss: 0.5734
    [ShallowConvNet] Epoch  31/80 | Train Loss: 0.5193 | Val Loss: 0.5735
    [ShallowConvNet] Early stopping na época 34 com Val Loss: 0.5639
      S052 fold 0: acc3=0.667
    [ShallowConvNet] Epoch   1/80 | Train Loss: 1.5017 | Val Loss: 0.4822
    [ShallowConvNet] Epoch  11/80 | Train Loss: 1.1285 | Val Loss: 0.4575
    [ShallowConvNet] Early stopping na época 17 com Val Loss: 0.4152
      S052 fold 1: acc3=0.733
    [ShallowConvNet] Epoch   1/80 | Train Loss: 1.2974 | Val Loss: 0.7448
    [ShallowConvNet] Epoch  11/80 | Train Loss: 0.8411 | Val Loss: 0.5229
    [ShallowConvNet] Epoch  21/80 | Train Loss: 0.6965 | Val Loss: 0.5806
    [ShallowConvNet] Early stopping na época 23 com Val Loss: 0.5001
      S052 fold 2: acc3=0.733
    [ShallowConvNet] Epoch   1/80 | Train Loss: 1.0049 | Val Loss: 0.9392
    [ShallowConvNet] Epoch  11/80 | Train Loss: 0.9774 | Val Loss: 0.8495
    [ShallowConvNet] Epoch  21/80 | Train Loss: 0.7377 | Val Loss: 0.8260
    [ShallowConvNet] Epoch  31/80 | Train Loss: 0.6213 | Val Loss: 0.7888
    [ShallowConvNet] Epoch  41/80 | Train Loss: 0.5317 | Val Loss: 0.8005
    [ShallowConvNet] Epoch  51/80 | Train Loss: 0.5941 | Val Loss: 0.7830
    [ShallowConvNet] Epoch  61/80 | Train Loss: 0.4344 | Val Loss: 0.7346
    [ShallowConvNet] Epoch  71/80 | Train Loss: 0.3515 | Val Loss: 0.7195
    [ShallowConvNet] Epoch  80/80 | Train Loss: 0.3485 | Val Loss: 0.7352
      S071 fold 0: acc3=0.733
    [ShallowConvNet] Epoch   1/80 | Train Loss: 1.1214 | Val Loss: 0.8338
    [ShallowConvNet] Epoch  11/80 | Train Loss: 0.8504 | Val Loss: 0.6765
    [ShallowConvNet] Epoch  21/80 | Train Loss: 0.7158 | Val Loss: 0.6488
    [ShallowConvNet] Epoch  31/80 | Train Loss: 0.5762 | Val Loss: 0.6408
    [ShallowConvNet] Epoch  41/80 | Train Loss: 0.4988 | Val Loss: 0.6228
    [ShallowConvNet] Epoch  51/80 | Train Loss: 0.4411 | Val Loss: 0.6145
    [ShallowConvNet] Epoch  61/80 | Train Loss: 0.4747 | Val Loss: 0.5849
    [ShallowConvNet] Epoch  71/80 | Train Loss: 0.4064 | Val Loss: 0.5928
    [ShallowConvNet] Epoch  80/80 | Train Loss: 0.2899 | Val Loss: 0.5783
      S071 fold 1: acc3=0.600
    [ShallowConvNet] Epoch   1/80 | Train Loss: 0.8127 | Val Loss: 1.1299
    [ShallowConvNet] Epoch  11/80 | Train Loss: 0.7162 | Val Loss: 1.1177
    [ShallowConvNet] Epoch  21/80 | Train Loss: 0.5991 | Val Loss: 1.1400
    [ShallowConvNet] Early stopping na época 21 com Val Loss: 1.1073
      S071 fold 2: acc3=0.667
    [ShallowConvNet] Epoch   1/80 | Train Loss: 1.7691 | Val Loss: 1.7954
    [ShallowConvNet] Epoch  11/80 | Train Loss: 1.3447 | Val Loss: 1.8759
    [ShallowConvNet] Early stopping na época 18 com Val Loss: 1.7357
      S079 fold 0: acc3=0.300
    [ShallowConvNet] Epoch   1/80 | Train Loss: 1.7060 | Val Loss: 1.6632
    [ShallowConvNet] Epoch  11/80 | Train Loss: 1.1241 | Val Loss: 1.5279
    [ShallowConvNet] Epoch  21/80 | Train Loss: 1.1493 | Val Loss: 1.5869
    [ShallowConvNet] Early stopping na época 21 com Val Loss: 1.5059
      S079 fold 1: acc3=0.567
    [ShallowConvNet] Epoch   1/80 | Train Loss: 1.3022 | Val Loss: 1.5973
    [ShallowConvNet] Epoch  11/80 | Train Loss: 1.1208 | Val Loss: 1.4562
    [ShallowConvNet] Epoch  21/80 | Train Loss: 0.9748 | Val Loss: 1.4069
    [ShallowConvNet] Epoch  31/80 | Train Loss: 0.8851 | Val Loss: 1.3895
    [ShallowConvNet] Epoch  41/80 | Train Loss: 0.8294 | Val Loss: 1.4117
    [ShallowConvNet] Early stopping na época 46 com Val Loss: 1.3895
      S079 fold 2: acc3=0.400
    [ShallowConvNet] Epoch   1/80 | Train Loss: 1.5664 | Val Loss: 1.3999
    [ShallowConvNet] Epoch  11/80 | Train Loss: 1.2938 | Val Loss: 1.6628
    [ShallowConvNet] Early stopping na época 17 com Val Loss: 1.1574
      S109 fold 0: acc3=0.467
    [ShallowConvNet] Epoch   1/80 | Train Loss: 1.6601 | Val Loss: 2.9736
    [ShallowConvNet] Epoch  11/80 | Train Loss: 1.4238 | Val Loss: 0.6223
    [ShallowConvNet] Epoch  21/80 | Train Loss: 1.1948 | Val Loss: 0.6385
    [ShallowConvNet] Early stopping na época 26 com Val Loss: 0.6223
      S109 fold 1: acc3=0.483
    [ShallowConvNet] Epoch   1/80 | Train Loss: 1.2713 | Val Loss: 0.6075
    [ShallowConvNet] Epoch  11/80 | Train Loss: 1.1885 | Val Loss: 2.5726
    [ShallowConvNet] Early stopping na época 16 com Val Loss: 0.6075
      S109 fold 2: acc3=0.483
  grupo 3/6 | alvos [12, 34, 60, 91, 95] | pool=98 (8min)
    [ShallowConvNet] Epoch   1/200 | Train Loss: 1.6551 | Val Loss: 1.3752
    [ShallowConvNet] Epoch  11/200 | Train Loss: 1.2460 | Val Loss: 1.2353
    [ShallowConvNet] Epoch  21/200 | Train Loss: 1.1234 | Val Loss: 1.2520
    [ShallowConvNet] Epoch  31/200 | Train Loss: 1.0723 | Val Loss: 1.2710
    [ShallowConvNet] Early stopping na época 34 com Val Loss: 1.2091
      pool treinado (204s) — serve aos 5 alvos do grupo
    [ShallowConvNet] Epoch   1/80 | Train Loss: 1.2630 | Val Loss: 1.2791
    [ShallowConvNet] Epoch  11/80 | Train Loss: 1.2155 | Val Loss: 1.3701
    [ShallowConvNet] Early stopping na época 16 com Val Loss: 1.2791
      S012 fold 0: acc3=0.483
    [ShallowConvNet] Epoch   1/80 | Train Loss: 1.4558 | Val Loss: 1.7930
    [ShallowConvNet] Epoch  11/80 | Train Loss: 1.2236 | Val Loss: 1.7360
    [ShallowConvNet] Epoch  21/80 | Train Loss: 0.9452 | Val Loss: 1.6659
    [ShallowConvNet] Epoch  31/80 | Train Loss: 0.8249 | Val Loss: 1.6439
    [ShallowConvNet] Epoch  41/80 | Train Loss: 0.7201 | Val Loss: 1.6173
    [ShallowConvNet] Epoch  51/80 | Train Loss: 0.7057 | Val Loss: 1.5841
    [ShallowConvNet] Epoch  61/80 | Train Loss: 0.5780 | Val Loss: 1.5311
    [ShallowConvNet] Epoch  71/80 | Train Loss: 0.5146 | Val Loss: 1.5025
    [ShallowConvNet] Epoch  80/80 | Train Loss: 0.4736 | Val Loss: 1.4712
      S012 fold 1: acc3=0.552
    [ShallowConvNet] Epoch   1/80 | Train Loss: 1.5025 | Val Loss: 1.7726
    [ShallowConvNet] Epoch  11/80 | Train Loss: 1.3103 | Val Loss: 1.6940
    [ShallowConvNet] Epoch  21/80 | Train Loss: 0.9814 | Val Loss: 1.5668
    [ShallowConvNet] Epoch  31/80 | Train Loss: 0.8244 | Val Loss: 1.4689
    [ShallowConvNet] Epoch  41/80 | Train Loss: 0.7105 | Val Loss: 1.3518
    [ShallowConvNet] Epoch  51/80 | Train Loss: 0.6096 | Val Loss: 1.3004
    [ShallowConvNet] Epoch  61/80 | Train Loss: 0.5003 | Val Loss: 1.2739
    [ShallowConvNet] Epoch  71/80 | Train Loss: 0.5304 | Val Loss: 1.2269
    [ShallowConvNet] Epoch  80/80 | Train Loss: 0.3999 | Val Loss: 1.2193
      S012 fold 2: acc3=0.655
    [ShallowConvNet] Epoch   1/80 | Train Loss: 1.2951 | Val Loss: 0.9371
    [ShallowConvNet] Epoch  11/80 | Train Loss: 0.8677 | Val Loss: 0.8516
    [ShallowConvNet] Epoch  21/80 | Train Loss: 0.6356 | Val Loss: 0.8890
    [ShallowConvNet] Early stopping na época 25 com Val Loss: 0.8449
      S034 fold 0: acc3=0.793
    [ShallowConvNet] Epoch   1/80 | Train Loss: 1.1365 | Val Loss: 0.8858
    [ShallowConvNet] Epoch  11/80 | Train Loss: 0.9125 | Val Loss: 0.7600
    [ShallowConvNet] Epoch  21/80 | Train Loss: 0.7401 | Val Loss: 0.7979
    [ShallowConvNet] Epoch  31/80 | Train Loss: 0.5034 | Val Loss: 0.8322
    [ShallowConvNet] Early stopping na época 32 com Val Loss: 0.7480
      S034 fold 1: acc3=0.828
    [ShallowConvNet] Epoch   1/80 | Train Loss: 0.9424 | Val Loss: 1.2353
    [ShallowConvNet] Epoch  11/80 | Train Loss: 0.6448 | Val Loss: 1.0000
    [ShallowConvNet] Epoch  21/80 | Train Loss: 0.5164 | Val Loss: 0.8690
    [ShallowConvNet] Epoch  31/80 | Train Loss: 0.2985 | Val Loss: 0.7776
    [ShallowConvNet] Epoch  41/80 | Train Loss: 0.2749 | Val Loss: 0.7308
    [ShallowConvNet] Epoch  51/80 | Train Loss: 0.1904 | Val Loss: 0.7012
    [ShallowConvNet] Epoch  61/80 | Train Loss: 0.2062 | Val Loss: 0.6639
    [ShallowConvNet] Epoch  71/80 | Train Loss: 0.4626 | Val Loss: 0.6400
    [ShallowConvNet] Epoch  80/80 | Train Loss: 0.1670 | Val Loss: 0.6615
      S034 fold 2: acc3=0.690
    [ShallowConvNet] Epoch   1/80 | Train Loss: 1.2069 | Val Loss: 0.9466
    [ShallowConvNet] Epoch  11/80 | Train Loss: 0.8607 | Val Loss: 0.8552
    [ShallowConvNet] Epoch  21/80 | Train Loss: 0.8937 | Val Loss: 0.8020
    [ShallowConvNet] Epoch  31/80 | Train Loss: 0.7019 | Val Loss: 0.7648
    [ShallowConvNet] Epoch  41/80 | Train Loss: 0.5214 | Val Loss: 0.7369
    [ShallowConvNet] Epoch  51/80 | Train Loss: 0.4591 | Val Loss: 0.7143
    [ShallowConvNet] Epoch  61/80 | Train Loss: 0.4893 | Val Loss: 0.6997
    [ShallowConvNet] Epoch  71/80 | Train Loss: 0.3872 | Val Loss: 0.6777
    [ShallowConvNet] Epoch  80/80 | Train Loss: 0.3444 | Val Loss: 0.6742
      S060 fold 0: acc3=0.621
    [ShallowConvNet] Epoch   1/80 | Train Loss: 1.1018 | Val Loss: 1.1334
    [ShallowConvNet] Epoch  11/80 | Train Loss: 0.8264 | Val Loss: 1.0914
    [ShallowConvNet] Early stopping na época 20 com Val Loss: 1.0901
      S060 fold 1: acc3=0.586
    [ShallowConvNet] Epoch   1/80 | Train Loss: 1.2797 | Val Loss: 1.1641
    [ShallowConvNet] Epoch  11/80 | Train Loss: 0.8832 | Val Loss: 1.1730
    [ShallowConvNet] Early stopping na época 19 com Val Loss: 1.1067
      S060 fold 2: acc3=0.655
    [ShallowConvNet] Epoch   1/80 | Train Loss: 1.1711 | Val Loss: 0.6369
    [ShallowConvNet] Epoch  11/80 | Train Loss: 0.7631 | Val Loss: 0.6741
    [ShallowConvNet] Early stopping na época 16 com Val Loss: 0.6369
      S091 fold 0: acc3=0.567
    [ShallowConvNet] Epoch   1/80 | Train Loss: 1.2501 | Val Loss: 1.2772
    [ShallowConvNet] Epoch  11/80 | Train Loss: 0.9594 | Val Loss: 1.0839
    [ShallowConvNet] Epoch  21/80 | Train Loss: 0.8456 | Val Loss: 1.0782
    [ShallowConvNet] Epoch  31/80 | Train Loss: 0.6545 | Val Loss: 1.0324
    [ShallowConvNet] Epoch  41/80 | Train Loss: 0.5283 | Val Loss: 0.9868
    [ShallowConvNet] Epoch  51/80 | Train Loss: 0.5824 | Val Loss: 0.9921
    [ShallowConvNet] Early stopping na época 57 com Val Loss: 0.9789
      S091 fold 1: acc3=0.667
    [ShallowConvNet] Epoch   1/80 | Train Loss: 1.1526 | Val Loss: 1.0705
    [ShallowConvNet] Epoch  11/80 | Train Loss: 0.8641 | Val Loss: 1.2028
    [ShallowConvNet] Early stopping na época 17 com Val Loss: 1.0551
      S091 fold 2: acc3=0.667
    [ShallowConvNet] Epoch   1/80 | Train Loss: 1.4666 | Val Loss: 1.2592
    [ShallowConvNet] Epoch  11/80 | Train Loss: 1.1200 | Val Loss: 1.2806
    [ShallowConvNet] Early stopping na época 17 com Val Loss: 1.2567
      S095 fold 0: acc3=0.536
    [ShallowConvNet] Epoch   1/80 | Train Loss: 1.3529 | Val Loss: 1.2248
    [ShallowConvNet] Epoch  11/80 | Train Loss: 1.1123 | Val Loss: 1.3089
    [ShallowConvNet] Early stopping na época 17 com Val Loss: 1.2238
      S095 fold 1: acc3=0.370
    [ShallowConvNet] Epoch   1/80 | Train Loss: 1.4465 | Val Loss: 1.1316
    [ShallowConvNet] Epoch  11/80 | Train Loss: 1.3012 | Val Loss: 1.1640
    [ShallowConvNet] Early stopping na época 16 com Val Loss: 1.1316
      S095 fold 2: acc3=0.519
  grupo 4/6 | alvos [25, 31, 87, 106, 108] | pool=98 (12min)
    [ShallowConvNet] Epoch   1/200 | Train Loss: 1.6601 | Val Loss: 1.4504
    [ShallowConvNet] Epoch  11/200 | Train Loss: 1.2664 | Val Loss: 1.2578
    [ShallowConvNet] Epoch  21/200 | Train Loss: 1.1409 | Val Loss: 1.2954
    [ShallowConvNet] Early stopping na época 29 com Val Loss: 1.2121
      pool treinado (174s) — serve aos 5 alvos do grupo
    [ShallowConvNet] Epoch   1/80 | Train Loss: 1.0747 | Val Loss: 1.3622
    [ShallowConvNet] Epoch  11/80 | Train Loss: 0.7590 | Val Loss: 1.2427
    [ShallowConvNet] Epoch  21/80 | Train Loss: 0.7025 | Val Loss: 1.1765
    [ShallowConvNet] Epoch  31/80 | Train Loss: 0.5262 | Val Loss: 1.1691
    [ShallowConvNet] Epoch  41/80 | Train Loss: 0.4847 | Val Loss: 1.1280
    [ShallowConvNet] Epoch  51/80 | Train Loss: 0.3817 | Val Loss: 1.1209
    [ShallowConvNet] Epoch  61/80 | Train Loss: 0.3123 | Val Loss: 1.1142
    [ShallowConvNet] Epoch  71/80 | Train Loss: 0.2708 | Val Loss: 1.1136
    [ShallowConvNet] Epoch  80/80 | Train Loss: 0.2275 | Val Loss: 1.1054
      S025 fold 0: acc3=0.759
    [ShallowConvNet] Epoch   1/80 | Train Loss: 1.1659 | Val Loss: 1.0389
    [ShallowConvNet] Epoch  11/80 | Train Loss: 0.9221 | Val Loss: 0.8966
    [ShallowConvNet] Epoch  21/80 | Train Loss: 0.6737 | Val Loss: 0.8411
    [ShallowConvNet] Epoch  31/80 | Train Loss: 0.5649 | Val Loss: 0.8396
    [ShallowConvNet] Epoch  41/80 | Train Loss: 0.5289 | Val Loss: 0.8397
    [ShallowConvNet] Early stopping na época 48 com Val Loss: 0.8353
      S025 fold 1: acc3=0.759
    [ShallowConvNet] Epoch   1/80 | Train Loss: 1.1379 | Val Loss: 0.9194
    [ShallowConvNet] Epoch  11/80 | Train Loss: 0.9018 | Val Loss: 0.7708
    [ShallowConvNet] Epoch  21/80 | Train Loss: 0.6863 | Val Loss: 0.7052
    [ShallowConvNet] Epoch  31/80 | Train Loss: 0.5142 | Val Loss: 0.6958
    [ShallowConvNet] Epoch  41/80 | Train Loss: 0.4836 | Val Loss: 0.6739
    [ShallowConvNet] Epoch  51/80 | Train Loss: 0.3994 | Val Loss: 0.7010
    [ShallowConvNet] Early stopping na época 57 com Val Loss: 0.6733
      S025 fold 2: acc3=0.793
    [ShallowConvNet] Epoch   1/80 | Train Loss: 1.0483 | Val Loss: 0.7516
    [ShallowConvNet] Epoch  11/80 | Train Loss: 0.9713 | Val Loss: 0.8879
    [ShallowConvNet] Early stopping na época 16 com Val Loss: 0.7516
      S031 fold 0: acc3=0.586
    [ShallowConvNet] Epoch   1/80 | Train Loss: 1.0552 | Val Loss: 1.0868
    [ShallowConvNet] Epoch  11/80 | Train Loss: 0.6861 | Val Loss: 0.9726
    [ShallowConvNet] Epoch  21/80 | Train Loss: 0.5495 | Val Loss: 0.9446
    [ShallowConvNet] Epoch  31/80 | Train Loss: 0.5153 | Val Loss: 0.9218
    [ShallowConvNet] Epoch  41/80 | Train Loss: 0.4367 | Val Loss: 0.8987
    [ShallowConvNet] Epoch  51/80 | Train Loss: 0.3812 | Val Loss: 0.8719
    [ShallowConvNet] Epoch  61/80 | Train Loss: 0.3203 | Val Loss: 0.8531
    [ShallowConvNet] Epoch  71/80 | Train Loss: 0.3206 | Val Loss: 0.8459
    [ShallowConvNet] Epoch  80/80 | Train Loss: 0.2233 | Val Loss: 0.8459
      S031 fold 1: acc3=0.759
    [ShallowConvNet] Epoch   1/80 | Train Loss: 1.1349 | Val Loss: 1.2139
    [ShallowConvNet] Epoch  11/80 | Train Loss: 0.8751 | Val Loss: 1.0822
    [ShallowConvNet] Epoch  21/80 | Train Loss: 0.7333 | Val Loss: 1.1263
    [ShallowConvNet] Early stopping na época 26 com Val Loss: 1.0822
      S031 fold 2: acc3=0.724
    [ShallowConvNet] Epoch   1/80 | Train Loss: 1.3824 | Val Loss: 1.4698
    [ShallowConvNet] Epoch  11/80 | Train Loss: 1.2815 | Val Loss: 1.5224
    [ShallowConvNet] Early stopping na época 16 com Val Loss: 1.4698
      S087 fold 0: acc3=0.483
    [ShallowConvNet] Epoch   1/80 | Train Loss: 1.2992 | Val Loss: 1.4724
    [ShallowConvNet] Epoch  11/80 | Train Loss: 1.0553 | Val Loss: 1.3700
    [ShallowConvNet] Epoch  21/80 | Train Loss: 1.0018 | Val Loss: 1.3309
    [ShallowConvNet] Epoch  31/80 | Train Loss: 0.7792 | Val Loss: 1.2872
    [ShallowConvNet] Epoch  41/80 | Train Loss: 0.8167 | Val Loss: 1.2687
    [ShallowConvNet] Epoch  51/80 | Train Loss: 0.7923 | Val Loss: 1.2490
    [ShallowConvNet] Epoch  61/80 | Train Loss: 0.6556 | Val Loss: 1.2308
    [ShallowConvNet] Epoch  71/80 | Train Loss: 0.5229 | Val Loss: 1.2296
    [ShallowConvNet] Epoch  80/80 | Train Loss: 0.4485 | Val Loss: 1.2076
      S087 fold 1: acc3=0.393
    [ShallowConvNet] Epoch   1/80 | Train Loss: 1.5690 | Val Loss: 1.8752
    [ShallowConvNet] Epoch  11/80 | Train Loss: 1.2775 | Val Loss: 1.7291
    [ShallowConvNet] Epoch  21/80 | Train Loss: 1.0981 | Val Loss: 1.7533
    [ShallowConvNet] Epoch  31/80 | Train Loss: 0.9321 | Val Loss: 1.8211
    [ShallowConvNet] Early stopping na época 31 com Val Loss: 1.7219
      S087 fold 2: acc3=0.500
    [ShallowConvNet] Epoch   1/80 | Train Loss: 1.1937 | Val Loss: 1.1108
    [ShallowConvNet] Epoch  11/80 | Train Loss: 0.9910 | Val Loss: 1.0666
    [ShallowConvNet] Epoch  21/80 | Train Loss: 0.8891 | Val Loss: 1.0359
    [ShallowConvNet] Epoch  31/80 | Train Loss: 0.7639 | Val Loss: 0.9904
    [ShallowConvNet] Epoch  41/80 | Train Loss: 0.5994 | Val Loss: 0.9328
    [ShallowConvNet] Epoch  51/80 | Train Loss: 0.5426 | Val Loss: 0.8777
    [ShallowConvNet] Epoch  61/80 | Train Loss: 0.4813 | Val Loss: 0.8314
    [ShallowConvNet] Epoch  71/80 | Train Loss: 0.4046 | Val Loss: 0.8035
    [ShallowConvNet] Epoch  80/80 | Train Loss: 0.4007 | Val Loss: 0.7774
      S106 fold 0: acc3=0.633
    [ShallowConvNet] Epoch   1/80 | Train Loss: 1.3820 | Val Loss: 1.2085
    [ShallowConvNet] Epoch  11/80 | Train Loss: 1.0344 | Val Loss: 1.2494
    [ShallowConvNet] Early stopping na época 16 com Val Loss: 1.2085
      S106 fold 1: acc3=0.567
    [ShallowConvNet] Epoch   1/80 | Train Loss: 1.3331 | Val Loss: 0.9998
    [ShallowConvNet] Epoch  11/80 | Train Loss: 1.0949 | Val Loss: 1.0561
    [ShallowConvNet] Early stopping na época 16 com Val Loss: 0.9998
      S106 fold 2: acc3=0.567
    [ShallowConvNet] Epoch   1/80 | Train Loss: 1.4697 | Val Loss: 1.5437
    [ShallowConvNet] Epoch  11/80 | Train Loss: 1.0367 | Val Loss: 1.5005
    [ShallowConvNet] Early stopping na época 19 com Val Loss: 1.4317
      S108 fold 0: acc3=0.357
    [ShallowConvNet] Epoch   1/80 | Train Loss: 1.3356 | Val Loss: 1.4745
    [ShallowConvNet] Epoch  11/80 | Train Loss: 1.1486 | Val Loss: 1.3430
    [ShallowConvNet] Early stopping na época 20 com Val Loss: 1.3372
      S108 fold 1: acc3=0.429
    [ShallowConvNet] Epoch   1/80 | Train Loss: 1.4823 | Val Loss: 1.0925
    [ShallowConvNet] Epoch  11/80 | Train Loss: 1.2349 | Val Loss: 1.0164
    [ShallowConvNet] Epoch  21/80 | Train Loss: 1.0927 | Val Loss: 0.9797
    [ShallowConvNet] Epoch  31/80 | Train Loss: 0.8951 | Val Loss: 0.9521
    [ShallowConvNet] Epoch  41/80 | Train Loss: 0.7844 | Val Loss: 0.8952
    [ShallowConvNet] Epoch  51/80 | Train Loss: 0.6893 | Val Loss: 0.8530
    [ShallowConvNet] Epoch  61/80 | Train Loss: 0.6544 | Val Loss: 0.8313
    [ShallowConvNet] Epoch  71/80 | Train Loss: 0.5687 | Val Loss: 0.8135
    [ShallowConvNet] Epoch  80/80 | Train Loss: 0.4855 | Val Loss: 0.8039
      S108 fold 2: acc3=0.407
  grupo 5/6 | alvos [41, 45, 63, 83, 105] | pool=98 (15min)
    [ShallowConvNet] Epoch   1/200 | Train Loss: 1.6691 | Val Loss: 1.5297
    [ShallowConvNet] Epoch  11/200 | Train Loss: 1.2444 | Val Loss: 1.2364
    [ShallowConvNet] Epoch  21/200 | Train Loss: 1.1279 | Val Loss: 1.2359
    [ShallowConvNet] Epoch  31/200 | Train Loss: 1.0844 | Val Loss: 1.2667
    [ShallowConvNet] Early stopping na época 39 com Val Loss: 1.2062
      pool treinado (234s) — serve aos 5 alvos do grupo
    [ShallowConvNet] Epoch   1/80 | Train Loss: 1.1119 | Val Loss: 1.1332
    [ShallowConvNet] Epoch  11/80 | Train Loss: 1.0124 | Val Loss: 1.0135
    [ShallowConvNet] Epoch  21/80 | Train Loss: 0.7931 | Val Loss: 1.0012
    [ShallowConvNet] Epoch  31/80 | Train Loss: 0.7592 | Val Loss: 0.9971
    [ShallowConvNet] Early stopping na época 37 com Val Loss: 0.9968
      S041 fold 0: acc3=0.433
    [ShallowConvNet] Epoch   1/80 | Train Loss: 1.3437 | Val Loss: 1.2940
    [ShallowConvNet] Epoch  11/80 | Train Loss: 1.0233 | Val Loss: 1.4061
    [ShallowConvNet] Early stopping na época 17 com Val Loss: 1.2897
      S041 fold 1: acc3=0.552
    [ShallowConvNet] Epoch   1/80 | Train Loss: 1.3159 | Val Loss: 1.0994
    [ShallowConvNet] Epoch  11/80 | Train Loss: 0.9362 | Val Loss: 1.0577
    [ShallowConvNet] Early stopping na época 19 com Val Loss: 1.0490
      S041 fold 2: acc3=0.586
    [ShallowConvNet] Epoch   1/80 | Train Loss: 1.0640 | Val Loss: 0.6819
    [ShallowConvNet] Epoch  11/80 | Train Loss: 0.9650 | Val Loss: 0.9127
    [ShallowConvNet] Early stopping na época 16 com Val Loss: 0.6819
      S045 fold 0: acc3=0.533
    [ShallowConvNet] Epoch   1/80 | Train Loss: 1.1882 | Val Loss: 1.2612
    [ShallowConvNet] Epoch  11/80 | Train Loss: 0.8853 | Val Loss: 1.0632
    [ShallowConvNet] Epoch  21/80 | Train Loss: 0.7868 | Val Loss: 1.0251
    [ShallowConvNet] Epoch  31/80 | Train Loss: 0.5818 | Val Loss: 1.0018
    [ShallowConvNet] Epoch  41/80 | Train Loss: 0.4995 | Val Loss: 0.9824
    [ShallowConvNet] Epoch  51/80 | Train Loss: 0.4672 | Val Loss: 0.9676
    [ShallowConvNet] Epoch  61/80 | Train Loss: 0.4136 | Val Loss: 0.9604
    [ShallowConvNet] Epoch  71/80 | Train Loss: 0.3053 | Val Loss: 0.9374
    [ShallowConvNet] Epoch  80/80 | Train Loss: 0.2784 | Val Loss: 0.9280
      S045 fold 1: acc3=0.667
    [ShallowConvNet] Epoch   1/80 | Train Loss: 1.4319 | Val Loss: 0.9989
    [ShallowConvNet] Epoch  11/80 | Train Loss: 0.9499 | Val Loss: 1.0307
    [ShallowConvNet] Early stopping na época 16 com Val Loss: 0.9989
      S045 fold 2: acc3=0.621
    [ShallowConvNet] Epoch   1/80 | Train Loss: 1.4339 | Val Loss: 1.6554
    [ShallowConvNet] Epoch  11/80 | Train Loss: 1.3059 | Val Loss: 1.3888
    [ShallowConvNet] Epoch  21/80 | Train Loss: 1.1130 | Val Loss: 1.3872
    [ShallowConvNet] Epoch  31/80 | Train Loss: 0.8441 | Val Loss: 1.4011
    [ShallowConvNet] Early stopping na época 34 com Val Loss: 1.3859
      S063 fold 0: acc3=0.586
    [ShallowConvNet] Epoch   1/80 | Train Loss: 1.4352 | Val Loss: 1.0846
    [ShallowConvNet] Epoch  11/80 | Train Loss: 1.3209 | Val Loss: 1.0187
    [ShallowConvNet] Epoch  21/80 | Train Loss: 1.1634 | Val Loss: 0.9879
    [ShallowConvNet] Epoch  31/80 | Train Loss: 0.8501 | Val Loss: 0.9516
    [ShallowConvNet] Epoch  41/80 | Train Loss: 0.8094 | Val Loss: 0.9236
    [ShallowConvNet] Epoch  51/80 | Train Loss: 0.6047 | Val Loss: 0.8913
    [ShallowConvNet] Epoch  61/80 | Train Loss: 0.5557 | Val Loss: 0.8680
    [ShallowConvNet] Epoch  71/80 | Train Loss: 0.5570 | Val Loss: 0.8441
    [ShallowConvNet] Epoch  80/80 | Train Loss: 0.4253 | Val Loss: 0.8281
      S063 fold 1: acc3=0.621
    [ShallowConvNet] Epoch   1/80 | Train Loss: 1.2664 | Val Loss: 0.6844
    [ShallowConvNet] Epoch  11/80 | Train Loss: 1.0493 | Val Loss: 0.9431
    [ShallowConvNet] Early stopping na época 16 com Val Loss: 0.6844
      S063 fold 2: acc3=0.448
    [ShallowConvNet] Epoch   1/80 | Train Loss: 1.3652 | Val Loss: 0.7920
    [ShallowConvNet] Epoch  11/80 | Train Loss: 1.0008 | Val Loss: 0.7417
    [ShallowConvNet] Epoch  21/80 | Train Loss: 0.8373 | Val Loss: 0.7282
    [ShallowConvNet] Epoch  31/80 | Train Loss: 0.5712 | Val Loss: 0.7061
    [ShallowConvNet] Epoch  41/80 | Train Loss: 0.6723 | Val Loss: 0.7009
    [ShallowConvNet] Epoch  51/80 | Train Loss: 0.5160 | Val Loss: 0.6869
    [ShallowConvNet] Epoch  61/80 | Train Loss: 0.4921 | Val Loss: 0.6528
    [ShallowConvNet] Epoch  71/80 | Train Loss: 0.3496 | Val Loss: 0.6559
    [ShallowConvNet] Early stopping na época 79 com Val Loss: 0.6402
      S083 fold 0: acc3=0.700
    [ShallowConvNet] Epoch   1/80 | Train Loss: 1.1279 | Val Loss: 0.8341
    [ShallowConvNet] Epoch  11/80 | Train Loss: 0.9203 | Val Loss: 1.2047
    [ShallowConvNet] Early stopping na época 16 com Val Loss: 0.8341
      S083 fold 1: acc3=0.517
    [ShallowConvNet] Epoch   1/80 | Train Loss: 1.1057 | Val Loss: 1.7140
    [ShallowConvNet] Epoch  11/80 | Train Loss: 1.1079 | Val Loss: 1.4383
    [ShallowConvNet] Epoch  21/80 | Train Loss: 0.8622 | Val Loss: 1.4770
    [ShallowConvNet] Early stopping na época 23 com Val Loss: 1.4026
      S083 fold 2: acc3=0.621
    [ShallowConvNet] Epoch   1/80 | Train Loss: 1.4784 | Val Loss: 0.9513
    [ShallowConvNet] Epoch  11/80 | Train Loss: 1.1301 | Val Loss: 1.0083
    [ShallowConvNet] Early stopping na época 19 com Val Loss: 0.9356
      S105 fold 0: acc3=0.700
    [ShallowConvNet] Epoch   1/80 | Train Loss: 1.3990 | Val Loss: 1.2086
    [ShallowConvNet] Epoch  11/80 | Train Loss: 1.1312 | Val Loss: 1.1897
    [ShallowConvNet] Epoch  21/80 | Train Loss: 0.7383 | Val Loss: 1.2677
    [ShallowConvNet] Early stopping na época 23 com Val Loss: 1.1775
      S105 fold 1: acc3=0.633
    [ShallowConvNet] Epoch   1/80 | Train Loss: 1.2785 | Val Loss: 1.1541
    [ShallowConvNet] Epoch  11/80 | Train Loss: 1.0385 | Val Loss: 1.0481
    [ShallowConvNet] Epoch  21/80 | Train Loss: 0.7653 | Val Loss: 0.9996
    [ShallowConvNet] Epoch  31/80 | Train Loss: 0.6080 | Val Loss: 0.9957
    [ShallowConvNet] Epoch  41/80 | Train Loss: 0.5441 | Val Loss: 0.9499
    [ShallowConvNet] Epoch  51/80 | Train Loss: 0.5031 | Val Loss: 0.9301
    [ShallowConvNet] Epoch  61/80 | Train Loss: 0.4508 | Val Loss: 0.9342
    [ShallowConvNet] Early stopping na época 64 com Val Loss: 0.9133
      S105 fold 2: acc3=0.600
  grupo 6/6 | alvos [18, 49, 68, 76, 98] | pool=98 (20min)
    [ShallowConvNet] Epoch   1/200 | Train Loss: 1.6887 | Val Loss: 1.3895
    [ShallowConvNet] Epoch  11/200 | Train Loss: 1.2341 | Val Loss: 1.2979
    [ShallowConvNet] Epoch  21/200 | Train Loss: 1.1188 | Val Loss: 1.2471
    [ShallowConvNet] Epoch  31/200 | Train Loss: 1.0560 | Val Loss: 1.3903
    [ShallowConvNet] Early stopping na época 33 com Val Loss: 1.2348
      pool treinado (198s) — serve aos 5 alvos do grupo
    [ShallowConvNet] Epoch   1/80 | Train Loss: 1.3699 | Val Loss: 1.2180
    [ShallowConvNet] Epoch  11/80 | Train Loss: 1.0588 | Val Loss: 0.9204
    [ShallowConvNet] Epoch  21/80 | Train Loss: 0.7957 | Val Loss: 0.8713
    [ShallowConvNet] Epoch  31/80 | Train Loss: 0.7037 | Val Loss: 0.8404
    [ShallowConvNet] Epoch  41/80 | Train Loss: 0.6662 | Val Loss: 0.8305
    [ShallowConvNet] Epoch  51/80 | Train Loss: 0.5333 | Val Loss: 0.8109
    [ShallowConvNet] Epoch  61/80 | Train Loss: 0.4723 | Val Loss: 0.8314
    [ShallowConvNet] Early stopping na época 64 com Val Loss: 0.7979
      S018 fold 0: acc3=0.600
    [ShallowConvNet] Epoch   1/80 | Train Loss: 1.2505 | Val Loss: 1.1255
    [ShallowConvNet] Epoch  11/80 | Train Loss: 0.9304 | Val Loss: 1.2184
    [ShallowConvNet] Early stopping na época 16 com Val Loss: 1.1255
      S018 fold 1: acc3=0.567
    [ShallowConvNet] Epoch   1/80 | Train Loss: 1.3483 | Val Loss: 1.3735
    [ShallowConvNet] Epoch  11/80 | Train Loss: 0.9422 | Val Loss: 1.0916
    [ShallowConvNet] Epoch  21/80 | Train Loss: 0.9049 | Val Loss: 1.0387
    [ShallowConvNet] Epoch  31/80 | Train Loss: 0.8261 | Val Loss: 0.9866
    [ShallowConvNet] Epoch  41/80 | Train Loss: 0.6984 | Val Loss: 0.9706
    [ShallowConvNet] Epoch  51/80 | Train Loss: 0.5208 | Val Loss: 0.9517
    [ShallowConvNet] Epoch  61/80 | Train Loss: 0.4556 | Val Loss: 0.9747
    [ShallowConvNet] Epoch  71/80 | Train Loss: 0.4031 | Val Loss: 0.9521
    [ShallowConvNet] Epoch  80/80 | Train Loss: 0.3765 | Val Loss: 0.9239
      S018 fold 2: acc3=0.667
    [ShallowConvNet] Epoch   1/80 | Train Loss: 0.9106 | Val Loss: 1.2280
    [ShallowConvNet] Epoch  11/80 | Train Loss: 0.6014 | Val Loss: 1.1598
    [ShallowConvNet] Epoch  21/80 | Train Loss: 0.5225 | Val Loss: 1.1013
    [ShallowConvNet] Epoch  31/80 | Train Loss: 0.3725 | Val Loss: 1.0702
    [ShallowConvNet] Epoch  41/80 | Train Loss: 0.3444 | Val Loss: 1.0443
    [ShallowConvNet] Epoch  51/80 | Train Loss: 0.2901 | Val Loss: 1.0285
    [ShallowConvNet] Epoch  61/80 | Train Loss: 0.2176 | Val Loss: 1.0026
    [ShallowConvNet] Epoch  71/80 | Train Loss: 0.1624 | Val Loss: 0.9877
    [ShallowConvNet] Epoch  80/80 | Train Loss: 0.1844 | Val Loss: 0.9801
      S049 fold 0: acc3=0.655
    [ShallowConvNet] Epoch   1/80 | Train Loss: 1.0474 | Val Loss: 0.7422
    [ShallowConvNet] Epoch  11/80 | Train Loss: 0.8416 | Val Loss: 0.6457
    [ShallowConvNet] Epoch  21/80 | Train Loss: 0.6139 | Val Loss: 0.5992
    [ShallowConvNet] Epoch  31/80 | Train Loss: 0.5151 | Val Loss: 0.5483
    [ShallowConvNet] Epoch  41/80 | Train Loss: 0.4980 | Val Loss: 0.5028
    [ShallowConvNet] Epoch  51/80 | Train Loss: 0.3775 | Val Loss: 0.4739
    [ShallowConvNet] Epoch  61/80 | Train Loss: 0.3265 | Val Loss: 0.4494
    [ShallowConvNet] Epoch  71/80 | Train Loss: 0.2809 | Val Loss: 0.4177
    [ShallowConvNet] Epoch  80/80 | Train Loss: 0.2478 | Val Loss: 0.4084
      S049 fold 1: acc3=0.793
    [ShallowConvNet] Epoch   1/80 | Train Loss: 1.0436 | Val Loss: 1.0276
    [ShallowConvNet] Epoch  11/80 | Train Loss: 0.8771 | Val Loss: 0.8024
    [ShallowConvNet] Epoch  21/80 | Train Loss: 0.5714 | Val Loss: 0.7542
    [ShallowConvNet] Epoch  31/80 | Train Loss: 0.4482 | Val Loss: 0.7347
    [ShallowConvNet] Epoch  41/80 | Train Loss: 0.4047 | Val Loss: 0.7144
    [ShallowConvNet] Epoch  51/80 | Train Loss: 0.3309 | Val Loss: 0.7256
    [ShallowConvNet] Early stopping na época 56 com Val Loss: 0.7144
      S049 fold 2: acc3=0.893
    [ShallowConvNet] Epoch   1/80 | Train Loss: 1.2264 | Val Loss: 0.8962
    [ShallowConvNet] Epoch  11/80 | Train Loss: 1.1022 | Val Loss: 1.0731
    [ShallowConvNet] Early stopping na época 16 com Val Loss: 0.8962
      S068 fold 0: acc3=0.633
    [ShallowConvNet] Epoch   1/80 | Train Loss: 1.1038 | Val Loss: 0.9082
    [ShallowConvNet] Epoch  11/80 | Train Loss: 0.8685 | Val Loss: 0.9277
    [ShallowConvNet] Early stopping na época 16 com Val Loss: 0.9082
      S068 fold 1: acc3=0.552
    [ShallowConvNet] Epoch   1/80 | Train Loss: 1.1540 | Val Loss: 1.6183
    [ShallowConvNet] Epoch  11/80 | Train Loss: 0.9915 | Val Loss: 1.5581
    [ShallowConvNet] Epoch  21/80 | Train Loss: 0.7281 | Val Loss: 1.5515
    [ShallowConvNet] Epoch  31/80 | Train Loss: 0.6181 | Val Loss: 1.5631
    [ShallowConvNet] Early stopping na época 32 com Val Loss: 1.5440
      S068 fold 2: acc3=0.586
    [ShallowConvNet] Epoch   1/80 | Train Loss: 1.4592 | Val Loss: 1.3740
    [ShallowConvNet] Epoch  11/80 | Train Loss: 1.0278 | Val Loss: 1.3497
    [ShallowConvNet] Epoch  21/80 | Train Loss: 0.8955 | Val Loss: 1.3353
    [ShallowConvNet] Early stopping na época 30 com Val Loss: 1.3324
      S076 fold 0: acc3=0.379
    [ShallowConvNet] Epoch   1/80 | Train Loss: 1.3358 | Val Loss: 1.4473
    [ShallowConvNet] Epoch  11/80 | Train Loss: 1.0491 | Val Loss: 1.5983
    [ShallowConvNet] Early stopping na época 16 com Val Loss: 1.4473
      S076 fold 1: acc3=0.552
    [ShallowConvNet] Epoch   1/80 | Train Loss: 1.4461 | Val Loss: 1.3627
    [ShallowConvNet] Epoch  11/80 | Train Loss: 1.1409 | Val Loss: 1.4287
    [ShallowConvNet] Early stopping na época 16 com Val Loss: 1.3627
      S076 fold 2: acc3=0.448
    [ShallowConvNet] Epoch   1/80 | Train Loss: 1.5342 | Val Loss: 1.0335
    [ShallowConvNet] Epoch  11/80 | Train Loss: 1.0261 | Val Loss: 1.0705
    [ShallowConvNet] Early stopping na época 16 com Val Loss: 1.0335
      S098 fold 0: acc3=0.600
    [ShallowConvNet] Epoch   1/80 | Train Loss: 1.5246 | Val Loss: 1.1405
    [ShallowConvNet] Epoch  11/80 | Train Loss: 1.2972 | Val Loss: 1.3431
    [ShallowConvNet] Early stopping na época 16 com Val Loss: 1.1405
      S098 fold 1: acc3=0.633
    [ShallowConvNet] Epoch   1/80 | Train Loss: 1.4449 | Val Loss: 1.1583
    [ShallowConvNet] Epoch  11/80 | Train Loss: 1.0302 | Val Loss: 1.2155
    [ShallowConvNet] Early stopping na época 16 com Val Loss: 1.1583
      S098 fold 2: acc3=0.633

BENCH_MONTAGENS_DONE (23min)
CUDA=True | montagens=['64'] | modelos=['deepcnn'] | alvos=30 | folds=3
  contrato 5cb6c6358c | banda 4-40 Hz ordem 5 | CAR on | IQR k=1.5 | calib 48 | fases mi
  aninhamento 2<4<8<16<21<32<64 verificado
  montagem      E  D centro  simetria
  64           27 27     10  sim
  32           14 14      4  sim
  21            9  8      4  NAO (aceita por decisao)
  16            6  6      4  sim
  8             3  3      2  sim
  4             2  2      0  sim
  2             1  1      0  sim
  3             1  1      1  sim
  sem_fz        4  3      1  NAO (aceita por decisao)
  posterior8    4  4      0  sim
  ocular4       2  2      0  sim
  6 grupos de alvos (semente 42), pool = 98 sujeitos:
    grupo 1: [3, 22, 57, 102, 107]
    grupo 2: [7, 52, 71, 79, 109]
    grupo 3: [12, 34, 60, 91, 95]
    grupo 4: [25, 31, 87, 106, 108]
    grupo 5: [41, 45, 63, 83, 105]
    grupo 6: [18, 49, 68, 76, 98]
  retomando: 2070 celulas ja concluidas sob 5cb6c6358c

==============================================================
  MONTAGEM 64 (64 canais) | MODELO deepcnn | 0min
==============================================================
  grupo 1/6 | alvos [3, 22, 57, 102, 107] | pool=98 (0min)
      pool treinado (364s) — serve aos 5 alvos do grupo
      S003 fold 0: acc3=0.200
      S003 fold 1: acc3=0.333
      S003 fold 2: acc3=0.300
      S022 fold 0: acc3=0.667
      S022 fold 1: acc3=0.800
      S022 fold 2: acc3=0.733
      S057 fold 0: acc3=0.400
      S057 fold 1: acc3=0.400
      S057 fold 2: acc3=0.333
      S102 fold 0: acc3=0.690
      S102 fold 1: acc3=0.655
      S102 fold 2: acc3=0.750
      S107 fold 0: acc3=0.400
      S107 fold 1: acc3=0.433
      S107 fold 2: acc3=0.467
  grupo 2/6 | alvos [7, 52, 71, 79, 109] | pool=98 (6min)
      pool treinado (414s) — serve aos 5 alvos do grupo
      S007 fold 0: acc3=0.800
      S007 fold 1: acc3=0.733
      S007 fold 2: acc3=0.862
      S052 fold 0: acc3=0.733
      S052 fold 1: acc3=0.800
      S052 fold 2: acc3=0.700
      S071 fold 0: acc3=0.700
      S071 fold 1: acc3=0.633
      S071 fold 2: acc3=0.767
      S079 fold 0: acc3=0.533
      S079 fold 1: acc3=0.333
      S079 fold 2: acc3=0.500
      S109 fold 0: acc3=0.333
      S109 fold 1: acc3=0.448
      S109 fold 2: acc3=0.276
  grupo 3/6 | alvos [12, 34, 60, 91, 95] | pool=98 (14min)
      pool treinado (262s) — serve aos 5 alvos do grupo
      S012 fold 0: acc3=0.552
      S012 fold 1: acc3=0.621
      S012 fold 2: acc3=0.552
      S034 fold 0: acc3=0.759
      S034 fold 1: acc3=0.724
      S034 fold 2: acc3=0.759
      S060 fold 0: acc3=0.690
      S060 fold 1: acc3=0.586
      S060 fold 2: acc3=0.552
      S091 fold 0: acc3=0.467
      S091 fold 1: acc3=0.767
      S091 fold 2: acc3=0.600
      S095 fold 0: acc3=0.464
      S095 fold 1: acc3=0.519
      S095 fold 2: acc3=0.407
  grupo 4/6 | alvos [25, 31, 87, 106, 108] | pool=98 (19min)
      pool treinado (229s) — serve aos 5 alvos do grupo
      S025 fold 0: acc3=0.655
      S025 fold 1: acc3=0.828
      S025 fold 2: acc3=0.724
      S031 fold 0: acc3=0.621
      S031 fold 1: acc3=0.690
      S031 fold 2: acc3=0.690
      S087 fold 0: acc3=0.379
      S087 fold 1: acc3=0.321
      S087 fold 2: acc3=0.429
      S106 fold 0: acc3=0.500
      S106 fold 1: acc3=0.400
      S106 fold 2: acc3=0.500
      S108 fold 0: acc3=0.500
      S108 fold 1: acc3=0.429
      S108 fold 2: acc3=0.259
  grupo 5/6 | alvos [41, 45, 63, 83, 105] | pool=98 (23min)
      pool treinado (266s) — serve aos 5 alvos do grupo
      S041 fold 0: acc3=0.533
      S041 fold 1: acc3=0.414
      S041 fold 2: acc3=0.345
      S045 fold 0: acc3=0.600
      S045 fold 1: acc3=0.533
      S045 fold 2: acc3=0.655
      S063 fold 0: acc3=0.483
      S063 fold 1: acc3=0.517
      S063 fold 2: acc3=0.448
      S083 fold 0: acc3=0.667
      S083 fold 1: acc3=0.483
      S083 fold 2: acc3=0.483
      S105 fold 0: acc3=0.633
      S105 fold 1: acc3=0.567
      S105 fold 2: acc3=0.500
  grupo 6/6 | alvos [18, 49, 68, 76, 98] | pool=98 (28min)
      pool treinado (341s) — serve aos 5 alvos do grupo
      S018 fold 0: acc3=0.667
      S018 fold 1: acc3=0.600
      S018 fold 2: acc3=0.433
      S049 fold 0: acc3=0.862
      S049 fold 1: acc3=0.724
      S049 fold 2: acc3=0.750
      S068 fold 0: acc3=0.633
      S068 fold 1: acc3=0.586
      S068 fold 2: acc3=0.655
      S076 fold 0: acc3=0.414
      S076 fold 1: acc3=0.379
      S076 fold 2: acc3=0.448
      S098 fold 0: acc3=0.667
      S098 fold 1: acc3=0.500
      S098 fold 2: acc3=0.633

BENCH_MONTAGENS_DONE (34min)
CUDA=True | montagens=['64'] | modelos=['stia_net'] | alvos=30 | folds=3
  contrato 5cb6c6358c | banda 4-40 Hz ordem 5 | CAR on | IQR k=1.5 | calib 48 | fases mi
  aninhamento 2<4<8<16<21<32<64 verificado
  montagem      E  D centro  simetria
  64           27 27     10  sim
  32           14 14      4  sim
  21            9  8      4  NAO (aceita por decisao)
  16            6  6      4  sim
  8             3  3      2  sim
  4             2  2      0  sim
  2             1  1      0  sim
  3             1  1      1  sim
  sem_fz        4  3      1  NAO (aceita por decisao)
  posterior8    4  4      0  sim
  ocular4       2  2      0  sim
  celulas gemeas pendentes: stia_net.banda_do_artigo (rodar de novo com --banda 8 30)
  6 grupos de alvos (semente 42), pool = 98 sujeitos:
    grupo 1: [3, 22, 57, 102, 107]
    grupo 2: [7, 52, 71, 79, 109]
    grupo 3: [12, 34, 60, 91, 95]
    grupo 4: [25, 31, 87, 106, 108]
    grupo 5: [41, 45, 63, 83, 105]
    grupo 6: [18, 49, 68, 76, 98]
  retomando: 2160 celulas ja concluidas sob 5cb6c6358c

==============================================================
  MONTAGEM 64 (64 canais) | MODELO stia_net | 0min
==============================================================
  grupo 1/6 | alvos [3, 22, 57, 102, 107] | pool=98 (0min)
  [STIA-Net] Computing PLV adjacency matrix...
      pool treinado (193s) — serve aos 5 alvos do grupo
  [STIA-Net] Recomputing PLV for MI domain...
      S003 fold 0: acc3=0.400
  [STIA-Net] Recomputing PLV for MI domain...
      S003 fold 1: acc3=0.367
  [STIA-Net] Recomputing PLV for MI domain...
      S003 fold 2: acc3=0.400
  [STIA-Net] Recomputing PLV for MI domain...
      S022 fold 0: acc3=0.267
  [STIA-Net] Recomputing PLV for MI domain...
      S022 fold 1: acc3=0.367
  [STIA-Net] Recomputing PLV for MI domain...
      S022 fold 2: acc3=0.400
  [STIA-Net] Recomputing PLV for MI domain...
      S057 fold 0: acc3=0.400
  [STIA-Net] Recomputing PLV for MI domain...
      S057 fold 1: acc3=0.433
  [STIA-Net] Recomputing PLV for MI domain...
      S057 fold 2: acc3=0.333
  [STIA-Net] Recomputing PLV for MI domain...
      S102 fold 0: acc3=0.483
  [STIA-Net] Recomputing PLV for MI domain...
      S102 fold 1: acc3=0.345
  [STIA-Net] Recomputing PLV for MI domain...
      S102 fold 2: acc3=0.571
  [STIA-Net] Recomputing PLV for MI domain...
      S107 fold 0: acc3=0.400
  [STIA-Net] Recomputing PLV for MI domain...
      S107 fold 1: acc3=0.467
  [STIA-Net] Recomputing PLV for MI domain...
      S107 fold 2: acc3=0.433
  grupo 2/6 | alvos [7, 52, 71, 79, 109] | pool=98 (4min)
  [STIA-Net] Computing PLV adjacency matrix...
      pool treinado (190s) — serve aos 5 alvos do grupo
  [STIA-Net] Recomputing PLV for MI domain...
      S007 fold 0: acc3=0.167
  [STIA-Net] Recomputing PLV for MI domain...
      S007 fold 1: acc3=0.333
  [STIA-Net] Recomputing PLV for MI domain...
      S007 fold 2: acc3=0.241
  [STIA-Net] Recomputing PLV for MI domain...
      S052 fold 0: acc3=0.500
  [STIA-Net] Recomputing PLV for MI domain...
      S052 fold 1: acc3=0.400
  [STIA-Net] Recomputing PLV for MI domain...
      S052 fold 2: acc3=0.333
  [STIA-Net] Recomputing PLV for MI domain...
      S071 fold 0: acc3=0.367
  [STIA-Net] Recomputing PLV for MI domain...
      S071 fold 1: acc3=0.467
  [STIA-Net] Recomputing PLV for MI domain...
      S071 fold 2: acc3=0.433
  [STIA-Net] Recomputing PLV for MI domain...
      S079 fold 0: acc3=0.233
  [STIA-Net] Recomputing PLV for MI domain...
      S079 fold 1: acc3=0.433
  [STIA-Net] Recomputing PLV for MI domain...
      S079 fold 2: acc3=0.433
  [STIA-Net] Recomputing PLV for MI domain...
      S109 fold 0: acc3=0.300
  [STIA-Net] Recomputing PLV for MI domain...
      S109 fold 1: acc3=0.241
  [STIA-Net] Recomputing PLV for MI domain...
      S109 fold 2: acc3=0.483
  grupo 3/6 | alvos [12, 34, 60, 91, 95] | pool=98 (7min)
  [STIA-Net] Computing PLV adjacency matrix...
      pool treinado (197s) — serve aos 5 alvos do grupo
  [STIA-Net] Recomputing PLV for MI domain...
      S012 fold 0: acc3=0.483
  [STIA-Net] Recomputing PLV for MI domain...
      S012 fold 1: acc3=0.310
  [STIA-Net] Recomputing PLV for MI domain...
      S012 fold 2: acc3=0.345
  [STIA-Net] Recomputing PLV for MI domain...
      S034 fold 0: acc3=0.276
  [STIA-Net] Recomputing PLV for MI domain...
      S034 fold 1: acc3=0.414
  [STIA-Net] Recomputing PLV for MI domain...
      S034 fold 2: acc3=0.586
  [STIA-Net] Recomputing PLV for MI domain...
      S060 fold 0: acc3=0.448
  [STIA-Net] Recomputing PLV for MI domain...
      S060 fold 1: acc3=0.379
  [STIA-Net] Recomputing PLV for MI domain...
      S060 fold 2: acc3=0.414
  [STIA-Net] Recomputing PLV for MI domain...
      S091 fold 0: acc3=0.400
  [STIA-Net] Recomputing PLV for MI domain...
      S091 fold 1: acc3=0.533
  [STIA-Net] Recomputing PLV for MI domain...
      S091 fold 2: acc3=0.367
  [STIA-Net] Recomputing PLV for MI domain...
      S095 fold 0: acc3=0.464
  [STIA-Net] Recomputing PLV for MI domain...
      S095 fold 1: acc3=0.370
  [STIA-Net] Recomputing PLV for MI domain...
      S095 fold 2: acc3=0.296
  grupo 4/6 | alvos [25, 31, 87, 106, 108] | pool=98 (11min)
  [STIA-Net] Computing PLV adjacency matrix...
      pool treinado (194s) — serve aos 5 alvos do grupo
  [STIA-Net] Recomputing PLV for MI domain...
      S025 fold 0: acc3=0.379
  [STIA-Net] Recomputing PLV for MI domain...
      S025 fold 1: acc3=0.517
  [STIA-Net] Recomputing PLV for MI domain...
      S025 fold 2: acc3=0.345
  [STIA-Net] Recomputing PLV for MI domain...
      S031 fold 0: acc3=0.345
  [STIA-Net] Recomputing PLV for MI domain...
      S031 fold 1: acc3=0.379
  [STIA-Net] Recomputing PLV for MI domain...
      S031 fold 2: acc3=0.414
  [STIA-Net] Recomputing PLV for MI domain...
      S087 fold 0: acc3=0.379
  [STIA-Net] Recomputing PLV for MI domain...
      S087 fold 1: acc3=0.429
  [STIA-Net] Recomputing PLV for MI domain...
      S087 fold 2: acc3=0.429
  [STIA-Net] Recomputing PLV for MI domain...
      S106 fold 0: acc3=0.500
  [STIA-Net] Recomputing PLV for MI domain...
      S106 fold 1: acc3=0.367
  [STIA-Net] Recomputing PLV for MI domain...
      S106 fold 2: acc3=0.467
  [STIA-Net] Recomputing PLV for MI domain...
      S108 fold 0: acc3=0.393
  [STIA-Net] Recomputing PLV for MI domain...
      S108 fold 1: acc3=0.250
  [STIA-Net] Recomputing PLV for MI domain...
      S108 fold 2: acc3=0.333
  grupo 5/6 | alvos [41, 45, 63, 83, 105] | pool=98 (15min)
  [STIA-Net] Computing PLV adjacency matrix...
      pool treinado (201s) — serve aos 5 alvos do grupo
  [STIA-Net] Recomputing PLV for MI domain...
      S041 fold 0: acc3=0.200
  [STIA-Net] Recomputing PLV for MI domain...
      S041 fold 1: acc3=0.414
  [STIA-Net] Recomputing PLV for MI domain...
      S041 fold 2: acc3=0.483
  [STIA-Net] Recomputing PLV for MI domain...
      S045 fold 0: acc3=0.467
  [STIA-Net] Recomputing PLV for MI domain...
      S045 fold 1: acc3=0.367
  [STIA-Net] Recomputing PLV for MI domain...
      S045 fold 2: acc3=0.414
  [STIA-Net] Recomputing PLV for MI domain...
      S063 fold 0: acc3=0.448
  [STIA-Net] Recomputing PLV for MI domain...
      S063 fold 1: acc3=0.172
  [STIA-Net] Recomputing PLV for MI domain...
      S063 fold 2: acc3=0.207
  [STIA-Net] Recomputing PLV for MI domain...
      S083 fold 0: acc3=0.400
  [STIA-Net] Recomputing PLV for MI domain...
      S083 fold 1: acc3=0.448
  [STIA-Net] Recomputing PLV for MI domain...
      S083 fold 2: acc3=0.172
  [STIA-Net] Recomputing PLV for MI domain...
      S105 fold 0: acc3=0.267
  [STIA-Net] Recomputing PLV for MI domain...
      S105 fold 1: acc3=0.367
  [STIA-Net] Recomputing PLV for MI domain...
      S105 fold 2: acc3=0.100
  grupo 6/6 | alvos [18, 49, 68, 76, 98] | pool=98 (18min)
  [STIA-Net] Computing PLV adjacency matrix...
      pool treinado (194s) — serve aos 5 alvos do grupo
  [STIA-Net] Recomputing PLV for MI domain...
      S018 fold 0: acc3=0.667
  [STIA-Net] Recomputing PLV for MI domain...
      S018 fold 1: acc3=0.367
  [STIA-Net] Recomputing PLV for MI domain...
      S018 fold 2: acc3=0.433
  [STIA-Net] Recomputing PLV for MI domain...
      S049 fold 0: acc3=0.414
  [STIA-Net] Recomputing PLV for MI domain...
      S049 fold 1: acc3=0.379
  [STIA-Net] Recomputing PLV for MI domain...
      S049 fold 2: acc3=0.286
  [STIA-Net] Recomputing PLV for MI domain...
      S068 fold 0: acc3=0.500
  [STIA-Net] Recomputing PLV for MI domain...
      S068 fold 1: acc3=0.448
  [STIA-Net] Recomputing PLV for MI domain...
      S068 fold 2: acc3=0.345
  [STIA-Net] Recomputing PLV for MI domain...
      S076 fold 0: acc3=0.207
  [STIA-Net] Recomputing PLV for MI domain...
      S076 fold 1: acc3=0.310
  [STIA-Net] Recomputing PLV for MI domain...
      S076 fold 2: acc3=0.241
  [STIA-Net] Recomputing PLV for MI domain...
      S098 fold 0: acc3=0.267
  [STIA-Net] Recomputing PLV for MI domain...
      S098 fold 1: acc3=0.333
  [STIA-Net] Recomputing PLV for MI domain...
      S098 fold 2: acc3=0.300

BENCH_MONTAGENS_DONE (22min)
CUDA=True | montagens=['2'] | modelos=['eegnet'] | alvos=30 | folds=3
  contrato 5cb6c6358c | banda 4-40 Hz ordem 5 | CAR on | IQR k=1.5 | calib 48 | fases mi
  aninhamento 2<4<8<16<21<32<64 verificado
  montagem      E  D centro  simetria
  64           27 27     10  sim
  32           14 14      4  sim
  21            9  8      4  NAO (aceita por decisao)
  16            6  6      4  sim
  8             3  3      2  sim
  4             2  2      0  sim
  2             1  1      0  sim
  3             1  1      1  sim
  sem_fz        4  3      1  NAO (aceita por decisao)
  posterior8    4  4      0  sim
  ocular4       2  2      0  sim
  6 grupos de alvos (semente 42), pool = 98 sujeitos:
    grupo 1: [3, 22, 57, 102, 107]
    grupo 2: [7, 52, 71, 79, 109]
    grupo 3: [12, 34, 60, 91, 95]
    grupo 4: [25, 31, 87, 106, 108]
    grupo 5: [41, 45, 63, 83, 105]
    grupo 6: [18, 49, 68, 76, 98]
  retomando: 2250 celulas ja concluidas sob 5cb6c6358c

==============================================================
  MONTAGEM 2 (2 canais) | MODELO eegnet | 0min
==============================================================
  grupo 1/6 | alvos [3, 22, 57, 102, 107] | pool=98 (0min)
      pool treinado (47s) — serve aos 5 alvos do grupo
      S003 fold 0: acc3=0.250
      S003 fold 1: acc3=0.143
      S003 fold 2: acc3=0.250
      S022 fold 0: acc3=0.414
      S022 fold 1: acc3=0.679
      S022 fold 2: acc3=0.393
      S057 fold 0: acc3=0.367
      S057 fold 1: acc3=0.400
      S057 fold 2: acc3=0.345
      S102 fold 0: acc3=0.700
      S102 fold 1: acc3=0.483
      S102 fold 2: acc3=0.586
      S107 fold 0: acc3=0.300
      S107 fold 1: acc3=0.310
      S107 fold 2: acc3=0.276
  grupo 2/6 | alvos [7, 52, 71, 79, 109] | pool=98 (1min)
      pool treinado (50s) — serve aos 5 alvos do grupo
      S007 fold 0: acc3=0.414
      S007 fold 1: acc3=0.345
      S007 fold 2: acc3=0.345
      S052 fold 0: acc3=0.500
      S052 fold 1: acc3=0.633
      S052 fold 2: acc3=0.533
      S071 fold 0: acc3=0.367
      S071 fold 1: acc3=0.448
      S071 fold 2: acc3=0.414
      S079 fold 0: acc3=0.345
      S079 fold 1: acc3=0.345
      S079 fold 2: acc3=0.310
      S109 fold 0: acc3=0.367
      S109 fold 1: acc3=0.448
      S109 fold 2: acc3=0.207
  grupo 3/6 | alvos [12, 34, 60, 91, 95] | pool=98 (2min)
      pool treinado (54s) — serve aos 5 alvos do grupo
      S012 fold 0: acc3=0.414
      S012 fold 1: acc3=0.464
      S012 fold 2: acc3=0.536
      S034 fold 0: acc3=0.467
      S034 fold 1: acc3=0.633
      S034 fold 2: acc3=0.552
      S060 fold 0: acc3=0.367
      S060 fold 1: acc3=0.448
      S060 fold 2: acc3=0.517
      S091 fold 0: acc3=0.400
      S091 fold 1: acc3=0.533
      S091 fold 2: acc3=0.448
      S095 fold 0: acc3=0.533
      S095 fold 1: acc3=0.414
      S095 fold 2: acc3=0.517
  grupo 4/6 | alvos [25, 31, 87, 106, 108] | pool=98 (3min)
      pool treinado (86s) — serve aos 5 alvos do grupo
      S025 fold 0: acc3=0.533
      S025 fold 1: acc3=0.552
      S025 fold 2: acc3=0.310
      S031 fold 0: acc3=0.172
      S031 fold 1: acc3=0.276
      S031 fold 2: acc3=0.321
      S087 fold 0: acc3=0.345
      S087 fold 1: acc3=0.276
      S087 fold 2: acc3=0.357
      S106 fold 0: acc3=0.517
      S106 fold 1: acc3=0.276
      S106 fold 2: acc3=0.571
      S108 fold 0: acc3=0.400
      S108 fold 1: acc3=0.207
      S108 fold 2: acc3=0.379
  grupo 5/6 | alvos [41, 45, 63, 83, 105] | pool=98 (5min)
      pool treinado (75s) — serve aos 5 alvos do grupo
      S041 fold 0: acc3=0.333
      S041 fold 1: acc3=0.200
      S041 fold 2: acc3=0.276
      S045 fold 0: acc3=0.467
      S045 fold 1: acc3=0.517
      S045 fold 2: acc3=0.414
      S063 fold 0: acc3=0.357
      S063 fold 1: acc3=0.393
      S063 fold 2: acc3=0.357
      S083 fold 0: acc3=0.379
      S083 fold 1: acc3=0.379
      S083 fold 2: acc3=0.345
      S105 fold 0: acc3=0.567
      S105 fold 1: acc3=0.310
      S105 fold 2: acc3=0.552
  grupo 6/6 | alvos [18, 49, 68, 76, 98] | pool=98 (6min)
      pool treinado (58s) — serve aos 5 alvos do grupo
      S018 fold 0: acc3=0.367
      S018 fold 1: acc3=0.333
      S018 fold 2: acc3=0.276
      S049 fold 0: acc3=0.433
      S049 fold 1: acc3=0.400
      S049 fold 2: acc3=0.517
      S068 fold 0: acc3=0.433
      S068 fold 1: acc3=0.533
      S068 fold 2: acc3=0.448
      S076 fold 0: acc3=0.367
      S076 fold 1: acc3=0.200
      S076 fold 2: acc3=0.414
      S098 fold 0: acc3=0.367
      S098 fold 1: acc3=0.467
      S098 fold 2: acc3=0.379

BENCH_MONTAGENS_DONE (7min)
CUDA=True | montagens=['2'] | modelos=['eegsym'] | alvos=30 | folds=3
  contrato 5cb6c6358c | banda 4-40 Hz ordem 5 | CAR on | IQR k=1.5 | calib 48 | fases mi
  aninhamento 2<4<8<16<21<32<64 verificado
  montagem      E  D centro  simetria
  64           27 27     10  sim
  32           14 14      4  sim
  21            9  8      4  NAO (aceita por decisao)
  16            6  6      4  sim
  8             3  3      2  sim
  4             2  2      0  sim
  2             1  1      0  sim
  3             1  1      1  sim
  sem_fz        4  3      1  NAO (aceita por decisao)
  posterior8    4  4      0  sim
  ocular4       2  2      0  sim
  6 grupos de alvos (semente 42), pool = 98 sujeitos:
    grupo 1: [3, 22, 57, 102, 107]
    grupo 2: [7, 52, 71, 79, 109]
    grupo 3: [12, 34, 60, 91, 95]
    grupo 4: [25, 31, 87, 106, 108]
    grupo 5: [41, 45, 63, 83, 105]
    grupo 6: [18, 49, 68, 76, 98]
  retomando: 2340 celulas ja concluidas sob 5cb6c6358c

==============================================================
  MONTAGEM 2 (2 canais) | MODELO eegsym | 0min
==============================================================
  grupo 1/6 | alvos [3, 22, 57, 102, 107] | pool=98 (0min)
      ramo E: C3
      ramo D: C4
      pool treinado (51s) — serve aos 5 alvos do grupo
      S003 fold 0: acc3=0.214
      S003 fold 1: acc3=0.179
      S003 fold 2: acc3=0.321
      S022 fold 0: acc3=0.414
      S022 fold 1: acc3=0.500
      S022 fold 2: acc3=0.500
      S057 fold 0: acc3=0.433
      S057 fold 1: acc3=0.467
      S057 fold 2: acc3=0.379
      S102 fold 0: acc3=0.567
      S102 fold 1: acc3=0.483
      S102 fold 2: acc3=0.345
      S107 fold 0: acc3=0.367
      S107 fold 1: acc3=0.310
      S107 fold 2: acc3=0.276
  grupo 2/6 | alvos [7, 52, 71, 79, 109] | pool=98 (1min)
      pool treinado (41s) — serve aos 5 alvos do grupo
      S007 fold 0: acc3=0.517
      S007 fold 1: acc3=0.414
      S007 fold 2: acc3=0.517
      S052 fold 0: acc3=0.567
      S052 fold 1: acc3=0.667
      S052 fold 2: acc3=0.633
      S071 fold 0: acc3=0.467
      S071 fold 1: acc3=0.310
      S071 fold 2: acc3=0.517
      S079 fold 0: acc3=0.483
      S079 fold 1: acc3=0.379
      S079 fold 2: acc3=0.483
      S109 fold 0: acc3=0.267
      S109 fold 1: acc3=0.483
      S109 fold 2: acc3=0.345
  grupo 3/6 | alvos [12, 34, 60, 91, 95] | pool=98 (2min)
      pool treinado (41s) — serve aos 5 alvos do grupo
      S012 fold 0: acc3=0.414
      S012 fold 1: acc3=0.464
      S012 fold 2: acc3=0.393
      S034 fold 0: acc3=0.633
      S034 fold 1: acc3=0.633
      S034 fold 2: acc3=0.586
      S060 fold 0: acc3=0.433
      S060 fold 1: acc3=0.517
      S060 fold 2: acc3=0.517
      S091 fold 0: acc3=0.433
      S091 fold 1: acc3=0.467
      S091 fold 2: acc3=0.448
      S095 fold 0: acc3=0.333
      S095 fold 1: acc3=0.345
      S095 fold 2: acc3=0.345
  grupo 4/6 | alvos [25, 31, 87, 106, 108] | pool=98 (3min)
      pool treinado (37s) — serve aos 5 alvos do grupo
      S025 fold 0: acc3=0.700
      S025 fold 1: acc3=0.414
      S025 fold 2: acc3=0.483
      S031 fold 0: acc3=0.448
      S031 fold 1: acc3=0.207
      S031 fold 2: acc3=0.357
      S087 fold 0: acc3=0.276
      S087 fold 1: acc3=0.276
      S087 fold 2: acc3=0.357
      S106 fold 0: acc3=0.552
      S106 fold 1: acc3=0.414
      S106 fold 2: acc3=0.393
      S108 fold 0: acc3=0.400
      S108 fold 1: acc3=0.310
      S108 fold 2: acc3=0.414
  grupo 5/6 | alvos [41, 45, 63, 83, 105] | pool=98 (4min)
      pool treinado (45s) — serve aos 5 alvos do grupo
      S041 fold 0: acc3=0.300
      S041 fold 1: acc3=0.267
      S041 fold 2: acc3=0.448
      S045 fold 0: acc3=0.367
      S045 fold 1: acc3=0.552
      S045 fold 2: acc3=0.414
      S063 fold 0: acc3=0.393
      S063 fold 1: acc3=0.464
      S063 fold 2: acc3=0.357
      S083 fold 0: acc3=0.276
      S083 fold 1: acc3=0.379
      S083 fold 2: acc3=0.345
      S105 fold 0: acc3=0.600
      S105 fold 1: acc3=0.310
      S105 fold 2: acc3=0.379
  grupo 6/6 | alvos [18, 49, 68, 76, 98] | pool=98 (5min)
      pool treinado (65s) — serve aos 5 alvos do grupo
      S018 fold 0: acc3=0.400
      S018 fold 1: acc3=0.400
      S018 fold 2: acc3=0.241
      S049 fold 0: acc3=0.400
      S049 fold 1: acc3=0.500
      S049 fold 2: acc3=0.552
      S068 fold 0: acc3=0.500
      S068 fold 1: acc3=0.400
      S068 fold 2: acc3=0.379
      S076 fold 0: acc3=0.300
      S076 fold 1: acc3=0.267
      S076 fold 2: acc3=0.172
      S098 fold 0: acc3=0.433
      S098 fold 1: acc3=0.400
      S098 fold 2: acc3=0.483

BENCH_MONTAGENS_DONE (6min)
CUDA=True | montagens=['2'] | modelos=['shallow_convnet'] | alvos=30 | folds=3
  contrato 5cb6c6358c | banda 4-40 Hz ordem 5 | CAR on | IQR k=1.5 | calib 48 | fases mi
  aninhamento 2<4<8<16<21<32<64 verificado
  montagem      E  D centro  simetria
  64           27 27     10  sim
  32           14 14      4  sim
  21            9  8      4  NAO (aceita por decisao)
  16            6  6      4  sim
  8             3  3      2  sim
  4             2  2      0  sim
  2             1  1      0  sim
  3             1  1      1  sim
  sem_fz        4  3      1  NAO (aceita por decisao)
  posterior8    4  4      0  sim
  ocular4       2  2      0  sim
  6 grupos de alvos (semente 42), pool = 98 sujeitos:
    grupo 1: [3, 22, 57, 102, 107]
    grupo 2: [7, 52, 71, 79, 109]
    grupo 3: [12, 34, 60, 91, 95]
    grupo 4: [25, 31, 87, 106, 108]
    grupo 5: [41, 45, 63, 83, 105]
    grupo 6: [18, 49, 68, 76, 98]
  retomando: 2430 celulas ja concluidas sob 5cb6c6358c

==============================================================
  MONTAGEM 2 (2 canais) | MODELO shallow_convnet | 0min
==============================================================
  grupo 1/6 | alvos [3, 22, 57, 102, 107] | pool=98 (0min)
    [ShallowConvNet] Epoch   1/200 | Train Loss: 1.8056 | Val Loss: 1.9104
    [ShallowConvNet] Epoch  11/200 | Train Loss: 1.4635 | Val Loss: 1.3726
    [ShallowConvNet] Epoch  21/200 | Train Loss: 1.4121 | Val Loss: 1.4462
    [ShallowConvNet] Epoch  31/200 | Train Loss: 1.3867 | Val Loss: 1.3766
    [ShallowConvNet] Early stopping na época 31 com Val Loss: 1.3726
      pool treinado (25s) — serve aos 5 alvos do grupo
    [ShallowConvNet] Epoch   1/80 | Train Loss: 1.4335 | Val Loss: 1.2596
    [ShallowConvNet] Epoch  11/80 | Train Loss: 1.3792 | Val Loss: 1.3096
    [ShallowConvNet] Early stopping na época 17 com Val Loss: 1.2560
      S003 fold 0: acc3=0.286
    [ShallowConvNet] Epoch   1/80 | Train Loss: 1.4062 | Val Loss: 1.2954
    [ShallowConvNet] Epoch  11/80 | Train Loss: 1.3301 | Val Loss: 1.3978
    [ShallowConvNet] Early stopping na época 16 com Val Loss: 1.2954
      S003 fold 1: acc3=0.214
    [ShallowConvNet] Epoch   1/80 | Train Loss: 1.3892 | Val Loss: 1.4162
    [ShallowConvNet] Epoch  11/80 | Train Loss: 1.3288 | Val Loss: 1.4401
    [ShallowConvNet] Early stopping na época 16 com Val Loss: 1.4162
      S003 fold 2: acc3=0.214
    [ShallowConvNet] Epoch   1/80 | Train Loss: 1.3447 | Val Loss: 1.3185
    [ShallowConvNet] Epoch  11/80 | Train Loss: 1.2303 | Val Loss: 1.3544
    [ShallowConvNet] Early stopping na época 17 com Val Loss: 1.3175
      S022 fold 0: acc3=0.379
    [ShallowConvNet] Epoch   1/80 | Train Loss: 1.4453 | Val Loss: 1.4286
    [ShallowConvNet] Epoch  11/80 | Train Loss: 1.3359 | Val Loss: 1.4820
    [ShallowConvNet] Early stopping na época 16 com Val Loss: 1.4286
      S022 fold 1: acc3=0.607
    [ShallowConvNet] Epoch   1/80 | Train Loss: 1.4082 | Val Loss: 1.2991
    [ShallowConvNet] Epoch  11/80 | Train Loss: 1.2416 | Val Loss: 1.2184
    [ShallowConvNet] Epoch  21/80 | Train Loss: 1.2017 | Val Loss: 1.1808
    [ShallowConvNet] Epoch  31/80 | Train Loss: 1.1053 | Val Loss: 1.1523
    [ShallowConvNet] Epoch  41/80 | Train Loss: 1.0800 | Val Loss: 1.1218
    [ShallowConvNet] Epoch  51/80 | Train Loss: 1.0797 | Val Loss: 1.1085
    [ShallowConvNet] Epoch  61/80 | Train Loss: 1.0065 | Val Loss: 1.0806
    [ShallowConvNet] Epoch  71/80 | Train Loss: 0.9734 | Val Loss: 1.0634
    [ShallowConvNet] Epoch  80/80 | Train Loss: 0.9314 | Val Loss: 1.0443
      S022 fold 2: acc3=0.500
    [ShallowConvNet] Epoch   1/80 | Train Loss: 1.4181 | Val Loss: 1.4546
    [ShallowConvNet] Epoch  11/80 | Train Loss: 1.3931 | Val Loss: 1.4750
    [ShallowConvNet] Early stopping na época 17 com Val Loss: 1.4528
      S057 fold 0: acc3=0.533
    [ShallowConvNet] Epoch   1/80 | Train Loss: 1.3784 | Val Loss: 1.4460
    [ShallowConvNet] Epoch  11/80 | Train Loss: 1.3613 | Val Loss: 1.4405
    [ShallowConvNet] Epoch  21/80 | Train Loss: 1.2669 | Val Loss: 1.4340
    [ShallowConvNet] Epoch  31/80 | Train Loss: 1.2284 | Val Loss: 1.4348
    [ShallowConvNet] Epoch  41/80 | Train Loss: 1.3268 | Val Loss: 1.4409
    [ShallowConvNet] Early stopping na época 44 com Val Loss: 1.4336
      S057 fold 1: acc3=0.333
    [ShallowConvNet] Epoch   1/80 | Train Loss: 1.4207 | Val Loss: 1.3342
    [ShallowConvNet] Epoch  11/80 | Train Loss: 1.2628 | Val Loss: 1.2605
    [ShallowConvNet] Epoch  21/80 | Train Loss: 1.3156 | Val Loss: 1.2510
    [ShallowConvNet] Epoch  31/80 | Train Loss: 1.2190 | Val Loss: 1.2467
    [ShallowConvNet] Epoch  41/80 | Train Loss: 1.1341 | Val Loss: 1.2548
    [ShallowConvNet] Early stopping na época 50 com Val Loss: 1.2448
      S057 fold 2: acc3=0.207
    [ShallowConvNet] Epoch   1/80 | Train Loss: 1.3055 | Val Loss: 1.5546
    [ShallowConvNet] Epoch  11/80 | Train Loss: 1.2411 | Val Loss: 1.1699
    [ShallowConvNet] Epoch  21/80 | Train Loss: 1.2190 | Val Loss: 0.9221
    [ShallowConvNet] Epoch  31/80 | Train Loss: 1.1737 | Val Loss: 0.8762
    [ShallowConvNet] Epoch  41/80 | Train Loss: 1.1719 | Val Loss: 0.8075
    [ShallowConvNet] Epoch  51/80 | Train Loss: 1.1500 | Val Loss: 0.8112
    [ShallowConvNet] Epoch  61/80 | Train Loss: 1.0604 | Val Loss: 0.7735
    [ShallowConvNet] Epoch  71/80 | Train Loss: 1.0279 | Val Loss: 0.7216
    [ShallowConvNet] Epoch  80/80 | Train Loss: 0.9518 | Val Loss: 0.7134
      S102 fold 0: acc3=0.633
    [ShallowConvNet] Epoch   1/80 | Train Loss: 1.3074 | Val Loss: 1.2514
    [ShallowConvNet] Epoch  11/80 | Train Loss: 1.1511 | Val Loss: 1.1025
    [ShallowConvNet] Epoch  21/80 | Train Loss: 1.0909 | Val Loss: 1.1804
    [ShallowConvNet] Early stopping na época 26 com Val Loss: 1.1025
      S102 fold 1: acc3=0.517
    [ShallowConvNet] Epoch   1/80 | Train Loss: 1.2143 | Val Loss: 1.5003
    [ShallowConvNet] Epoch  11/80 | Train Loss: 1.2375 | Val Loss: 1.4796
    [ShallowConvNet] Epoch  21/80 | Train Loss: 1.0891 | Val Loss: 1.3948
    [ShallowConvNet] Epoch  31/80 | Train Loss: 1.0054 | Val Loss: 1.3900
    [ShallowConvNet] Epoch  41/80 | Train Loss: 0.9371 | Val Loss: 1.3833
    [ShallowConvNet] Epoch  51/80 | Train Loss: 0.9300 | Val Loss: 1.3616
    [ShallowConvNet] Epoch  61/80 | Train Loss: 0.8119 | Val Loss: 1.3593
    [ShallowConvNet] Epoch  71/80 | Train Loss: 0.8743 | Val Loss: 1.3520
    [ShallowConvNet] Epoch  80/80 | Train Loss: 0.8509 | Val Loss: 1.3506
      S102 fold 2: acc3=0.724
    [ShallowConvNet] Epoch   1/80 | Train Loss: 1.4530 | Val Loss: 1.4485
    [ShallowConvNet] Epoch  11/80 | Train Loss: 1.3658 | Val Loss: 1.4909
    [ShallowConvNet] Early stopping na época 16 com Val Loss: 1.4485
      S107 fold 0: acc3=0.400
    [ShallowConvNet] Epoch   1/80 | Train Loss: 1.4283 | Val Loss: 1.3677
    [ShallowConvNet] Epoch  11/80 | Train Loss: 1.3582 | Val Loss: 1.3932
    [ShallowConvNet] Early stopping na época 16 com Val Loss: 1.3677
      S107 fold 1: acc3=0.241
    [ShallowConvNet] Epoch   1/80 | Train Loss: 1.3814 | Val Loss: 1.3526
    [ShallowConvNet] Epoch  11/80 | Train Loss: 1.3626 | Val Loss: 1.3955
    [ShallowConvNet] Early stopping na época 16 com Val Loss: 1.3526
      S107 fold 2: acc3=0.241
  grupo 2/6 | alvos [7, 52, 71, 79, 109] | pool=98 (1min)
    [ShallowConvNet] Epoch   1/200 | Train Loss: 1.7382 | Val Loss: 1.5038
    [ShallowConvNet] Epoch  11/200 | Train Loss: 1.4450 | Val Loss: 1.5372
    [ShallowConvNet] Epoch  21/200 | Train Loss: 1.4155 | Val Loss: 1.3735
    [ShallowConvNet] Epoch  31/200 | Train Loss: 1.3809 | Val Loss: 1.3860
    [ShallowConvNet] Epoch  41/200 | Train Loss: 1.3737 | Val Loss: 1.3758
    [ShallowConvNet] Epoch  51/200 | Train Loss: 1.3746 | Val Loss: 1.3719
    [ShallowConvNet] Early stopping na época 52 com Val Loss: 1.3711
      pool treinado (41s) — serve aos 5 alvos do grupo
    [ShallowConvNet] Epoch   1/80 | Train Loss: 1.3778 | Val Loss: 1.4052
    [ShallowConvNet] Epoch  11/80 | Train Loss: 1.3187 | Val Loss: 1.4145
    [ShallowConvNet] Early stopping na época 16 com Val Loss: 1.4052
      S007 fold 0: acc3=0.517
    [ShallowConvNet] Epoch   1/80 | Train Loss: 1.3807 | Val Loss: 1.3609
    [ShallowConvNet] Epoch  11/80 | Train Loss: 1.3047 | Val Loss: 1.3672
    [ShallowConvNet] Early stopping na época 17 com Val Loss: 1.3607
      S007 fold 1: acc3=0.414
    [ShallowConvNet] Epoch   1/80 | Train Loss: 1.3708 | Val Loss: 1.4538
    [ShallowConvNet] Epoch  11/80 | Train Loss: 1.3285 | Val Loss: 1.4291
    [ShallowConvNet] Epoch  21/80 | Train Loss: 1.3238 | Val Loss: 1.4314
    [ShallowConvNet] Epoch  31/80 | Train Loss: 1.3136 | Val Loss: 1.4110
    [ShallowConvNet] Epoch  41/80 | Train Loss: 1.2612 | Val Loss: 1.4083
    [ShallowConvNet] Early stopping na época 50 com Val Loss: 1.4019
      S007 fold 2: acc3=0.483
    [ShallowConvNet] Epoch   1/80 | Train Loss: 1.3286 | Val Loss: 1.4741
    [ShallowConvNet] Epoch  11/80 | Train Loss: 1.2904 | Val Loss: 1.3795
    [ShallowConvNet] Epoch  21/80 | Train Loss: 1.2560 | Val Loss: 1.3646
    [ShallowConvNet] Epoch  31/80 | Train Loss: 1.2085 | Val Loss: 1.3746
    [ShallowConvNet] Early stopping na época 38 com Val Loss: 1.3617
      S052 fold 0: acc3=0.533
    [ShallowConvNet] Epoch   1/80 | Train Loss: 1.3607 | Val Loss: 1.3864
    [ShallowConvNet] Epoch  11/80 | Train Loss: 1.2709 | Val Loss: 1.3195
    [ShallowConvNet] Epoch  21/80 | Train Loss: 1.2414 | Val Loss: 1.2564
    [ShallowConvNet] Epoch  31/80 | Train Loss: 1.2161 | Val Loss: 1.2075
    [ShallowConvNet] Epoch  41/80 | Train Loss: 1.1725 | Val Loss: 1.1706
    [ShallowConvNet] Epoch  51/80 | Train Loss: 1.1492 | Val Loss: 1.1455
    [ShallowConvNet] Epoch  61/80 | Train Loss: 1.1675 | Val Loss: 1.1266
    [ShallowConvNet] Epoch  71/80 | Train Loss: 1.1073 | Val Loss: 1.1057
    [ShallowConvNet] Epoch  80/80 | Train Loss: 1.1205 | Val Loss: 1.0893
      S052 fold 1: acc3=0.700
    [ShallowConvNet] Epoch   1/80 | Train Loss: 1.3315 | Val Loss: 1.2690
    [ShallowConvNet] Epoch  11/80 | Train Loss: 1.2938 | Val Loss: 1.2139
    [ShallowConvNet] Epoch  21/80 | Train Loss: 1.3467 | Val Loss: 1.2094
    [ShallowConvNet] Epoch  31/80 | Train Loss: 1.2837 | Val Loss: 1.2173
    [ShallowConvNet] Epoch  41/80 | Train Loss: 1.2340 | Val Loss: 1.2121
    [ShallowConvNet] Early stopping na época 41 com Val Loss: 1.2044
      S052 fold 2: acc3=0.467
    [ShallowConvNet] Epoch   1/80 | Train Loss: 1.3164 | Val Loss: 1.4837
    [ShallowConvNet] Epoch  11/80 | Train Loss: 1.3168 | Val Loss: 1.5311
    [ShallowConvNet] Early stopping na época 16 com Val Loss: 1.4837
      S071 fold 0: acc3=0.333
    [ShallowConvNet] Epoch   1/80 | Train Loss: 1.3955 | Val Loss: 1.3539
    [ShallowConvNet] Epoch  11/80 | Train Loss: 1.3702 | Val Loss: 1.3426
    [ShallowConvNet] Epoch  21/80 | Train Loss: 1.3225 | Val Loss: 1.3365
    [ShallowConvNet] Epoch  31/80 | Train Loss: 1.3230 | Val Loss: 1.3297
    [ShallowConvNet] Epoch  41/80 | Train Loss: 1.3065 | Val Loss: 1.3248
    [ShallowConvNet] Epoch  51/80 | Train Loss: 1.2573 | Val Loss: 1.3185
    [ShallowConvNet] Epoch  61/80 | Train Loss: 1.2909 | Val Loss: 1.3132
    [ShallowConvNet] Epoch  71/80 | Train Loss: 1.2369 | Val Loss: 1.3082
    [ShallowConvNet] Epoch  80/80 | Train Loss: 1.2266 | Val Loss: 1.3036
      S071 fold 1: acc3=0.552
    [ShallowConvNet] Epoch   1/80 | Train Loss: 1.3693 | Val Loss: 1.4592
    [ShallowConvNet] Epoch  11/80 | Train Loss: 1.3473 | Val Loss: 1.4906
    [ShallowConvNet] Early stopping na época 16 com Val Loss: 1.4592
      S071 fold 2: acc3=0.448
    [ShallowConvNet] Epoch   1/80 | Train Loss: 1.3951 | Val Loss: 1.4131
    [ShallowConvNet] Epoch  11/80 | Train Loss: 1.3790 | Val Loss: 1.3984
    [ShallowConvNet] Epoch  21/80 | Train Loss: 1.3544 | Val Loss: 1.4010
    [ShallowConvNet] Early stopping na época 24 com Val Loss: 1.3979
      S079 fold 0: acc3=0.276
    [ShallowConvNet] Epoch   1/80 | Train Loss: 1.3725 | Val Loss: 1.4264
    [ShallowConvNet] Epoch  11/80 | Train Loss: 1.3775 | Val Loss: 1.4559
    [ShallowConvNet] Early stopping na época 16 com Val Loss: 1.4264
      S079 fold 1: acc3=0.379
    [ShallowConvNet] Epoch   1/80 | Train Loss: 1.3846 | Val Loss: 1.4761
    [ShallowConvNet] Epoch  11/80 | Train Loss: 1.3405 | Val Loss: 1.4623
    [ShallowConvNet] Epoch  21/80 | Train Loss: 1.3035 | Val Loss: 1.4691
    [ShallowConvNet] Early stopping na época 24 com Val Loss: 1.4606
      S079 fold 2: acc3=0.276
    [ShallowConvNet] Epoch   1/80 | Train Loss: 1.3733 | Val Loss: 1.5735
    [ShallowConvNet] Epoch  11/80 | Train Loss: 1.3565 | Val Loss: 1.4483
    [ShallowConvNet] Epoch  21/80 | Train Loss: 1.3672 | Val Loss: 1.4537
    [ShallowConvNet] Early stopping na época 23 com Val Loss: 1.4467
      S109 fold 0: acc3=0.400
    [ShallowConvNet] Epoch   1/80 | Train Loss: 1.3749 | Val Loss: 1.1915
    [ShallowConvNet] Epoch  11/80 | Train Loss: 1.3500 | Val Loss: 1.3946
    [ShallowConvNet] Early stopping na época 16 com Val Loss: 1.1915
      S109 fold 1: acc3=0.483
    [ShallowConvNet] Epoch   1/80 | Train Loss: 1.4158 | Val Loss: 1.4618
    [ShallowConvNet] Epoch  11/80 | Train Loss: 1.3746 | Val Loss: 1.3816
    [ShallowConvNet] Epoch  21/80 | Train Loss: 1.3508 | Val Loss: 1.3795
    [ShallowConvNet] Epoch  31/80 | Train Loss: 1.3513 | Val Loss: 1.3780
    [ShallowConvNet] Epoch  41/80 | Train Loss: 1.3415 | Val Loss: 1.3755
    [ShallowConvNet] Epoch  51/80 | Train Loss: 1.3192 | Val Loss: 1.3720
    [ShallowConvNet] Epoch  61/80 | Train Loss: 1.3148 | Val Loss: 1.3687
    [ShallowConvNet] Epoch  71/80 | Train Loss: 1.3229 | Val Loss: 1.3646
    [ShallowConvNet] Epoch  80/80 | Train Loss: 1.2786 | Val Loss: 1.3619
      S109 fold 2: acc3=0.448
  grupo 3/6 | alvos [12, 34, 60, 91, 95] | pool=98 (1min)
    [ShallowConvNet] Epoch   1/200 | Train Loss: 1.7928 | Val Loss: 1.4256
    [ShallowConvNet] Epoch  11/200 | Train Loss: 1.4673 | Val Loss: 1.4177
    [ShallowConvNet] Epoch  21/200 | Train Loss: 1.4191 | Val Loss: 1.3957
    [ShallowConvNet] Epoch  31/200 | Train Loss: 1.3885 | Val Loss: 1.4218
    [ShallowConvNet] Early stopping na época 34 com Val Loss: 1.3801
      pool treinado (27s) — serve aos 5 alvos do grupo
    [ShallowConvNet] Epoch   1/80 | Train Loss: 1.4440 | Val Loss: 1.3435
    [ShallowConvNet] Epoch  11/80 | Train Loss: 1.3297 | Val Loss: 1.2426
    [ShallowConvNet] Epoch  21/80 | Train Loss: 1.2759 | Val Loss: 1.1669
    [ShallowConvNet] Epoch  31/80 | Train Loss: 1.2516 | Val Loss: 1.1306
    [ShallowConvNet] Epoch  41/80 | Train Loss: 1.2673 | Val Loss: 1.0973
    [ShallowConvNet] Epoch  51/80 | Train Loss: 1.2201 | Val Loss: 1.0597
    [ShallowConvNet] Epoch  61/80 | Train Loss: 1.1839 | Val Loss: 1.0327
    [ShallowConvNet] Epoch  71/80 | Train Loss: 1.1383 | Val Loss: 1.0162
    [ShallowConvNet] Epoch  80/80 | Train Loss: 1.1047 | Val Loss: 0.9922
      S012 fold 0: acc3=0.483
    [ShallowConvNet] Epoch   1/80 | Train Loss: 1.3868 | Val Loss: 1.3516
    [ShallowConvNet] Epoch  11/80 | Train Loss: 1.3498 | Val Loss: 1.2448
    [ShallowConvNet] Epoch  21/80 | Train Loss: 1.3127 | Val Loss: 1.2063
    [ShallowConvNet] Epoch  31/80 | Train Loss: 1.2982 | Val Loss: 1.1794
    [ShallowConvNet] Epoch  41/80 | Train Loss: 1.1999 | Val Loss: 1.1642
    [ShallowConvNet] Epoch  51/80 | Train Loss: 1.1979 | Val Loss: 1.1347
    [ShallowConvNet] Epoch  61/80 | Train Loss: 1.1649 | Val Loss: 1.1059
    [ShallowConvNet] Epoch  71/80 | Train Loss: 1.1421 | Val Loss: 1.0774
    [ShallowConvNet] Epoch  80/80 | Train Loss: 1.1309 | Val Loss: 1.0700
      S012 fold 1: acc3=0.536
    [ShallowConvNet] Epoch   1/80 | Train Loss: 1.4118 | Val Loss: 0.6943
    [ShallowConvNet] Epoch  11/80 | Train Loss: 1.4361 | Val Loss: 0.7977
    [ShallowConvNet] Early stopping na época 16 com Val Loss: 0.6943
      S012 fold 2: acc3=0.464
    [ShallowConvNet] Epoch   1/80 | Train Loss: 1.4683 | Val Loss: 1.3796
    [ShallowConvNet] Epoch  11/80 | Train Loss: 1.1483 | Val Loss: 1.2260
    [ShallowConvNet] Epoch  21/80 | Train Loss: 1.0653 | Val Loss: 1.1411
    [ShallowConvNet] Epoch  31/80 | Train Loss: 1.0084 | Val Loss: 1.1110
    [ShallowConvNet] Epoch  41/80 | Train Loss: 1.0224 | Val Loss: 1.1106
    [ShallowConvNet] Epoch  51/80 | Train Loss: 0.9895 | Val Loss: 1.1092
    [ShallowConvNet] Early stopping na época 53 com Val Loss: 1.1070
      S034 fold 0: acc3=0.633
    [ShallowConvNet] Epoch   1/80 | Train Loss: 1.4476 | Val Loss: 1.3792
    [ShallowConvNet] Epoch  11/80 | Train Loss: 1.2502 | Val Loss: 1.2441
    [ShallowConvNet] Epoch  21/80 | Train Loss: 1.1111 | Val Loss: 1.1590
    [ShallowConvNet] Epoch  31/80 | Train Loss: 1.0907 | Val Loss: 1.1441
    [ShallowConvNet] Epoch  41/80 | Train Loss: 1.0480 | Val Loss: 1.1467
    [ShallowConvNet] Early stopping na época 46 com Val Loss: 1.1441
      S034 fold 1: acc3=0.700
    [ShallowConvNet] Epoch   1/80 | Train Loss: 1.3893 | Val Loss: 1.3763
    [ShallowConvNet] Epoch  11/80 | Train Loss: 1.0955 | Val Loss: 1.3292
    [ShallowConvNet] Epoch  21/80 | Train Loss: 1.0100 | Val Loss: 1.4142
    [ShallowConvNet] Early stopping na época 23 com Val Loss: 1.3097
      S034 fold 2: acc3=0.483
    [ShallowConvNet] Epoch   1/80 | Train Loss: 1.3960 | Val Loss: 1.3955
    [ShallowConvNet] Epoch  11/80 | Train Loss: 1.3012 | Val Loss: 1.3602
    [ShallowConvNet] Epoch  21/80 | Train Loss: 1.2452 | Val Loss: 1.3595
    [ShallowConvNet] Early stopping na época 25 com Val Loss: 1.3560
      S060 fold 0: acc3=0.500
    [ShallowConvNet] Epoch   1/80 | Train Loss: 1.4565 | Val Loss: 1.2902
    [ShallowConvNet] Epoch  11/80 | Train Loss: 1.2831 | Val Loss: 1.2212
    [ShallowConvNet] Epoch  21/80 | Train Loss: 1.2844 | Val Loss: 1.2039
    [ShallowConvNet] Epoch  31/80 | Train Loss: 1.2338 | Val Loss: 1.1922
    [ShallowConvNet] Epoch  41/80 | Train Loss: 1.1785 | Val Loss: 1.1837
    [ShallowConvNet] Epoch  51/80 | Train Loss: 1.1469 | Val Loss: 1.1779
    [ShallowConvNet] Epoch  61/80 | Train Loss: 1.1560 | Val Loss: 1.1606
    [ShallowConvNet] Epoch  71/80 | Train Loss: 1.0576 | Val Loss: 1.1672
    [ShallowConvNet] Early stopping na época 77 com Val Loss: 1.1602
      S060 fold 1: acc3=0.414
    [ShallowConvNet] Epoch   1/80 | Train Loss: 1.4491 | Val Loss: 1.3757
    [ShallowConvNet] Epoch  11/80 | Train Loss: 1.2660 | Val Loss: 1.5627
    [ShallowConvNet] Early stopping na época 16 com Val Loss: 1.3757
      S060 fold 2: acc3=0.517
    [ShallowConvNet] Epoch   1/80 | Train Loss: 1.4160 | Val Loss: 1.3971
    [ShallowConvNet] Epoch  11/80 | Train Loss: 1.3143 | Val Loss: 1.3251
    [ShallowConvNet] Epoch  21/80 | Train Loss: 1.2989 | Val Loss: 1.2576
    [ShallowConvNet] Epoch  31/80 | Train Loss: 1.2669 | Val Loss: 1.2481
    [ShallowConvNet] Epoch  41/80 | Train Loss: 1.2213 | Val Loss: 1.2025
    [ShallowConvNet] Epoch  51/80 | Train Loss: 1.2407 | Val Loss: 1.1858
    [ShallowConvNet] Epoch  61/80 | Train Loss: 1.1672 | Val Loss: 1.2707
    [ShallowConvNet] Early stopping na época 65 com Val Loss: 1.1824
      S091 fold 0: acc3=0.433
    [ShallowConvNet] Epoch   1/80 | Train Loss: 1.4436 | Val Loss: 1.4132
    [ShallowConvNet] Epoch  11/80 | Train Loss: 1.4074 | Val Loss: 1.3334
    [ShallowConvNet] Epoch  21/80 | Train Loss: 1.3822 | Val Loss: 1.2719
    [ShallowConvNet] Epoch  31/80 | Train Loss: 1.3529 | Val Loss: 1.2210
    [ShallowConvNet] Epoch  41/80 | Train Loss: 1.2955 | Val Loss: 1.1884
    [ShallowConvNet] Epoch  51/80 | Train Loss: 1.2291 | Val Loss: 1.0990
    [ShallowConvNet] Epoch  61/80 | Train Loss: 1.2546 | Val Loss: 1.0393
    [ShallowConvNet] Epoch  71/80 | Train Loss: 1.2715 | Val Loss: 1.0399
    [ShallowConvNet] Epoch  80/80 | Train Loss: 1.1863 | Val Loss: 1.0403
      S091 fold 1: acc3=0.367
    [ShallowConvNet] Epoch   1/80 | Train Loss: 1.3400 | Val Loss: 1.4173
    [ShallowConvNet] Epoch  11/80 | Train Loss: 1.3174 | Val Loss: 1.4319
    [ShallowConvNet] Early stopping na época 16 com Val Loss: 1.4173
      S091 fold 2: acc3=0.483
    [ShallowConvNet] Epoch   1/80 | Train Loss: 1.4183 | Val Loss: 1.3940
    [ShallowConvNet] Epoch  11/80 | Train Loss: 1.3737 | Val Loss: 1.4367
    [ShallowConvNet] Early stopping na época 16 com Val Loss: 1.3940
      S095 fold 0: acc3=0.500
    [ShallowConvNet] Epoch   1/80 | Train Loss: 1.3985 | Val Loss: 1.3290
    [ShallowConvNet] Epoch  11/80 | Train Loss: 1.2590 | Val Loss: 1.3392
    [ShallowConvNet] Early stopping na época 16 com Val Loss: 1.3290
      S095 fold 1: acc3=0.310
    [ShallowConvNet] Epoch   1/80 | Train Loss: 1.4577 | Val Loss: 1.3883
    [ShallowConvNet] Epoch  11/80 | Train Loss: 1.3401 | Val Loss: 1.3170
    [ShallowConvNet] Epoch  21/80 | Train Loss: 1.2996 | Val Loss: 1.2750
    [ShallowConvNet] Epoch  31/80 | Train Loss: 1.2680 | Val Loss: 1.2344
    [ShallowConvNet] Epoch  41/80 | Train Loss: 1.2683 | Val Loss: 1.1949
    [ShallowConvNet] Epoch  51/80 | Train Loss: 1.2245 | Val Loss: 1.1569
    [ShallowConvNet] Epoch  61/80 | Train Loss: 1.2127 | Val Loss: 1.1263
    [ShallowConvNet] Epoch  71/80 | Train Loss: 1.2500 | Val Loss: 1.0937
    [ShallowConvNet] Epoch  80/80 | Train Loss: 1.1444 | Val Loss: 1.0645
      S095 fold 2: acc3=0.586
  grupo 4/6 | alvos [25, 31, 87, 106, 108] | pool=98 (2min)
    [ShallowConvNet] Epoch   1/200 | Train Loss: 1.7957 | Val Loss: 1.9644
    [ShallowConvNet] Epoch  11/200 | Train Loss: 1.4605 | Val Loss: 1.4692
    [ShallowConvNet] Epoch  21/200 | Train Loss: 1.4053 | Val Loss: 1.4308
    [ShallowConvNet] Epoch  31/200 | Train Loss: 1.3927 | Val Loss: 1.4079
    [ShallowConvNet] Epoch  41/200 | Train Loss: 1.3805 | Val Loss: 1.3780
    [ShallowConvNet] Early stopping na época 42 com Val Loss: 1.3763
      pool treinado (33s) — serve aos 5 alvos do grupo
    [ShallowConvNet] Epoch   1/80 | Train Loss: 1.3306 | Val Loss: 1.3734
    [ShallowConvNet] Epoch  11/80 | Train Loss: 1.2614 | Val Loss: 1.2203
    [ShallowConvNet] Epoch  21/80 | Train Loss: 1.2454 | Val Loss: 1.1100
    [ShallowConvNet] Epoch  31/80 | Train Loss: 1.1897 | Val Loss: 1.0711
    [ShallowConvNet] Epoch  41/80 | Train Loss: 1.2095 | Val Loss: 1.0407
    [ShallowConvNet] Epoch  51/80 | Train Loss: 1.1339 | Val Loss: 1.0180
    [ShallowConvNet] Epoch  61/80 | Train Loss: 1.0882 | Val Loss: 1.0011
    [ShallowConvNet] Epoch  71/80 | Train Loss: 1.0733 | Val Loss: 0.9775
    [ShallowConvNet] Epoch  80/80 | Train Loss: 1.0706 | Val Loss: 0.9669
      S025 fold 0: acc3=0.533
    [ShallowConvNet] Epoch   1/80 | Train Loss: 1.3501 | Val Loss: 1.3645
    [ShallowConvNet] Epoch  11/80 | Train Loss: 1.3238 | Val Loss: 1.2188
    [ShallowConvNet] Epoch  21/80 | Train Loss: 1.2494 | Val Loss: 1.1338
    [ShallowConvNet] Epoch  31/80 | Train Loss: 1.2496 | Val Loss: 1.0928
    [ShallowConvNet] Epoch  41/80 | Train Loss: 1.1856 | Val Loss: 1.0596
    [ShallowConvNet] Epoch  51/80 | Train Loss: 1.1874 | Val Loss: 1.0334
    [ShallowConvNet] Epoch  61/80 | Train Loss: 1.1415 | Val Loss: 1.0077
    [ShallowConvNet] Epoch  71/80 | Train Loss: 1.0855 | Val Loss: 0.9839
    [ShallowConvNet] Epoch  80/80 | Train Loss: 1.0597 | Val Loss: 0.9626
      S025 fold 1: acc3=0.655
    [ShallowConvNet] Epoch   1/80 | Train Loss: 1.3492 | Val Loss: 1.3681
    [ShallowConvNet] Epoch  11/80 | Train Loss: 1.2268 | Val Loss: 1.3810
    [ShallowConvNet] Early stopping na época 20 com Val Loss: 1.3497
      S025 fold 2: acc3=0.517
    [ShallowConvNet] Epoch   1/80 | Train Loss: 1.4193 | Val Loss: 1.2957
    [ShallowConvNet] Epoch  11/80 | Train Loss: 1.3535 | Val Loss: 1.3706
    [ShallowConvNet] Early stopping na época 18 com Val Loss: 1.2899
      S031 fold 0: acc3=0.310
    [ShallowConvNet] Epoch   1/80 | Train Loss: 1.4481 | Val Loss: 1.4575
    [ShallowConvNet] Epoch  11/80 | Train Loss: 1.3993 | Val Loss: 1.4177
    [ShallowConvNet] Epoch  21/80 | Train Loss: 1.3251 | Val Loss: 1.4337
    [ShallowConvNet] Early stopping na época 28 com Val Loss: 1.4163
      S031 fold 1: acc3=0.517
    [ShallowConvNet] Epoch   1/80 | Train Loss: 1.4613 | Val Loss: 1.3259
    [ShallowConvNet] Epoch  11/80 | Train Loss: 1.3733 | Val Loss: 1.2031
    [ShallowConvNet] Epoch  21/80 | Train Loss: 1.3386 | Val Loss: 1.1882
    [ShallowConvNet] Epoch  31/80 | Train Loss: 1.3171 | Val Loss: 1.1946
    [ShallowConvNet] Early stopping na época 34 com Val Loss: 1.1872
      S031 fold 2: acc3=0.286
    [ShallowConvNet] Epoch   1/80 | Train Loss: 1.4411 | Val Loss: 1.4415
    [ShallowConvNet] Epoch  11/80 | Train Loss: 1.4314 | Val Loss: 1.4664
    [ShallowConvNet] Early stopping na época 16 com Val Loss: 1.4415
      S087 fold 0: acc3=0.276
    [ShallowConvNet] Epoch   1/80 | Train Loss: 1.4393 | Val Loss: 1.5601
    [ShallowConvNet] Epoch  11/80 | Train Loss: 1.4264 | Val Loss: 1.6989
    [ShallowConvNet] Early stopping na época 16 com Val Loss: 1.5601
      S087 fold 1: acc3=0.310
    [ShallowConvNet] Epoch   1/80 | Train Loss: 1.5117 | Val Loss: 1.4992
    [ShallowConvNet] Epoch  11/80 | Train Loss: 1.4028 | Val Loss: 1.5606
    [ShallowConvNet] Early stopping na época 16 com Val Loss: 1.4992
      S087 fold 2: acc3=0.393
    [ShallowConvNet] Epoch   1/80 | Train Loss: 1.3933 | Val Loss: 1.3649
    [ShallowConvNet] Epoch  11/80 | Train Loss: 1.3057 | Val Loss: 1.3637
    [ShallowConvNet] Epoch  21/80 | Train Loss: 1.2103 | Val Loss: 1.3704
    [ShallowConvNet] Early stopping na época 25 com Val Loss: 1.3632
      S106 fold 0: acc3=0.586
    [ShallowConvNet] Epoch   1/80 | Train Loss: 1.3903 | Val Loss: 1.3232
    [ShallowConvNet] Epoch  11/80 | Train Loss: 1.3311 | Val Loss: 1.2243
    [ShallowConvNet] Epoch  21/80 | Train Loss: 1.3050 | Val Loss: 1.1911
    [ShallowConvNet] Epoch  31/80 | Train Loss: 1.2235 | Val Loss: 1.1639
    [ShallowConvNet] Epoch  41/80 | Train Loss: 1.1850 | Val Loss: 1.1456
    [ShallowConvNet] Epoch  51/80 | Train Loss: 1.1921 | Val Loss: 1.1318
    [ShallowConvNet] Epoch  61/80 | Train Loss: 1.1743 | Val Loss: 1.1174
    [ShallowConvNet] Epoch  71/80 | Train Loss: 1.1301 | Val Loss: 1.1081
    [ShallowConvNet] Epoch  80/80 | Train Loss: 1.0838 | Val Loss: 1.1011
      S106 fold 1: acc3=0.586
    [ShallowConvNet] Epoch   1/80 | Train Loss: 1.3342 | Val Loss: 1.2965
    [ShallowConvNet] Epoch  11/80 | Train Loss: 1.2766 | Val Loss: 1.2198
    [ShallowConvNet] Epoch  21/80 | Train Loss: 1.2627 | Val Loss: 1.1950
    [ShallowConvNet] Epoch  31/80 | Train Loss: 1.2575 | Val Loss: 1.1775
    [ShallowConvNet] Epoch  41/80 | Train Loss: 1.1547 | Val Loss: 1.1589
    [ShallowConvNet] Epoch  51/80 | Train Loss: 1.1281 | Val Loss: 1.1409
    [ShallowConvNet] Epoch  61/80 | Train Loss: 1.1338 | Val Loss: 1.1264
    [ShallowConvNet] Epoch  71/80 | Train Loss: 1.0811 | Val Loss: 1.1019
    [ShallowConvNet] Epoch  80/80 | Train Loss: 1.0751 | Val Loss: 1.0930
      S106 fold 2: acc3=0.571
    [ShallowConvNet] Epoch   1/80 | Train Loss: 1.3443 | Val Loss: 1.4318
    [ShallowConvNet] Epoch  11/80 | Train Loss: 1.3232 | Val Loss: 1.5576
    [ShallowConvNet] Early stopping na época 16 com Val Loss: 1.4318
      S108 fold 0: acc3=0.567
    [ShallowConvNet] Epoch   1/80 | Train Loss: 1.4470 | Val Loss: 1.4999
    [ShallowConvNet] Epoch  11/80 | Train Loss: 1.3580 | Val Loss: 1.5126
    [ShallowConvNet] Early stopping na época 16 com Val Loss: 1.4999
      S108 fold 1: acc3=0.414
    [ShallowConvNet] Epoch   1/80 | Train Loss: 1.3436 | Val Loss: 1.3731
    [ShallowConvNet] Epoch  11/80 | Train Loss: 1.2990 | Val Loss: 1.2570
    [ShallowConvNet] Epoch  21/80 | Train Loss: 1.2841 | Val Loss: 1.2037
    [ShallowConvNet] Epoch  31/80 | Train Loss: 1.2094 | Val Loss: 1.1802
    [ShallowConvNet] Epoch  41/80 | Train Loss: 1.1970 | Val Loss: 1.1600
    [ShallowConvNet] Epoch  51/80 | Train Loss: 1.1815 | Val Loss: 1.1447
    [ShallowConvNet] Epoch  61/80 | Train Loss: 1.1838 | Val Loss: 1.1348
    [ShallowConvNet] Epoch  71/80 | Train Loss: 1.1507 | Val Loss: 1.1233
    [ShallowConvNet] Epoch  80/80 | Train Loss: 1.1298 | Val Loss: 1.1146
      S108 fold 2: acc3=0.310
  grupo 5/6 | alvos [41, 45, 63, 83, 105] | pool=98 (3min)
    [ShallowConvNet] Epoch   1/200 | Train Loss: 1.8199 | Val Loss: 1.4768
    [ShallowConvNet] Epoch  11/200 | Train Loss: 1.4562 | Val Loss: 1.3890
    [ShallowConvNet] Epoch  21/200 | Train Loss: 1.4123 | Val Loss: 1.4125
    [ShallowConvNet] Early stopping na época 27 com Val Loss: 1.3696
      pool treinado (21s) — serve aos 5 alvos do grupo
    [ShallowConvNet] Epoch   1/80 | Train Loss: 1.3659 | Val Loss: 1.3740
    [ShallowConvNet] Epoch  11/80 | Train Loss: 1.3154 | Val Loss: 1.2492
    [ShallowConvNet] Epoch  21/80 | Train Loss: 1.1724 | Val Loss: 1.2169
    [ShallowConvNet] Epoch  31/80 | Train Loss: 1.1391 | Val Loss: 1.1925
    [ShallowConvNet] Epoch  41/80 | Train Loss: 1.0770 | Val Loss: 1.1607
    [ShallowConvNet] Epoch  51/80 | Train Loss: 1.0842 | Val Loss: 1.1391
    [ShallowConvNet] Epoch  61/80 | Train Loss: 0.9976 | Val Loss: 1.1501
    [ShallowConvNet] Early stopping na época 70 com Val Loss: 1.1336
      S041 fold 0: acc3=0.600
    [ShallowConvNet] Epoch   1/80 | Train Loss: 1.3402 | Val Loss: 1.3155
    [ShallowConvNet] Epoch  11/80 | Train Loss: 1.2326 | Val Loss: 1.1373
    [ShallowConvNet] Epoch  21/80 | Train Loss: 1.1590 | Val Loss: 1.2280
    [ShallowConvNet] Early stopping na época 26 com Val Loss: 1.1373
      S041 fold 1: acc3=0.467
    [ShallowConvNet] Epoch   1/80 | Train Loss: 1.3859 | Val Loss: 1.3439
    [ShallowConvNet] Epoch  11/80 | Train Loss: 1.2509 | Val Loss: 1.4876
    [ShallowConvNet] Epoch  21/80 | Train Loss: 1.1761 | Val Loss: 1.2846
    [ShallowConvNet] Epoch  31/80 | Train Loss: 1.1708 | Val Loss: 1.2647
    [ShallowConvNet] Epoch  41/80 | Train Loss: 1.1337 | Val Loss: 1.2734
    [ShallowConvNet] Early stopping na época 45 com Val Loss: 1.2637
      S041 fold 2: acc3=0.586
    [ShallowConvNet] Epoch   1/80 | Train Loss: 1.3282 | Val Loss: 1.3763
    [ShallowConvNet] Epoch  11/80 | Train Loss: 1.1370 | Val Loss: 1.4037
    [ShallowConvNet] Early stopping na época 16 com Val Loss: 1.3763
      S045 fold 0: acc3=0.533
    [ShallowConvNet] Epoch   1/80 | Train Loss: 1.4055 | Val Loss: 1.1741
    [ShallowConvNet] Epoch  11/80 | Train Loss: 1.2707 | Val Loss: 1.0767
    [ShallowConvNet] Epoch  21/80 | Train Loss: 1.1254 | Val Loss: 1.0646
    [ShallowConvNet] Epoch  31/80 | Train Loss: 1.1444 | Val Loss: 1.0579
    [ShallowConvNet] Epoch  41/80 | Train Loss: 1.1618 | Val Loss: 1.0497
    [ShallowConvNet] Epoch  51/80 | Train Loss: 1.0759 | Val Loss: 1.0246
    [ShallowConvNet] Epoch  61/80 | Train Loss: 0.9893 | Val Loss: 0.9829
    [ShallowConvNet] Epoch  71/80 | Train Loss: 1.0205 | Val Loss: 0.9748
    [ShallowConvNet] Epoch  80/80 | Train Loss: 0.9909 | Val Loss: 0.9793
    [ShallowConvNet] Early stopping na época 80 com Val Loss: 0.9741
      S045 fold 1: acc3=0.483
    [ShallowConvNet] Epoch   1/80 | Train Loss: 1.2968 | Val Loss: 1.2875
    [ShallowConvNet] Epoch  11/80 | Train Loss: 1.2251 | Val Loss: 1.2484
    [ShallowConvNet] Epoch  21/80 | Train Loss: 1.1712 | Val Loss: 1.2047
    [ShallowConvNet] Epoch  31/80 | Train Loss: 1.1369 | Val Loss: 1.1486
    [ShallowConvNet] Epoch  41/80 | Train Loss: 1.1185 | Val Loss: 1.1117
    [ShallowConvNet] Epoch  51/80 | Train Loss: 1.0886 | Val Loss: 1.0652
    [ShallowConvNet] Epoch  61/80 | Train Loss: 0.9903 | Val Loss: 1.0179
    [ShallowConvNet] Epoch  71/80 | Train Loss: 0.9829 | Val Loss: 0.9932
    [ShallowConvNet] Epoch  80/80 | Train Loss: 0.9649 | Val Loss: 0.9727
      S045 fold 2: acc3=0.586
    [ShallowConvNet] Epoch   1/80 | Train Loss: 1.4369 | Val Loss: 1.3800
    [ShallowConvNet] Epoch  11/80 | Train Loss: 1.3760 | Val Loss: 1.3794
    [ShallowConvNet] Early stopping na época 19 com Val Loss: 1.3661
      S063 fold 0: acc3=0.321
    [ShallowConvNet] Epoch   1/80 | Train Loss: 1.4327 | Val Loss: 1.3305
    [ShallowConvNet] Epoch  11/80 | Train Loss: 1.4050 | Val Loss: 1.3579
    [ShallowConvNet] Early stopping na época 18 com Val Loss: 1.3156
      S063 fold 1: acc3=0.179
    [ShallowConvNet] Epoch   1/80 | Train Loss: 1.4853 | Val Loss: 1.3745
    [ShallowConvNet] Epoch  11/80 | Train Loss: 1.3647 | Val Loss: 1.3897
    [ShallowConvNet] Early stopping na época 16 com Val Loss: 1.3745
      S063 fold 2: acc3=0.250
    [ShallowConvNet] Epoch   1/80 | Train Loss: 1.4327 | Val Loss: 1.3520
    [ShallowConvNet] Epoch  11/80 | Train Loss: 1.2245 | Val Loss: 1.5618
    [ShallowConvNet] Early stopping na época 16 com Val Loss: 1.3520
      S083 fold 0: acc3=0.448
    [ShallowConvNet] Epoch   1/80 | Train Loss: 1.4771 | Val Loss: 1.4230
    [ShallowConvNet] Epoch  11/80 | Train Loss: 1.3527 | Val Loss: 1.4204
    [ShallowConvNet] Epoch  21/80 | Train Loss: 1.2053 | Val Loss: 1.4094
    [ShallowConvNet] Epoch  31/80 | Train Loss: 1.1832 | Val Loss: 1.3986
    [ShallowConvNet] Epoch  41/80 | Train Loss: 1.1516 | Val Loss: 1.3821
    [ShallowConvNet] Epoch  51/80 | Train Loss: 1.1277 | Val Loss: 1.3743
    [ShallowConvNet] Epoch  61/80 | Train Loss: 1.1713 | Val Loss: 1.3741
    [ShallowConvNet] Epoch  71/80 | Train Loss: 1.0603 | Val Loss: 1.3547
    [ShallowConvNet] Epoch  80/80 | Train Loss: 1.0428 | Val Loss: 1.3317
      S083 fold 1: acc3=0.517
    [ShallowConvNet] Epoch   1/80 | Train Loss: 1.4272 | Val Loss: 1.4274
    [ShallowConvNet] Epoch  11/80 | Train Loss: 1.2335 | Val Loss: 1.4784
    [ShallowConvNet] Early stopping na época 18 com Val Loss: 1.4199
      S083 fold 2: acc3=0.414
    [ShallowConvNet] Epoch   1/80 | Train Loss: 1.3229 | Val Loss: 1.3538
    [ShallowConvNet] Epoch  11/80 | Train Loss: 1.2256 | Val Loss: 1.2888
    [ShallowConvNet] Epoch  21/80 | Train Loss: 1.1900 | Val Loss: 1.2563
    [ShallowConvNet] Epoch  31/80 | Train Loss: 1.1212 | Val Loss: 1.2284
    [ShallowConvNet] Epoch  41/80 | Train Loss: 1.1156 | Val Loss: 1.2412
    [ShallowConvNet] Epoch  51/80 | Train Loss: 1.1416 | Val Loss: 1.2119
    [ShallowConvNet] Epoch  61/80 | Train Loss: 1.0391 | Val Loss: 1.2170
    [ShallowConvNet] Early stopping na época 70 com Val Loss: 1.2060
      S105 fold 0: acc3=0.667
    [ShallowConvNet] Epoch   1/80 | Train Loss: 1.3768 | Val Loss: 1.3734
    [ShallowConvNet] Epoch  11/80 | Train Loss: 1.1511 | Val Loss: 1.4646
    [ShallowConvNet] Early stopping na época 18 com Val Loss: 1.3647
      S105 fold 1: acc3=0.310
    [ShallowConvNet] Epoch   1/80 | Train Loss: 1.3817 | Val Loss: 1.4049
    [ShallowConvNet] Epoch  11/80 | Train Loss: 1.2473 | Val Loss: 1.3638
    [ShallowConvNet] Epoch  21/80 | Train Loss: 1.1448 | Val Loss: 1.3531
    [ShallowConvNet] Epoch  31/80 | Train Loss: 1.1352 | Val Loss: 1.3018
    [ShallowConvNet] Epoch  41/80 | Train Loss: 1.1003 | Val Loss: 1.2428
    [ShallowConvNet] Epoch  51/80 | Train Loss: 1.0896 | Val Loss: 1.1954
    [ShallowConvNet] Epoch  61/80 | Train Loss: 1.0444 | Val Loss: 1.1519
    [ShallowConvNet] Epoch  71/80 | Train Loss: 1.0319 | Val Loss: 1.1094
    [ShallowConvNet] Epoch  80/80 | Train Loss: 0.9376 | Val Loss: 1.0749
      S105 fold 2: acc3=0.586
  grupo 6/6 | alvos [18, 49, 68, 76, 98] | pool=98 (3min)
    [ShallowConvNet] Epoch   1/200 | Train Loss: 1.8154 | Val Loss: 1.8231
    [ShallowConvNet] Epoch  11/200 | Train Loss: 1.4497 | Val Loss: 1.4105
    [ShallowConvNet] Epoch  21/200 | Train Loss: 1.4140 | Val Loss: 1.4662
    [ShallowConvNet] Epoch  31/200 | Train Loss: 1.3817 | Val Loss: 1.4135
    [ShallowConvNet] Early stopping na época 40 com Val Loss: 1.3832
      pool treinado (31s) — serve aos 5 alvos do grupo
    [ShallowConvNet] Epoch   1/80 | Train Loss: 1.3775 | Val Loss: 1.3923
    [ShallowConvNet] Epoch  11/80 | Train Loss: 1.3078 | Val Loss: 1.3949
    [ShallowConvNet] Epoch  21/80 | Train Loss: 1.2929 | Val Loss: 1.3771
    [ShallowConvNet] Epoch  31/80 | Train Loss: 1.2679 | Val Loss: 1.3399
    [ShallowConvNet] Epoch  41/80 | Train Loss: 1.2624 | Val Loss: 1.3287
    [ShallowConvNet] Epoch  51/80 | Train Loss: 1.2423 | Val Loss: 1.3435
    [ShallowConvNet] Early stopping na época 55 com Val Loss: 1.3278
      S018 fold 0: acc3=0.300
    [ShallowConvNet] Epoch   1/80 | Train Loss: 1.3844 | Val Loss: 1.3776
    [ShallowConvNet] Epoch  11/80 | Train Loss: 1.4068 | Val Loss: 1.3632
    [ShallowConvNet] Epoch  21/80 | Train Loss: 1.3984 | Val Loss: 1.3916
    [ShallowConvNet] Early stopping na época 25 com Val Loss: 1.3621
      S018 fold 1: acc3=0.300
    [ShallowConvNet] Epoch   1/80 | Train Loss: 1.4083 | Val Loss: 1.4045
    [ShallowConvNet] Epoch  11/80 | Train Loss: 1.2948 | Val Loss: 1.4068
    [ShallowConvNet] Epoch  21/80 | Train Loss: 1.3655 | Val Loss: 1.4796
    [ShallowConvNet] Early stopping na época 22 com Val Loss: 1.3805
      S018 fold 2: acc3=0.483
    [ShallowConvNet] Epoch   1/80 | Train Loss: 1.3529 | Val Loss: 1.2577
    [ShallowConvNet] Epoch  11/80 | Train Loss: 1.2896 | Val Loss: 1.3111
    [ShallowConvNet] Early stopping na época 16 com Val Loss: 1.2577
      S049 fold 0: acc3=0.500
    [ShallowConvNet] Epoch   1/80 | Train Loss: 1.3602 | Val Loss: 1.3766
    [ShallowConvNet] Epoch  11/80 | Train Loss: 1.3013 | Val Loss: 1.4276
    [ShallowConvNet] Early stopping na época 16 com Val Loss: 1.3766
      S049 fold 1: acc3=0.433
    [ShallowConvNet] Epoch   1/80 | Train Loss: 1.3728 | Val Loss: 1.3773
    [ShallowConvNet] Epoch  11/80 | Train Loss: 1.3268 | Val Loss: 1.3224
    [ShallowConvNet] Epoch  21/80 | Train Loss: 1.2799 | Val Loss: 1.3233
    [ShallowConvNet] Early stopping na época 30 com Val Loss: 1.3178
      S049 fold 2: acc3=0.414
    [ShallowConvNet] Epoch   1/80 | Train Loss: 1.4028 | Val Loss: 1.3371
    [ShallowConvNet] Epoch  11/80 | Train Loss: 1.3076 | Val Loss: 1.2772
    [ShallowConvNet] Epoch  21/80 | Train Loss: 1.2565 | Val Loss: 1.2538
    [ShallowConvNet] Epoch  31/80 | Train Loss: 1.2399 | Val Loss: 1.2396
    [ShallowConvNet] Epoch  41/80 | Train Loss: 1.2330 | Val Loss: 1.2266
    [ShallowConvNet] Epoch  51/80 | Train Loss: 1.1653 | Val Loss: 1.2118
    [ShallowConvNet] Epoch  61/80 | Train Loss: 1.1748 | Val Loss: 1.1984
    [ShallowConvNet] Epoch  71/80 | Train Loss: 1.1224 | Val Loss: 1.1915
    [ShallowConvNet] Epoch  80/80 | Train Loss: 1.1533 | Val Loss: 1.1737
      S068 fold 0: acc3=0.400
    [ShallowConvNet] Epoch   1/80 | Train Loss: 1.4009 | Val Loss: 1.5120
    [ShallowConvNet] Epoch  11/80 | Train Loss: 1.2907 | Val Loss: 1.4839
    [ShallowConvNet] Epoch  21/80 | Train Loss: 1.2586 | Val Loss: 1.4968
    [ShallowConvNet] Early stopping na época 28 com Val Loss: 1.4826
      S068 fold 1: acc3=0.467
    [ShallowConvNet] Epoch   1/80 | Train Loss: 1.4031 | Val Loss: 1.4244
    [ShallowConvNet] Epoch  11/80 | Train Loss: 1.3695 | Val Loss: 1.4274
    [ShallowConvNet] Early stopping na época 16 com Val Loss: 1.4244
      S068 fold 2: acc3=0.345
    [ShallowConvNet] Epoch   1/80 | Train Loss: 1.4139 | Val Loss: 1.3579
    [ShallowConvNet] Epoch  11/80 | Train Loss: 1.3078 | Val Loss: 1.3000
    [ShallowConvNet] Epoch  21/80 | Train Loss: 1.1814 | Val Loss: 1.3358
    [ShallowConvNet] Early stopping na época 26 com Val Loss: 1.3000
      S076 fold 0: acc3=0.567
    [ShallowConvNet] Epoch   1/80 | Train Loss: 1.4019 | Val Loss: 1.3687
    [ShallowConvNet] Epoch  11/80 | Train Loss: 1.3334 | Val Loss: 1.2307
    [ShallowConvNet] Epoch  21/80 | Train Loss: 1.2992 | Val Loss: 1.1290
    [ShallowConvNet] Epoch  31/80 | Train Loss: 1.3004 | Val Loss: 1.1029
    [ShallowConvNet] Epoch  41/80 | Train Loss: 1.2069 | Val Loss: 1.0886
    [ShallowConvNet] Epoch  51/80 | Train Loss: 1.2436 | Val Loss: 1.0793
    [ShallowConvNet] Epoch  61/80 | Train Loss: 1.1671 | Val Loss: 1.0686
    [ShallowConvNet] Epoch  71/80 | Train Loss: 1.2126 | Val Loss: 1.0581
    [ShallowConvNet] Epoch  80/80 | Train Loss: 1.1877 | Val Loss: 1.0559
      S076 fold 1: acc3=0.367
    [ShallowConvNet] Epoch   1/80 | Train Loss: 1.5367 | Val Loss: 1.4165
    [ShallowConvNet] Epoch  11/80 | Train Loss: 1.4829 | Val Loss: 1.4010
    [ShallowConvNet] Epoch  21/80 | Train Loss: 1.4327 | Val Loss: 1.2982
    [ShallowConvNet] Epoch  31/80 | Train Loss: 1.3160 | Val Loss: 1.3293
    [ShallowConvNet] Early stopping na época 36 com Val Loss: 1.2982
      S076 fold 2: acc3=0.448
    [ShallowConvNet] Epoch   1/80 | Train Loss: 1.4927 | Val Loss: 1.3906
    [ShallowConvNet] Epoch  11/80 | Train Loss: 1.3048 | Val Loss: 1.3701
    [ShallowConvNet] Epoch  21/80 | Train Loss: 1.2952 | Val Loss: 1.3476
    [ShallowConvNet] Epoch  31/80 | Train Loss: 1.2790 | Val Loss: 1.3327
    [ShallowConvNet] Epoch  41/80 | Train Loss: 1.2733 | Val Loss: 1.3197
    [ShallowConvNet] Epoch  51/80 | Train Loss: 1.2410 | Val Loss: 1.3133
    [ShallowConvNet] Epoch  61/80 | Train Loss: 1.1302 | Val Loss: 1.3352
    [ShallowConvNet] Early stopping na época 63 com Val Loss: 1.3099
      S098 fold 0: acc3=0.533
    [ShallowConvNet] Epoch   1/80 | Train Loss: 1.3511 | Val Loss: 1.3082
    [ShallowConvNet] Epoch  11/80 | Train Loss: 1.2985 | Val Loss: 1.1048
    [ShallowConvNet] Epoch  21/80 | Train Loss: 1.2262 | Val Loss: 1.1138
    [ShallowConvNet] Early stopping na época 26 com Val Loss: 1.1048
      S098 fold 1: acc3=0.367
    [ShallowConvNet] Epoch   1/80 | Train Loss: 1.3491 | Val Loss: 1.3808
    [ShallowConvNet] Epoch  11/80 | Train Loss: 1.3194 | Val Loss: 1.3183
    [ShallowConvNet] Epoch  21/80 | Train Loss: 1.2248 | Val Loss: 1.2848
    [ShallowConvNet] Epoch  31/80 | Train Loss: 1.2108 | Val Loss: 1.2766
    [ShallowConvNet] Epoch  41/80 | Train Loss: 1.2186 | Val Loss: 1.2668
    [ShallowConvNet] Epoch  51/80 | Train Loss: 1.2162 | Val Loss: 1.2478
    [ShallowConvNet] Epoch  61/80 | Train Loss: 1.1784 | Val Loss: 1.2389
    [ShallowConvNet] Epoch  71/80 | Train Loss: 1.1461 | Val Loss: 1.2453
    [ShallowConvNet] Early stopping na época 75 com Val Loss: 1.2371
      S098 fold 2: acc3=0.552

BENCH_MONTAGENS_DONE (4min)
CUDA=True | montagens=['2'] | modelos=['deepcnn'] | alvos=30 | folds=3
  contrato 5cb6c6358c | banda 4-40 Hz ordem 5 | CAR on | IQR k=1.5 | calib 48 | fases mi
  aninhamento 2<4<8<16<21<32<64 verificado
  montagem      E  D centro  simetria
  64           27 27     10  sim
  32           14 14      4  sim
  21            9  8      4  NAO (aceita por decisao)
  16            6  6      4  sim
  8             3  3      2  sim
  4             2  2      0  sim
  2             1  1      0  sim
  3             1  1      1  sim
  sem_fz        4  3      1  NAO (aceita por decisao)
  posterior8    4  4      0  sim
  ocular4       2  2      0  sim
  6 grupos de alvos (semente 42), pool = 98 sujeitos:
    grupo 1: [3, 22, 57, 102, 107]
    grupo 2: [7, 52, 71, 79, 109]
    grupo 3: [12, 34, 60, 91, 95]
    grupo 4: [25, 31, 87, 106, 108]
    grupo 5: [41, 45, 63, 83, 105]
    grupo 6: [18, 49, 68, 76, 98]
  retomando: 2520 celulas ja concluidas sob 5cb6c6358c

==============================================================
  MONTAGEM 2 (2 canais) | MODELO deepcnn | 0min
==============================================================
  grupo 1/6 | alvos [3, 22, 57, 102, 107] | pool=98 (0min)
      pool treinado (73s) — serve aos 5 alvos do grupo
      S003 fold 0: acc3=0.393
      S003 fold 1: acc3=0.214
      S003 fold 2: acc3=0.250
      S022 fold 0: acc3=0.483
      S022 fold 1: acc3=0.643
      S022 fold 2: acc3=0.357
      S057 fold 0: acc3=0.467
      S057 fold 1: acc3=0.333
      S057 fold 2: acc3=0.241
      S102 fold 0: acc3=0.433
      S102 fold 1: acc3=0.241
      S102 fold 2: acc3=0.276
      S107 fold 0: acc3=0.300
      S107 fold 1: acc3=0.241
      S107 fold 2: acc3=0.172
  grupo 2/6 | alvos [7, 52, 71, 79, 109] | pool=98 (1min)
      pool treinado (47s) — serve aos 5 alvos do grupo
      S007 fold 0: acc3=0.517
      S007 fold 1: acc3=0.276
      S007 fold 2: acc3=0.517
      S052 fold 0: acc3=0.533
      S052 fold 1: acc3=0.567
      S052 fold 2: acc3=0.567
      S071 fold 0: acc3=0.400
      S071 fold 1: acc3=0.379
      S071 fold 2: acc3=0.448
      S079 fold 0: acc3=0.345
      S079 fold 1: acc3=0.345
      S079 fold 2: acc3=0.414
      S109 fold 0: acc3=0.433
      S109 fold 1: acc3=0.517
      S109 fold 2: acc3=0.241
  grupo 3/6 | alvos [12, 34, 60, 91, 95] | pool=98 (2min)
      pool treinado (58s) — serve aos 5 alvos do grupo
      S012 fold 0: acc3=0.414
      S012 fold 1: acc3=0.500
      S012 fold 2: acc3=0.536
      S034 fold 0: acc3=0.567
      S034 fold 1: acc3=0.667
      S034 fold 2: acc3=0.276
      S060 fold 0: acc3=0.400
      S060 fold 1: acc3=0.448
      S060 fold 2: acc3=0.586
      S091 fold 0: acc3=0.400
      S091 fold 1: acc3=0.367
      S091 fold 2: acc3=0.552
      S095 fold 0: acc3=0.400
      S095 fold 1: acc3=0.310
      S095 fold 2: acc3=0.379
  grupo 4/6 | alvos [25, 31, 87, 106, 108] | pool=98 (3min)
      pool treinado (74s) — serve aos 5 alvos do grupo
      S025 fold 0: acc3=0.600
      S025 fold 1: acc3=0.655
      S025 fold 2: acc3=0.448
      S031 fold 0: acc3=0.276
      S031 fold 1: acc3=0.517
      S031 fold 2: acc3=0.429
      S087 fold 0: acc3=0.310
      S087 fold 1: acc3=0.414
      S087 fold 2: acc3=0.393
      S106 fold 0: acc3=0.414
      S106 fold 1: acc3=0.448
      S106 fold 2: acc3=0.536
      S108 fold 0: acc3=0.433
      S108 fold 1: acc3=0.379
      S108 fold 2: acc3=0.379
  grupo 5/6 | alvos [41, 45, 63, 83, 105] | pool=98 (5min)
      pool treinado (74s) — serve aos 5 alvos do grupo
      S041 fold 0: acc3=0.433
      S041 fold 1: acc3=0.367
      S041 fold 2: acc3=0.517
      S045 fold 0: acc3=0.400
      S045 fold 1: acc3=0.586
      S045 fold 2: acc3=0.483
      S063 fold 0: acc3=0.321
      S063 fold 1: acc3=0.250
      S063 fold 2: acc3=0.250
      S083 fold 0: acc3=0.448
      S083 fold 1: acc3=0.483
      S083 fold 2: acc3=0.379
      S105 fold 0: acc3=0.700
      S105 fold 1: acc3=0.310
      S105 fold 2: acc3=0.448
  grupo 6/6 | alvos [18, 49, 68, 76, 98] | pool=98 (6min)
      pool treinado (78s) — serve aos 5 alvos do grupo
      S018 fold 0: acc3=0.267
      S018 fold 1: acc3=0.300
      S018 fold 2: acc3=0.345
      S049 fold 0: acc3=0.500
      S049 fold 1: acc3=0.500
      S049 fold 2: acc3=0.345
      S068 fold 0: acc3=0.400
      S068 fold 1: acc3=0.300
      S068 fold 2: acc3=0.379
      S076 fold 0: acc3=0.367
      S076 fold 1: acc3=0.267
      S076 fold 2: acc3=0.379
      S098 fold 0: acc3=0.433
      S098 fold 1: acc3=0.400
      S098 fold 2: acc3=0.552

BENCH_MONTAGENS_DONE (8min)
CUDA=True | montagens=['2'] | modelos=['stia_net'] | alvos=30 | folds=3
  contrato 5cb6c6358c | banda 4-40 Hz ordem 5 | CAR on | IQR k=1.5 | calib 48 | fases mi
  aninhamento 2<4<8<16<21<32<64 verificado
  montagem      E  D centro  simetria
  64           27 27     10  sim
  32           14 14      4  sim
  21            9  8      4  NAO (aceita por decisao)
  16            6  6      4  sim
  8             3  3      2  sim
  4             2  2      0  sim
  2             1  1      0  sim
  3             1  1      1  sim
  sem_fz        4  3      1  NAO (aceita por decisao)
  posterior8    4  4      0  sim
  ocular4       2  2      0  sim
  celulas gemeas pendentes: stia_net.banda_do_artigo (rodar de novo com --banda 8 30)
  6 grupos de alvos (semente 42), pool = 98 sujeitos:
    grupo 1: [3, 22, 57, 102, 107]
    grupo 2: [7, 52, 71, 79, 109]
    grupo 3: [12, 34, 60, 91, 95]
    grupo 4: [25, 31, 87, 106, 108]
    grupo 5: [41, 45, 63, 83, 105]
    grupo 6: [18, 49, 68, 76, 98]
  retomando: 2610 celulas ja concluidas sob 5cb6c6358c

==============================================================
  MONTAGEM 2 (2 canais) | MODELO stia_net | 0min
==============================================================
  grupo 1/6 | alvos [3, 22, 57, 102, 107] | pool=98 (0min)
  [STIA-Net] Computing PLV adjacency matrix...
      pool treinado (34s) — serve aos 5 alvos do grupo
  [STIA-Net] Recomputing PLV for MI domain...
      S003 fold 0: acc3=0.500
  [STIA-Net] Recomputing PLV for MI domain...
      S003 fold 1: acc3=0.321
  [STIA-Net] Recomputing PLV for MI domain...
      S003 fold 2: acc3=0.321
  [STIA-Net] Recomputing PLV for MI domain...
      S022 fold 0: acc3=0.379
  [STIA-Net] Recomputing PLV for MI domain...
      S022 fold 1: acc3=0.321
  [STIA-Net] Recomputing PLV for MI domain...
      S022 fold 2: acc3=0.286
  [STIA-Net] Recomputing PLV for MI domain...
      S057 fold 0: acc3=0.367
  [STIA-Net] Recomputing PLV for MI domain...
      S057 fold 1: acc3=0.400
  [STIA-Net] Recomputing PLV for MI domain...
      S057 fold 2: acc3=0.414
  [STIA-Net] Recomputing PLV for MI domain...
      S102 fold 0: acc3=0.367
  [STIA-Net] Recomputing PLV for MI domain...
      S102 fold 1: acc3=0.207
  [STIA-Net] Recomputing PLV for MI domain...
      S102 fold 2: acc3=0.276
  [STIA-Net] Recomputing PLV for MI domain...
      S107 fold 0: acc3=0.467
  [STIA-Net] Recomputing PLV for MI domain...
      S107 fold 1: acc3=0.379
  [STIA-Net] Recomputing PLV for MI domain...
      S107 fold 2: acc3=0.414
  grupo 2/6 | alvos [7, 52, 71, 79, 109] | pool=98 (1min)
  [STIA-Net] Computing PLV adjacency matrix...
      pool treinado (35s) — serve aos 5 alvos do grupo
  [STIA-Net] Recomputing PLV for MI domain...
      S007 fold 0: acc3=0.310
  [STIA-Net] Recomputing PLV for MI domain...
      S007 fold 1: acc3=0.379
  [STIA-Net] Recomputing PLV for MI domain...
      S007 fold 2: acc3=0.276
  [STIA-Net] Recomputing PLV for MI domain...
      S052 fold 0: acc3=0.467
  [STIA-Net] Recomputing PLV for MI domain...
      S052 fold 1: acc3=0.633
  [STIA-Net] Recomputing PLV for MI domain...
      S052 fold 2: acc3=0.533
  [STIA-Net] Recomputing PLV for MI domain...
      S071 fold 0: acc3=0.333
  [STIA-Net] Recomputing PLV for MI domain...
      S071 fold 1: acc3=0.379
  [STIA-Net] Recomputing PLV for MI domain...
      S071 fold 2: acc3=0.483
  [STIA-Net] Recomputing PLV for MI domain...
      S079 fold 0: acc3=0.241
  [STIA-Net] Recomputing PLV for MI domain...
      S079 fold 1: acc3=0.276
  [STIA-Net] Recomputing PLV for MI domain...
      S079 fold 2: acc3=0.345
  [STIA-Net] Recomputing PLV for MI domain...
      S109 fold 0: acc3=0.167
  [STIA-Net] Recomputing PLV for MI domain...
      S109 fold 1: acc3=0.310
  [STIA-Net] Recomputing PLV for MI domain...
      S109 fold 2: acc3=0.241
  grupo 3/6 | alvos [12, 34, 60, 91, 95] | pool=98 (1min)
  [STIA-Net] Computing PLV adjacency matrix...
      pool treinado (35s) — serve aos 5 alvos do grupo
  [STIA-Net] Recomputing PLV for MI domain...
      S012 fold 0: acc3=0.310
  [STIA-Net] Recomputing PLV for MI domain...
      S012 fold 1: acc3=0.429
  [STIA-Net] Recomputing PLV for MI domain...
      S012 fold 2: acc3=0.500
  [STIA-Net] Recomputing PLV for MI domain...
      S034 fold 0: acc3=0.700
  [STIA-Net] Recomputing PLV for MI domain...
      S034 fold 1: acc3=0.567
  [STIA-Net] Recomputing PLV for MI domain...
      S034 fold 2: acc3=0.483
  [STIA-Net] Recomputing PLV for MI domain...
      S060 fold 0: acc3=0.333
  [STIA-Net] Recomputing PLV for MI domain...
      S060 fold 1: acc3=0.448
  [STIA-Net] Recomputing PLV for MI domain...
      S060 fold 2: acc3=0.414
  [STIA-Net] Recomputing PLV for MI domain...
      S091 fold 0: acc3=0.267
  [STIA-Net] Recomputing PLV for MI domain...
      S091 fold 1: acc3=0.233
  [STIA-Net] Recomputing PLV for MI domain...
      S091 fold 2: acc3=0.379
  [STIA-Net] Recomputing PLV for MI domain...
      S095 fold 0: acc3=0.367
  [STIA-Net] Recomputing PLV for MI domain...
      S095 fold 1: acc3=0.517
  [STIA-Net] Recomputing PLV for MI domain...
      S095 fold 2: acc3=0.448
  grupo 4/6 | alvos [25, 31, 87, 106, 108] | pool=98 (2min)
  [STIA-Net] Computing PLV adjacency matrix...
      pool treinado (35s) — serve aos 5 alvos do grupo
  [STIA-Net] Recomputing PLV for MI domain...
      S025 fold 0: acc3=0.500
  [STIA-Net] Recomputing PLV for MI domain...
      S025 fold 1: acc3=0.414
  [STIA-Net] Recomputing PLV for MI domain...
      S025 fold 2: acc3=0.345
  [STIA-Net] Recomputing PLV for MI domain...
      S031 fold 0: acc3=0.276
  [STIA-Net] Recomputing PLV for MI domain...
      S031 fold 1: acc3=0.276
  [STIA-Net] Recomputing PLV for MI domain...
      S031 fold 2: acc3=0.321
  [STIA-Net] Recomputing PLV for MI domain...
      S087 fold 0: acc3=0.276
  [STIA-Net] Recomputing PLV for MI domain...
      S087 fold 1: acc3=0.414
  [STIA-Net] Recomputing PLV for MI domain...
      S087 fold 2: acc3=0.429
  [STIA-Net] Recomputing PLV for MI domain...
      S106 fold 0: acc3=0.448
  [STIA-Net] Recomputing PLV for MI domain...
      S106 fold 1: acc3=0.310
  [STIA-Net] Recomputing PLV for MI domain...
      S106 fold 2: acc3=0.357
  [STIA-Net] Recomputing PLV for MI domain...
      S108 fold 0: acc3=0.233
  [STIA-Net] Recomputing PLV for MI domain...
      S108 fold 1: acc3=0.276
  [STIA-Net] Recomputing PLV for MI domain...
      S108 fold 2: acc3=0.241
  grupo 5/6 | alvos [41, 45, 63, 83, 105] | pool=98 (3min)
  [STIA-Net] Computing PLV adjacency matrix...
      pool treinado (34s) — serve aos 5 alvos do grupo
  [STIA-Net] Recomputing PLV for MI domain...
      S041 fold 0: acc3=0.267
  [STIA-Net] Recomputing PLV for MI domain...
      S041 fold 1: acc3=0.233
  [STIA-Net] Recomputing PLV for MI domain...
      S041 fold 2: acc3=0.241
  [STIA-Net] Recomputing PLV for MI domain...
      S045 fold 0: acc3=0.367
  [STIA-Net] Recomputing PLV for MI domain...
      S045 fold 1: acc3=0.586
  [STIA-Net] Recomputing PLV for MI domain...
      S045 fold 2: acc3=0.345
  [STIA-Net] Recomputing PLV for MI domain...
      S063 fold 0: acc3=0.286
  [STIA-Net] Recomputing PLV for MI domain...
      S063 fold 1: acc3=0.286
  [STIA-Net] Recomputing PLV for MI domain...
      S063 fold 2: acc3=0.429
  [STIA-Net] Recomputing PLV for MI domain...
      S083 fold 0: acc3=0.276
  [STIA-Net] Recomputing PLV for MI domain...
      S083 fold 1: acc3=0.483
  [STIA-Net] Recomputing PLV for MI domain...
      S083 fold 2: acc3=0.379
  [STIA-Net] Recomputing PLV for MI domain...
      S105 fold 0: acc3=0.333
  [STIA-Net] Recomputing PLV for MI domain...
      S105 fold 1: acc3=0.379
  [STIA-Net] Recomputing PLV for MI domain...
      S105 fold 2: acc3=0.276
  grupo 6/6 | alvos [18, 49, 68, 76, 98] | pool=98 (4min)
  [STIA-Net] Computing PLV adjacency matrix...
      pool treinado (36s) — serve aos 5 alvos do grupo
  [STIA-Net] Recomputing PLV for MI domain...
      S018 fold 0: acc3=0.533
  [STIA-Net] Recomputing PLV for MI domain...
      S018 fold 1: acc3=0.367
  [STIA-Net] Recomputing PLV for MI domain...
      S018 fold 2: acc3=0.448
  [STIA-Net] Recomputing PLV for MI domain...
      S049 fold 0: acc3=0.433
  [STIA-Net] Recomputing PLV for MI domain...
      S049 fold 1: acc3=0.300
  [STIA-Net] Recomputing PLV for MI domain...
      S049 fold 2: acc3=0.517
  [STIA-Net] Recomputing PLV for MI domain...
      S068 fold 0: acc3=0.467
  [STIA-Net] Recomputing PLV for MI domain...
      S068 fold 1: acc3=0.267
  [STIA-Net] Recomputing PLV for MI domain...
      S068 fold 2: acc3=0.345
  [STIA-Net] Recomputing PLV for MI domain...
      S076 fold 0: acc3=0.433
  [STIA-Net] Recomputing PLV for MI domain...
      S076 fold 1: acc3=0.500
  [STIA-Net] Recomputing PLV for MI domain...
      S076 fold 2: acc3=0.310
  [STIA-Net] Recomputing PLV for MI domain...
      S098 fold 0: acc3=0.467
  [STIA-Net] Recomputing PLV for MI domain...
      S098 fold 1: acc3=0.433
  [STIA-Net] Recomputing PLV for MI domain...
      S098 fold 2: acc3=0.379

BENCH_MONTAGENS_DONE (4min)
CUDA=True | montagens=['4'] | modelos=['eegnet'] | alvos=30 | folds=3
  contrato 5cb6c6358c | banda 4-40 Hz ordem 5 | CAR on | IQR k=1.5 | calib 48 | fases mi
  aninhamento 2<4<8<16<21<32<64 verificado
  montagem      E  D centro  simetria
  64           27 27     10  sim
  32           14 14      4  sim
  21            9  8      4  NAO (aceita por decisao)
  16            6  6      4  sim
  8             3  3      2  sim
  4             2  2      0  sim
  2             1  1      0  sim
  3             1  1      1  sim
  sem_fz        4  3      1  NAO (aceita por decisao)
  posterior8    4  4      0  sim
  ocular4       2  2      0  sim
  6 grupos de alvos (semente 42), pool = 98 sujeitos:
    grupo 1: [3, 22, 57, 102, 107]
    grupo 2: [7, 52, 71, 79, 109]
    grupo 3: [12, 34, 60, 91, 95]
    grupo 4: [25, 31, 87, 106, 108]
    grupo 5: [41, 45, 63, 83, 105]
    grupo 6: [18, 49, 68, 76, 98]
  retomando: 2700 celulas ja concluidas sob 5cb6c6358c

==============================================================
  MONTAGEM 4 (4 canais) | MODELO eegnet | 0min
==============================================================
  grupo 1/6 | alvos [3, 22, 57, 102, 107] | pool=98 (0min)
      pool treinado (62s) — serve aos 5 alvos do grupo
      S003 fold 0: acc3=0.179
      S003 fold 1: acc3=0.179
      S003 fold 2: acc3=0.148
      S022 fold 0: acc3=0.517
      S022 fold 1: acc3=0.621
      S022 fold 2: acc3=0.345
      S057 fold 0: acc3=0.367
      S057 fold 1: acc3=0.414
      S057 fold 2: acc3=0.379
      S102 fold 0: acc3=0.667
      S102 fold 1: acc3=0.733
      S102 fold 2: acc3=0.414
      S107 fold 0: acc3=0.433
      S107 fold 1: acc3=0.367
      S107 fold 2: acc3=0.483
  grupo 2/6 | alvos [7, 52, 71, 79, 109] | pool=98 (1min)
      pool treinado (60s) — serve aos 5 alvos do grupo
      S007 fold 0: acc3=0.633
      S007 fold 1: acc3=0.621
      S007 fold 2: acc3=0.552
      S052 fold 0: acc3=0.533
      S052 fold 1: acc3=0.733
      S052 fold 2: acc3=0.655
      S071 fold 0: acc3=0.567
      S071 fold 1: acc3=0.586
      S071 fold 2: acc3=0.586
      S079 fold 0: acc3=0.464
      S079 fold 1: acc3=0.321
      S079 fold 2: acc3=0.222
      S109 fold 0: acc3=0.233
      S109 fold 1: acc3=0.400
      S109 fold 2: acc3=0.448
  grupo 3/6 | alvos [12, 34, 60, 91, 95] | pool=98 (2min)
      pool treinado (58s) — serve aos 5 alvos do grupo
      S012 fold 0: acc3=0.379
      S012 fold 1: acc3=0.448
      S012 fold 2: acc3=0.714
      S034 fold 0: acc3=0.567
      S034 fold 1: acc3=0.633
      S034 fold 2: acc3=0.621
      S060 fold 0: acc3=0.667
      S060 fold 1: acc3=0.552
      S060 fold 2: acc3=0.621
      S091 fold 0: acc3=0.333
      S091 fold 1: acc3=0.345
      S091 fold 2: acc3=0.586
      S095 fold 0: acc3=0.133
      S095 fold 1: acc3=0.379
      S095 fold 2: acc3=0.345
  grupo 4/6 | alvos [25, 31, 87, 106, 108] | pool=98 (4min)
      pool treinado (29s) — serve aos 5 alvos do grupo
      S025 fold 0: acc3=0.767
      S025 fold 1: acc3=0.690
      S025 fold 2: acc3=0.759
      S031 fold 0: acc3=0.400
      S031 fold 1: acc3=0.483
      S031 fold 2: acc3=0.724
      S087 fold 0: acc3=0.400
      S087 fold 1: acc3=0.241
      S087 fold 2: acc3=0.345
      S106 fold 0: acc3=0.448
      S106 fold 1: acc3=0.414
      S106 fold 2: acc3=0.448
      S108 fold 0: acc3=0.433
      S108 fold 1: acc3=0.414
      S108 fold 2: acc3=0.483
  grupo 5/6 | alvos [41, 45, 63, 83, 105] | pool=98 (4min)
      pool treinado (53s) — serve aos 5 alvos do grupo
      S041 fold 0: acc3=0.267
      S041 fold 1: acc3=0.467
      S041 fold 2: acc3=0.379
      S045 fold 0: acc3=0.500
      S045 fold 1: acc3=0.517
      S045 fold 2: acc3=0.690
      S063 fold 0: acc3=0.552
      S063 fold 1: acc3=0.393
      S063 fold 2: acc3=0.357
      S083 fold 0: acc3=0.759
      S083 fold 1: acc3=0.448
      S083 fold 2: acc3=0.517
      S105 fold 0: acc3=0.483
      S105 fold 1: acc3=0.448
      S105 fold 2: acc3=0.483
  grupo 6/6 | alvos [18, 49, 68, 76, 98] | pool=98 (5min)
      pool treinado (59s) — serve aos 5 alvos do grupo
      S018 fold 0: acc3=0.414
      S018 fold 1: acc3=0.310
      S018 fold 2: acc3=0.310
      S049 fold 0: acc3=0.667
      S049 fold 1: acc3=0.500
      S049 fold 2: acc3=0.552
      S068 fold 0: acc3=0.367
      S068 fold 1: acc3=0.367
      S068 fold 2: acc3=0.467
      S076 fold 0: acc3=0.467
      S076 fold 1: acc3=0.233
      S076 fold 2: acc3=0.483
      S098 fold 0: acc3=0.367
      S098 fold 1: acc3=0.533
      S098 fold 2: acc3=0.467

BENCH_MONTAGENS_DONE (6min)
CUDA=True | montagens=['4'] | modelos=['eegsym'] | alvos=30 | folds=3
  contrato 5cb6c6358c | banda 4-40 Hz ordem 5 | CAR on | IQR k=1.5 | calib 48 | fases mi
  aninhamento 2<4<8<16<21<32<64 verificado
  montagem      E  D centro  simetria
  64           27 27     10  sim
  32           14 14      4  sim
  21            9  8      4  NAO (aceita por decisao)
  16            6  6      4  sim
  8             3  3      2  sim
  4             2  2      0  sim
  2             1  1      0  sim
  3             1  1      1  sim
  sem_fz        4  3      1  NAO (aceita por decisao)
  posterior8    4  4      0  sim
  ocular4       2  2      0  sim
  6 grupos de alvos (semente 42), pool = 98 sujeitos:
    grupo 1: [3, 22, 57, 102, 107]
    grupo 2: [7, 52, 71, 79, 109]
    grupo 3: [12, 34, 60, 91, 95]
    grupo 4: [25, 31, 87, 106, 108]
    grupo 5: [41, 45, 63, 83, 105]
    grupo 6: [18, 49, 68, 76, 98]
  retomando: 2790 celulas ja concluidas sob 5cb6c6358c

==============================================================
  MONTAGEM 4 (4 canais) | MODELO eegsym | 0min
==============================================================
  grupo 1/6 | alvos [3, 22, 57, 102, 107] | pool=98 (0min)
      ramo E: C3 CP3
      ramo D: C4 CP4
      pool treinado (69s) — serve aos 5 alvos do grupo
      S003 fold 0: acc3=0.179
      S003 fold 1: acc3=0.393
      S003 fold 2: acc3=0.222
      S022 fold 0: acc3=0.552
      S022 fold 1: acc3=0.621
      S022 fold 2: acc3=0.414
      S057 fold 0: acc3=0.467
      S057 fold 1: acc3=0.345
      S057 fold 2: acc3=0.414
      S102 fold 0: acc3=0.600
      S102 fold 1: acc3=0.433
      S102 fold 2: acc3=0.276
      S107 fold 0: acc3=0.467
      S107 fold 1: acc3=0.167
      S107 fold 2: acc3=0.414
  grupo 2/6 | alvos [7, 52, 71, 79, 109] | pool=98 (1min)
      pool treinado (46s) — serve aos 5 alvos do grupo
      S007 fold 0: acc3=0.633
      S007 fold 1: acc3=0.759
      S007 fold 2: acc3=0.621
      S052 fold 0: acc3=0.567
      S052 fold 1: acc3=0.600
      S052 fold 2: acc3=0.655
      S071 fold 0: acc3=0.500
      S071 fold 1: acc3=0.517
      S071 fold 2: acc3=0.552
      S079 fold 0: acc3=0.464
      S079 fold 1: acc3=0.429
      S079 fold 2: acc3=0.407
      S109 fold 0: acc3=0.233
      S109 fold 1: acc3=0.267
      S109 fold 2: acc3=0.241
  grupo 3/6 | alvos [12, 34, 60, 91, 95] | pool=98 (2min)
      pool treinado (70s) — serve aos 5 alvos do grupo
      S012 fold 0: acc3=0.690
      S012 fold 1: acc3=0.517
      S012 fold 2: acc3=0.679
      S034 fold 0: acc3=0.733
      S034 fold 1: acc3=0.733
      S034 fold 2: acc3=0.655
      S060 fold 0: acc3=0.533
      S060 fold 1: acc3=0.379
      S060 fold 2: acc3=0.655
      S091 fold 0: acc3=0.533
      S091 fold 1: acc3=0.414
      S091 fold 2: acc3=0.448
      S095 fold 0: acc3=0.433
      S095 fold 1: acc3=0.586
      S095 fold 2: acc3=0.310
  grupo 4/6 | alvos [25, 31, 87, 106, 108] | pool=98 (4min)
      pool treinado (50s) — serve aos 5 alvos do grupo
      S025 fold 0: acc3=0.667
      S025 fold 1: acc3=0.621
      S025 fold 2: acc3=0.448
      S031 fold 0: acc3=0.467
      S031 fold 1: acc3=0.586
      S031 fold 2: acc3=0.655
      S087 fold 0: acc3=0.467
      S087 fold 1: acc3=0.310
      S087 fold 2: acc3=0.345
      S106 fold 0: acc3=0.414
      S106 fold 1: acc3=0.483
      S106 fold 2: acc3=0.483
      S108 fold 0: acc3=0.433
      S108 fold 1: acc3=0.345
      S108 fold 2: acc3=0.310
  grupo 5/6 | alvos [41, 45, 63, 83, 105] | pool=98 (5min)
      pool treinado (61s) — serve aos 5 alvos do grupo
      S041 fold 0: acc3=0.233
      S041 fold 1: acc3=0.500
      S041 fold 2: acc3=0.276
      S045 fold 0: acc3=0.433
      S045 fold 1: acc3=0.586
      S045 fold 2: acc3=0.586
      S063 fold 0: acc3=0.241
      S063 fold 1: acc3=0.286
      S063 fold 2: acc3=0.464
      S083 fold 0: acc3=0.448
      S083 fold 1: acc3=0.517
      S083 fold 2: acc3=0.483
      S105 fold 0: acc3=0.552
      S105 fold 1: acc3=0.379
      S105 fold 2: acc3=0.621
  grupo 6/6 | alvos [18, 49, 68, 76, 98] | pool=98 (6min)
      pool treinado (62s) — serve aos 5 alvos do grupo
      S018 fold 0: acc3=0.414
      S018 fold 1: acc3=0.241
      S018 fold 2: acc3=0.276
      S049 fold 0: acc3=0.300
      S049 fold 1: acc3=0.467
      S049 fold 2: acc3=0.310
      S068 fold 0: acc3=0.500
      S068 fold 1: acc3=0.367
      S068 fold 2: acc3=0.367
      S076 fold 0: acc3=0.267
      S076 fold 1: acc3=0.300
      S076 fold 2: acc3=0.276
      S098 fold 0: acc3=0.400
      S098 fold 1: acc3=0.533
      S098 fold 2: acc3=0.300

BENCH_MONTAGENS_DONE (7min)
CUDA=True | montagens=['4'] | modelos=['shallow_convnet'] | alvos=30 | folds=3
  contrato 5cb6c6358c | banda 4-40 Hz ordem 5 | CAR on | IQR k=1.5 | calib 48 | fases mi
  aninhamento 2<4<8<16<21<32<64 verificado
  montagem      E  D centro  simetria
  64           27 27     10  sim
  32           14 14      4  sim
  21            9  8      4  NAO (aceita por decisao)
  16            6  6      4  sim
  8             3  3      2  sim
  4             2  2      0  sim
  2             1  1      0  sim
  3             1  1      1  sim
  sem_fz        4  3      1  NAO (aceita por decisao)
  posterior8    4  4      0  sim
  ocular4       2  2      0  sim
  6 grupos de alvos (semente 42), pool = 98 sujeitos:
    grupo 1: [3, 22, 57, 102, 107]
    grupo 2: [7, 52, 71, 79, 109]
    grupo 3: [12, 34, 60, 91, 95]
    grupo 4: [25, 31, 87, 106, 108]
    grupo 5: [41, 45, 63, 83, 105]
    grupo 6: [18, 49, 68, 76, 98]
  retomando: 2880 celulas ja concluidas sob 5cb6c6358c

==============================================================
  MONTAGEM 4 (4 canais) | MODELO shallow_convnet | 0min
==============================================================
  grupo 1/6 | alvos [3, 22, 57, 102, 107] | pool=98 (0min)
    [ShallowConvNet] Epoch   1/200 | Train Loss: 1.7349 | Val Loss: 1.5041
    [ShallowConvNet] Epoch  11/200 | Train Loss: 1.4359 | Val Loss: 1.6118
    [ShallowConvNet] Epoch  21/200 | Train Loss: 1.3873 | Val Loss: 1.3639
    [ShallowConvNet] Early stopping na época 27 com Val Loss: 1.3488
      pool treinado (22s) — serve aos 5 alvos do grupo
    [ShallowConvNet] Epoch   1/80 | Train Loss: 1.3961 | Val Loss: 1.4108
    [ShallowConvNet] Epoch  11/80 | Train Loss: 1.4267 | Val Loss: 1.3719
    [ShallowConvNet] Epoch  21/80 | Train Loss: 1.1937 | Val Loss: 1.3159
    [ShallowConvNet] Epoch  31/80 | Train Loss: 1.1724 | Val Loss: 1.2786
    [ShallowConvNet] Epoch  41/80 | Train Loss: 1.1531 | Val Loss: 1.2566
    [ShallowConvNet] Epoch  51/80 | Train Loss: 1.1240 | Val Loss: 1.2179
    [ShallowConvNet] Epoch  61/80 | Train Loss: 1.0886 | Val Loss: 1.2025
    [ShallowConvNet] Epoch  71/80 | Train Loss: 0.9671 | Val Loss: 1.1779
    [ShallowConvNet] Epoch  80/80 | Train Loss: 0.9753 | Val Loss: 1.1388
      S003 fold 0: acc3=0.286
    [ShallowConvNet] Epoch   1/80 | Train Loss: 1.4607 | Val Loss: 1.5124
    [ShallowConvNet] Epoch  11/80 | Train Loss: 1.5299 | Val Loss: 1.4499
    [ShallowConvNet] Epoch  21/80 | Train Loss: 1.2748 | Val Loss: 1.4395
    [ShallowConvNet] Epoch  31/80 | Train Loss: 1.1885 | Val Loss: 1.4209
    [ShallowConvNet] Epoch  41/80 | Train Loss: 1.1656 | Val Loss: 1.4522
    [ShallowConvNet] Early stopping na época 44 com Val Loss: 1.4203
      S003 fold 1: acc3=0.357
    [ShallowConvNet] Epoch   1/80 | Train Loss: 1.6085 | Val Loss: 1.7275
    [ShallowConvNet] Epoch  11/80 | Train Loss: 1.3628 | Val Loss: 1.6600
    [ShallowConvNet] Epoch  21/80 | Train Loss: 1.2819 | Val Loss: 1.6889
    [ShallowConvNet] Early stopping na época 23 com Val Loss: 1.6541
      S003 fold 2: acc3=0.444
    [ShallowConvNet] Epoch   1/80 | Train Loss: 1.3115 | Val Loss: 1.2972
    [ShallowConvNet] Epoch  11/80 | Train Loss: 1.3003 | Val Loss: 1.2332
    [ShallowConvNet] Epoch  21/80 | Train Loss: 1.2141 | Val Loss: 1.1860
    [ShallowConvNet] Epoch  31/80 | Train Loss: 1.1142 | Val Loss: 1.1413
    [ShallowConvNet] Epoch  41/80 | Train Loss: 1.0350 | Val Loss: 1.1133
    [ShallowConvNet] Epoch  51/80 | Train Loss: 1.0394 | Val Loss: 1.0900
    [ShallowConvNet] Epoch  61/80 | Train Loss: 0.9601 | Val Loss: 1.0549
    [ShallowConvNet] Epoch  71/80 | Train Loss: 0.8912 | Val Loss: 1.0302
    [ShallowConvNet] Epoch  80/80 | Train Loss: 0.8835 | Val Loss: 1.0010
      S022 fold 0: acc3=0.586
    [ShallowConvNet] Epoch   1/80 | Train Loss: 1.2727 | Val Loss: 1.3497
    [ShallowConvNet] Epoch  11/80 | Train Loss: 1.2389 | Val Loss: 1.2602
    [ShallowConvNet] Epoch  21/80 | Train Loss: 1.1034 | Val Loss: 1.2181
    [ShallowConvNet] Epoch  31/80 | Train Loss: 1.0023 | Val Loss: 1.1642
    [ShallowConvNet] Epoch  41/80 | Train Loss: 1.0004 | Val Loss: 1.1305
    [ShallowConvNet] Epoch  51/80 | Train Loss: 0.9291 | Val Loss: 1.0996
    [ShallowConvNet] Epoch  61/80 | Train Loss: 0.8439 | Val Loss: 1.0851
    [ShallowConvNet] Epoch  71/80 | Train Loss: 0.8045 | Val Loss: 1.0716
    [ShallowConvNet] Epoch  80/80 | Train Loss: 0.7661 | Val Loss: 1.0810
      S022 fold 1: acc3=0.552
    [ShallowConvNet] Epoch   1/80 | Train Loss: 1.3835 | Val Loss: 1.3500
    [ShallowConvNet] Epoch  11/80 | Train Loss: 1.2685 | Val Loss: 1.4235
    [ShallowConvNet] Early stopping na época 16 com Val Loss: 1.3500
      S022 fold 2: acc3=0.586
    [ShallowConvNet] Epoch   1/80 | Train Loss: 1.3514 | Val Loss: 1.2803
    [ShallowConvNet] Epoch  11/80 | Train Loss: 1.3376 | Val Loss: 1.2163
    [ShallowConvNet] Epoch  21/80 | Train Loss: 1.2975 | Val Loss: 1.1978
    [ShallowConvNet] Epoch  31/80 | Train Loss: 1.2332 | Val Loss: 1.1770
    [ShallowConvNet] Epoch  41/80 | Train Loss: 1.1163 | Val Loss: 1.1632
    [ShallowConvNet] Epoch  51/80 | Train Loss: 1.1818 | Val Loss: 1.1477
    [ShallowConvNet] Epoch  61/80 | Train Loss: 1.1583 | Val Loss: 1.1374
    [ShallowConvNet] Epoch  71/80 | Train Loss: 1.1079 | Val Loss: 1.1186
    [ShallowConvNet] Epoch  80/80 | Train Loss: 1.0434 | Val Loss: 1.1052
      S057 fold 0: acc3=0.633
    [ShallowConvNet] Epoch   1/80 | Train Loss: 1.3248 | Val Loss: 1.5080
    [ShallowConvNet] Epoch  11/80 | Train Loss: 1.1814 | Val Loss: 1.5477
    [ShallowConvNet] Early stopping na época 18 com Val Loss: 1.4904
      S057 fold 1: acc3=0.483
    [ShallowConvNet] Epoch   1/80 | Train Loss: 1.3388 | Val Loss: 1.2338
    [ShallowConvNet] Epoch  11/80 | Train Loss: 1.2326 | Val Loss: 1.2210
    [ShallowConvNet] Epoch  21/80 | Train Loss: 1.1593 | Val Loss: 1.1892
    [ShallowConvNet] Epoch  31/80 | Train Loss: 1.0596 | Val Loss: 1.1774
    [ShallowConvNet] Epoch  41/80 | Train Loss: 1.0405 | Val Loss: 1.1865
    [ShallowConvNet] Epoch  51/80 | Train Loss: 0.9509 | Val Loss: 1.1906
    [ShallowConvNet] Early stopping na época 51 com Val Loss: 1.1773
      S057 fold 2: acc3=0.276
    [ShallowConvNet] Epoch   1/80 | Train Loss: 1.2515 | Val Loss: 1.2737
    [ShallowConvNet] Epoch  11/80 | Train Loss: 1.1027 | Val Loss: 1.2629
    [ShallowConvNet] Epoch  21/80 | Train Loss: 1.0268 | Val Loss: 1.3281
    [ShallowConvNet] Early stopping na época 22 com Val Loss: 1.2239
      S102 fold 0: acc3=0.467
    [ShallowConvNet] Epoch   1/80 | Train Loss: 1.2350 | Val Loss: 1.2850
    [ShallowConvNet] Epoch  11/80 | Train Loss: 1.0934 | Val Loss: 1.1856
    [ShallowConvNet] Epoch  21/80 | Train Loss: 1.0010 | Val Loss: 1.1754
    [ShallowConvNet] Epoch  31/80 | Train Loss: 0.9094 | Val Loss: 1.1529
    [ShallowConvNet] Epoch  41/80 | Train Loss: 0.8417 | Val Loss: 1.1125
    [ShallowConvNet] Epoch  51/80 | Train Loss: 0.8147 | Val Loss: 1.0847
    [ShallowConvNet] Epoch  61/80 | Train Loss: 0.7961 | Val Loss: 1.0398
    [ShallowConvNet] Epoch  71/80 | Train Loss: 0.6947 | Val Loss: 1.0176
    [ShallowConvNet] Epoch  80/80 | Train Loss: 0.7160 | Val Loss: 0.9936
      S102 fold 1: acc3=0.633
    [ShallowConvNet] Epoch   1/80 | Train Loss: 1.3428 | Val Loss: 1.3889
    [ShallowConvNet] Epoch  11/80 | Train Loss: 1.2298 | Val Loss: 1.3714
    [ShallowConvNet] Epoch  21/80 | Train Loss: 1.1019 | Val Loss: 1.3813
    [ShallowConvNet] Early stopping na época 21 com Val Loss: 1.3648
      S102 fold 2: acc3=0.759
    [ShallowConvNet] Epoch   1/80 | Train Loss: 1.4232 | Val Loss: 1.4821
    [ShallowConvNet] Epoch  11/80 | Train Loss: 1.2443 | Val Loss: 1.4240
    [ShallowConvNet] Epoch  21/80 | Train Loss: 1.1589 | Val Loss: 1.4599
    [ShallowConvNet] Early stopping na época 26 com Val Loss: 1.4240
      S107 fold 0: acc3=0.467
    [ShallowConvNet] Epoch   1/80 | Train Loss: 1.3765 | Val Loss: 1.2885
    [ShallowConvNet] Epoch  11/80 | Train Loss: 1.3049 | Val Loss: 1.3425
    [ShallowConvNet] Early stopping na época 16 com Val Loss: 1.2885
      S107 fold 1: acc3=0.200
    [ShallowConvNet] Epoch   1/80 | Train Loss: 1.3923 | Val Loss: 1.3286
    [ShallowConvNet] Epoch  11/80 | Train Loss: 1.2436 | Val Loss: 1.1892
    [ShallowConvNet] Epoch  21/80 | Train Loss: 1.1943 | Val Loss: 1.1236
    [ShallowConvNet] Epoch  31/80 | Train Loss: 1.3066 | Val Loss: 1.0966
    [ShallowConvNet] Epoch  41/80 | Train Loss: 1.0712 | Val Loss: 1.0967
    [ShallowConvNet] Epoch  51/80 | Train Loss: 1.0515 | Val Loss: 1.1072
    [ShallowConvNet] Early stopping na época 54 com Val Loss: 1.0955
      S107 fold 2: acc3=0.448
  grupo 2/6 | alvos [7, 52, 71, 79, 109] | pool=98 (1min)
    [ShallowConvNet] Epoch   1/200 | Train Loss: 1.6817 | Val Loss: 1.4267
    [ShallowConvNet] Epoch  11/200 | Train Loss: 1.4071 | Val Loss: 1.3516
    [ShallowConvNet] Epoch  21/200 | Train Loss: 1.3841 | Val Loss: 1.3768
    [ShallowConvNet] Epoch  31/200 | Train Loss: 1.3542 | Val Loss: 1.3517
    [ShallowConvNet] Epoch  41/200 | Train Loss: 1.3482 | Val Loss: 1.3586
    [ShallowConvNet] Early stopping na época 49 com Val Loss: 1.3428
      pool treinado (39s) — serve aos 5 alvos do grupo
    [ShallowConvNet] Epoch   1/80 | Train Loss: 1.2985 | Val Loss: 1.1641
    [ShallowConvNet] Epoch  11/80 | Train Loss: 1.1680 | Val Loss: 1.0868
    [ShallowConvNet] Epoch  21/80 | Train Loss: 1.0559 | Val Loss: 1.0529
    [ShallowConvNet] Epoch  31/80 | Train Loss: 0.9725 | Val Loss: 1.0274
    [ShallowConvNet] Epoch  41/80 | Train Loss: 0.9560 | Val Loss: 1.0129
    [ShallowConvNet] Epoch  51/80 | Train Loss: 0.8907 | Val Loss: 1.0028
    [ShallowConvNet] Epoch  61/80 | Train Loss: 0.9153 | Val Loss: 0.9878
    [ShallowConvNet] Epoch  71/80 | Train Loss: 0.8191 | Val Loss: 0.9809
    [ShallowConvNet] Epoch  80/80 | Train Loss: 0.8285 | Val Loss: 0.9716
      S007 fold 0: acc3=0.700
    [ShallowConvNet] Epoch   1/80 | Train Loss: 1.2231 | Val Loss: 1.1710
    [ShallowConvNet] Epoch  11/80 | Train Loss: 1.1937 | Val Loss: 1.0980
    [ShallowConvNet] Epoch  21/80 | Train Loss: 1.0915 | Val Loss: 1.0752
    [ShallowConvNet] Epoch  31/80 | Train Loss: 1.0669 | Val Loss: 1.0711
    [ShallowConvNet] Epoch  41/80 | Train Loss: 0.9649 | Val Loss: 1.0527
    [ShallowConvNet] Epoch  51/80 | Train Loss: 1.0040 | Val Loss: 1.0454
    [ShallowConvNet] Epoch  61/80 | Train Loss: 0.8964 | Val Loss: 1.0233
    [ShallowConvNet] Epoch  71/80 | Train Loss: 0.8474 | Val Loss: 1.0181
    [ShallowConvNet] Epoch  80/80 | Train Loss: 0.8875 | Val Loss: 1.0014
      S007 fold 1: acc3=0.793
    [ShallowConvNet] Epoch   1/80 | Train Loss: 1.3061 | Val Loss: 1.2413
    [ShallowConvNet] Epoch  11/80 | Train Loss: 1.1985 | Val Loss: 1.1777
    [ShallowConvNet] Epoch  21/80 | Train Loss: 1.0989 | Val Loss: 1.1479
    [ShallowConvNet] Epoch  31/80 | Train Loss: 1.0214 | Val Loss: 1.1358
    [ShallowConvNet] Epoch  41/80 | Train Loss: 1.0029 | Val Loss: 1.1280
    [ShallowConvNet] Epoch  51/80 | Train Loss: 0.9973 | Val Loss: 1.1239
    [ShallowConvNet] Early stopping na época 58 com Val Loss: 1.1182
      S007 fold 2: acc3=0.655
    [ShallowConvNet] Epoch   1/80 | Train Loss: 1.2176 | Val Loss: 1.5834
    [ShallowConvNet] Epoch  11/80 | Train Loss: 1.0762 | Val Loss: 1.5542
    [ShallowConvNet] Epoch  21/80 | Train Loss: 1.0020 | Val Loss: 1.5301
    [ShallowConvNet] Epoch  31/80 | Train Loss: 0.9404 | Val Loss: 1.5083
    [ShallowConvNet] Epoch  41/80 | Train Loss: 0.8810 | Val Loss: 1.4848
    [ShallowConvNet] Epoch  51/80 | Train Loss: 0.8194 | Val Loss: 1.4896
    [ShallowConvNet] Early stopping na época 56 com Val Loss: 1.4848
      S052 fold 0: acc3=0.533
    [ShallowConvNet] Epoch   1/80 | Train Loss: 1.2782 | Val Loss: 0.9612
    [ShallowConvNet] Epoch  11/80 | Train Loss: 1.2144 | Val Loss: 0.9460
    [ShallowConvNet] Epoch  21/80 | Train Loss: 1.1005 | Val Loss: 0.8887
    [ShallowConvNet] Epoch  31/80 | Train Loss: 1.0804 | Val Loss: 0.8512
    [ShallowConvNet] Epoch  41/80 | Train Loss: 1.0386 | Val Loss: 0.8321
    [ShallowConvNet] Epoch  51/80 | Train Loss: 1.0359 | Val Loss: 0.8195
    [ShallowConvNet] Epoch  61/80 | Train Loss: 0.9769 | Val Loss: 0.8066
    [ShallowConvNet] Epoch  71/80 | Train Loss: 0.9035 | Val Loss: 0.8121
    [ShallowConvNet] Early stopping na época 78 com Val Loss: 0.8055
      S052 fold 1: acc3=0.567
    [ShallowConvNet] Epoch   1/80 | Train Loss: 1.2786 | Val Loss: 1.8837
    [ShallowConvNet] Epoch  11/80 | Train Loss: 1.2120 | Val Loss: 1.8115
    [ShallowConvNet] Epoch  21/80 | Train Loss: 1.1591 | Val Loss: 1.8254
    [ShallowConvNet] Early stopping na época 28 com Val Loss: 1.7987
      S052 fold 2: acc3=0.586
    [ShallowConvNet] Epoch   1/80 | Train Loss: 1.2658 | Val Loss: 1.2578
    [ShallowConvNet] Epoch  11/80 | Train Loss: 1.2166 | Val Loss: 1.1910
    [ShallowConvNet] Epoch  21/80 | Train Loss: 1.2022 | Val Loss: 1.1454
    [ShallowConvNet] Epoch  31/80 | Train Loss: 1.1302 | Val Loss: 1.1019
    [ShallowConvNet] Epoch  41/80 | Train Loss: 1.0895 | Val Loss: 1.0660
    [ShallowConvNet] Epoch  51/80 | Train Loss: 1.0993 | Val Loss: 1.0402
    [ShallowConvNet] Epoch  61/80 | Train Loss: 1.0711 | Val Loss: 1.0226
    [ShallowConvNet] Epoch  71/80 | Train Loss: 1.0149 | Val Loss: 0.9975
    [ShallowConvNet] Epoch  80/80 | Train Loss: 0.9676 | Val Loss: 0.9840
      S071 fold 0: acc3=0.500
    [ShallowConvNet] Epoch   1/80 | Train Loss: 1.3578 | Val Loss: 1.1768
    [ShallowConvNet] Epoch  11/80 | Train Loss: 1.2548 | Val Loss: 1.0445
    [ShallowConvNet] Epoch  21/80 | Train Loss: 1.2167 | Val Loss: 1.0256
    [ShallowConvNet] Epoch  31/80 | Train Loss: 1.1170 | Val Loss: 1.0200
    [ShallowConvNet] Epoch  41/80 | Train Loss: 1.0046 | Val Loss: 1.0167
    [ShallowConvNet] Epoch  51/80 | Train Loss: 1.0935 | Val Loss: 1.0178
    [ShallowConvNet] Epoch  61/80 | Train Loss: 1.0400 | Val Loss: 0.9969
    [ShallowConvNet] Epoch  71/80 | Train Loss: 0.9593 | Val Loss: 0.9828
    [ShallowConvNet] Epoch  80/80 | Train Loss: 0.9955 | Val Loss: 0.9715
      S071 fold 1: acc3=0.448
    [ShallowConvNet] Epoch   1/80 | Train Loss: 1.3071 | Val Loss: 1.1179
    [ShallowConvNet] Epoch  11/80 | Train Loss: 1.2421 | Val Loss: 1.0671
    [ShallowConvNet] Epoch  21/80 | Train Loss: 1.2155 | Val Loss: 1.0219
    [ShallowConvNet] Epoch  31/80 | Train Loss: 1.1858 | Val Loss: 0.9816
    [ShallowConvNet] Epoch  41/80 | Train Loss: 1.1549 | Val Loss: 0.9516
    [ShallowConvNet] Epoch  51/80 | Train Loss: 1.0806 | Val Loss: 0.9270
    [ShallowConvNet] Epoch  61/80 | Train Loss: 1.0047 | Val Loss: 0.9038
    [ShallowConvNet] Epoch  71/80 | Train Loss: 1.0334 | Val Loss: 0.8817
    [ShallowConvNet] Epoch  80/80 | Train Loss: 0.9972 | Val Loss: 0.8657
      S071 fold 2: acc3=0.759
    [ShallowConvNet] Epoch   1/80 | Train Loss: 1.4737 | Val Loss: 1.5376
    [ShallowConvNet] Epoch  11/80 | Train Loss: 1.4791 | Val Loss: 1.4287
    [ShallowConvNet] Epoch  21/80 | Train Loss: 1.4120 | Val Loss: 1.4290
    [ShallowConvNet] Early stopping na época 30 com Val Loss: 1.4245
      S079 fold 0: acc3=0.321
    [ShallowConvNet] Epoch   1/80 | Train Loss: 1.4810 | Val Loss: 1.5408
    [ShallowConvNet] Epoch  11/80 | Train Loss: 1.4747 | Val Loss: 1.4504
    [ShallowConvNet] Epoch  21/80 | Train Loss: 1.3067 | Val Loss: 1.4336
    [ShallowConvNet] Epoch  31/80 | Train Loss: 1.3352 | Val Loss: 1.4202
    [ShallowConvNet] Epoch  41/80 | Train Loss: 1.2848 | Val Loss: 1.4106
    [ShallowConvNet] Epoch  51/80 | Train Loss: 1.2393 | Val Loss: 1.4063
    [ShallowConvNet] Epoch  61/80 | Train Loss: 1.2095 | Val Loss: 1.4065
    [ShallowConvNet] Epoch  71/80 | Train Loss: 1.1922 | Val Loss: 1.4058
    [ShallowConvNet] Early stopping na época 72 com Val Loss: 1.4047
      S079 fold 1: acc3=0.286
    [ShallowConvNet] Epoch   1/80 | Train Loss: 1.4512 | Val Loss: 1.6234
    [ShallowConvNet] Epoch  11/80 | Train Loss: 1.4348 | Val Loss: 1.4699
    [ShallowConvNet] Epoch  21/80 | Train Loss: 1.3770 | Val Loss: 1.4334
    [ShallowConvNet] Epoch  31/80 | Train Loss: 1.2094 | Val Loss: 1.4042
    [ShallowConvNet] Epoch  41/80 | Train Loss: 1.2411 | Val Loss: 1.3809
    [ShallowConvNet] Epoch  51/80 | Train Loss: 1.1832 | Val Loss: 1.3768
    [ShallowConvNet] Epoch  61/80 | Train Loss: 1.1143 | Val Loss: 1.3707
    [ShallowConvNet] Epoch  71/80 | Train Loss: 1.1431 | Val Loss: 1.3627
    [ShallowConvNet] Epoch  80/80 | Train Loss: 1.0571 | Val Loss: 1.3531
      S079 fold 2: acc3=0.296
    [ShallowConvNet] Epoch   1/80 | Train Loss: 1.3661 | Val Loss: 1.3767
    [ShallowConvNet] Epoch  11/80 | Train Loss: 1.3346 | Val Loss: 1.4365
    [ShallowConvNet] Early stopping na época 16 com Val Loss: 1.3767
      S109 fold 0: acc3=0.500
    [ShallowConvNet] Epoch   1/80 | Train Loss: 1.3626 | Val Loss: 1.6190
    [ShallowConvNet] Epoch  11/80 | Train Loss: 1.3044 | Val Loss: 1.4572
    [ShallowConvNet] Epoch  21/80 | Train Loss: 1.2582 | Val Loss: 1.4630
    [ShallowConvNet] Early stopping na época 21 com Val Loss: 1.4508
      S109 fold 1: acc3=0.500
    [ShallowConvNet] Epoch   1/80 | Train Loss: 1.3631 | Val Loss: 1.3155
    [ShallowConvNet] Epoch  11/80 | Train Loss: 1.3702 | Val Loss: 1.2134
    [ShallowConvNet] Epoch  21/80 | Train Loss: 1.3427 | Val Loss: 1.1984
    [ShallowConvNet] Epoch  31/80 | Train Loss: 1.2761 | Val Loss: 1.1863
    [ShallowConvNet] Epoch  41/80 | Train Loss: 1.2357 | Val Loss: 1.1801
    [ShallowConvNet] Epoch  51/80 | Train Loss: 1.2311 | Val Loss: 1.1658
    [ShallowConvNet] Epoch  61/80 | Train Loss: 1.2021 | Val Loss: 1.1546
    [ShallowConvNet] Epoch  71/80 | Train Loss: 1.1958 | Val Loss: 1.1470
    [ShallowConvNet] Epoch  80/80 | Train Loss: 1.1195 | Val Loss: 1.1427
      S109 fold 2: acc3=0.345
  grupo 3/6 | alvos [12, 34, 60, 91, 95] | pool=98 (1min)
    [ShallowConvNet] Epoch   1/200 | Train Loss: 1.7585 | Val Loss: 1.5993
    [ShallowConvNet] Epoch  11/200 | Train Loss: 1.4250 | Val Loss: 1.3777
    [ShallowConvNet] Epoch  21/200 | Train Loss: 1.3900 | Val Loss: 1.3652
    [ShallowConvNet] Epoch  31/200 | Train Loss: 1.3592 | Val Loss: 1.3756
    [ShallowConvNet] Epoch  41/200 | Train Loss: 1.3625 | Val Loss: 1.3646
    [ShallowConvNet] Epoch  51/200 | Train Loss: 1.3557 | Val Loss: 1.3691
    [ShallowConvNet] Early stopping na época 59 com Val Loss: 1.3461
      pool treinado (48s) — serve aos 5 alvos do grupo
    [ShallowConvNet] Epoch   1/80 | Train Loss: 1.3814 | Val Loss: 1.3353
    [ShallowConvNet] Epoch  11/80 | Train Loss: 1.2857 | Val Loss: 1.3706
    [ShallowConvNet] Early stopping na época 17 com Val Loss: 1.3345
      S012 fold 0: acc3=0.276
    [ShallowConvNet] Epoch   1/80 | Train Loss: 1.4209 | Val Loss: 1.3761
    [ShallowConvNet] Epoch  11/80 | Train Loss: 1.3167 | Val Loss: 1.4970
    [ShallowConvNet] Early stopping na época 16 com Val Loss: 1.3761
      S012 fold 1: acc3=0.241
    [ShallowConvNet] Epoch   1/80 | Train Loss: 1.3806 | Val Loss: 1.3665
    [ShallowConvNet] Epoch  11/80 | Train Loss: 1.4148 | Val Loss: 1.3929
    [ShallowConvNet] Early stopping na época 16 com Val Loss: 1.3665
      S012 fold 2: acc3=0.286
    [ShallowConvNet] Epoch   1/80 | Train Loss: 1.3049 | Val Loss: 1.3130
    [ShallowConvNet] Epoch  11/80 | Train Loss: 1.1503 | Val Loss: 1.1928
    [ShallowConvNet] Epoch  21/80 | Train Loss: 1.1847 | Val Loss: 1.1689
    [ShallowConvNet] Epoch  31/80 | Train Loss: 1.0796 | Val Loss: 1.1627
    [ShallowConvNet] Epoch  41/80 | Train Loss: 1.0033 | Val Loss: 1.1483
    [ShallowConvNet] Epoch  51/80 | Train Loss: 0.9413 | Val Loss: 1.1366
    [ShallowConvNet] Epoch  61/80 | Train Loss: 0.9436 | Val Loss: 1.1271
    [ShallowConvNet] Epoch  71/80 | Train Loss: 0.9783 | Val Loss: 1.1195
    [ShallowConvNet] Epoch  80/80 | Train Loss: 0.8668 | Val Loss: 1.1209
      S034 fold 0: acc3=0.700
    [ShallowConvNet] Epoch   1/80 | Train Loss: 1.3138 | Val Loss: 1.3016
    [ShallowConvNet] Epoch  11/80 | Train Loss: 1.1911 | Val Loss: 1.1255
    [ShallowConvNet] Epoch  21/80 | Train Loss: 1.1833 | Val Loss: 1.0344
    [ShallowConvNet] Epoch  31/80 | Train Loss: 1.1603 | Val Loss: 1.0183
    [ShallowConvNet] Epoch  41/80 | Train Loss: 1.0656 | Val Loss: 1.0123
    [ShallowConvNet] Early stopping na época 48 com Val Loss: 1.0111
      S034 fold 1: acc3=0.800
    [ShallowConvNet] Epoch   1/80 | Train Loss: 1.2756 | Val Loss: 1.3273
    [ShallowConvNet] Epoch  11/80 | Train Loss: 1.1757 | Val Loss: 1.1801
    [ShallowConvNet] Epoch  21/80 | Train Loss: 1.0680 | Val Loss: 1.1454
    [ShallowConvNet] Epoch  31/80 | Train Loss: 1.0061 | Val Loss: 1.1211
    [ShallowConvNet] Epoch  41/80 | Train Loss: 0.9569 | Val Loss: 1.1055
    [ShallowConvNet] Epoch  51/80 | Train Loss: 0.9326 | Val Loss: 1.0914
    [ShallowConvNet] Epoch  61/80 | Train Loss: 0.8840 | Val Loss: 1.0896
    [ShallowConvNet] Epoch  71/80 | Train Loss: 0.8966 | Val Loss: 1.0846
    [ShallowConvNet] Epoch  80/80 | Train Loss: 0.8445 | Val Loss: 1.0839
      S034 fold 2: acc3=0.483
    [ShallowConvNet] Epoch   1/80 | Train Loss: 1.1872 | Val Loss: 1.1175
    [ShallowConvNet] Epoch  11/80 | Train Loss: 1.1257 | Val Loss: 1.0884
    [ShallowConvNet] Epoch  21/80 | Train Loss: 1.1080 | Val Loss: 1.0438
    [ShallowConvNet] Epoch  31/80 | Train Loss: 1.0434 | Val Loss: 1.0175
    [ShallowConvNet] Epoch  41/80 | Train Loss: 1.0510 | Val Loss: 0.9938
    [ShallowConvNet] Epoch  51/80 | Train Loss: 0.9658 | Val Loss: 0.9662
    [ShallowConvNet] Epoch  61/80 | Train Loss: 1.0050 | Val Loss: 0.9486
    [ShallowConvNet] Epoch  71/80 | Train Loss: 0.9075 | Val Loss: 0.9399
    [ShallowConvNet] Epoch  80/80 | Train Loss: 0.8915 | Val Loss: 0.9148
      S060 fold 0: acc3=0.533
    [ShallowConvNet] Epoch   1/80 | Train Loss: 1.2004 | Val Loss: 1.4678
    [ShallowConvNet] Epoch  11/80 | Train Loss: 1.0941 | Val Loss: 1.3993
    [ShallowConvNet] Epoch  21/80 | Train Loss: 1.1191 | Val Loss: 1.3893
    [ShallowConvNet] Epoch  31/80 | Train Loss: 1.0633 | Val Loss: 1.4022
    [ShallowConvNet] Early stopping na época 31 com Val Loss: 1.3856
      S060 fold 1: acc3=0.552
    [ShallowConvNet] Epoch   1/80 | Train Loss: 1.2101 | Val Loss: 1.0606
    [ShallowConvNet] Epoch  11/80 | Train Loss: 1.1829 | Val Loss: 1.1216
    [ShallowConvNet] Early stopping na época 16 com Val Loss: 1.0606
      S060 fold 2: acc3=0.586
    [ShallowConvNet] Epoch   1/80 | Train Loss: 1.3903 | Val Loss: 1.4482
    [ShallowConvNet] Epoch  11/80 | Train Loss: 1.2900 | Val Loss: 1.4756
    [ShallowConvNet] Early stopping na época 16 com Val Loss: 1.4482
      S091 fold 0: acc3=0.467
    [ShallowConvNet] Epoch   1/80 | Train Loss: 1.3676 | Val Loss: 1.4591
    [ShallowConvNet] Epoch  11/80 | Train Loss: 1.4025 | Val Loss: 1.4783
    [ShallowConvNet] Early stopping na época 18 com Val Loss: 1.4532
      S091 fold 1: acc3=0.483
    [ShallowConvNet] Epoch   1/80 | Train Loss: 1.3567 | Val Loss: 1.3717
    [ShallowConvNet] Epoch  11/80 | Train Loss: 1.3016 | Val Loss: 1.3682
    [ShallowConvNet] Epoch  21/80 | Train Loss: 1.3332 | Val Loss: 1.3874
    [ShallowConvNet] Early stopping na época 22 com Val Loss: 1.3676
      S091 fold 2: acc3=0.483
    [ShallowConvNet] Epoch   1/80 | Train Loss: 1.3665 | Val Loss: 1.6388
    [ShallowConvNet] Epoch  11/80 | Train Loss: 1.2924 | Val Loss: 1.4294
    [ShallowConvNet] Epoch  21/80 | Train Loss: 1.3164 | Val Loss: 1.4149
    [ShallowConvNet] Epoch  31/80 | Train Loss: 1.2663 | Val Loss: 1.4109
    [ShallowConvNet] Epoch  41/80 | Train Loss: 1.2243 | Val Loss: 1.4091
    [ShallowConvNet] Epoch  51/80 | Train Loss: 1.2323 | Val Loss: 1.4050
    [ShallowConvNet] Early stopping na época 60 com Val Loss: 1.4022
      S095 fold 0: acc3=0.533
    [ShallowConvNet] Epoch   1/80 | Train Loss: 1.3719 | Val Loss: 1.3083
    [ShallowConvNet] Epoch  11/80 | Train Loss: 1.3632 | Val Loss: 1.3748
    [ShallowConvNet] Early stopping na época 16 com Val Loss: 1.3083
      S095 fold 1: acc3=0.448
    [ShallowConvNet] Epoch   1/80 | Train Loss: 1.4215 | Val Loss: 1.1871
    [ShallowConvNet] Epoch  11/80 | Train Loss: 1.3688 | Val Loss: 1.2249
    [ShallowConvNet] Early stopping na época 16 com Val Loss: 1.1871
      S095 fold 2: acc3=0.379
  grupo 4/6 | alvos [25, 31, 87, 106, 108] | pool=98 (2min)
    [ShallowConvNet] Epoch   1/200 | Train Loss: 1.7267 | Val Loss: 1.4265
    [ShallowConvNet] Epoch  11/200 | Train Loss: 1.4213 | Val Loss: 1.3857
    [ShallowConvNet] Epoch  21/200 | Train Loss: 1.3907 | Val Loss: 1.3662
    [ShallowConvNet] Epoch  31/200 | Train Loss: 1.3642 | Val Loss: 1.3861
    [ShallowConvNet] Early stopping na época 35 com Val Loss: 1.3527
      pool treinado (28s) — serve aos 5 alvos do grupo
    [ShallowConvNet] Epoch   1/80 | Train Loss: 1.2379 | Val Loss: 1.2371
    [ShallowConvNet] Epoch  11/80 | Train Loss: 1.1544 | Val Loss: 1.1069
    [ShallowConvNet] Epoch  21/80 | Train Loss: 1.0801 | Val Loss: 1.0390
    [ShallowConvNet] Epoch  31/80 | Train Loss: 1.0269 | Val Loss: 1.0057
    [ShallowConvNet] Epoch  41/80 | Train Loss: 0.8703 | Val Loss: 0.9802
    [ShallowConvNet] Epoch  51/80 | Train Loss: 0.8934 | Val Loss: 0.9498
    [ShallowConvNet] Epoch  61/80 | Train Loss: 0.7529 | Val Loss: 0.9166
    [ShallowConvNet] Epoch  71/80 | Train Loss: 0.7331 | Val Loss: 0.8912
    [ShallowConvNet] Epoch  80/80 | Train Loss: 0.7630 | Val Loss: 0.8716
      S025 fold 0: acc3=0.700
    [ShallowConvNet] Epoch   1/80 | Train Loss: 1.2946 | Val Loss: 1.2223
    [ShallowConvNet] Epoch  11/80 | Train Loss: 1.2032 | Val Loss: 1.1875
    [ShallowConvNet] Epoch  21/80 | Train Loss: 1.1372 | Val Loss: 1.1982
    [ShallowConvNet] Early stopping na época 22 com Val Loss: 1.1755
      S025 fold 1: acc3=0.517
    [ShallowConvNet] Epoch   1/80 | Train Loss: 1.3246 | Val Loss: 1.3655
    [ShallowConvNet] Epoch  11/80 | Train Loss: 1.1780 | Val Loss: 1.4502
    [ShallowConvNet] Early stopping na época 16 com Val Loss: 1.3655
      S025 fold 2: acc3=0.586
    [ShallowConvNet] Epoch   1/80 | Train Loss: 1.3501 | Val Loss: 1.2740
    [ShallowConvNet] Epoch  11/80 | Train Loss: 1.1135 | Val Loss: 1.1784
    [ShallowConvNet] Epoch  21/80 | Train Loss: 1.0404 | Val Loss: 1.1630
    [ShallowConvNet] Epoch  31/80 | Train Loss: 0.9951 | Val Loss: 1.1457
    [ShallowConvNet] Epoch  41/80 | Train Loss: 0.9099 | Val Loss: 1.1255
    [ShallowConvNet] Epoch  51/80 | Train Loss: 0.9095 | Val Loss: 1.1056
    [ShallowConvNet] Epoch  61/80 | Train Loss: 0.8894 | Val Loss: 1.0955
    [ShallowConvNet] Epoch  71/80 | Train Loss: 0.7942 | Val Loss: 1.0766
    [ShallowConvNet] Epoch  80/80 | Train Loss: 0.8792 | Val Loss: 1.0760
      S031 fold 0: acc3=0.467
    [ShallowConvNet] Epoch   1/80 | Train Loss: 1.2698 | Val Loss: 1.6026
    [ShallowConvNet] Epoch  11/80 | Train Loss: 1.1259 | Val Loss: 1.3195
    [ShallowConvNet] Epoch  21/80 | Train Loss: 0.9904 | Val Loss: 1.2122
    [ShallowConvNet] Epoch  31/80 | Train Loss: 0.9647 | Val Loss: 1.1231
    [ShallowConvNet] Epoch  41/80 | Train Loss: 0.8386 | Val Loss: 1.0684
    [ShallowConvNet] Epoch  51/80 | Train Loss: 0.8236 | Val Loss: 1.0199
    [ShallowConvNet] Epoch  61/80 | Train Loss: 0.8085 | Val Loss: 0.9777
    [ShallowConvNet] Epoch  71/80 | Train Loss: 0.7051 | Val Loss: 0.9337
    [ShallowConvNet] Epoch  80/80 | Train Loss: 0.7074 | Val Loss: 0.9090
      S031 fold 1: acc3=0.552
    [ShallowConvNet] Epoch   1/80 | Train Loss: 1.3525 | Val Loss: 1.3768
    [ShallowConvNet] Epoch  11/80 | Train Loss: 1.2416 | Val Loss: 1.2340
    [ShallowConvNet] Epoch  21/80 | Train Loss: 1.2111 | Val Loss: 1.1893
    [ShallowConvNet] Epoch  31/80 | Train Loss: 1.1501 | Val Loss: 1.1887
    [ShallowConvNet] Epoch  41/80 | Train Loss: 1.1196 | Val Loss: 1.1780
    [ShallowConvNet] Epoch  51/80 | Train Loss: 1.0841 | Val Loss: 1.1814
    [ShallowConvNet] Epoch  61/80 | Train Loss: 1.0132 | Val Loss: 1.1796
    [ShallowConvNet] Epoch  71/80 | Train Loss: 0.9868 | Val Loss: 1.1913
    [ShallowConvNet] Early stopping na época 73 com Val Loss: 1.1714
      S031 fold 2: acc3=0.517
    [ShallowConvNet] Epoch   1/80 | Train Loss: 1.4736 | Val Loss: 1.3623
    [ShallowConvNet] Epoch  11/80 | Train Loss: 1.3434 | Val Loss: 1.3422
    [ShallowConvNet] Epoch  21/80 | Train Loss: 1.3233 | Val Loss: 1.3329
    [ShallowConvNet] Epoch  31/80 | Train Loss: 1.2971 | Val Loss: 1.3517
    [ShallowConvNet] Early stopping na época 37 com Val Loss: 1.3302
      S087 fold 0: acc3=0.400
    [ShallowConvNet] Epoch   1/80 | Train Loss: 1.4105 | Val Loss: 1.2741
    [ShallowConvNet] Epoch  11/80 | Train Loss: 1.2978 | Val Loss: 1.3325
    [ShallowConvNet] Early stopping na época 16 com Val Loss: 1.2741
      S087 fold 1: acc3=0.241
    [ShallowConvNet] Epoch   1/80 | Train Loss: 1.5078 | Val Loss: 1.3193
    [ShallowConvNet] Epoch  11/80 | Train Loss: 1.3777 | Val Loss: 1.3867
    [ShallowConvNet] Early stopping na época 16 com Val Loss: 1.3193
      S087 fold 2: acc3=0.414
    [ShallowConvNet] Epoch   1/80 | Train Loss: 1.2241 | Val Loss: 1.5414
    [ShallowConvNet] Epoch  11/80 | Train Loss: 1.0445 | Val Loss: 1.6390
    [ShallowConvNet] Early stopping na época 16 com Val Loss: 1.5414
      S106 fold 0: acc3=0.483
    [ShallowConvNet] Epoch   1/80 | Train Loss: 1.3522 | Val Loss: 1.5731
    [ShallowConvNet] Epoch  11/80 | Train Loss: 1.2508 | Val Loss: 1.5329
    [ShallowConvNet] Epoch  21/80 | Train Loss: 1.1504 | Val Loss: 1.5322
    [ShallowConvNet] Epoch  31/80 | Train Loss: 1.1716 | Val Loss: 1.5461
    [ShallowConvNet] Early stopping na época 32 com Val Loss: 1.5185
      S106 fold 1: acc3=0.621
    [ShallowConvNet] Epoch   1/80 | Train Loss: 1.3323 | Val Loss: 1.2211
    [ShallowConvNet] Epoch  11/80 | Train Loss: 1.3104 | Val Loss: 1.1528
    [ShallowConvNet] Epoch  21/80 | Train Loss: 1.1101 | Val Loss: 1.1609
    [ShallowConvNet] Early stopping na época 26 com Val Loss: 1.1528
      S106 fold 2: acc3=0.517
    [ShallowConvNet] Epoch   1/80 | Train Loss: 1.4464 | Val Loss: 1.2629
    [ShallowConvNet] Epoch  11/80 | Train Loss: 1.3694 | Val Loss: 1.2904
    [ShallowConvNet] Early stopping na época 17 com Val Loss: 1.2545
      S108 fold 0: acc3=0.533
    [ShallowConvNet] Epoch   1/80 | Train Loss: 1.4589 | Val Loss: 1.4726
    [ShallowConvNet] Epoch  11/80 | Train Loss: 1.2976 | Val Loss: 1.4645
    [ShallowConvNet] Early stopping na época 20 com Val Loss: 1.4453
      S108 fold 1: acc3=0.310
    [ShallowConvNet] Epoch   1/80 | Train Loss: 1.5573 | Val Loss: 1.3825
    [ShallowConvNet] Epoch  11/80 | Train Loss: 1.4574 | Val Loss: 1.3123
    [ShallowConvNet] Epoch  21/80 | Train Loss: 1.2007 | Val Loss: 1.3304
    [ShallowConvNet] Early stopping na época 25 com Val Loss: 1.3109
      S108 fold 2: acc3=0.414
  grupo 5/6 | alvos [41, 45, 63, 83, 105] | pool=98 (3min)
    [ShallowConvNet] Epoch   1/200 | Train Loss: 1.7379 | Val Loss: 1.4646
    [ShallowConvNet] Epoch  11/200 | Train Loss: 1.4294 | Val Loss: 1.3841
    [ShallowConvNet] Epoch  21/200 | Train Loss: 1.3772 | Val Loss: 1.3546
    [ShallowConvNet] Early stopping na época 27 com Val Loss: 1.3416
      pool treinado (22s) — serve aos 5 alvos do grupo
    [ShallowConvNet] Epoch   1/80 | Train Loss: 1.4259 | Val Loss: 1.3803
    [ShallowConvNet] Epoch  11/80 | Train Loss: 1.2867 | Val Loss: 1.4172
    [ShallowConvNet] Early stopping na época 17 com Val Loss: 1.3732
      S041 fold 0: acc3=0.267
    [ShallowConvNet] Epoch   1/80 | Train Loss: 1.5024 | Val Loss: 1.5201
    [ShallowConvNet] Epoch  11/80 | Train Loss: 1.2468 | Val Loss: 1.8355
    [ShallowConvNet] Early stopping na época 16 com Val Loss: 1.5201
      S041 fold 1: acc3=0.500
    [ShallowConvNet] Epoch   1/80 | Train Loss: 1.3377 | Val Loss: 1.3829
    [ShallowConvNet] Epoch  11/80 | Train Loss: 1.3192 | Val Loss: 1.2577
    [ShallowConvNet] Epoch  21/80 | Train Loss: 1.2526 | Val Loss: 1.2296
    [ShallowConvNet] Epoch  31/80 | Train Loss: 1.1836 | Val Loss: 1.2102
    [ShallowConvNet] Epoch  41/80 | Train Loss: 1.0839 | Val Loss: 1.1986
    [ShallowConvNet] Epoch  51/80 | Train Loss: 1.0317 | Val Loss: 1.2135
    [ShallowConvNet] Early stopping na época 55 com Val Loss: 1.1983
      S041 fold 2: acc3=0.483
    [ShallowConvNet] Epoch   1/80 | Train Loss: 1.3210 | Val Loss: 1.3948
    [ShallowConvNet] Epoch  11/80 | Train Loss: 1.1146 | Val Loss: 1.3530
    [ShallowConvNet] Epoch  21/80 | Train Loss: 1.0799 | Val Loss: 1.3516
    [ShallowConvNet] Early stopping na época 30 com Val Loss: 1.3450
      S045 fold 0: acc3=0.567
    [ShallowConvNet] Epoch   1/80 | Train Loss: 1.3213 | Val Loss: 1.3585
    [ShallowConvNet] Epoch  11/80 | Train Loss: 1.1356 | Val Loss: 1.2991
    [ShallowConvNet] Epoch  21/80 | Train Loss: 1.0763 | Val Loss: 1.2564
    [ShallowConvNet] Epoch  31/80 | Train Loss: 1.0203 | Val Loss: 1.2554
    [ShallowConvNet] Epoch  41/80 | Train Loss: 0.9604 | Val Loss: 1.2385
    [ShallowConvNet] Epoch  51/80 | Train Loss: 0.9855 | Val Loss: 1.2491
    [ShallowConvNet] Early stopping na época 56 com Val Loss: 1.2385
      S045 fold 1: acc3=0.552
    [ShallowConvNet] Epoch   1/80 | Train Loss: 1.3727 | Val Loss: 1.3784
    [ShallowConvNet] Epoch  11/80 | Train Loss: 1.1333 | Val Loss: 1.4505
    [ShallowConvNet] Early stopping na época 17 com Val Loss: 1.3666
      S045 fold 2: acc3=0.621
    [ShallowConvNet] Epoch   1/80 | Train Loss: 1.3180 | Val Loss: 1.5026
    [ShallowConvNet] Epoch  11/80 | Train Loss: 1.2473 | Val Loss: 1.5667
    [ShallowConvNet] Early stopping na época 16 com Val Loss: 1.5026
      S063 fold 0: acc3=0.310
    [ShallowConvNet] Epoch   1/80 | Train Loss: 1.3736 | Val Loss: 1.4048
    [ShallowConvNet] Epoch  11/80 | Train Loss: 1.3223 | Val Loss: 1.4448
    [ShallowConvNet] Early stopping na época 16 com Val Loss: 1.4048
      S063 fold 1: acc3=0.321
    [ShallowConvNet] Epoch   1/80 | Train Loss: 1.3631 | Val Loss: 1.3326
    [ShallowConvNet] Epoch  11/80 | Train Loss: 1.2275 | Val Loss: 1.2334
    [ShallowConvNet] Epoch  21/80 | Train Loss: 1.1592 | Val Loss: 1.2462
    [ShallowConvNet] Early stopping na época 23 com Val Loss: 1.2254
      S063 fold 2: acc3=0.429
    [ShallowConvNet] Epoch   1/80 | Train Loss: 1.3597 | Val Loss: 1.4149
    [ShallowConvNet] Epoch  11/80 | Train Loss: 1.2466 | Val Loss: 1.1835
    [ShallowConvNet] Epoch  21/80 | Train Loss: 1.1362 | Val Loss: 1.1336
    [ShallowConvNet] Epoch  31/80 | Train Loss: 1.1390 | Val Loss: 1.0945
    [ShallowConvNet] Epoch  41/80 | Train Loss: 1.0385 | Val Loss: 1.0694
    [ShallowConvNet] Epoch  51/80 | Train Loss: 1.0659 | Val Loss: 1.0467
    [ShallowConvNet] Epoch  61/80 | Train Loss: 0.9844 | Val Loss: 1.0413
    [ShallowConvNet] Epoch  71/80 | Train Loss: 0.9805 | Val Loss: 1.0294
    [ShallowConvNet] Epoch  80/80 | Train Loss: 0.8788 | Val Loss: 1.0208
      S083 fold 0: acc3=0.586
    [ShallowConvNet] Epoch   1/80 | Train Loss: 1.3371 | Val Loss: 1.3308
    [ShallowConvNet] Epoch  11/80 | Train Loss: 1.1787 | Val Loss: 1.3113
    [ShallowConvNet] Early stopping na época 20 com Val Loss: 1.2959
      S083 fold 1: acc3=0.483
    [ShallowConvNet] Epoch   1/80 | Train Loss: 1.3286 | Val Loss: 1.4857
    [ShallowConvNet] Epoch  11/80 | Train Loss: 1.2179 | Val Loss: 1.3863
    [ShallowConvNet] Epoch  21/80 | Train Loss: 1.0658 | Val Loss: 1.3718
    [ShallowConvNet] Epoch  31/80 | Train Loss: 1.0329 | Val Loss: 1.3506
    [ShallowConvNet] Epoch  41/80 | Train Loss: 0.9774 | Val Loss: 1.3185
    [ShallowConvNet] Epoch  51/80 | Train Loss: 0.8825 | Val Loss: 1.3004
    [ShallowConvNet] Epoch  61/80 | Train Loss: 0.8847 | Val Loss: 1.2902
    [ShallowConvNet] Epoch  71/80 | Train Loss: 0.7906 | Val Loss: 1.2829
    [ShallowConvNet] Epoch  80/80 | Train Loss: 0.7550 | Val Loss: 1.2720
      S083 fold 2: acc3=0.517
    [ShallowConvNet] Epoch   1/80 | Train Loss: 1.2518 | Val Loss: 1.3336
    [ShallowConvNet] Epoch  11/80 | Train Loss: 1.0241 | Val Loss: 1.1591
    [ShallowConvNet] Epoch  21/80 | Train Loss: 0.9360 | Val Loss: 1.0927
    [ShallowConvNet] Epoch  31/80 | Train Loss: 0.9163 | Val Loss: 1.0535
    [ShallowConvNet] Epoch  41/80 | Train Loss: 0.9040 | Val Loss: 1.0257
    [ShallowConvNet] Epoch  51/80 | Train Loss: 0.7863 | Val Loss: 1.0134
    [ShallowConvNet] Epoch  61/80 | Train Loss: 0.7525 | Val Loss: 0.9982
    [ShallowConvNet] Epoch  71/80 | Train Loss: 0.7210 | Val Loss: 0.9964
    [ShallowConvNet] Epoch  80/80 | Train Loss: 0.6897 | Val Loss: 0.9659
      S105 fold 0: acc3=0.517
    [ShallowConvNet] Epoch   1/80 | Train Loss: 1.2736 | Val Loss: 1.1511
    [ShallowConvNet] Epoch  11/80 | Train Loss: 1.0237 | Val Loss: 1.2436
    [ShallowConvNet] Early stopping na época 18 com Val Loss: 1.1006
      S105 fold 1: acc3=0.552
    [ShallowConvNet] Epoch   1/80 | Train Loss: 1.2679 | Val Loss: 1.2503
    [ShallowConvNet] Epoch  11/80 | Train Loss: 1.1065 | Val Loss: 1.2720
    [ShallowConvNet] Early stopping na época 19 com Val Loss: 1.2196
      S105 fold 2: acc3=0.690
  grupo 6/6 | alvos [18, 49, 68, 76, 98] | pool=98 (3min)
    [ShallowConvNet] Epoch   1/200 | Train Loss: 1.7216 | Val Loss: 1.3939
    [ShallowConvNet] Epoch  11/200 | Train Loss: 1.4359 | Val Loss: 1.3736
    [ShallowConvNet] Epoch  21/200 | Train Loss: 1.3906 | Val Loss: 1.3464
    [ShallowConvNet] Epoch  31/200 | Train Loss: 1.3597 | Val Loss: 1.3712
    [ShallowConvNet] Epoch  41/200 | Train Loss: 1.3540 | Val Loss: 1.3610
    [ShallowConvNet] Early stopping na época 46 com Val Loss: 1.3440
      pool treinado (37s) — serve aos 5 alvos do grupo
    [ShallowConvNet] Epoch   1/80 | Train Loss: 1.4730 | Val Loss: 1.3900
    [ShallowConvNet] Epoch  11/80 | Train Loss: 1.3845 | Val Loss: 1.5599
    [ShallowConvNet] Early stopping na época 16 com Val Loss: 1.3900
      S018 fold 0: acc3=0.310
    [ShallowConvNet] Epoch   1/80 | Train Loss: 1.3788 | Val Loss: 1.3442
    [ShallowConvNet] Epoch  11/80 | Train Loss: 1.3314 | Val Loss: 1.4114
    [ShallowConvNet] Early stopping na época 17 com Val Loss: 1.3441
      S018 fold 1: acc3=0.310
    [ShallowConvNet] Epoch   1/80 | Train Loss: 1.4072 | Val Loss: 1.3826
    [ShallowConvNet] Epoch  11/80 | Train Loss: 1.3558 | Val Loss: 1.5531
    [ShallowConvNet] Early stopping na época 16 com Val Loss: 1.3826
      S018 fold 2: acc3=0.310
    [ShallowConvNet] Epoch   1/80 | Train Loss: 1.4556 | Val Loss: 1.2514
    [ShallowConvNet] Epoch  11/80 | Train Loss: 1.2674 | Val Loss: 1.2412
    [ShallowConvNet] Epoch  21/80 | Train Loss: 1.1923 | Val Loss: 1.1956
    [ShallowConvNet] Epoch  31/80 | Train Loss: 1.1345 | Val Loss: 1.1558
    [ShallowConvNet] Epoch  41/80 | Train Loss: 1.1670 | Val Loss: 1.1276
    [ShallowConvNet] Epoch  51/80 | Train Loss: 1.0996 | Val Loss: 1.0993
    [ShallowConvNet] Epoch  61/80 | Train Loss: 1.0048 | Val Loss: 1.0776
    [ShallowConvNet] Epoch  71/80 | Train Loss: 0.9740 | Val Loss: 1.0670
    [ShallowConvNet] Epoch  80/80 | Train Loss: 0.9200 | Val Loss: 1.0425
      S049 fold 0: acc3=0.733
    [ShallowConvNet] Epoch   1/80 | Train Loss: 1.1989 | Val Loss: 1.6027
    [ShallowConvNet] Epoch  11/80 | Train Loss: 1.1662 | Val Loss: 1.5013
    [ShallowConvNet] Epoch  21/80 | Train Loss: 1.1168 | Val Loss: 1.4926
    [ShallowConvNet] Epoch  31/80 | Train Loss: 1.0133 | Val Loss: 1.4907
    [ShallowConvNet] Epoch  41/80 | Train Loss: 0.9824 | Val Loss: 1.4766
    [ShallowConvNet] Epoch  51/80 | Train Loss: 0.9321 | Val Loss: 1.4726
    [ShallowConvNet] Epoch  61/80 | Train Loss: 0.8762 | Val Loss: 1.4706
    [ShallowConvNet] Epoch  71/80 | Train Loss: 0.8378 | Val Loss: 1.4699
    [ShallowConvNet] Early stopping na época 73 com Val Loss: 1.4639
      S049 fold 1: acc3=0.667
    [ShallowConvNet] Epoch   1/80 | Train Loss: 1.3034 | Val Loss: 1.2615
    [ShallowConvNet] Epoch  11/80 | Train Loss: 1.2552 | Val Loss: 1.1743
    [ShallowConvNet] Epoch  21/80 | Train Loss: 1.1977 | Val Loss: 1.1617
    [ShallowConvNet] Epoch  31/80 | Train Loss: 1.0851 | Val Loss: 1.1431
    [ShallowConvNet] Epoch  41/80 | Train Loss: 1.0847 | Val Loss: 1.1230
    [ShallowConvNet] Epoch  51/80 | Train Loss: 1.0082 | Val Loss: 1.1025
    [ShallowConvNet] Epoch  61/80 | Train Loss: 1.0354 | Val Loss: 1.0833
    [ShallowConvNet] Epoch  71/80 | Train Loss: 0.9798 | Val Loss: 1.0710
    [ShallowConvNet] Epoch  80/80 | Train Loss: 0.9124 | Val Loss: 1.0597
      S049 fold 2: acc3=0.483
    [ShallowConvNet] Epoch   1/80 | Train Loss: 1.3286 | Val Loss: 1.5269
    [ShallowConvNet] Epoch  11/80 | Train Loss: 1.3414 | Val Loss: 1.4878
    [ShallowConvNet] Epoch  21/80 | Train Loss: 1.2399 | Val Loss: 1.4761
    [ShallowConvNet] Epoch  31/80 | Train Loss: 1.2265 | Val Loss: 1.4634
    [ShallowConvNet] Epoch  41/80 | Train Loss: 1.1980 | Val Loss: 1.4536
    [ShallowConvNet] Epoch  51/80 | Train Loss: 1.1345 | Val Loss: 1.4428
    [ShallowConvNet] Epoch  61/80 | Train Loss: 1.1484 | Val Loss: 1.4307
    [ShallowConvNet] Epoch  71/80 | Train Loss: 1.0950 | Val Loss: 1.4190
    [ShallowConvNet] Epoch  80/80 | Train Loss: 1.0863 | Val Loss: 1.4130
      S068 fold 0: acc3=0.567
    [ShallowConvNet] Epoch   1/80 | Train Loss: 1.3313 | Val Loss: 1.5069
    [ShallowConvNet] Epoch  11/80 | Train Loss: 1.2968 | Val Loss: 1.5797
    [ShallowConvNet] Early stopping na época 16 com Val Loss: 1.5069
      S068 fold 1: acc3=0.367
    [ShallowConvNet] Epoch   1/80 | Train Loss: 1.4295 | Val Loss: 1.1919
    [ShallowConvNet] Epoch  11/80 | Train Loss: 1.3083 | Val Loss: 1.2468
    [ShallowConvNet] Early stopping na época 16 com Val Loss: 1.1919
      S068 fold 2: acc3=0.400
    [ShallowConvNet] Epoch   1/80 | Train Loss: 1.4252 | Val Loss: 1.3632
    [ShallowConvNet] Epoch  11/80 | Train Loss: 1.3473 | Val Loss: 1.3511
    [ShallowConvNet] Epoch  21/80 | Train Loss: 1.3303 | Val Loss: 1.3599
    [ShallowConvNet] Early stopping na época 22 com Val Loss: 1.3455
      S076 fold 0: acc3=0.367
    [ShallowConvNet] Epoch   1/80 | Train Loss: 1.3789 | Val Loss: 1.3470
    [ShallowConvNet] Epoch  11/80 | Train Loss: 1.2322 | Val Loss: 1.2309
    [ShallowConvNet] Epoch  21/80 | Train Loss: 1.2131 | Val Loss: 1.2240
    [ShallowConvNet] Epoch  31/80 | Train Loss: 1.1549 | Val Loss: 1.2514
    [ShallowConvNet] Early stopping na época 33 com Val Loss: 1.2200
      S076 fold 1: acc3=0.333
    [ShallowConvNet] Epoch   1/80 | Train Loss: 1.4338 | Val Loss: 1.3837
    [ShallowConvNet] Epoch  11/80 | Train Loss: 1.4121 | Val Loss: 1.3442
    [ShallowConvNet] Epoch  21/80 | Train Loss: 1.3658 | Val Loss: 1.3510
    [ShallowConvNet] Early stopping na época 28 com Val Loss: 1.3429
      S076 fold 2: acc3=0.345
    [ShallowConvNet] Epoch   1/80 | Train Loss: 1.3449 | Val Loss: 1.4414
    [ShallowConvNet] Epoch  11/80 | Train Loss: 1.2877 | Val Loss: 1.3954
    [ShallowConvNet] Epoch  21/80 | Train Loss: 1.1973 | Val Loss: 1.3715
    [ShallowConvNet] Epoch  31/80 | Train Loss: 1.1324 | Val Loss: 1.3541
    [ShallowConvNet] Epoch  41/80 | Train Loss: 1.1168 | Val Loss: 1.3351
    [ShallowConvNet] Epoch  51/80 | Train Loss: 1.0823 | Val Loss: 1.3347
    [ShallowConvNet] Epoch  61/80 | Train Loss: 1.0372 | Val Loss: 1.3262
    [ShallowConvNet] Epoch  71/80 | Train Loss: 1.0778 | Val Loss: 1.3186
    [ShallowConvNet] Epoch  80/80 | Train Loss: 0.9937 | Val Loss: 1.3233
      S098 fold 0: acc3=0.433
    [ShallowConvNet] Epoch   1/80 | Train Loss: 1.5118 | Val Loss: 1.2393
    [ShallowConvNet] Epoch  11/80 | Train Loss: 1.2586 | Val Loss: 1.1353
    [ShallowConvNet] Epoch  21/80 | Train Loss: 1.2340 | Val Loss: 1.1613
    [ShallowConvNet] Early stopping na época 25 com Val Loss: 1.1351
      S098 fold 1: acc3=0.567
    [ShallowConvNet] Epoch   1/80 | Train Loss: 1.2009 | Val Loss: 1.3733
    [ShallowConvNet] Epoch  11/80 | Train Loss: 1.1229 | Val Loss: 1.2744
    [ShallowConvNet] Epoch  21/80 | Train Loss: 1.1158 | Val Loss: 1.2098
    [ShallowConvNet] Epoch  31/80 | Train Loss: 1.0891 | Val Loss: 1.1737
    [ShallowConvNet] Epoch  41/80 | Train Loss: 1.0399 | Val Loss: 1.1595
    [ShallowConvNet] Epoch  51/80 | Train Loss: 0.9712 | Val Loss: 1.1366
    [ShallowConvNet] Epoch  61/80 | Train Loss: 0.9781 | Val Loss: 1.1125
    [ShallowConvNet] Epoch  71/80 | Train Loss: 0.9547 | Val Loss: 1.0929
    [ShallowConvNet] Epoch  80/80 | Train Loss: 0.9450 | Val Loss: 1.1024
      S098 fold 2: acc3=0.400

BENCH_MONTAGENS_DONE (4min)
CUDA=True | montagens=['4'] | modelos=['deepcnn'] | alvos=30 | folds=3
  contrato 5cb6c6358c | banda 4-40 Hz ordem 5 | CAR on | IQR k=1.5 | calib 48 | fases mi
  aninhamento 2<4<8<16<21<32<64 verificado
  montagem      E  D centro  simetria
  64           27 27     10  sim
  32           14 14      4  sim
  21            9  8      4  NAO (aceita por decisao)
  16            6  6      4  sim
  8             3  3      2  sim
  4             2  2      0  sim
  2             1  1      0  sim
  3             1  1      1  sim
  sem_fz        4  3      1  NAO (aceita por decisao)
  posterior8    4  4      0  sim
  ocular4       2  2      0  sim
  6 grupos de alvos (semente 42), pool = 98 sujeitos:
    grupo 1: [3, 22, 57, 102, 107]
    grupo 2: [7, 52, 71, 79, 109]
    grupo 3: [12, 34, 60, 91, 95]
    grupo 4: [25, 31, 87, 106, 108]
    grupo 5: [41, 45, 63, 83, 105]
    grupo 6: [18, 49, 68, 76, 98]
  retomando: 2970 celulas ja concluidas sob 5cb6c6358c

==============================================================
  MONTAGEM 4 (4 canais) | MODELO deepcnn | 0min
==============================================================
  grupo 1/6 | alvos [3, 22, 57, 102, 107] | pool=98 (0min)
      pool treinado (60s) — serve aos 5 alvos do grupo
      S003 fold 0: acc3=0.250
      S003 fold 1: acc3=0.250
      S003 fold 2: acc3=0.593
      S022 fold 0: acc3=0.483
      S022 fold 1: acc3=0.448
      S022 fold 2: acc3=0.448
      S057 fold 0: acc3=0.467
      S057 fold 1: acc3=0.552
      S057 fold 2: acc3=0.448
      S102 fold 0: acc3=0.600
      S102 fold 1: acc3=0.567
      S102 fold 2: acc3=0.448
      S107 fold 0: acc3=0.567
      S107 fold 1: acc3=0.367
      S107 fold 2: acc3=0.379
  grupo 2/6 | alvos [7, 52, 71, 79, 109] | pool=98 (1min)
      pool treinado (67s) — serve aos 5 alvos do grupo
      S007 fold 0: acc3=0.633
      S007 fold 1: acc3=0.690
      S007 fold 2: acc3=0.586
      S052 fold 0: acc3=0.733
      S052 fold 1: acc3=0.533
      S052 fold 2: acc3=0.586
      S071 fold 0: acc3=0.433
      S071 fold 1: acc3=0.448
      S071 fold 2: acc3=0.690
      S079 fold 0: acc3=0.464
      S079 fold 1: acc3=0.250
      S079 fold 2: acc3=0.185
      S109 fold 0: acc3=0.367
      S109 fold 1: acc3=0.367
      S109 fold 2: acc3=0.379
  grupo 3/6 | alvos [12, 34, 60, 91, 95] | pool=98 (2min)
      pool treinado (49s) — serve aos 5 alvos do grupo
      S012 fold 0: acc3=0.414
      S012 fold 1: acc3=0.448
      S012 fold 2: acc3=0.607
      S034 fold 0: acc3=0.567
      S034 fold 1: acc3=0.667
      S034 fold 2: acc3=0.517
      S060 fold 0: acc3=0.400
      S060 fold 1: acc3=0.655
      S060 fold 2: acc3=0.690
      S091 fold 0: acc3=0.433
      S091 fold 1: acc3=0.517
      S091 fold 2: acc3=0.448
      S095 fold 0: acc3=0.467
      S095 fold 1: acc3=0.448
      S095 fold 2: acc3=0.414
  grupo 4/6 | alvos [25, 31, 87, 106, 108] | pool=98 (3min)
      pool treinado (56s) — serve aos 5 alvos do grupo
      S025 fold 0: acc3=0.667
      S025 fold 1: acc3=0.621
      S025 fold 2: acc3=0.448
      S031 fold 0: acc3=0.500
      S031 fold 1: acc3=0.483
      S031 fold 2: acc3=0.448
      S087 fold 0: acc3=0.367
      S087 fold 1: acc3=0.310
      S087 fold 2: acc3=0.310
      S106 fold 0: acc3=0.345
      S106 fold 1: acc3=0.690
      S106 fold 2: acc3=0.586
      S108 fold 0: acc3=0.367
      S108 fold 1: acc3=0.448
      S108 fold 2: acc3=0.414
  grupo 5/6 | alvos [41, 45, 63, 83, 105] | pool=98 (5min)
      pool treinado (57s) — serve aos 5 alvos do grupo
      S041 fold 0: acc3=0.267
      S041 fold 1: acc3=0.300
      S041 fold 2: acc3=0.414
      S045 fold 0: acc3=0.400
      S045 fold 1: acc3=0.621
      S045 fold 2: acc3=0.517
      S063 fold 0: acc3=0.345
      S063 fold 1: acc3=0.321
      S063 fold 2: acc3=0.321
      S083 fold 0: acc3=0.621
      S083 fold 1: acc3=0.448
      S083 fold 2: acc3=0.448
      S105 fold 0: acc3=0.483
      S105 fold 1: acc3=0.379
      S105 fold 2: acc3=0.483
  grupo 6/6 | alvos [18, 49, 68, 76, 98] | pool=98 (6min)
      pool treinado (67s) — serve aos 5 alvos do grupo
      S018 fold 0: acc3=0.276
      S018 fold 1: acc3=0.276
      S018 fold 2: acc3=0.241
      S049 fold 0: acc3=0.500
      S049 fold 1: acc3=0.433
      S049 fold 2: acc3=0.483
      S068 fold 0: acc3=0.400
      S068 fold 1: acc3=0.333
      S068 fold 2: acc3=0.467
      S076 fold 0: acc3=0.300
      S076 fold 1: acc3=0.200
      S076 fold 2: acc3=0.310
      S098 fold 0: acc3=0.500
      S098 fold 1: acc3=0.633
      S098 fold 2: acc3=0.400

BENCH_MONTAGENS_DONE (7min)
CUDA=True | montagens=['4'] | modelos=['stia_net'] | alvos=30 | folds=3
  contrato 5cb6c6358c | banda 4-40 Hz ordem 5 | CAR on | IQR k=1.5 | calib 48 | fases mi
  aninhamento 2<4<8<16<21<32<64 verificado
  montagem      E  D centro  simetria
  64           27 27     10  sim
  32           14 14      4  sim
  21            9  8      4  NAO (aceita por decisao)
  16            6  6      4  sim
  8             3  3      2  sim
  4             2  2      0  sim
  2             1  1      0  sim
  3             1  1      1  sim
  sem_fz        4  3      1  NAO (aceita por decisao)
  posterior8    4  4      0  sim
  ocular4       2  2      0  sim
  celulas gemeas pendentes: stia_net.banda_do_artigo (rodar de novo com --banda 8 30)
  6 grupos de alvos (semente 42), pool = 98 sujeitos:
    grupo 1: [3, 22, 57, 102, 107]
    grupo 2: [7, 52, 71, 79, 109]
    grupo 3: [12, 34, 60, 91, 95]
    grupo 4: [25, 31, 87, 106, 108]
    grupo 5: [41, 45, 63, 83, 105]
    grupo 6: [18, 49, 68, 76, 98]
  retomando: 3060 celulas ja concluidas sob 5cb6c6358c

==============================================================
  MONTAGEM 4 (4 canais) | MODELO stia_net | 0min
==============================================================
  grupo 1/6 | alvos [3, 22, 57, 102, 107] | pool=98 (0min)
  [STIA-Net] Computing PLV adjacency matrix...
      pool treinado (40s) — serve aos 5 alvos do grupo
  [STIA-Net] Recomputing PLV for MI domain...
      S003 fold 0: acc3=0.536
  [STIA-Net] Recomputing PLV for MI domain...
      S003 fold 1: acc3=0.214
  [STIA-Net] Recomputing PLV for MI domain...
      S003 fold 2: acc3=0.148
  [STIA-Net] Recomputing PLV for MI domain...
      S022 fold 0: acc3=0.276
  [STIA-Net] Recomputing PLV for MI domain...
      S022 fold 1: acc3=0.414
  [STIA-Net] Recomputing PLV for MI domain...
      S022 fold 2: acc3=0.241
  [STIA-Net] Recomputing PLV for MI domain...
      S057 fold 0: acc3=0.267
  [STIA-Net] Recomputing PLV for MI domain...
      S057 fold 1: acc3=0.310
  [STIA-Net] Recomputing PLV for MI domain...
      S057 fold 2: acc3=0.241
  [STIA-Net] Recomputing PLV for MI domain...
      S102 fold 0: acc3=0.200
  [STIA-Net] Recomputing PLV for MI domain...
      S102 fold 1: acc3=0.167
  [STIA-Net] Recomputing PLV for MI domain...
      S102 fold 2: acc3=0.310
  [STIA-Net] Recomputing PLV for MI domain...
      S107 fold 0: acc3=0.300
  [STIA-Net] Recomputing PLV for MI domain...
      S107 fold 1: acc3=0.367
  [STIA-Net] Recomputing PLV for MI domain...
      S107 fold 2: acc3=0.345
  grupo 2/6 | alvos [7, 52, 71, 79, 109] | pool=98 (1min)
  [STIA-Net] Computing PLV adjacency matrix...
      pool treinado (38s) — serve aos 5 alvos do grupo
  [STIA-Net] Recomputing PLV for MI domain...
      S007 fold 0: acc3=0.433
  [STIA-Net] Recomputing PLV for MI domain...
      S007 fold 1: acc3=0.379
  [STIA-Net] Recomputing PLV for MI domain...
      S007 fold 2: acc3=0.448
  [STIA-Net] Recomputing PLV for MI domain...
      S052 fold 0: acc3=0.433
  [STIA-Net] Recomputing PLV for MI domain...
      S052 fold 1: acc3=0.433
  [STIA-Net] Recomputing PLV for MI domain...
      S052 fold 2: acc3=0.414
  [STIA-Net] Recomputing PLV for MI domain...
      S071 fold 0: acc3=0.167
  [STIA-Net] Recomputing PLV for MI domain...
      S071 fold 1: acc3=0.345
  [STIA-Net] Recomputing PLV for MI domain...
      S071 fold 2: acc3=0.310
  [STIA-Net] Recomputing PLV for MI domain...
      S079 fold 0: acc3=0.357
  [STIA-Net] Recomputing PLV for MI domain...
      S079 fold 1: acc3=0.357
  [STIA-Net] Recomputing PLV for MI domain...
      S079 fold 2: acc3=0.185
  [STIA-Net] Recomputing PLV for MI domain...
      S109 fold 0: acc3=0.367
  [STIA-Net] Recomputing PLV for MI domain...
      S109 fold 1: acc3=0.367
  [STIA-Net] Recomputing PLV for MI domain...
      S109 fold 2: acc3=0.310
  grupo 3/6 | alvos [12, 34, 60, 91, 95] | pool=98 (2min)
  [STIA-Net] Computing PLV adjacency matrix...
      pool treinado (40s) — serve aos 5 alvos do grupo
  [STIA-Net] Recomputing PLV for MI domain...
      S012 fold 0: acc3=0.345
  [STIA-Net] Recomputing PLV for MI domain...
      S012 fold 1: acc3=0.276
  [STIA-Net] Recomputing PLV for MI domain...
      S012 fold 2: acc3=0.214
  [STIA-Net] Recomputing PLV for MI domain...
      S034 fold 0: acc3=0.433
  [STIA-Net] Recomputing PLV for MI domain...
      S034 fold 1: acc3=0.533
  [STIA-Net] Recomputing PLV for MI domain...
      S034 fold 2: acc3=0.552
  [STIA-Net] Recomputing PLV for MI domain...
      S060 fold 0: acc3=0.433
  [STIA-Net] Recomputing PLV for MI domain...
      S060 fold 1: acc3=0.414
  [STIA-Net] Recomputing PLV for MI domain...
      S060 fold 2: acc3=0.310
  [STIA-Net] Recomputing PLV for MI domain...
      S091 fold 0: acc3=0.333
  [STIA-Net] Recomputing PLV for MI domain...
      S091 fold 1: acc3=0.345
  [STIA-Net] Recomputing PLV for MI domain...
      S091 fold 2: acc3=0.345
  [STIA-Net] Recomputing PLV for MI domain...
      S095 fold 0: acc3=0.300
  [STIA-Net] Recomputing PLV for MI domain...
      S095 fold 1: acc3=0.276
  [STIA-Net] Recomputing PLV for MI domain...
      S095 fold 2: acc3=0.345
  grupo 4/6 | alvos [25, 31, 87, 106, 108] | pool=98 (2min)
  [STIA-Net] Computing PLV adjacency matrix...
      pool treinado (40s) — serve aos 5 alvos do grupo
  [STIA-Net] Recomputing PLV for MI domain...
      S025 fold 0: acc3=0.400
  [STIA-Net] Recomputing PLV for MI domain...
      S025 fold 1: acc3=0.379
  [STIA-Net] Recomputing PLV for MI domain...
      S025 fold 2: acc3=0.310
  [STIA-Net] Recomputing PLV for MI domain...
      S031 fold 0: acc3=0.400
  [STIA-Net] Recomputing PLV for MI domain...
      S031 fold 1: acc3=0.414
  [STIA-Net] Recomputing PLV for MI domain...
      S031 fold 2: acc3=0.276
  [STIA-Net] Recomputing PLV for MI domain...
      S087 fold 0: acc3=0.367
  [STIA-Net] Recomputing PLV for MI domain...
      S087 fold 1: acc3=0.483
  [STIA-Net] Recomputing PLV for MI domain...
      S087 fold 2: acc3=0.138
  [STIA-Net] Recomputing PLV for MI domain...
      S106 fold 0: acc3=0.276
  [STIA-Net] Recomputing PLV for MI domain...
      S106 fold 1: acc3=0.345
  [STIA-Net] Recomputing PLV for MI domain...
      S106 fold 2: acc3=0.517
  [STIA-Net] Recomputing PLV for MI domain...
      S108 fold 0: acc3=0.300
  [STIA-Net] Recomputing PLV for MI domain...
      S108 fold 1: acc3=0.241
  [STIA-Net] Recomputing PLV for MI domain...
      S108 fold 2: acc3=0.379
  grupo 5/6 | alvos [41, 45, 63, 83, 105] | pool=98 (3min)
  [STIA-Net] Computing PLV adjacency matrix...
      pool treinado (37s) — serve aos 5 alvos do grupo
  [STIA-Net] Recomputing PLV for MI domain...
      S041 fold 0: acc3=0.267
  [STIA-Net] Recomputing PLV for MI domain...
      S041 fold 1: acc3=0.300
  [STIA-Net] Recomputing PLV for MI domain...
      S041 fold 2: acc3=0.379
  [STIA-Net] Recomputing PLV for MI domain...
      S045 fold 0: acc3=0.467
  [STIA-Net] Recomputing PLV for MI domain...
      S045 fold 1: acc3=0.517
  [STIA-Net] Recomputing PLV for MI domain...
      S045 fold 2: acc3=0.345
  [STIA-Net] Recomputing PLV for MI domain...
      S063 fold 0: acc3=0.379
  [STIA-Net] Recomputing PLV for MI domain...
      S063 fold 1: acc3=0.357
  [STIA-Net] Recomputing PLV for MI domain...
      S063 fold 2: acc3=0.429
  [STIA-Net] Recomputing PLV for MI domain...
      S083 fold 0: acc3=0.345
  [STIA-Net] Recomputing PLV for MI domain...
      S083 fold 1: acc3=0.379
  [STIA-Net] Recomputing PLV for MI domain...
      S083 fold 2: acc3=0.414
  [STIA-Net] Recomputing PLV for MI domain...
      S105 fold 0: acc3=0.345
  [STIA-Net] Recomputing PLV for MI domain...
      S105 fold 1: acc3=0.448
  [STIA-Net] Recomputing PLV for MI domain...
      S105 fold 2: acc3=0.517
  grupo 6/6 | alvos [18, 49, 68, 76, 98] | pool=98 (4min)
  [STIA-Net] Computing PLV adjacency matrix...
      pool treinado (39s) — serve aos 5 alvos do grupo
  [STIA-Net] Recomputing PLV for MI domain...
      S018 fold 0: acc3=0.483
  [STIA-Net] Recomputing PLV for MI domain...
      S018 fold 1: acc3=0.345
  [STIA-Net] Recomputing PLV for MI domain...
      S018 fold 2: acc3=0.310
  [STIA-Net] Recomputing PLV for MI domain...
      S049 fold 0: acc3=0.533
  [STIA-Net] Recomputing PLV for MI domain...
      S049 fold 1: acc3=0.333
  [STIA-Net] Recomputing PLV for MI domain...
      S049 fold 2: acc3=0.276
  [STIA-Net] Recomputing PLV for MI domain...
      S068 fold 0: acc3=0.267
  [STIA-Net] Recomputing PLV for MI domain...
      S068 fold 1: acc3=0.367
  [STIA-Net] Recomputing PLV for MI domain...
      S068 fold 2: acc3=0.500
  [STIA-Net] Recomputing PLV for MI domain...
      S076 fold 0: acc3=0.267
  [STIA-Net] Recomputing PLV for MI domain...
      S076 fold 1: acc3=0.467
  [STIA-Net] Recomputing PLV for MI domain...
      S076 fold 2: acc3=0.276
  [STIA-Net] Recomputing PLV for MI domain...
      S098 fold 0: acc3=0.400
  [STIA-Net] Recomputing PLV for MI domain...
      S098 fold 1: acc3=0.300
  [STIA-Net] Recomputing PLV for MI domain...
      S098 fold 2: acc3=0.200

BENCH_MONTAGENS_DONE (5min)
CUDA=True | montagens=['3'] | modelos=['eegnet'] | alvos=30 | folds=3
  contrato 5cb6c6358c | banda 4-40 Hz ordem 5 | CAR on | IQR k=1.5 | calib 48 | fases mi
  aninhamento 2<4<8<16<21<32<64 verificado
  montagem      E  D centro  simetria
  64           27 27     10  sim
  32           14 14      4  sim
  21            9  8      4  NAO (aceita por decisao)
  16            6  6      4  sim
  8             3  3      2  sim
  4             2  2      0  sim
  2             1  1      0  sim
  3             1  1      1  sim
  sem_fz        4  3      1  NAO (aceita por decisao)
  posterior8    4  4      0  sim
  ocular4       2  2      0  sim
  6 grupos de alvos (semente 42), pool = 98 sujeitos:
    grupo 1: [3, 22, 57, 102, 107]
    grupo 2: [7, 52, 71, 79, 109]
    grupo 3: [12, 34, 60, 91, 95]
    grupo 4: [25, 31, 87, 106, 108]
    grupo 5: [41, 45, 63, 83, 105]
    grupo 6: [18, 49, 68, 76, 98]
  retomando: 3150 celulas ja concluidas sob 5cb6c6358c

==============================================================
  MONTAGEM 3 (3 canais) | MODELO eegnet | 0min
==============================================================
  grupo 1/6 | alvos [3, 22, 57, 102, 107] | pool=98 (0min)
      pool treinado (32s) — serve aos 5 alvos do grupo
      S003 fold 0: acc3=0.393
      S003 fold 1: acc3=0.357
      S003 fold 2: acc3=0.321
      S022 fold 0: acc3=0.517
      S022 fold 1: acc3=0.500
      S022 fold 2: acc3=0.357
      S057 fold 0: acc3=0.467
      S057 fold 1: acc3=0.400
      S057 fold 2: acc3=0.310
      S102 fold 0: acc3=0.633
      S102 fold 1: acc3=0.567
      S102 fold 2: acc3=0.517
      S107 fold 0: acc3=0.300
      S107 fold 1: acc3=0.172
      S107 fold 2: acc3=0.207
  grupo 2/6 | alvos [7, 52, 71, 79, 109] | pool=98 (1min)
      pool treinado (64s) — serve aos 5 alvos do grupo
      S007 fold 0: acc3=0.633
      S007 fold 1: acc3=0.600
      S007 fold 2: acc3=0.655
      S052 fold 0: acc3=0.600
      S052 fold 1: acc3=0.633
      S052 fold 2: acc3=0.690
      S071 fold 0: acc3=0.500
      S071 fold 1: acc3=0.517
      S071 fold 2: acc3=0.621
      S079 fold 0: acc3=0.464
      S079 fold 1: acc3=0.464
      S079 fold 2: acc3=0.111
      S109 fold 0: acc3=0.367
      S109 fold 1: acc3=0.310
      S109 fold 2: acc3=0.448
  grupo 3/6 | alvos [12, 34, 60, 91, 95] | pool=98 (2min)
      pool treinado (40s) — serve aos 5 alvos do grupo
      S012 fold 0: acc3=0.414
      S012 fold 1: acc3=0.276
      S012 fold 2: acc3=0.536
      S034 fold 0: acc3=0.733
      S034 fold 1: acc3=0.733
      S034 fold 2: acc3=0.586
      S060 fold 0: acc3=0.467
      S060 fold 1: acc3=0.483
      S060 fold 2: acc3=0.517
      S091 fold 0: acc3=0.367
      S091 fold 1: acc3=0.600
      S091 fold 2: acc3=0.586
      S095 fold 0: acc3=0.552
      S095 fold 1: acc3=0.379
      S095 fold 2: acc3=0.429
  grupo 4/6 | alvos [25, 31, 87, 106, 108] | pool=98 (3min)
      pool treinado (29s) — serve aos 5 alvos do grupo
      S025 fold 0: acc3=0.700
      S025 fold 1: acc3=0.724
      S025 fold 2: acc3=0.655
      S031 fold 0: acc3=0.276
      S031 fold 1: acc3=0.321
      S031 fold 2: acc3=0.250
      S087 fold 0: acc3=0.367
      S087 fold 1: acc3=0.241
      S087 fold 2: acc3=0.345
      S106 fold 0: acc3=0.448
      S106 fold 1: acc3=0.483
      S106 fold 2: acc3=0.552
      S108 fold 0: acc3=0.600
      S108 fold 1: acc3=0.333
      S108 fold 2: acc3=0.414
  grupo 5/6 | alvos [41, 45, 63, 83, 105] | pool=98 (3min)
      pool treinado (83s) — serve aos 5 alvos do grupo
      S041 fold 0: acc3=0.233
      S041 fold 1: acc3=0.267
      S041 fold 2: acc3=0.241
      S045 fold 0: acc3=0.633
      S045 fold 1: acc3=0.667
      S045 fold 2: acc3=0.655
      S063 fold 0: acc3=0.214
      S063 fold 1: acc3=0.500
      S063 fold 2: acc3=0.393
      S083 fold 0: acc3=0.379
      S083 fold 1: acc3=0.448
      S083 fold 2: acc3=0.448
      S105 fold 0: acc3=0.700
      S105 fold 1: acc3=0.690
      S105 fold 2: acc3=0.448
  grupo 6/6 | alvos [18, 49, 68, 76, 98] | pool=98 (5min)
      pool treinado (84s) — serve aos 5 alvos do grupo
      S018 fold 0: acc3=0.200
      S018 fold 1: acc3=0.379
      S018 fold 2: acc3=0.345
      S049 fold 0: acc3=0.500
      S049 fold 1: acc3=0.414
      S049 fold 2: acc3=0.517
      S068 fold 0: acc3=0.433
      S068 fold 1: acc3=0.414
      S068 fold 2: acc3=0.483
      S076 fold 0: acc3=0.267
      S076 fold 1: acc3=0.267
      S076 fold 2: acc3=0.345
      S098 fold 0: acc3=0.467
      S098 fold 1: acc3=0.414
      S098 fold 2: acc3=0.310

BENCH_MONTAGENS_DONE (6min)
CUDA=True | montagens=['3'] | modelos=['eegsym'] | alvos=30 | folds=3
  contrato 5cb6c6358c | banda 4-40 Hz ordem 5 | CAR on | IQR k=1.5 | calib 48 | fases mi
  aninhamento 2<4<8<16<21<32<64 verificado
  montagem      E  D centro  simetria
  64           27 27     10  sim
  32           14 14      4  sim
  21            9  8      4  NAO (aceita por decisao)
  16            6  6      4  sim
  8             3  3      2  sim
  4             2  2      0  sim
  2             1  1      0  sim
  3             1  1      1  sim
  sem_fz        4  3      1  NAO (aceita por decisao)
  posterior8    4  4      0  sim
  ocular4       2  2      0  sim
  6 grupos de alvos (semente 42), pool = 98 sujeitos:
    grupo 1: [3, 22, 57, 102, 107]
    grupo 2: [7, 52, 71, 79, 109]
    grupo 3: [12, 34, 60, 91, 95]
    grupo 4: [25, 31, 87, 106, 108]
    grupo 5: [41, 45, 63, 83, 105]
    grupo 6: [18, 49, 68, 76, 98]
  retomando: 3240 celulas ja concluidas sob 5cb6c6358c

==============================================================
  MONTAGEM 3 (3 canais) | MODELO eegsym | 0min
==============================================================
  grupo 1/6 | alvos [3, 22, 57, 102, 107] | pool=98 (0min)
      ramo E: C3 Cz
      ramo D: C4 Cz
      pool treinado (48s) — serve aos 5 alvos do grupo
      S003 fold 0: acc3=0.429
      S003 fold 1: acc3=0.250
      S003 fold 2: acc3=0.321
      S022 fold 0: acc3=0.483
      S022 fold 1: acc3=0.464
      S022 fold 2: acc3=0.357
      S057 fold 0: acc3=0.400
      S057 fold 1: acc3=0.500
      S057 fold 2: acc3=0.448
      S102 fold 0: acc3=0.333
      S102 fold 1: acc3=0.433
      S102 fold 2: acc3=0.414
      S107 fold 0: acc3=0.433
      S107 fold 1: acc3=0.345
      S107 fold 2: acc3=0.448
  grupo 2/6 | alvos [7, 52, 71, 79, 109] | pool=98 (1min)
      pool treinado (47s) — serve aos 5 alvos do grupo
      S007 fold 0: acc3=0.667
      S007 fold 1: acc3=0.600
      S007 fold 2: acc3=0.517
      S052 fold 0: acc3=0.633
      S052 fold 1: acc3=0.533
      S052 fold 2: acc3=0.690
      S071 fold 0: acc3=0.567
      S071 fold 1: acc3=0.552
      S071 fold 2: acc3=0.621
      S079 fold 0: acc3=0.393
      S079 fold 1: acc3=0.464
      S079 fold 2: acc3=0.185
      S109 fold 0: acc3=0.367
      S109 fold 1: acc3=0.448
      S109 fold 2: acc3=0.310
  grupo 3/6 | alvos [12, 34, 60, 91, 95] | pool=98 (2min)
      pool treinado (62s) — serve aos 5 alvos do grupo
      S012 fold 0: acc3=0.517
      S012 fold 1: acc3=0.448
      S012 fold 2: acc3=0.464
      S034 fold 0: acc3=0.667
      S034 fold 1: acc3=0.600
      S034 fold 2: acc3=0.586
      S060 fold 0: acc3=0.500
      S060 fold 1: acc3=0.586
      S060 fold 2: acc3=0.586
      S091 fold 0: acc3=0.233
      S091 fold 1: acc3=0.400
      S091 fold 2: acc3=0.448
      S095 fold 0: acc3=0.310
      S095 fold 1: acc3=0.310
      S095 fold 2: acc3=0.250
  grupo 4/6 | alvos [25, 31, 87, 106, 108] | pool=98 (3min)
      pool treinado (55s) — serve aos 5 alvos do grupo
      S025 fold 0: acc3=0.700
      S025 fold 1: acc3=0.379
      S025 fold 2: acc3=0.586
      S031 fold 0: acc3=0.276
      S031 fold 1: acc3=0.286
      S031 fold 2: acc3=0.286
      S087 fold 0: acc3=0.333
      S087 fold 1: acc3=0.379
      S087 fold 2: acc3=0.310
      S106 fold 0: acc3=0.448
      S106 fold 1: acc3=0.379
      S106 fold 2: acc3=0.448
      S108 fold 0: acc3=0.567
      S108 fold 1: acc3=0.300
      S108 fold 2: acc3=0.448
  grupo 5/6 | alvos [41, 45, 63, 83, 105] | pool=98 (4min)
      pool treinado (71s) — serve aos 5 alvos do grupo
      S041 fold 0: acc3=0.333
      S041 fold 1: acc3=0.300
      S041 fold 2: acc3=0.379
      S045 fold 0: acc3=0.400
      S045 fold 1: acc3=0.633
      S045 fold 2: acc3=0.414
      S063 fold 0: acc3=0.429
      S063 fold 1: acc3=0.429
      S063 fold 2: acc3=0.500
      S083 fold 0: acc3=0.552
      S083 fold 1: acc3=0.379
      S083 fold 2: acc3=0.552
      S105 fold 0: acc3=0.633
      S105 fold 1: acc3=0.690
      S105 fold 2: acc3=0.448
  grupo 6/6 | alvos [18, 49, 68, 76, 98] | pool=98 (6min)
      pool treinado (57s) — serve aos 5 alvos do grupo
      S018 fold 0: acc3=0.233
      S018 fold 1: acc3=0.241
      S018 fold 2: acc3=0.379
      S049 fold 0: acc3=0.533
      S049 fold 1: acc3=0.414
      S049 fold 2: acc3=0.483
      S068 fold 0: acc3=0.333
      S068 fold 1: acc3=0.310
      S068 fold 2: acc3=0.517
      S076 fold 0: acc3=0.300
      S076 fold 1: acc3=0.267
      S076 fold 2: acc3=0.483
      S098 fold 0: acc3=0.533
      S098 fold 1: acc3=0.345
      S098 fold 2: acc3=0.310

BENCH_MONTAGENS_DONE (7min)
CUDA=True | montagens=['3'] | modelos=['shallow_convnet'] | alvos=30 | folds=3
  contrato 5cb6c6358c | banda 4-40 Hz ordem 5 | CAR on | IQR k=1.5 | calib 48 | fases mi
  aninhamento 2<4<8<16<21<32<64 verificado
  montagem      E  D centro  simetria
  64           27 27     10  sim
  32           14 14      4  sim
  21            9  8      4  NAO (aceita por decisao)
  16            6  6      4  sim
  8             3  3      2  sim
  4             2  2      0  sim
  2             1  1      0  sim
  3             1  1      1  sim
  sem_fz        4  3      1  NAO (aceita por decisao)
  posterior8    4  4      0  sim
  ocular4       2  2      0  sim
  6 grupos de alvos (semente 42), pool = 98 sujeitos:
    grupo 1: [3, 22, 57, 102, 107]
    grupo 2: [7, 52, 71, 79, 109]
    grupo 3: [12, 34, 60, 91, 95]
    grupo 4: [25, 31, 87, 106, 108]
    grupo 5: [41, 45, 63, 83, 105]
    grupo 6: [18, 49, 68, 76, 98]
  retomando: 3330 celulas ja concluidas sob 5cb6c6358c

==============================================================
  MONTAGEM 3 (3 canais) | MODELO shallow_convnet | 0min
==============================================================
  grupo 1/6 | alvos [3, 22, 57, 102, 107] | pool=98 (0min)
    [ShallowConvNet] Epoch   1/200 | Train Loss: 1.8191 | Val Loss: 1.4240
    [ShallowConvNet] Epoch  11/200 | Train Loss: 1.4253 | Val Loss: 1.4489
    [ShallowConvNet] Epoch  21/200 | Train Loss: 1.3929 | Val Loss: 1.4074
    [ShallowConvNet] Early stopping na época 25 com Val Loss: 1.3558
      pool treinado (21s) — serve aos 5 alvos do grupo
    [ShallowConvNet] Epoch   1/80 | Train Loss: 1.4631 | Val Loss: 1.2410
    [ShallowConvNet] Epoch  11/80 | Train Loss: 1.2943 | Val Loss: 1.2538
    [ShallowConvNet] Early stopping na época 16 com Val Loss: 1.2410
      S003 fold 0: acc3=0.500
    [ShallowConvNet] Epoch   1/80 | Train Loss: 1.3671 | Val Loss: 1.4023
    [ShallowConvNet] Epoch  11/80 | Train Loss: 1.3586 | Val Loss: 1.4052
    [ShallowConvNet] Epoch  21/80 | Train Loss: 1.2962 | Val Loss: 1.3999
    [ShallowConvNet] Epoch  31/80 | Train Loss: 1.1966 | Val Loss: 1.3960
    [ShallowConvNet] Epoch  41/80 | Train Loss: 1.1793 | Val Loss: 1.4137
    [ShallowConvNet] Early stopping na época 42 com Val Loss: 1.3925
      S003 fold 1: acc3=0.286
    [ShallowConvNet] Epoch   1/80 | Train Loss: 1.3689 | Val Loss: 1.2853
    [ShallowConvNet] Epoch  11/80 | Train Loss: 1.3213 | Val Loss: 1.2751
    [ShallowConvNet] Epoch  21/80 | Train Loss: 1.1478 | Val Loss: 1.2845
    [ShallowConvNet] Early stopping na época 23 com Val Loss: 1.2727
      S003 fold 2: acc3=0.357
    [ShallowConvNet] Epoch   1/80 | Train Loss: 1.3812 | Val Loss: 1.4097
    [ShallowConvNet] Epoch  11/80 | Train Loss: 1.2575 | Val Loss: 1.3622
    [ShallowConvNet] Epoch  21/80 | Train Loss: 1.1270 | Val Loss: 1.3272
    [ShallowConvNet] Epoch  31/80 | Train Loss: 1.0686 | Val Loss: 1.2973
    [ShallowConvNet] Epoch  41/80 | Train Loss: 0.9847 | Val Loss: 1.2829
    [ShallowConvNet] Epoch  51/80 | Train Loss: 0.9130 | Val Loss: 1.2515
    [ShallowConvNet] Epoch  61/80 | Train Loss: 0.8816 | Val Loss: 1.2266
    [ShallowConvNet] Epoch  71/80 | Train Loss: 0.8274 | Val Loss: 1.1931
    [ShallowConvNet] Epoch  80/80 | Train Loss: 0.7801 | Val Loss: 1.1706
      S022 fold 0: acc3=0.621
    [ShallowConvNet] Epoch   1/80 | Train Loss: 1.3496 | Val Loss: 1.2280
    [ShallowConvNet] Epoch  11/80 | Train Loss: 1.2242 | Val Loss: 1.1475
    [ShallowConvNet] Epoch  21/80 | Train Loss: 1.1605 | Val Loss: 1.0836
    [ShallowConvNet] Epoch  31/80 | Train Loss: 1.0588 | Val Loss: 1.0388
    [ShallowConvNet] Epoch  41/80 | Train Loss: 0.9187 | Val Loss: 1.0076
    [ShallowConvNet] Epoch  51/80 | Train Loss: 0.8972 | Val Loss: 0.9796
    [ShallowConvNet] Epoch  61/80 | Train Loss: 0.8463 | Val Loss: 0.9704
    [ShallowConvNet] Epoch  71/80 | Train Loss: 0.7656 | Val Loss: 0.9637
    [ShallowConvNet] Epoch  80/80 | Train Loss: 0.7167 | Val Loss: 0.9587
      S022 fold 1: acc3=0.679
    [ShallowConvNet] Epoch   1/80 | Train Loss: 1.2304 | Val Loss: 1.2979
    [ShallowConvNet] Epoch  11/80 | Train Loss: 1.1714 | Val Loss: 1.1576
    [ShallowConvNet] Epoch  21/80 | Train Loss: 1.1783 | Val Loss: 1.1030
    [ShallowConvNet] Epoch  31/80 | Train Loss: 1.1091 | Val Loss: 1.0705
    [ShallowConvNet] Epoch  41/80 | Train Loss: 1.0235 | Val Loss: 1.0304
    [ShallowConvNet] Epoch  51/80 | Train Loss: 0.9543 | Val Loss: 0.9927
    [ShallowConvNet] Epoch  61/80 | Train Loss: 0.8672 | Val Loss: 0.9462
    [ShallowConvNet] Epoch  71/80 | Train Loss: 0.8127 | Val Loss: 0.9164
    [ShallowConvNet] Epoch  80/80 | Train Loss: 0.7445 | Val Loss: 0.8920
      S022 fold 2: acc3=0.571
    [ShallowConvNet] Epoch   1/80 | Train Loss: 1.3824 | Val Loss: 1.2470
    [ShallowConvNet] Epoch  11/80 | Train Loss: 1.3377 | Val Loss: 1.2927
    [ShallowConvNet] Early stopping na época 16 com Val Loss: 1.2470
      S057 fold 0: acc3=0.500
    [ShallowConvNet] Epoch   1/80 | Train Loss: 1.3270 | Val Loss: 1.3257
    [ShallowConvNet] Epoch  11/80 | Train Loss: 1.2375 | Val Loss: 1.3228
    [ShallowConvNet] Early stopping na época 19 com Val Loss: 1.2990
      S057 fold 1: acc3=0.533
    [ShallowConvNet] Epoch   1/80 | Train Loss: 1.3423 | Val Loss: 1.1388
    [ShallowConvNet] Epoch  11/80 | Train Loss: 1.1859 | Val Loss: 1.0746
    [ShallowConvNet] Epoch  21/80 | Train Loss: 1.1119 | Val Loss: 1.0738
    [ShallowConvNet] Early stopping na época 30 com Val Loss: 1.0640
      S057 fold 2: acc3=0.310
    [ShallowConvNet] Epoch   1/80 | Train Loss: 1.3343 | Val Loss: 1.2459
    [ShallowConvNet] Epoch  11/80 | Train Loss: 1.1291 | Val Loss: 1.1184
    [ShallowConvNet] Epoch  21/80 | Train Loss: 1.0570 | Val Loss: 1.2794
    [ShallowConvNet] Early stopping na época 25 com Val Loss: 1.1132
      S102 fold 0: acc3=0.467
    [ShallowConvNet] Epoch   1/80 | Train Loss: 1.3330 | Val Loss: 1.3857
    [ShallowConvNet] Epoch  11/80 | Train Loss: 1.0883 | Val Loss: 1.2674
    [ShallowConvNet] Epoch  21/80 | Train Loss: 0.9579 | Val Loss: 1.2227
    [ShallowConvNet] Epoch  31/80 | Train Loss: 0.9518 | Val Loss: 1.2023
    [ShallowConvNet] Epoch  41/80 | Train Loss: 0.8229 | Val Loss: 1.1831
    [ShallowConvNet] Epoch  51/80 | Train Loss: 0.8173 | Val Loss: 1.1751
    [ShallowConvNet] Epoch  61/80 | Train Loss: 0.7306 | Val Loss: 1.1553
    [ShallowConvNet] Epoch  71/80 | Train Loss: 0.6733 | Val Loss: 1.1461
    [ShallowConvNet] Epoch  80/80 | Train Loss: 0.6103 | Val Loss: 1.1394
      S102 fold 1: acc3=0.633
    [ShallowConvNet] Epoch   1/80 | Train Loss: 1.3929 | Val Loss: 1.2871
    [ShallowConvNet] Epoch  11/80 | Train Loss: 1.2260 | Val Loss: 1.2043
    [ShallowConvNet] Epoch  21/80 | Train Loss: 1.1071 | Val Loss: 1.1330
    [ShallowConvNet] Epoch  31/80 | Train Loss: 1.0245 | Val Loss: 1.1337
    [ShallowConvNet] Epoch  41/80 | Train Loss: 0.9693 | Val Loss: 1.1195
    [ShallowConvNet] Epoch  51/80 | Train Loss: 0.9910 | Val Loss: 1.0895
    [ShallowConvNet] Epoch  61/80 | Train Loss: 0.8638 | Val Loss: 1.0942
    [ShallowConvNet] Epoch  71/80 | Train Loss: 0.7530 | Val Loss: 1.0650
    [ShallowConvNet] Epoch  80/80 | Train Loss: 0.7031 | Val Loss: 1.0475
      S102 fold 2: acc3=0.655
    [ShallowConvNet] Epoch   1/80 | Train Loss: 1.5742 | Val Loss: 1.4084
    [ShallowConvNet] Epoch  11/80 | Train Loss: 1.4922 | Val Loss: 1.3437
    [ShallowConvNet] Epoch  21/80 | Train Loss: 1.3621 | Val Loss: 1.3018
    [ShallowConvNet] Epoch  31/80 | Train Loss: 1.1507 | Val Loss: 1.2966
    [ShallowConvNet] Epoch  41/80 | Train Loss: 1.2130 | Val Loss: 1.3125
    [ShallowConvNet] Early stopping na época 44 com Val Loss: 1.2963
      S107 fold 0: acc3=0.333
    [ShallowConvNet] Epoch   1/80 | Train Loss: 1.4756 | Val Loss: 1.5261
    [ShallowConvNet] Epoch  11/80 | Train Loss: 1.2825 | Val Loss: 1.6574
    [ShallowConvNet] Early stopping na época 17 com Val Loss: 1.5172
      S107 fold 1: acc3=0.241
    [ShallowConvNet] Epoch   1/80 | Train Loss: 1.4966 | Val Loss: 1.4593
    [ShallowConvNet] Epoch  11/80 | Train Loss: 1.2702 | Val Loss: 1.3634
    [ShallowConvNet] Epoch  21/80 | Train Loss: 1.2724 | Val Loss: 1.3038
    [ShallowConvNet] Epoch  31/80 | Train Loss: 1.1423 | Val Loss: 1.2740
    [ShallowConvNet] Epoch  41/80 | Train Loss: 1.1285 | Val Loss: 1.2767
    [ShallowConvNet] Early stopping na época 50 com Val Loss: 1.2673
      S107 fold 2: acc3=0.207
  grupo 2/6 | alvos [7, 52, 71, 79, 109] | pool=98 (1min)
    [ShallowConvNet] Epoch   1/200 | Train Loss: 1.7089 | Val Loss: 1.4680
    [ShallowConvNet] Epoch  11/200 | Train Loss: 1.4061 | Val Loss: 1.4251
    [ShallowConvNet] Epoch  21/200 | Train Loss: 1.3719 | Val Loss: 1.4017
    [ShallowConvNet] Epoch  31/200 | Train Loss: 1.3565 | Val Loss: 1.3538
    [ShallowConvNet] Epoch  41/200 | Train Loss: 1.3483 | Val Loss: 1.3639
    [ShallowConvNet] Early stopping na época 43 com Val Loss: 1.3411
      pool treinado (34s) — serve aos 5 alvos do grupo
    [ShallowConvNet] Epoch   1/80 | Train Loss: 1.2967 | Val Loss: 1.1705
    [ShallowConvNet] Epoch  11/80 | Train Loss: 1.1387 | Val Loss: 1.0421
    [ShallowConvNet] Epoch  21/80 | Train Loss: 1.0548 | Val Loss: 0.9917
    [ShallowConvNet] Epoch  31/80 | Train Loss: 0.9790 | Val Loss: 0.9545
    [ShallowConvNet] Epoch  41/80 | Train Loss: 0.8840 | Val Loss: 0.9217
    [ShallowConvNet] Epoch  51/80 | Train Loss: 0.8829 | Val Loss: 0.8926
    [ShallowConvNet] Epoch  61/80 | Train Loss: 0.8364 | Val Loss: 0.8696
    [ShallowConvNet] Epoch  71/80 | Train Loss: 0.7746 | Val Loss: 0.8439
    [ShallowConvNet] Epoch  80/80 | Train Loss: 0.7207 | Val Loss: 0.8204
      S007 fold 0: acc3=0.633
    [ShallowConvNet] Epoch   1/80 | Train Loss: 1.2341 | Val Loss: 1.2397
    [ShallowConvNet] Epoch  11/80 | Train Loss: 1.0854 | Val Loss: 1.0964
    [ShallowConvNet] Epoch  21/80 | Train Loss: 1.0997 | Val Loss: 1.0641
    [ShallowConvNet] Epoch  31/80 | Train Loss: 1.0057 | Val Loss: 1.0435
    [ShallowConvNet] Epoch  41/80 | Train Loss: 0.9774 | Val Loss: 1.0138
    [ShallowConvNet] Epoch  51/80 | Train Loss: 0.9019 | Val Loss: 1.0069
    [ShallowConvNet] Epoch  61/80 | Train Loss: 0.9563 | Val Loss: 0.9673
    [ShallowConvNet] Epoch  71/80 | Train Loss: 0.8874 | Val Loss: 0.9706
    [ShallowConvNet] Epoch  80/80 | Train Loss: 0.9127 | Val Loss: 0.9574
      S007 fold 1: acc3=0.633
    [ShallowConvNet] Epoch   1/80 | Train Loss: 1.2456 | Val Loss: 1.1583
    [ShallowConvNet] Epoch  11/80 | Train Loss: 1.0776 | Val Loss: 1.0132
    [ShallowConvNet] Epoch  21/80 | Train Loss: 1.0280 | Val Loss: 0.9635
    [ShallowConvNet] Epoch  31/80 | Train Loss: 0.9677 | Val Loss: 0.9299
    [ShallowConvNet] Epoch  41/80 | Train Loss: 0.9891 | Val Loss: 0.8975
    [ShallowConvNet] Epoch  51/80 | Train Loss: 0.8683 | Val Loss: 0.8625
    [ShallowConvNet] Epoch  61/80 | Train Loss: 0.8913 | Val Loss: 0.8398
    [ShallowConvNet] Epoch  71/80 | Train Loss: 0.8251 | Val Loss: 0.8154
    [ShallowConvNet] Epoch  80/80 | Train Loss: 0.8315 | Val Loss: 0.7972
      S007 fold 2: acc3=0.724
    [ShallowConvNet] Epoch   1/80 | Train Loss: 1.1753 | Val Loss: 1.1418
    [ShallowConvNet] Epoch  11/80 | Train Loss: 1.0142 | Val Loss: 1.2408
    [ShallowConvNet] Early stopping na época 16 com Val Loss: 1.1418
      S052 fold 0: acc3=0.600
    [ShallowConvNet] Epoch   1/80 | Train Loss: 1.2687 | Val Loss: 1.1934
    [ShallowConvNet] Epoch  11/80 | Train Loss: 1.0400 | Val Loss: 1.0402
    [ShallowConvNet] Epoch  21/80 | Train Loss: 0.9887 | Val Loss: 0.9712
    [ShallowConvNet] Epoch  31/80 | Train Loss: 0.9882 | Val Loss: 0.9535
    [ShallowConvNet] Epoch  41/80 | Train Loss: 0.9002 | Val Loss: 0.9440
    [ShallowConvNet] Epoch  51/80 | Train Loss: 0.8892 | Val Loss: 0.9566
    [ShallowConvNet] Epoch  61/80 | Train Loss: 0.9009 | Val Loss: 0.9704
    [ShallowConvNet] Epoch  71/80 | Train Loss: 0.8272 | Val Loss: 0.9678
    [ShallowConvNet] Early stopping na época 72 com Val Loss: 0.9423
      S052 fold 1: acc3=0.633
    [ShallowConvNet] Epoch   1/80 | Train Loss: 1.2366 | Val Loss: 2.1638
    [ShallowConvNet] Epoch  11/80 | Train Loss: 1.1574 | Val Loss: 2.1425
    [ShallowConvNet] Early stopping na época 20 com Val Loss: 2.1290
      S052 fold 2: acc3=0.655
    [ShallowConvNet] Epoch   1/80 | Train Loss: 1.2595 | Val Loss: 1.0906
    [ShallowConvNet] Epoch  11/80 | Train Loss: 1.1649 | Val Loss: 1.0440
    [ShallowConvNet] Epoch  21/80 | Train Loss: 1.1276 | Val Loss: 0.9935
    [ShallowConvNet] Epoch  31/80 | Train Loss: 1.1385 | Val Loss: 0.9597
    [ShallowConvNet] Epoch  41/80 | Train Loss: 1.0369 | Val Loss: 0.9331
    [ShallowConvNet] Epoch  51/80 | Train Loss: 1.1466 | Val Loss: 0.9137
    [ShallowConvNet] Epoch  61/80 | Train Loss: 1.0023 | Val Loss: 0.8939
    [ShallowConvNet] Epoch  71/80 | Train Loss: 1.0403 | Val Loss: 0.8810
    [ShallowConvNet] Epoch  80/80 | Train Loss: 0.9495 | Val Loss: 0.8735
      S071 fold 0: acc3=0.533
    [ShallowConvNet] Epoch   1/80 | Train Loss: 1.3386 | Val Loss: 1.0416
    [ShallowConvNet] Epoch  11/80 | Train Loss: 1.1494 | Val Loss: 0.9547
    [ShallowConvNet] Epoch  21/80 | Train Loss: 1.1619 | Val Loss: 0.9489
    [ShallowConvNet] Early stopping na época 28 com Val Loss: 0.9474
      S071 fold 1: acc3=0.448
    [ShallowConvNet] Epoch   1/80 | Train Loss: 1.2823 | Val Loss: 1.3227
    [ShallowConvNet] Epoch  11/80 | Train Loss: 1.2339 | Val Loss: 1.2425
    [ShallowConvNet] Epoch  21/80 | Train Loss: 1.1439 | Val Loss: 1.1939
    [ShallowConvNet] Epoch  31/80 | Train Loss: 1.0521 | Val Loss: 1.1742
    [ShallowConvNet] Epoch  41/80 | Train Loss: 1.0346 | Val Loss: 1.1572
    [ShallowConvNet] Epoch  51/80 | Train Loss: 0.9896 | Val Loss: 1.1542
    [ShallowConvNet] Epoch  61/80 | Train Loss: 0.9960 | Val Loss: 1.1525
    [ShallowConvNet] Early stopping na época 63 com Val Loss: 1.1458
      S071 fold 2: acc3=0.621
    [ShallowConvNet] Epoch   1/80 | Train Loss: 1.3728 | Val Loss: 1.7405
    [ShallowConvNet] Epoch  11/80 | Train Loss: 1.2923 | Val Loss: 1.6336
    [ShallowConvNet] Epoch  21/80 | Train Loss: 1.3472 | Val Loss: 1.6162
    [ShallowConvNet] Epoch  31/80 | Train Loss: 1.2755 | Val Loss: 1.6030
    [ShallowConvNet] Epoch  41/80 | Train Loss: 1.2885 | Val Loss: 1.5973
    [ShallowConvNet] Epoch  51/80 | Train Loss: 1.2604 | Val Loss: 1.5914
    [ShallowConvNet] Epoch  61/80 | Train Loss: 1.2118 | Val Loss: 1.5838
    [ShallowConvNet] Epoch  71/80 | Train Loss: 1.1385 | Val Loss: 1.5770
    [ShallowConvNet] Epoch  80/80 | Train Loss: 1.1583 | Val Loss: 1.5619
      S079 fold 0: acc3=0.357
    [ShallowConvNet] Epoch   1/80 | Train Loss: 1.5129 | Val Loss: 1.6618
    [ShallowConvNet] Epoch  11/80 | Train Loss: 1.5362 | Val Loss: 1.6265
    [ShallowConvNet] Epoch  21/80 | Train Loss: 1.3747 | Val Loss: 1.6264
    [ShallowConvNet] Early stopping na época 28 com Val Loss: 1.6228
      S079 fold 1: acc3=0.429
    [ShallowConvNet] Epoch   1/80 | Train Loss: 1.4847 | Val Loss: 1.3268
    [ShallowConvNet] Epoch  11/80 | Train Loss: 1.4250 | Val Loss: 1.3035
    [ShallowConvNet] Epoch  21/80 | Train Loss: 1.3543 | Val Loss: 1.2499
    [ShallowConvNet] Epoch  31/80 | Train Loss: 1.3750 | Val Loss: 1.1942
    [ShallowConvNet] Epoch  41/80 | Train Loss: 1.2954 | Val Loss: 1.1472
    [ShallowConvNet] Epoch  51/80 | Train Loss: 1.2269 | Val Loss: 1.0921
    [ShallowConvNet] Epoch  61/80 | Train Loss: 1.2610 | Val Loss: 1.0852
    [ShallowConvNet] Epoch  71/80 | Train Loss: 1.2323 | Val Loss: 1.0995
    [ShallowConvNet] Early stopping na época 77 com Val Loss: 1.0814
      S079 fold 2: acc3=0.370
    [ShallowConvNet] Epoch   1/80 | Train Loss: 1.3976 | Val Loss: 0.7218
    [ShallowConvNet] Epoch  11/80 | Train Loss: 1.2961 | Val Loss: 0.7927
    [ShallowConvNet] Early stopping na época 16 com Val Loss: 0.7218
      S109 fold 0: acc3=0.533
    [ShallowConvNet] Epoch   1/80 | Train Loss: 1.4138 | Val Loss: 1.4156
    [ShallowConvNet] Epoch  11/80 | Train Loss: 1.3360 | Val Loss: 1.3685
    [ShallowConvNet] Early stopping na época 20 com Val Loss: 1.3640
      S109 fold 1: acc3=0.414
    [ShallowConvNet] Epoch   1/80 | Train Loss: 1.3983 | Val Loss: 1.3249
    [ShallowConvNet] Epoch  11/80 | Train Loss: 1.3212 | Val Loss: 1.2338
    [ShallowConvNet] Early stopping na época 19 com Val Loss: 1.2236
      S109 fold 2: acc3=0.655
  grupo 3/6 | alvos [12, 34, 60, 91, 95] | pool=98 (1min)
    [ShallowConvNet] Epoch   1/200 | Train Loss: 1.7945 | Val Loss: 1.5447
    [ShallowConvNet] Epoch  11/200 | Train Loss: 1.4181 | Val Loss: 1.3724
    [ShallowConvNet] Epoch  21/200 | Train Loss: 1.3905 | Val Loss: 1.4149
    [ShallowConvNet] Epoch  31/200 | Train Loss: 1.3804 | Val Loss: 1.3551
    [ShallowConvNet] Epoch  41/200 | Train Loss: 1.3595 | Val Loss: 1.3946
    [ShallowConvNet] Early stopping na época 45 com Val Loss: 1.3458
      pool treinado (36s) — serve aos 5 alvos do grupo
    [ShallowConvNet] Epoch   1/80 | Train Loss: 1.3491 | Val Loss: 1.3633
    [ShallowConvNet] Epoch  11/80 | Train Loss: 1.2733 | Val Loss: 1.4418
    [ShallowConvNet] Early stopping na época 18 com Val Loss: 1.3569
      S012 fold 0: acc3=0.379
    [ShallowConvNet] Epoch   1/80 | Train Loss: 1.3248 | Val Loss: 1.3237
    [ShallowConvNet] Epoch  11/80 | Train Loss: 1.2600 | Val Loss: 1.3837
    [ShallowConvNet] Early stopping na época 19 com Val Loss: 1.3112
      S012 fold 1: acc3=0.448
    [ShallowConvNet] Epoch   1/80 | Train Loss: 1.3812 | Val Loss: 1.3989
    [ShallowConvNet] Epoch  11/80 | Train Loss: 1.2917 | Val Loss: 1.4661
    [ShallowConvNet] Early stopping na época 16 com Val Loss: 1.3989
      S012 fold 2: acc3=0.357
    [ShallowConvNet] Epoch   1/80 | Train Loss: 1.3836 | Val Loss: 1.2250
    [ShallowConvNet] Epoch  11/80 | Train Loss: 1.0884 | Val Loss: 1.0445
    [ShallowConvNet] Epoch  21/80 | Train Loss: 0.9853 | Val Loss: 1.0644
    [ShallowConvNet] Early stopping na época 26 com Val Loss: 1.0445
      S034 fold 0: acc3=0.733
    [ShallowConvNet] Epoch   1/80 | Train Loss: 1.1838 | Val Loss: 1.3994
    [ShallowConvNet] Epoch  11/80 | Train Loss: 1.0629 | Val Loss: 1.0959
    [ShallowConvNet] Epoch  21/80 | Train Loss: 0.9405 | Val Loss: 1.0070
    [ShallowConvNet] Epoch  31/80 | Train Loss: 0.9672 | Val Loss: 0.9806
    [ShallowConvNet] Epoch  41/80 | Train Loss: 0.9130 | Val Loss: 1.0043
    [ShallowConvNet] Early stopping na época 46 com Val Loss: 0.9806
      S034 fold 1: acc3=0.667
    [ShallowConvNet] Epoch   1/80 | Train Loss: 1.1067 | Val Loss: 1.2887
    [ShallowConvNet] Epoch  11/80 | Train Loss: 0.9819 | Val Loss: 1.0295
    [ShallowConvNet] Epoch  21/80 | Train Loss: 0.8597 | Val Loss: 1.0074
    [ShallowConvNet] Epoch  31/80 | Train Loss: 0.8050 | Val Loss: 0.9980
    [ShallowConvNet] Epoch  41/80 | Train Loss: 0.8003 | Val Loss: 1.0106
    [ShallowConvNet] Early stopping na época 44 com Val Loss: 0.9915
      S034 fold 2: acc3=0.655
    [ShallowConvNet] Epoch   1/80 | Train Loss: 1.2046 | Val Loss: 0.9309
    [ShallowConvNet] Epoch  11/80 | Train Loss: 1.0987 | Val Loss: 0.9103
    [ShallowConvNet] Epoch  21/80 | Train Loss: 1.1275 | Val Loss: 0.8807
    [ShallowConvNet] Epoch  31/80 | Train Loss: 1.0573 | Val Loss: 0.8669
    [ShallowConvNet] Epoch  41/80 | Train Loss: 0.9329 | Val Loss: 0.8476
    [ShallowConvNet] Epoch  51/80 | Train Loss: 0.9605 | Val Loss: 0.8256
    [ShallowConvNet] Epoch  61/80 | Train Loss: 0.9098 | Val Loss: 0.8114
    [ShallowConvNet] Epoch  71/80 | Train Loss: 0.8576 | Val Loss: 0.8182
    [ShallowConvNet] Early stopping na época 78 com Val Loss: 0.8034
      S060 fold 0: acc3=0.700
    [ShallowConvNet] Epoch   1/80 | Train Loss: 1.2697 | Val Loss: 1.0632
    [ShallowConvNet] Epoch  11/80 | Train Loss: 1.1359 | Val Loss: 1.1333
    [ShallowConvNet] Early stopping na época 16 com Val Loss: 1.0632
      S060 fold 1: acc3=0.552
    [ShallowConvNet] Epoch   1/80 | Train Loss: 1.2174 | Val Loss: 1.1067
    [ShallowConvNet] Epoch  11/80 | Train Loss: 1.1265 | Val Loss: 1.1114
    [ShallowConvNet] Epoch  21/80 | Train Loss: 0.9935 | Val Loss: 1.0970
    [ShallowConvNet] Epoch  31/80 | Train Loss: 0.9749 | Val Loss: 1.1061
    [ShallowConvNet] Early stopping na época 38 com Val Loss: 1.0921
      S060 fold 2: acc3=0.655
    [ShallowConvNet] Epoch   1/80 | Train Loss: 1.2351 | Val Loss: 1.4493
    [ShallowConvNet] Epoch  11/80 | Train Loss: 1.3053 | Val Loss: 1.4599
    [ShallowConvNet] Early stopping na época 16 com Val Loss: 1.4493
      S091 fold 0: acc3=0.333
    [ShallowConvNet] Epoch   1/80 | Train Loss: 1.4121 | Val Loss: 1.4212
    [ShallowConvNet] Epoch  11/80 | Train Loss: 1.4288 | Val Loss: 1.3941
    [ShallowConvNet] Epoch  21/80 | Train Loss: 1.3752 | Val Loss: 1.3936
    [ShallowConvNet] Epoch  31/80 | Train Loss: 1.3703 | Val Loss: 1.4021
    [ShallowConvNet] Early stopping na época 32 com Val Loss: 1.3902
      S091 fold 1: acc3=0.633
    [ShallowConvNet] Epoch   1/80 | Train Loss: 1.4097 | Val Loss: 1.1611
    [ShallowConvNet] Epoch  11/80 | Train Loss: 1.3045 | Val Loss: 1.1534
    [ShallowConvNet] Epoch  21/80 | Train Loss: 1.3755 | Val Loss: 1.1556
    [ShallowConvNet] Epoch  31/80 | Train Loss: 1.3403 | Val Loss: 1.1518
    [ShallowConvNet] Epoch  41/80 | Train Loss: 1.2210 | Val Loss: 1.1552
    [ShallowConvNet] Early stopping na época 47 com Val Loss: 1.1498
      S091 fold 2: acc3=0.517
    [ShallowConvNet] Epoch   1/80 | Train Loss: 1.4179 | Val Loss: 1.3316
    [ShallowConvNet] Epoch  11/80 | Train Loss: 1.2531 | Val Loss: 1.3103
    [ShallowConvNet] Epoch  21/80 | Train Loss: 1.3131 | Val Loss: 1.2934
    [ShallowConvNet] Epoch  31/80 | Train Loss: 1.2345 | Val Loss: 1.2766
    [ShallowConvNet] Epoch  41/80 | Train Loss: 1.1790 | Val Loss: 1.2637
    [ShallowConvNet] Epoch  51/80 | Train Loss: 1.1173 | Val Loss: 1.2525
    [ShallowConvNet] Epoch  61/80 | Train Loss: 1.1028 | Val Loss: 1.2405
    [ShallowConvNet] Epoch  71/80 | Train Loss: 1.0646 | Val Loss: 1.2328
    [ShallowConvNet] Epoch  80/80 | Train Loss: 1.0213 | Val Loss: 1.2232
      S095 fold 0: acc3=0.379
    [ShallowConvNet] Epoch   1/80 | Train Loss: 1.3560 | Val Loss: 1.4245
    [ShallowConvNet] Epoch  11/80 | Train Loss: 1.3663 | Val Loss: 1.3876
    [ShallowConvNet] Epoch  21/80 | Train Loss: 1.3361 | Val Loss: 1.3682
    [ShallowConvNet] Epoch  31/80 | Train Loss: 1.3525 | Val Loss: 1.3666
    [ShallowConvNet] Early stopping na época 40 com Val Loss: 1.3652
      S095 fold 1: acc3=0.414
    [ShallowConvNet] Epoch   1/80 | Train Loss: 1.4381 | Val Loss: 1.3776
    [ShallowConvNet] Epoch  11/80 | Train Loss: 1.3374 | Val Loss: 1.3822
    [ShallowConvNet] Epoch  21/80 | Train Loss: 1.3924 | Val Loss: 1.3993
    [ShallowConvNet] Early stopping na época 21 com Val Loss: 1.3701
      S095 fold 2: acc3=0.607
  grupo 4/6 | alvos [25, 31, 87, 106, 108] | pool=98 (2min)
    [ShallowConvNet] Epoch   1/200 | Train Loss: 1.8465 | Val Loss: 1.5276
    [ShallowConvNet] Epoch  11/200 | Train Loss: 1.4411 | Val Loss: 1.4899
    [ShallowConvNet] Epoch  21/200 | Train Loss: 1.4039 | Val Loss: 1.4796
    [ShallowConvNet] Epoch  31/200 | Train Loss: 1.3616 | Val Loss: 1.3635
    [ShallowConvNet] Early stopping na época 40 com Val Loss: 1.3497
      pool treinado (32s) — serve aos 5 alvos do grupo
    [ShallowConvNet] Epoch   1/80 | Train Loss: 1.2307 | Val Loss: 1.3199
    [ShallowConvNet] Epoch  11/80 | Train Loss: 1.0795 | Val Loss: 1.2204
    [ShallowConvNet] Epoch  21/80 | Train Loss: 1.0411 | Val Loss: 1.2236
    [ShallowConvNet] Epoch  31/80 | Train Loss: 1.0269 | Val Loss: 1.2202
    [ShallowConvNet] Epoch  41/80 | Train Loss: 0.9142 | Val Loss: 1.2076
    [ShallowConvNet] Epoch  51/80 | Train Loss: 0.8337 | Val Loss: 1.1893
    [ShallowConvNet] Epoch  61/80 | Train Loss: 0.8018 | Val Loss: 1.1864
    [ShallowConvNet] Epoch  71/80 | Train Loss: 0.7735 | Val Loss: 1.1714
    [ShallowConvNet] Epoch  80/80 | Train Loss: 0.7498 | Val Loss: 1.1682
      S025 fold 0: acc3=0.733
    [ShallowConvNet] Epoch   1/80 | Train Loss: 1.2780 | Val Loss: 1.3478
    [ShallowConvNet] Epoch  11/80 | Train Loss: 1.1178 | Val Loss: 1.2697
    [ShallowConvNet] Epoch  21/80 | Train Loss: 1.0098 | Val Loss: 1.2372
    [ShallowConvNet] Epoch  31/80 | Train Loss: 0.9554 | Val Loss: 1.1977
    [ShallowConvNet] Epoch  41/80 | Train Loss: 0.8983 | Val Loss: 1.1646
    [ShallowConvNet] Epoch  51/80 | Train Loss: 0.8324 | Val Loss: 1.1360
    [ShallowConvNet] Epoch  61/80 | Train Loss: 0.8329 | Val Loss: 1.1106
    [ShallowConvNet] Epoch  71/80 | Train Loss: 0.7474 | Val Loss: 1.0919
    [ShallowConvNet] Epoch  80/80 | Train Loss: 0.6936 | Val Loss: 1.0749
      S025 fold 1: acc3=0.724
    [ShallowConvNet] Epoch   1/80 | Train Loss: 1.1962 | Val Loss: 1.3207
    [ShallowConvNet] Epoch  11/80 | Train Loss: 1.1333 | Val Loss: 1.0755
    [ShallowConvNet] Epoch  21/80 | Train Loss: 1.0317 | Val Loss: 1.0148
    [ShallowConvNet] Epoch  31/80 | Train Loss: 0.9590 | Val Loss: 0.9706
    [ShallowConvNet] Epoch  41/80 | Train Loss: 0.9968 | Val Loss: 0.9307
    [ShallowConvNet] Epoch  51/80 | Train Loss: 0.8821 | Val Loss: 0.8860
    [ShallowConvNet] Epoch  61/80 | Train Loss: 0.8443 | Val Loss: 0.8415
    [ShallowConvNet] Epoch  71/80 | Train Loss: 0.8062 | Val Loss: 0.8134
    [ShallowConvNet] Epoch  80/80 | Train Loss: 0.7467 | Val Loss: 0.7785
      S025 fold 2: acc3=0.759
    [ShallowConvNet] Epoch   1/80 | Train Loss: 1.4062 | Val Loss: 1.5076
    [ShallowConvNet] Epoch  11/80 | Train Loss: 1.4586 | Val Loss: 1.6993
    [ShallowConvNet] Early stopping na época 16 com Val Loss: 1.5076
      S031 fold 0: acc3=0.207
    [ShallowConvNet] Epoch   1/80 | Train Loss: 1.3894 | Val Loss: 1.3604
    [ShallowConvNet] Epoch  11/80 | Train Loss: 1.3836 | Val Loss: 1.4168
    [ShallowConvNet] Early stopping na época 18 com Val Loss: 1.3284
      S031 fold 1: acc3=0.464
    [ShallowConvNet] Epoch   1/80 | Train Loss: 1.4760 | Val Loss: 1.4284
    [ShallowConvNet] Epoch  11/80 | Train Loss: 1.3294 | Val Loss: 1.3506
    [ShallowConvNet] Epoch  21/80 | Train Loss: 1.2837 | Val Loss: 1.3532
    [ShallowConvNet] Epoch  31/80 | Train Loss: 1.2886 | Val Loss: 1.3745
    [ShallowConvNet] Early stopping na época 33 com Val Loss: 1.3474
      S031 fold 2: acc3=0.429
    [ShallowConvNet] Epoch   1/80 | Train Loss: 1.4199 | Val Loss: 1.4039
    [ShallowConvNet] Epoch  11/80 | Train Loss: 1.4552 | Val Loss: 1.4395
    [ShallowConvNet] Early stopping na época 16 com Val Loss: 1.4039
      S087 fold 0: acc3=0.367
    [ShallowConvNet] Epoch   1/80 | Train Loss: 1.4574 | Val Loss: 1.4914
    [ShallowConvNet] Epoch  11/80 | Train Loss: 1.3283 | Val Loss: 1.4889
    [ShallowConvNet] Epoch  21/80 | Train Loss: 1.3097 | Val Loss: 1.4983
    [ShallowConvNet] Early stopping na época 25 com Val Loss: 1.4797
      S087 fold 1: acc3=0.310
    [ShallowConvNet] Epoch   1/80 | Train Loss: 1.4498 | Val Loss: 1.3243
    [ShallowConvNet] Epoch  11/80 | Train Loss: 1.3458 | Val Loss: 1.2558
    [ShallowConvNet] Epoch  21/80 | Train Loss: 1.2613 | Val Loss: 1.2667
    [ShallowConvNet] Early stopping na época 24 com Val Loss: 1.2514
      S087 fold 2: acc3=0.310
    [ShallowConvNet] Epoch   1/80 | Train Loss: 1.3198 | Val Loss: 1.7454
    [ShallowConvNet] Epoch  11/80 | Train Loss: 1.2801 | Val Loss: 1.8768
    [ShallowConvNet] Early stopping na época 16 com Val Loss: 1.7454
      S106 fold 0: acc3=0.621
    [ShallowConvNet] Epoch   1/80 | Train Loss: 1.3932 | Val Loss: 1.2744
    [ShallowConvNet] Epoch  11/80 | Train Loss: 1.3201 | Val Loss: 1.3006
    [ShallowConvNet] Early stopping na época 17 com Val Loss: 1.2743
      S106 fold 1: acc3=0.414
    [ShallowConvNet] Epoch   1/80 | Train Loss: 1.3918 | Val Loss: 1.3364
    [ShallowConvNet] Epoch  11/80 | Train Loss: 1.3227 | Val Loss: 1.2694
    [ShallowConvNet] Epoch  21/80 | Train Loss: 1.2189 | Val Loss: 1.2199
    [ShallowConvNet] Epoch  31/80 | Train Loss: 1.1822 | Val Loss: 1.1868
    [ShallowConvNet] Epoch  41/80 | Train Loss: 1.1486 | Val Loss: 1.1638
    [ShallowConvNet] Epoch  51/80 | Train Loss: 1.0857 | Val Loss: 1.1416
    [ShallowConvNet] Epoch  61/80 | Train Loss: 1.0367 | Val Loss: 1.1229
    [ShallowConvNet] Epoch  71/80 | Train Loss: 1.0198 | Val Loss: 1.1162
    [ShallowConvNet] Epoch  80/80 | Train Loss: 1.0083 | Val Loss: 1.1005
      S106 fold 2: acc3=0.586
    [ShallowConvNet] Epoch   1/80 | Train Loss: 1.3907 | Val Loss: 1.2674
    [ShallowConvNet] Epoch  11/80 | Train Loss: 1.1866 | Val Loss: 1.5434
    [ShallowConvNet] Early stopping na época 16 com Val Loss: 1.2674
      S108 fold 0: acc3=0.567
    [ShallowConvNet] Epoch   1/80 | Train Loss: 1.1841 | Val Loss: 1.4408
    [ShallowConvNet] Epoch  11/80 | Train Loss: 1.2584 | Val Loss: 1.5028
    [ShallowConvNet] Early stopping na época 16 com Val Loss: 1.4408
      S108 fold 1: acc3=0.367
    [ShallowConvNet] Epoch   1/80 | Train Loss: 1.2892 | Val Loss: 1.8129
    [ShallowConvNet] Epoch  11/80 | Train Loss: 1.2200 | Val Loss: 1.8123
    [ShallowConvNet] Epoch  21/80 | Train Loss: 1.1594 | Val Loss: 1.8707
    [ShallowConvNet] Early stopping na época 24 com Val Loss: 1.8013
      S108 fold 2: acc3=0.379
  grupo 5/6 | alvos [41, 45, 63, 83, 105] | pool=98 (3min)
    [ShallowConvNet] Epoch   1/200 | Train Loss: 1.8082 | Val Loss: 1.5131
    [ShallowConvNet] Epoch  11/200 | Train Loss: 1.4342 | Val Loss: 1.3422
    [ShallowConvNet] Epoch  21/200 | Train Loss: 1.4013 | Val Loss: 1.3452
    [ShallowConvNet] Epoch  31/200 | Train Loss: 1.3681 | Val Loss: 1.3485
    [ShallowConvNet] Early stopping na época 31 com Val Loss: 1.3422
      pool treinado (25s) — serve aos 5 alvos do grupo
    [ShallowConvNet] Epoch   1/80 | Train Loss: 1.3968 | Val Loss: 1.3413
    [ShallowConvNet] Epoch  11/80 | Train Loss: 1.2647 | Val Loss: 1.2991
    [ShallowConvNet] Epoch  21/80 | Train Loss: 1.2195 | Val Loss: 1.4904
    [ShallowConvNet] Early stopping na época 24 com Val Loss: 1.2871
      S041 fold 0: acc3=0.467
    [ShallowConvNet] Epoch   1/80 | Train Loss: 1.4414 | Val Loss: 1.4213
    [ShallowConvNet] Epoch  11/80 | Train Loss: 1.3601 | Val Loss: 1.4616
    [ShallowConvNet] Epoch  21/80 | Train Loss: 1.2781 | Val Loss: 1.4030
    [ShallowConvNet] Epoch  31/80 | Train Loss: 1.1853 | Val Loss: 1.3544
    [ShallowConvNet] Epoch  41/80 | Train Loss: 1.1898 | Val Loss: 1.3435
    [ShallowConvNet] Epoch  51/80 | Train Loss: 1.1208 | Val Loss: 1.3199
    [ShallowConvNet] Epoch  61/80 | Train Loss: 1.0677 | Val Loss: 1.2992
    [ShallowConvNet] Epoch  71/80 | Train Loss: 1.0319 | Val Loss: 1.2653
    [ShallowConvNet] Epoch  80/80 | Train Loss: 0.9951 | Val Loss: 1.2563
      S041 fold 1: acc3=0.600
    [ShallowConvNet] Epoch   1/80 | Train Loss: 1.2824 | Val Loss: 1.3880
    [ShallowConvNet] Epoch  11/80 | Train Loss: 1.1731 | Val Loss: 1.4813
    [ShallowConvNet] Early stopping na época 16 com Val Loss: 1.3880
      S041 fold 2: acc3=0.207
    [ShallowConvNet] Epoch   1/80 | Train Loss: 1.2779 | Val Loss: 1.2520
    [ShallowConvNet] Epoch  11/80 | Train Loss: 1.1739 | Val Loss: 1.3468
    [ShallowConvNet] Early stopping na época 16 com Val Loss: 1.2520
      S045 fold 0: acc3=0.667
    [ShallowConvNet] Epoch   1/80 | Train Loss: 1.2956 | Val Loss: 1.3381
    [ShallowConvNet] Epoch  11/80 | Train Loss: 1.0807 | Val Loss: 1.3904
    [ShallowConvNet] Early stopping na época 16 com Val Loss: 1.3381
      S045 fold 1: acc3=0.667
    [ShallowConvNet] Epoch   1/80 | Train Loss: 1.3401 | Val Loss: 1.0471
    [ShallowConvNet] Epoch  11/80 | Train Loss: 1.2203 | Val Loss: 0.9087
    [ShallowConvNet] Epoch  21/80 | Train Loss: 1.1605 | Val Loss: 0.8656
    [ShallowConvNet] Epoch  31/80 | Train Loss: 1.1516 | Val Loss: 0.8372
    [ShallowConvNet] Epoch  41/80 | Train Loss: 1.1587 | Val Loss: 0.8233
    [ShallowConvNet] Epoch  51/80 | Train Loss: 1.1020 | Val Loss: 0.8066
    [ShallowConvNet] Epoch  61/80 | Train Loss: 1.0378 | Val Loss: 0.7875
    [ShallowConvNet] Epoch  71/80 | Train Loss: 1.0345 | Val Loss: 0.7659
    [ShallowConvNet] Epoch  80/80 | Train Loss: 0.9941 | Val Loss: 0.7449
      S045 fold 2: acc3=0.793
    [ShallowConvNet] Epoch   1/80 | Train Loss: 1.3871 | Val Loss: 1.2272
    [ShallowConvNet] Epoch  11/80 | Train Loss: 1.3962 | Val Loss: 1.1617
    [ShallowConvNet] Epoch  21/80 | Train Loss: 1.2776 | Val Loss: 1.1735
    [ShallowConvNet] Early stopping na época 23 com Val Loss: 1.1573
      S063 fold 0: acc3=0.321
    [ShallowConvNet] Epoch   1/80 | Train Loss: 1.4834 | Val Loss: 1.2877
    [ShallowConvNet] Epoch  11/80 | Train Loss: 1.4384 | Val Loss: 1.2471
    [ShallowConvNet] Epoch  21/80 | Train Loss: 1.3506 | Val Loss: 1.2478
    [ShallowConvNet] Epoch  31/80 | Train Loss: 1.3742 | Val Loss: 1.2506
    [ShallowConvNet] Early stopping na época 32 com Val Loss: 1.2429
      S063 fold 1: acc3=0.429
    [ShallowConvNet] Epoch   1/80 | Train Loss: 1.4228 | Val Loss: 1.3485
    [ShallowConvNet] Epoch  11/80 | Train Loss: 1.3589 | Val Loss: 1.2820
    [ShallowConvNet] Epoch  21/80 | Train Loss: 1.3519 | Val Loss: 1.2593
    [ShallowConvNet] Epoch  31/80 | Train Loss: 1.1973 | Val Loss: 1.2442
    [ShallowConvNet] Epoch  41/80 | Train Loss: 1.2160 | Val Loss: 1.2503
    [ShallowConvNet] Epoch  51/80 | Train Loss: 1.1528 | Val Loss: 1.2332
    [ShallowConvNet] Epoch  61/80 | Train Loss: 1.2039 | Val Loss: 1.2150
    [ShallowConvNet] Epoch  71/80 | Train Loss: 1.0948 | Val Loss: 1.2262
    [ShallowConvNet] Early stopping na época 71 com Val Loss: 1.2119
      S063 fold 2: acc3=0.393
    [ShallowConvNet] Epoch   1/80 | Train Loss: 1.3849 | Val Loss: 1.3423
    [ShallowConvNet] Epoch  11/80 | Train Loss: 1.1696 | Val Loss: 1.4295
    [ShallowConvNet] Early stopping na época 16 com Val Loss: 1.3423
      S083 fold 0: acc3=0.448
    [ShallowConvNet] Epoch   1/80 | Train Loss: 1.3926 | Val Loss: 1.3371
    [ShallowConvNet] Epoch  11/80 | Train Loss: 1.2991 | Val Loss: 1.2188
    [ShallowConvNet] Epoch  21/80 | Train Loss: 1.1982 | Val Loss: 1.1907
    [ShallowConvNet] Epoch  31/80 | Train Loss: 1.1699 | Val Loss: 1.1680
    [ShallowConvNet] Epoch  41/80 | Train Loss: 1.1665 | Val Loss: 1.1321
    [ShallowConvNet] Epoch  51/80 | Train Loss: 1.1611 | Val Loss: 1.0856
    [ShallowConvNet] Epoch  61/80 | Train Loss: 1.0634 | Val Loss: 1.0821
    [ShallowConvNet] Epoch  71/80 | Train Loss: 1.0445 | Val Loss: 1.0664
    [ShallowConvNet] Epoch  80/80 | Train Loss: 1.0220 | Val Loss: 1.0433
      S083 fold 1: acc3=0.655
    [ShallowConvNet] Epoch   1/80 | Train Loss: 1.3120 | Val Loss: 1.3584
    [ShallowConvNet] Epoch  11/80 | Train Loss: 1.2176 | Val Loss: 1.2959
    [ShallowConvNet] Epoch  21/80 | Train Loss: 1.1560 | Val Loss: 1.2716
    [ShallowConvNet] Epoch  31/80 | Train Loss: 1.0958 | Val Loss: 1.2493
    [ShallowConvNet] Epoch  41/80 | Train Loss: 1.0764 | Val Loss: 1.2326
    [ShallowConvNet] Epoch  51/80 | Train Loss: 0.9693 | Val Loss: 1.2173
    [ShallowConvNet] Epoch  61/80 | Train Loss: 0.9073 | Val Loss: 1.2001
    [ShallowConvNet] Epoch  71/80 | Train Loss: 0.9492 | Val Loss: 1.1852
    [ShallowConvNet] Epoch  80/80 | Train Loss: 0.8686 | Val Loss: 1.1748
      S083 fold 2: acc3=0.586
    [ShallowConvNet] Epoch   1/80 | Train Loss: 1.3744 | Val Loss: 2.1232
    [ShallowConvNet] Epoch  11/80 | Train Loss: 1.2917 | Val Loss: 1.9119
    [ShallowConvNet] Epoch  21/80 | Train Loss: 1.1513 | Val Loss: 1.7508
    [ShallowConvNet] Epoch  31/80 | Train Loss: 1.1764 | Val Loss: 1.7183
    [ShallowConvNet] Epoch  41/80 | Train Loss: 1.0772 | Val Loss: 1.6009
    [ShallowConvNet] Epoch  51/80 | Train Loss: 1.0248 | Val Loss: 1.5261
    [ShallowConvNet] Epoch  61/80 | Train Loss: 0.9650 | Val Loss: 1.4273
    [ShallowConvNet] Epoch  71/80 | Train Loss: 0.9290 | Val Loss: 1.3073
    [ShallowConvNet] Epoch  80/80 | Train Loss: 0.8776 | Val Loss: 1.4654
      S105 fold 0: acc3=0.800
    [ShallowConvNet] Epoch   1/80 | Train Loss: 1.3656 | Val Loss: 1.1829
    [ShallowConvNet] Epoch  11/80 | Train Loss: 1.1427 | Val Loss: 1.1501
    [ShallowConvNet] Epoch  21/80 | Train Loss: 1.1246 | Val Loss: 1.1831
    [ShallowConvNet] Early stopping na época 21 com Val Loss: 1.1067
      S105 fold 1: acc3=0.655
    [ShallowConvNet] Epoch   1/80 | Train Loss: 1.2543 | Val Loss: 1.3486
    [ShallowConvNet] Epoch  11/80 | Train Loss: 1.1429 | Val Loss: 1.1554
    [ShallowConvNet] Epoch  21/80 | Train Loss: 1.0349 | Val Loss: 1.1611
    [ShallowConvNet] Epoch  31/80 | Train Loss: 0.9399 | Val Loss: 1.1549
    [ShallowConvNet] Epoch  41/80 | Train Loss: 0.9152 | Val Loss: 1.1646
    [ShallowConvNet] Early stopping na época 41 com Val Loss: 1.1508
      S105 fold 2: acc3=0.655
  grupo 6/6 | alvos [18, 49, 68, 76, 98] | pool=98 (3min)
    [ShallowConvNet] Epoch   1/200 | Train Loss: 1.8104 | Val Loss: 1.3756
    [ShallowConvNet] Epoch  11/200 | Train Loss: 1.4232 | Val Loss: 1.3570
    [ShallowConvNet] Epoch  21/200 | Train Loss: 1.3963 | Val Loss: 1.3710
    [ShallowConvNet] Epoch  31/200 | Train Loss: 1.3643 | Val Loss: 1.3792
    [ShallowConvNet] Epoch  41/200 | Train Loss: 1.3470 | Val Loss: 1.3643
    [ShallowConvNet] Epoch  51/200 | Train Loss: 1.3572 | Val Loss: 1.3650
    [ShallowConvNet] Early stopping na época 59 com Val Loss: 1.3394
      pool treinado (47s) — serve aos 5 alvos do grupo
    [ShallowConvNet] Epoch   1/80 | Train Loss: 1.3737 | Val Loss: 1.3907
    [ShallowConvNet] Epoch  11/80 | Train Loss: 1.3716 | Val Loss: 1.3508
    [ShallowConvNet] Epoch  21/80 | Train Loss: 1.2829 | Val Loss: 1.4160
    [ShallowConvNet] Early stopping na época 27 com Val Loss: 1.3502
      S018 fold 0: acc3=0.233
    [ShallowConvNet] Epoch   1/80 | Train Loss: 1.4483 | Val Loss: 1.3624
    [ShallowConvNet] Epoch  11/80 | Train Loss: 1.3990 | Val Loss: 1.3393
    [ShallowConvNet] Epoch  21/80 | Train Loss: 1.4548 | Val Loss: 1.3390
    [ShallowConvNet] Early stopping na época 30 com Val Loss: 1.3348
      S018 fold 1: acc3=0.241
    [ShallowConvNet] Epoch   1/80 | Train Loss: 1.4420 | Val Loss: 1.3015
    [ShallowConvNet] Epoch  11/80 | Train Loss: 1.3616 | Val Loss: 1.6887
    [ShallowConvNet] Early stopping na época 16 com Val Loss: 1.3015
      S018 fold 2: acc3=0.276
    [ShallowConvNet] Epoch   1/80 | Train Loss: 1.2326 | Val Loss: 1.2868
    [ShallowConvNet] Epoch  11/80 | Train Loss: 1.2215 | Val Loss: 1.3099
    [ShallowConvNet] Early stopping na época 16 com Val Loss: 1.2868
      S049 fold 0: acc3=0.567
    [ShallowConvNet] Epoch   1/80 | Train Loss: 1.2646 | Val Loss: 1.0477
    [ShallowConvNet] Epoch  11/80 | Train Loss: 1.2349 | Val Loss: 1.1383
    [ShallowConvNet] Early stopping na época 16 com Val Loss: 1.0477
      S049 fold 1: acc3=0.517
    [ShallowConvNet] Epoch   1/80 | Train Loss: 1.2123 | Val Loss: 1.2828
    [ShallowConvNet] Epoch  11/80 | Train Loss: 1.1787 | Val Loss: 1.2860
    [ShallowConvNet] Early stopping na época 17 com Val Loss: 1.2736
      S049 fold 2: acc3=0.448
    [ShallowConvNet] Epoch   1/80 | Train Loss: 1.4330 | Val Loss: 1.5038
    [ShallowConvNet] Epoch  11/80 | Train Loss: 1.3136 | Val Loss: 1.4524
    [ShallowConvNet] Epoch  21/80 | Train Loss: 1.2786 | Val Loss: 1.4423
    [ShallowConvNet] Epoch  31/80 | Train Loss: 1.3053 | Val Loss: 1.4383
    [ShallowConvNet] Epoch  41/80 | Train Loss: 1.2419 | Val Loss: 1.4310
    [ShallowConvNet] Epoch  51/80 | Train Loss: 1.2071 | Val Loss: 1.4196
    [ShallowConvNet] Epoch  61/80 | Train Loss: 1.1459 | Val Loss: 1.4157
    [ShallowConvNet] Epoch  71/80 | Train Loss: 1.1201 | Val Loss: 1.4181
    [ShallowConvNet] Epoch  80/80 | Train Loss: 1.0660 | Val Loss: 1.4158
      S068 fold 0: acc3=0.533
    [ShallowConvNet] Epoch   1/80 | Train Loss: 1.3744 | Val Loss: 1.4302
    [ShallowConvNet] Epoch  11/80 | Train Loss: 1.3045 | Val Loss: 1.4881
    [ShallowConvNet] Early stopping na época 16 com Val Loss: 1.4302
      S068 fold 1: acc3=0.276
    [ShallowConvNet] Epoch   1/80 | Train Loss: 1.4270 | Val Loss: 1.2275
    [ShallowConvNet] Epoch  11/80 | Train Loss: 1.4023 | Val Loss: 1.1494
    [ShallowConvNet] Epoch  21/80 | Train Loss: 1.3316 | Val Loss: 1.1335
    [ShallowConvNet] Epoch  31/80 | Train Loss: 1.2735 | Val Loss: 1.1277
    [ShallowConvNet] Epoch  41/80 | Train Loss: 1.2410 | Val Loss: 1.1234
    [ShallowConvNet] Epoch  51/80 | Train Loss: 1.2568 | Val Loss: 1.1241
    [ShallowConvNet] Epoch  61/80 | Train Loss: 1.2269 | Val Loss: 1.1252
    [ShallowConvNet] Early stopping na época 62 com Val Loss: 1.1175
      S068 fold 2: acc3=0.483
    [ShallowConvNet] Epoch   1/80 | Train Loss: 1.4059 | Val Loss: 1.3636
    [ShallowConvNet] Epoch  11/80 | Train Loss: 1.3856 | Val Loss: 1.3473
    [ShallowConvNet] Epoch  21/80 | Train Loss: 1.2877 | Val Loss: 1.3194
    [ShallowConvNet] Epoch  31/80 | Train Loss: 1.3323 | Val Loss: 1.3079
    [ShallowConvNet] Epoch  41/80 | Train Loss: 1.2674 | Val Loss: 1.3056
    [ShallowConvNet] Epoch  51/80 | Train Loss: 1.2806 | Val Loss: 1.3068
    [ShallowConvNet] Early stopping na época 58 com Val Loss: 1.3043
      S076 fold 0: acc3=0.467
    [ShallowConvNet] Epoch   1/80 | Train Loss: 1.3494 | Val Loss: 1.3677
    [ShallowConvNet] Epoch  11/80 | Train Loss: 1.2801 | Val Loss: 1.3857
    [ShallowConvNet] Early stopping na época 16 com Val Loss: 1.3677
      S076 fold 1: acc3=0.233
    [ShallowConvNet] Epoch   1/80 | Train Loss: 1.5124 | Val Loss: 1.3874
    [ShallowConvNet] Epoch  11/80 | Train Loss: 1.4650 | Val Loss: 1.2405
    [ShallowConvNet] Epoch  21/80 | Train Loss: 1.5760 | Val Loss: 1.1919
    [ShallowConvNet] Epoch  31/80 | Train Loss: 1.3405 | Val Loss: 1.2105
    [ShallowConvNet] Early stopping na época 32 com Val Loss: 1.1886
      S076 fold 2: acc3=0.379
    [ShallowConvNet] Epoch   1/80 | Train Loss: 1.2663 | Val Loss: 1.4820
    [ShallowConvNet] Epoch  11/80 | Train Loss: 1.2232 | Val Loss: 1.9220
    [ShallowConvNet] Early stopping na época 16 com Val Loss: 1.4820
      S098 fold 0: acc3=0.467
    [ShallowConvNet] Epoch   1/80 | Train Loss: 1.2513 | Val Loss: 1.2698
    [ShallowConvNet] Epoch  11/80 | Train Loss: 1.2245 | Val Loss: 1.1850
    [ShallowConvNet] Epoch  21/80 | Train Loss: 1.2115 | Val Loss: 1.1844
    [ShallowConvNet] Early stopping na época 28 com Val Loss: 1.1788
      S098 fold 1: acc3=0.552
    [ShallowConvNet] Epoch   1/80 | Train Loss: 1.3537 | Val Loss: 1.3683
    [ShallowConvNet] Epoch  11/80 | Train Loss: 1.3567 | Val Loss: 1.4025
    [ShallowConvNet] Early stopping na época 16 com Val Loss: 1.3683
      S098 fold 2: acc3=0.379

BENCH_MONTAGENS_DONE (4min)
CUDA=True | montagens=['3'] | modelos=['deepcnn'] | alvos=30 | folds=3
  contrato 5cb6c6358c | banda 4-40 Hz ordem 5 | CAR on | IQR k=1.5 | calib 48 | fases mi
  aninhamento 2<4<8<16<21<32<64 verificado
  montagem      E  D centro  simetria
  64           27 27     10  sim
  32           14 14      4  sim
  21            9  8      4  NAO (aceita por decisao)
  16            6  6      4  sim
  8             3  3      2  sim
  4             2  2      0  sim
  2             1  1      0  sim
  3             1  1      1  sim
  sem_fz        4  3      1  NAO (aceita por decisao)
  posterior8    4  4      0  sim
  ocular4       2  2      0  sim
  6 grupos de alvos (semente 42), pool = 98 sujeitos:
    grupo 1: [3, 22, 57, 102, 107]
    grupo 2: [7, 52, 71, 79, 109]
    grupo 3: [12, 34, 60, 91, 95]
    grupo 4: [25, 31, 87, 106, 108]
    grupo 5: [41, 45, 63, 83, 105]
    grupo 6: [18, 49, 68, 76, 98]
  retomando: 3420 celulas ja concluidas sob 5cb6c6358c

==============================================================
  MONTAGEM 3 (3 canais) | MODELO deepcnn | 0min
==============================================================
  grupo 1/6 | alvos [3, 22, 57, 102, 107] | pool=98 (0min)
      pool treinado (68s) — serve aos 5 alvos do grupo
      S003 fold 0: acc3=0.429
      S003 fold 1: acc3=0.286
      S003 fold 2: acc3=0.464
      S022 fold 0: acc3=0.414
      S022 fold 1: acc3=0.536
      S022 fold 2: acc3=0.393
      S057 fold 0: acc3=0.300
      S057 fold 1: acc3=0.500
      S057 fold 2: acc3=0.448
      S102 fold 0: acc3=0.667
      S102 fold 1: acc3=0.533
      S102 fold 2: acc3=0.414
      S107 fold 0: acc3=0.500
      S107 fold 1: acc3=0.207
      S107 fold 2: acc3=0.276
  grupo 2/6 | alvos [7, 52, 71, 79, 109] | pool=98 (1min)
      pool treinado (75s) — serve aos 5 alvos do grupo
      S007 fold 0: acc3=0.567
      S007 fold 1: acc3=0.600
      S007 fold 2: acc3=0.724
      S052 fold 0: acc3=0.633
      S052 fold 1: acc3=0.667
      S052 fold 2: acc3=0.690
      S071 fold 0: acc3=0.633
      S071 fold 1: acc3=0.414
      S071 fold 2: acc3=0.586
      S079 fold 0: acc3=0.214
      S079 fold 1: acc3=0.429
      S079 fold 2: acc3=0.333
      S109 fold 0: acc3=0.300
      S109 fold 1: acc3=0.345
      S109 fold 2: acc3=0.517
  grupo 3/6 | alvos [12, 34, 60, 91, 95] | pool=98 (3min)
      pool treinado (80s) — serve aos 5 alvos do grupo
      S012 fold 0: acc3=0.414
      S012 fold 1: acc3=0.345
      S012 fold 2: acc3=0.393
      S034 fold 0: acc3=0.733
      S034 fold 1: acc3=0.533
      S034 fold 2: acc3=0.655
      S060 fold 0: acc3=0.533
      S060 fold 1: acc3=0.414
      S060 fold 2: acc3=0.621
      S091 fold 0: acc3=0.300
      S091 fold 1: acc3=0.600
      S091 fold 2: acc3=0.655
      S095 fold 0: acc3=0.414
      S095 fold 1: acc3=0.207
      S095 fold 2: acc3=0.357
  grupo 4/6 | alvos [25, 31, 87, 106, 108] | pool=98 (4min)
      pool treinado (69s) — serve aos 5 alvos do grupo
      S025 fold 0: acc3=0.700
      S025 fold 1: acc3=0.586
      S025 fold 2: acc3=0.448
      S031 fold 0: acc3=0.345
      S031 fold 1: acc3=0.321
      S031 fold 2: acc3=0.429
      S087 fold 0: acc3=0.200
      S087 fold 1: acc3=0.276
      S087 fold 2: acc3=0.310
      S106 fold 0: acc3=0.310
      S106 fold 1: acc3=0.414
      S106 fold 2: acc3=0.414
      S108 fold 0: acc3=0.533
      S108 fold 1: acc3=0.333
      S108 fold 2: acc3=0.448
  grupo 5/6 | alvos [41, 45, 63, 83, 105] | pool=98 (6min)
      pool treinado (70s) — serve aos 5 alvos do grupo
      S041 fold 0: acc3=0.467
      S041 fold 1: acc3=0.433
      S041 fold 2: acc3=0.517
      S045 fold 0: acc3=0.633
      S045 fold 1: acc3=0.567
      S045 fold 2: acc3=0.517
      S063 fold 0: acc3=0.321
      S063 fold 1: acc3=0.250
      S063 fold 2: acc3=0.464
      S083 fold 0: acc3=0.483
      S083 fold 1: acc3=0.414
      S083 fold 2: acc3=0.552
      S105 fold 0: acc3=0.767
      S105 fold 1: acc3=0.621
      S105 fold 2: acc3=0.379
  grupo 6/6 | alvos [18, 49, 68, 76, 98] | pool=98 (7min)
      pool treinado (57s) — serve aos 5 alvos do grupo
      S018 fold 0: acc3=0.233
      S018 fold 1: acc3=0.345
      S018 fold 2: acc3=0.310
      S049 fold 0: acc3=0.500
      S049 fold 1: acc3=0.517
      S049 fold 2: acc3=0.414
      S068 fold 0: acc3=0.467
      S068 fold 1: acc3=0.345
      S068 fold 2: acc3=0.379
      S076 fold 0: acc3=0.400
      S076 fold 1: acc3=0.300
      S076 fold 2: acc3=0.586
      S098 fold 0: acc3=0.467
      S098 fold 1: acc3=0.621
      S098 fold 2: acc3=0.586

BENCH_MONTAGENS_DONE (8min)
CUDA=True | montagens=['3'] | modelos=['stia_net'] | alvos=30 | folds=3
  contrato 5cb6c6358c | banda 4-40 Hz ordem 5 | CAR on | IQR k=1.5 | calib 48 | fases mi
  aninhamento 2<4<8<16<21<32<64 verificado
  montagem      E  D centro  simetria
  64           27 27     10  sim
  32           14 14      4  sim
  21            9  8      4  NAO (aceita por decisao)
  16            6  6      4  sim
  8             3  3      2  sim
  4             2  2      0  sim
  2             1  1      0  sim
  3             1  1      1  sim
  sem_fz        4  3      1  NAO (aceita por decisao)
  posterior8    4  4      0  sim
  ocular4       2  2      0  sim
  celulas gemeas pendentes: stia_net.banda_do_artigo (rodar de novo com --banda 8 30)
  6 grupos de alvos (semente 42), pool = 98 sujeitos:
    grupo 1: [3, 22, 57, 102, 107]
    grupo 2: [7, 52, 71, 79, 109]
    grupo 3: [12, 34, 60, 91, 95]
    grupo 4: [25, 31, 87, 106, 108]
    grupo 5: [41, 45, 63, 83, 105]
    grupo 6: [18, 49, 68, 76, 98]
  retomando: 3510 celulas ja concluidas sob 5cb6c6358c

==============================================================
  MONTAGEM 3 (3 canais) | MODELO stia_net | 0min
==============================================================
  grupo 1/6 | alvos [3, 22, 57, 102, 107] | pool=98 (0min)
  [STIA-Net] Computing PLV adjacency matrix...
      pool treinado (40s) — serve aos 5 alvos do grupo
  [STIA-Net] Recomputing PLV for MI domain...
      S003 fold 0: acc3=0.500
  [STIA-Net] Recomputing PLV for MI domain...
      S003 fold 1: acc3=0.250
  [STIA-Net] Recomputing PLV for MI domain...
      S003 fold 2: acc3=0.357
  [STIA-Net] Recomputing PLV for MI domain...
      S022 fold 0: acc3=0.345
  [STIA-Net] Recomputing PLV for MI domain...
      S022 fold 1: acc3=0.393
  [STIA-Net] Recomputing PLV for MI domain...
      S022 fold 2: acc3=0.393
  [STIA-Net] Recomputing PLV for MI domain...
      S057 fold 0: acc3=0.300
  [STIA-Net] Recomputing PLV for MI domain...
      S057 fold 1: acc3=0.233
  [STIA-Net] Recomputing PLV for MI domain...
      S057 fold 2: acc3=0.517
  [STIA-Net] Recomputing PLV for MI domain...
      S102 fold 0: acc3=0.467
  [STIA-Net] Recomputing PLV for MI domain...
      S102 fold 1: acc3=0.400
  [STIA-Net] Recomputing PLV for MI domain...
      S102 fold 2: acc3=0.276
  [STIA-Net] Recomputing PLV for MI domain...
      S107 fold 0: acc3=0.367
  [STIA-Net] Recomputing PLV for MI domain...
      S107 fold 1: acc3=0.276
  [STIA-Net] Recomputing PLV for MI domain...
      S107 fold 2: acc3=0.207
  grupo 2/6 | alvos [7, 52, 71, 79, 109] | pool=98 (1min)
  [STIA-Net] Computing PLV adjacency matrix...
      pool treinado (39s) — serve aos 5 alvos do grupo
  [STIA-Net] Recomputing PLV for MI domain...
      S007 fold 0: acc3=0.500
  [STIA-Net] Recomputing PLV for MI domain...
      S007 fold 1: acc3=0.400
  [STIA-Net] Recomputing PLV for MI domain...
      S007 fold 2: acc3=0.483
  [STIA-Net] Recomputing PLV for MI domain...
      S052 fold 0: acc3=0.400
  [STIA-Net] Recomputing PLV for MI domain...
      S052 fold 1: acc3=0.500
  [STIA-Net] Recomputing PLV for MI domain...
      S052 fold 2: acc3=0.379
  [STIA-Net] Recomputing PLV for MI domain...
      S071 fold 0: acc3=0.467
  [STIA-Net] Recomputing PLV for MI domain...
      S071 fold 1: acc3=0.414
  [STIA-Net] Recomputing PLV for MI domain...
      S071 fold 2: acc3=0.517
  [STIA-Net] Recomputing PLV for MI domain...
      S079 fold 0: acc3=0.286
  [STIA-Net] Recomputing PLV for MI domain...
      S079 fold 1: acc3=0.286
  [STIA-Net] Recomputing PLV for MI domain...
      S079 fold 2: acc3=0.407
  [STIA-Net] Recomputing PLV for MI domain...
      S109 fold 0: acc3=0.433
  [STIA-Net] Recomputing PLV for MI domain...
      S109 fold 1: acc3=0.448
  [STIA-Net] Recomputing PLV for MI domain...
      S109 fold 2: acc3=0.345
  grupo 3/6 | alvos [12, 34, 60, 91, 95] | pool=98 (2min)
  [STIA-Net] Computing PLV adjacency matrix...
      pool treinado (39s) — serve aos 5 alvos do grupo
  [STIA-Net] Recomputing PLV for MI domain...
      S012 fold 0: acc3=0.517
  [STIA-Net] Recomputing PLV for MI domain...
      S012 fold 1: acc3=0.138
  [STIA-Net] Recomputing PLV for MI domain...
      S012 fold 2: acc3=0.393
  [STIA-Net] Recomputing PLV for MI domain...
      S034 fold 0: acc3=0.667
  [STIA-Net] Recomputing PLV for MI domain...
      S034 fold 1: acc3=0.500
  [STIA-Net] Recomputing PLV for MI domain...
      S034 fold 2: acc3=0.414
  [STIA-Net] Recomputing PLV for MI domain...
      S060 fold 0: acc3=0.467
  [STIA-Net] Recomputing PLV for MI domain...
      S060 fold 1: acc3=0.345
  [STIA-Net] Recomputing PLV for MI domain...
      S060 fold 2: acc3=0.310
  [STIA-Net] Recomputing PLV for MI domain...
      S091 fold 0: acc3=0.467
  [STIA-Net] Recomputing PLV for MI domain...
      S091 fold 1: acc3=0.267
  [STIA-Net] Recomputing PLV for MI domain...
      S091 fold 2: acc3=0.552
  [STIA-Net] Recomputing PLV for MI domain...
      S095 fold 0: acc3=0.345
  [STIA-Net] Recomputing PLV for MI domain...
      S095 fold 1: acc3=0.379
  [STIA-Net] Recomputing PLV for MI domain...
      S095 fold 2: acc3=0.357
  grupo 4/6 | alvos [25, 31, 87, 106, 108] | pool=98 (2min)
  [STIA-Net] Computing PLV adjacency matrix...
      pool treinado (38s) — serve aos 5 alvos do grupo
  [STIA-Net] Recomputing PLV for MI domain...
      S025 fold 0: acc3=0.300
  [STIA-Net] Recomputing PLV for MI domain...
      S025 fold 1: acc3=0.345
  [STIA-Net] Recomputing PLV for MI domain...
      S025 fold 2: acc3=0.345
  [STIA-Net] Recomputing PLV for MI domain...
      S031 fold 0: acc3=0.414
  [STIA-Net] Recomputing PLV for MI domain...
      S031 fold 1: acc3=0.357
  [STIA-Net] Recomputing PLV for MI domain...
      S031 fold 2: acc3=0.464
  [STIA-Net] Recomputing PLV for MI domain...
      S087 fold 0: acc3=0.267
  [STIA-Net] Recomputing PLV for MI domain...
      S087 fold 1: acc3=0.241
  [STIA-Net] Recomputing PLV for MI domain...
      S087 fold 2: acc3=0.310
  [STIA-Net] Recomputing PLV for MI domain...
      S106 fold 0: acc3=0.379
  [STIA-Net] Recomputing PLV for MI domain...
      S106 fold 1: acc3=0.241
  [STIA-Net] Recomputing PLV for MI domain...
      S106 fold 2: acc3=0.241
  [STIA-Net] Recomputing PLV for MI domain...
      S108 fold 0: acc3=0.200
  [STIA-Net] Recomputing PLV for MI domain...
      S108 fold 1: acc3=0.333
  [STIA-Net] Recomputing PLV for MI domain...
      S108 fold 2: acc3=0.379
  grupo 5/6 | alvos [41, 45, 63, 83, 105] | pool=98 (3min)
  [STIA-Net] Computing PLV adjacency matrix...
      pool treinado (37s) — serve aos 5 alvos do grupo
  [STIA-Net] Recomputing PLV for MI domain...
      S041 fold 0: acc3=0.433
  [STIA-Net] Recomputing PLV for MI domain...
      S041 fold 1: acc3=0.400
  [STIA-Net] Recomputing PLV for MI domain...
      S041 fold 2: acc3=0.345
  [STIA-Net] Recomputing PLV for MI domain...
      S045 fold 0: acc3=0.433
  [STIA-Net] Recomputing PLV for MI domain...
      S045 fold 1: acc3=0.367
  [STIA-Net] Recomputing PLV for MI domain...
      S045 fold 2: acc3=0.276
  [STIA-Net] Recomputing PLV for MI domain...
      S063 fold 0: acc3=0.357
  [STIA-Net] Recomputing PLV for MI domain...
      S063 fold 1: acc3=0.321
  [STIA-Net] Recomputing PLV for MI domain...
      S063 fold 2: acc3=0.357
  [STIA-Net] Recomputing PLV for MI domain...
      S083 fold 0: acc3=0.379
  [STIA-Net] Recomputing PLV for MI domain...
      S083 fold 1: acc3=0.414
  [STIA-Net] Recomputing PLV for MI domain...
      S083 fold 2: acc3=0.414
  [STIA-Net] Recomputing PLV for MI domain...
      S105 fold 0: acc3=0.267
  [STIA-Net] Recomputing PLV for MI domain...
      S105 fold 1: acc3=0.276
  [STIA-Net] Recomputing PLV for MI domain...
      S105 fold 2: acc3=0.276
  grupo 6/6 | alvos [18, 49, 68, 76, 98] | pool=98 (4min)
  [STIA-Net] Computing PLV adjacency matrix...
      pool treinado (38s) — serve aos 5 alvos do grupo
  [STIA-Net] Recomputing PLV for MI domain...
      S018 fold 0: acc3=0.400
  [STIA-Net] Recomputing PLV for MI domain...
      S018 fold 1: acc3=0.448
  [STIA-Net] Recomputing PLV for MI domain...
      S018 fold 2: acc3=0.310
  [STIA-Net] Recomputing PLV for MI domain...
      S049 fold 0: acc3=0.433
  [STIA-Net] Recomputing PLV for MI domain...
      S049 fold 1: acc3=0.276
  [STIA-Net] Recomputing PLV for MI domain...
      S049 fold 2: acc3=0.483
  [STIA-Net] Recomputing PLV for MI domain...
      S068 fold 0: acc3=0.433
  [STIA-Net] Recomputing PLV for MI domain...
      S068 fold 1: acc3=0.241
  [STIA-Net] Recomputing PLV for MI domain...
      S068 fold 2: acc3=0.276
  [STIA-Net] Recomputing PLV for MI domain...
      S076 fold 0: acc3=0.367
  [STIA-Net] Recomputing PLV for MI domain...
      S076 fold 1: acc3=0.367
  [STIA-Net] Recomputing PLV for MI domain...
      S076 fold 2: acc3=0.310
  [STIA-Net] Recomputing PLV for MI domain...
      S098 fold 0: acc3=0.333
  [STIA-Net] Recomputing PLV for MI domain...
      S098 fold 1: acc3=0.276
  [STIA-Net] Recomputing PLV for MI domain...
      S098 fold 2: acc3=0.483

BENCH_MONTAGENS_DONE (5min)
CUDA=True | montagens=['16'] | modelos=['eegnet'] | alvos=30 | folds=3
  contrato 5cb6c6358c | banda 4-40 Hz ordem 5 | CAR on | IQR k=1.5 | calib 48 | fases mi
  aninhamento 2<4<8<16<21<32<64 verificado
  montagem      E  D centro  simetria
  64           27 27     10  sim
  32           14 14      4  sim
  21            9  8      4  NAO (aceita por decisao)
  16            6  6      4  sim
  8             3  3      2  sim
  4             2  2      0  sim
  2             1  1      0  sim
  3             1  1      1  sim
  sem_fz        4  3      1  NAO (aceita por decisao)
  posterior8    4  4      0  sim
  ocular4       2  2      0  sim
  6 grupos de alvos (semente 42), pool = 98 sujeitos:
    grupo 1: [3, 22, 57, 102, 107]
    grupo 2: [7, 52, 71, 79, 109]
    grupo 3: [12, 34, 60, 91, 95]
    grupo 4: [25, 31, 87, 106, 108]
    grupo 5: [41, 45, 63, 83, 105]
    grupo 6: [18, 49, 68, 76, 98]
  retomando: 3600 celulas ja concluidas sob 5cb6c6358c

==============================================================
  MONTAGEM 16 (16 canais) | MODELO eegnet | 0min
==============================================================
  grupo 1/6 | alvos [3, 22, 57, 102, 107] | pool=98 (0min)
      pool treinado (51s) — serve aos 5 alvos do grupo
      S003 fold 0: acc3=0.172
      S003 fold 1: acc3=0.207
      S003 fold 2: acc3=0.310
      S022 fold 0: acc3=0.724
      S022 fold 1: acc3=0.552
      S022 fold 2: acc3=0.679
      S057 fold 0: acc3=0.483
      S057 fold 1: acc3=0.321
      S057 fold 2: acc3=0.500
      S102 fold 0: acc3=0.793
      S102 fold 1: acc3=0.724
      S102 fold 2: acc3=0.714
      S107 fold 0: acc3=0.483
      S107 fold 1: acc3=0.448
      S107 fold 2: acc3=0.379
  grupo 2/6 | alvos [7, 52, 71, 79, 109] | pool=98 (1min)
      pool treinado (46s) — serve aos 5 alvos do grupo
      S007 fold 0: acc3=0.567
      S007 fold 1: acc3=0.552
      S007 fold 2: acc3=0.690
      S052 fold 0: acc3=0.759
      S052 fold 1: acc3=0.714
      S052 fold 2: acc3=0.536
      S071 fold 0: acc3=0.500
      S071 fold 1: acc3=0.690
      S071 fold 2: acc3=0.517
      S079 fold 0: acc3=0.414
      S079 fold 1: acc3=0.345
      S079 fold 2: acc3=0.500
      S109 fold 0: acc3=0.367
      S109 fold 1: acc3=0.448
      S109 fold 2: acc3=0.552
  grupo 3/6 | alvos [12, 34, 60, 91, 95] | pool=98 (2min)
      pool treinado (73s) — serve aos 5 alvos do grupo
      S012 fold 0: acc3=0.500
      S012 fold 1: acc3=0.607
      S012 fold 2: acc3=0.536
      S034 fold 0: acc3=0.800
      S034 fold 1: acc3=0.897
      S034 fold 2: acc3=0.828
      S060 fold 0: acc3=0.643
      S060 fold 1: acc3=0.607
      S060 fold 2: acc3=0.571
      S091 fold 0: acc3=0.433
      S091 fold 1: acc3=0.700
      S091 fold 2: acc3=0.533
      S095 fold 0: acc3=0.464
      S095 fold 1: acc3=0.464
      S095 fold 2: acc3=0.464
  grupo 4/6 | alvos [25, 31, 87, 106, 108] | pool=98 (3min)
      pool treinado (59s) — serve aos 5 alvos do grupo
      S025 fold 0: acc3=0.733
      S025 fold 1: acc3=0.733
      S025 fold 2: acc3=0.533
      S031 fold 0: acc3=0.700
      S031 fold 1: acc3=0.533
      S031 fold 2: acc3=0.724
      S087 fold 0: acc3=0.500
      S087 fold 1: acc3=0.393
      S087 fold 2: acc3=0.464
      S106 fold 0: acc3=0.552
      S106 fold 1: acc3=0.448
      S106 fold 2: acc3=0.552
      S108 fold 0: acc3=0.483
      S108 fold 1: acc3=0.379
      S108 fold 2: acc3=0.500
  grupo 5/6 | alvos [41, 45, 63, 83, 105] | pool=98 (5min)
      pool treinado (86s) — serve aos 5 alvos do grupo
      S041 fold 0: acc3=0.500
      S041 fold 1: acc3=0.667
      S041 fold 2: acc3=0.633
      S045 fold 0: acc3=0.724
      S045 fold 1: acc3=0.724
      S045 fold 2: acc3=0.714
      S063 fold 0: acc3=0.533
      S063 fold 1: acc3=0.267
      S063 fold 2: acc3=0.586
      S083 fold 0: acc3=0.643
      S083 fold 1: acc3=0.679
      S083 fold 2: acc3=0.536
      S105 fold 0: acc3=0.655
      S105 fold 1: acc3=0.586
      S105 fold 2: acc3=0.414
  grupo 6/6 | alvos [18, 49, 68, 76, 98] | pool=98 (6min)
      pool treinado (84s) — serve aos 5 alvos do grupo
      S018 fold 0: acc3=0.367
      S018 fold 1: acc3=0.310
      S018 fold 2: acc3=0.448
      S049 fold 0: acc3=0.621
      S049 fold 1: acc3=0.655
      S049 fold 2: acc3=0.714
      S068 fold 0: acc3=0.500
      S068 fold 1: acc3=0.467
      S068 fold 2: acc3=0.414
      S076 fold 0: acc3=0.467
      S076 fold 1: acc3=0.138
      S076 fold 2: acc3=0.241
      S098 fold 0: acc3=0.300
      S098 fold 1: acc3=0.500
      S098 fold 2: acc3=0.552

BENCH_MONTAGENS_DONE (8min)
CUDA=True | montagens=['16'] | modelos=['eegsym'] | alvos=30 | folds=3
  contrato 5cb6c6358c | banda 4-40 Hz ordem 5 | CAR on | IQR k=1.5 | calib 48 | fases mi
  aninhamento 2<4<8<16<21<32<64 verificado
  montagem      E  D centro  simetria
  64           27 27     10  sim
  32           14 14      4  sim
  21            9  8      4  NAO (aceita por decisao)
  16            6  6      4  sim
  8             3  3      2  sim
  4             2  2      0  sim
  2             1  1      0  sim
  3             1  1      1  sim
  sem_fz        4  3      1  NAO (aceita por decisao)
  posterior8    4  4      0  sim
  ocular4       2  2      0  sim
  6 grupos de alvos (semente 42), pool = 98 sujeitos:
    grupo 1: [3, 22, 57, 102, 107]
    grupo 2: [7, 52, 71, 79, 109]
    grupo 3: [12, 34, 60, 91, 95]
    grupo 4: [25, 31, 87, 106, 108]
    grupo 5: [41, 45, 63, 83, 105]
    grupo 6: [18, 49, 68, 76, 98]
  retomando: 3690 celulas ja concluidas sob 5cb6c6358c

==============================================================
  MONTAGEM 16 (16 canais) | MODELO eegsym | 0min
==============================================================
  grupo 1/6 | alvos [3, 22, 57, 102, 107] | pool=98 (0min)
      ramo E: C3 FC3 CP3 C1 C5 FC1 Cz Fz FCz CPz
      ramo D: C4 FC4 CP4 C2 C6 FC2 Cz Fz FCz CPz
      pool treinado (52s) — serve aos 5 alvos do grupo
      S003 fold 0: acc3=0.276
      S003 fold 1: acc3=0.138
      S003 fold 2: acc3=0.241
      S022 fold 0: acc3=0.483
      S022 fold 1: acc3=0.483
      S022 fold 2: acc3=0.679
      S057 fold 0: acc3=0.448
      S057 fold 1: acc3=0.321
      S057 fold 2: acc3=0.571
      S102 fold 0: acc3=0.724
      S102 fold 1: acc3=0.655
      S102 fold 2: acc3=0.679
      S107 fold 0: acc3=0.345
      S107 fold 1: acc3=0.552
      S107 fold 2: acc3=0.379
  grupo 2/6 | alvos [7, 52, 71, 79, 109] | pool=98 (1min)
      pool treinado (72s) — serve aos 5 alvos do grupo
      S007 fold 0: acc3=0.633
      S007 fold 1: acc3=0.690
      S007 fold 2: acc3=0.552
      S052 fold 0: acc3=0.793
      S052 fold 1: acc3=0.750
      S052 fold 2: acc3=0.464
      S071 fold 0: acc3=0.567
      S071 fold 1: acc3=0.586
      S071 fold 2: acc3=0.655
      S079 fold 0: acc3=0.310
      S079 fold 1: acc3=0.345
      S079 fold 2: acc3=0.393
      S109 fold 0: acc3=0.300
      S109 fold 1: acc3=0.241
      S109 fold 2: acc3=0.241
  grupo 3/6 | alvos [12, 34, 60, 91, 95] | pool=98 (3min)
      pool treinado (59s) — serve aos 5 alvos do grupo
      S012 fold 0: acc3=0.643
      S012 fold 1: acc3=0.571
      S012 fold 2: acc3=0.500
      S034 fold 0: acc3=0.867
      S034 fold 1: acc3=0.862
      S034 fold 2: acc3=0.793
      S060 fold 0: acc3=0.500
      S060 fold 1: acc3=0.536
      S060 fold 2: acc3=0.643
      S091 fold 0: acc3=0.467
      S091 fold 1: acc3=0.633
      S091 fold 2: acc3=0.500
      S095 fold 0: acc3=0.393
      S095 fold 1: acc3=0.536
      S095 fold 2: acc3=0.321
  grupo 4/6 | alvos [25, 31, 87, 106, 108] | pool=98 (4min)
      pool treinado (47s) — serve aos 5 alvos do grupo
      S025 fold 0: acc3=0.833
      S025 fold 1: acc3=0.800
      S025 fold 2: acc3=0.667
      S031 fold 0: acc3=0.567
      S031 fold 1: acc3=0.633
      S031 fold 2: acc3=0.690
      S087 fold 0: acc3=0.357
      S087 fold 1: acc3=0.464
      S087 fold 2: acc3=0.286
      S106 fold 0: acc3=0.310
      S106 fold 1: acc3=0.517
      S106 fold 2: acc3=0.379
      S108 fold 0: acc3=0.448
      S108 fold 1: acc3=0.517
      S108 fold 2: acc3=0.607
  grupo 5/6 | alvos [41, 45, 63, 83, 105] | pool=98 (5min)
      pool treinado (43s) — serve aos 5 alvos do grupo
      S041 fold 0: acc3=0.333
      S041 fold 1: acc3=0.633
      S041 fold 2: acc3=0.533
      S045 fold 0: acc3=0.655
      S045 fold 1: acc3=0.552
      S045 fold 2: acc3=0.607
      S063 fold 0: acc3=0.300
      S063 fold 1: acc3=0.433
      S063 fold 2: acc3=0.379
      S083 fold 0: acc3=0.536
      S083 fold 1: acc3=0.536
      S083 fold 2: acc3=0.643
      S105 fold 0: acc3=0.724
      S105 fold 1: acc3=0.655
      S105 fold 2: acc3=0.759
  grupo 6/6 | alvos [18, 49, 68, 76, 98] | pool=98 (6min)
      pool treinado (45s) — serve aos 5 alvos do grupo
      S018 fold 0: acc3=0.367
      S018 fold 1: acc3=0.207
      S018 fold 2: acc3=0.379
      S049 fold 0: acc3=0.586
      S049 fold 1: acc3=0.690
      S049 fold 2: acc3=0.714
      S068 fold 0: acc3=0.533
      S068 fold 1: acc3=0.500
      S068 fold 2: acc3=0.483
      S076 fold 0: acc3=0.200
      S076 fold 1: acc3=0.207
      S076 fold 2: acc3=0.345
      S098 fold 0: acc3=0.467
      S098 fold 1: acc3=0.467
      S098 fold 2: acc3=0.621

BENCH_MONTAGENS_DONE (7min)
CUDA=True | montagens=['16'] | modelos=['shallow_convnet'] | alvos=30 | folds=3
  contrato 5cb6c6358c | banda 4-40 Hz ordem 5 | CAR on | IQR k=1.5 | calib 48 | fases mi
  aninhamento 2<4<8<16<21<32<64 verificado
  montagem      E  D centro  simetria
  64           27 27     10  sim
  32           14 14      4  sim
  21            9  8      4  NAO (aceita por decisao)
  16            6  6      4  sim
  8             3  3      2  sim
  4             2  2      0  sim
  2             1  1      0  sim
  3             1  1      1  sim
  sem_fz        4  3      1  NAO (aceita por decisao)
  posterior8    4  4      0  sim
  ocular4       2  2      0  sim
  6 grupos de alvos (semente 42), pool = 98 sujeitos:
    grupo 1: [3, 22, 57, 102, 107]
    grupo 2: [7, 52, 71, 79, 109]
    grupo 3: [12, 34, 60, 91, 95]
    grupo 4: [25, 31, 87, 106, 108]
    grupo 5: [41, 45, 63, 83, 105]
    grupo 6: [18, 49, 68, 76, 98]
  retomando: 3780 celulas ja concluidas sob 5cb6c6358c

==============================================================
  MONTAGEM 16 (16 canais) | MODELO shallow_convnet | 0min
==============================================================
  grupo 1/6 | alvos [3, 22, 57, 102, 107] | pool=98 (0min)
    [ShallowConvNet] Epoch   1/200 | Train Loss: 1.7009 | Val Loss: 1.4360
    [ShallowConvNet] Epoch  11/200 | Train Loss: 1.3422 | Val Loss: 1.3355
    [ShallowConvNet] Epoch  21/200 | Train Loss: 1.2777 | Val Loss: 1.2872
    [ShallowConvNet] Early stopping na época 30 com Val Loss: 1.2796
      pool treinado (30s) — serve aos 5 alvos do grupo
    [ShallowConvNet] Epoch   1/80 | Train Loss: 1.7772 | Val Loss: 2.3245
    [ShallowConvNet] Epoch  11/80 | Train Loss: 1.5575 | Val Loss: 2.2617
    [ShallowConvNet] Epoch  21/80 | Train Loss: 1.3186 | Val Loss: 2.2694
    [ShallowConvNet] Epoch  31/80 | Train Loss: 1.1086 | Val Loss: 2.2084
    [ShallowConvNet] Epoch  41/80 | Train Loss: 1.0376 | Val Loss: 2.1486
    [ShallowConvNet] Epoch  51/80 | Train Loss: 0.9190 | Val Loss: 2.1024
    [ShallowConvNet] Epoch  61/80 | Train Loss: 0.9155 | Val Loss: 2.0804
    [ShallowConvNet] Epoch  71/80 | Train Loss: 0.8179 | Val Loss: 1.9932
    [ShallowConvNet] Epoch  80/80 | Train Loss: 0.7411 | Val Loss: 1.9741
      S003 fold 0: acc3=0.345
    [ShallowConvNet] Epoch   1/80 | Train Loss: 1.8934 | Val Loss: 1.3583
    [ShallowConvNet] Epoch  11/80 | Train Loss: 1.6483 | Val Loss: 1.5860
    [ShallowConvNet] Early stopping na época 16 com Val Loss: 1.3583
      S003 fold 1: acc3=0.138
    [ShallowConvNet] Epoch   1/80 | Train Loss: 1.9055 | Val Loss: 1.4342
    [ShallowConvNet] Epoch  11/80 | Train Loss: 1.4821 | Val Loss: 1.6190
    [ShallowConvNet] Early stopping na época 16 com Val Loss: 1.4342
      S003 fold 2: acc3=0.172
    [ShallowConvNet] Epoch   1/80 | Train Loss: 1.4611 | Val Loss: 1.0569
    [ShallowConvNet] Epoch  11/80 | Train Loss: 1.2442 | Val Loss: 1.0430
    [ShallowConvNet] Epoch  21/80 | Train Loss: 1.0758 | Val Loss: 1.0393
    [ShallowConvNet] Epoch  31/80 | Train Loss: 0.9434 | Val Loss: 1.0237
    [ShallowConvNet] Epoch  41/80 | Train Loss: 0.8388 | Val Loss: 1.0200
    [ShallowConvNet] Epoch  51/80 | Train Loss: 0.7157 | Val Loss: 1.0135
    [ShallowConvNet] Epoch  61/80 | Train Loss: 0.6446 | Val Loss: 1.0098
    [ShallowConvNet] Epoch  71/80 | Train Loss: 0.5737 | Val Loss: 1.0241
    [ShallowConvNet] Early stopping na época 74 com Val Loss: 1.0098
      S022 fold 0: acc3=0.655
    [ShallowConvNet] Epoch   1/80 | Train Loss: 1.3364 | Val Loss: 1.0854
    [ShallowConvNet] Epoch  11/80 | Train Loss: 1.1121 | Val Loss: 1.1786
    [ShallowConvNet] Early stopping na época 16 com Val Loss: 1.0854
      S022 fold 1: acc3=0.586
    [ShallowConvNet] Epoch   1/80 | Train Loss: 1.3978 | Val Loss: 1.2850
    [ShallowConvNet] Epoch  11/80 | Train Loss: 1.2022 | Val Loss: 1.3819
    [ShallowConvNet] Early stopping na época 16 com Val Loss: 1.2850
      S022 fold 2: acc3=0.429
    [ShallowConvNet] Epoch   1/80 | Train Loss: 1.3285 | Val Loss: 1.4276
    [ShallowConvNet] Epoch  11/80 | Train Loss: 1.1827 | Val Loss: 1.4556
    [ShallowConvNet] Early stopping na época 16 com Val Loss: 1.4276
      S057 fold 0: acc3=0.448
    [ShallowConvNet] Epoch   1/80 | Train Loss: 1.3413 | Val Loss: 1.7671
    [ShallowConvNet] Epoch  11/80 | Train Loss: 1.2384 | Val Loss: 1.7730
    [ShallowConvNet] Early stopping na época 18 com Val Loss: 1.7107
      S057 fold 1: acc3=0.429
    [ShallowConvNet] Epoch   1/80 | Train Loss: 1.3845 | Val Loss: 1.1865
    [ShallowConvNet] Epoch  11/80 | Train Loss: 1.2555 | Val Loss: 1.0470
    [ShallowConvNet] Epoch  21/80 | Train Loss: 1.1640 | Val Loss: 1.0121
    [ShallowConvNet] Epoch  31/80 | Train Loss: 1.0599 | Val Loss: 0.9917
    [ShallowConvNet] Epoch  41/80 | Train Loss: 1.0093 | Val Loss: 0.9761
    [ShallowConvNet] Epoch  51/80 | Train Loss: 0.8830 | Val Loss: 0.9687
    [ShallowConvNet] Epoch  61/80 | Train Loss: 0.8079 | Val Loss: 0.9520
    [ShallowConvNet] Epoch  71/80 | Train Loss: 0.7305 | Val Loss: 0.9359
    [ShallowConvNet] Epoch  80/80 | Train Loss: 0.7184 | Val Loss: 0.9170
      S057 fold 2: acc3=0.571
    [ShallowConvNet] Epoch   1/80 | Train Loss: 1.2047 | Val Loss: 1.1258
    [ShallowConvNet] Epoch  11/80 | Train Loss: 0.9882 | Val Loss: 0.9119
    [ShallowConvNet] Epoch  21/80 | Train Loss: 0.8564 | Val Loss: 0.9033
    [ShallowConvNet] Epoch  31/80 | Train Loss: 0.7765 | Val Loss: 0.8905
    [ShallowConvNet] Epoch  41/80 | Train Loss: 0.7302 | Val Loss: 0.8567
    [ShallowConvNet] Epoch  51/80 | Train Loss: 0.6141 | Val Loss: 0.8743
    [ShallowConvNet] Early stopping na época 59 com Val Loss: 0.8559
      S102 fold 0: acc3=0.724
    [ShallowConvNet] Epoch   1/80 | Train Loss: 1.1940 | Val Loss: 1.3490
    [ShallowConvNet] Epoch  11/80 | Train Loss: 0.9613 | Val Loss: 1.1209
    [ShallowConvNet] Epoch  21/80 | Train Loss: 0.9052 | Val Loss: 1.0376
    [ShallowConvNet] Epoch  31/80 | Train Loss: 0.7909 | Val Loss: 1.0105
    [ShallowConvNet] Epoch  41/80 | Train Loss: 0.6301 | Val Loss: 0.9846
    [ShallowConvNet] Epoch  51/80 | Train Loss: 0.6259 | Val Loss: 0.9793
    [ShallowConvNet] Epoch  61/80 | Train Loss: 0.6398 | Val Loss: 0.9580
    [ShallowConvNet] Epoch  71/80 | Train Loss: 0.5853 | Val Loss: 0.9792
    [ShallowConvNet] Early stopping na época 79 com Val Loss: 0.9471
      S102 fold 1: acc3=0.759
    [ShallowConvNet] Epoch   1/80 | Train Loss: 1.0845 | Val Loss: 1.2679
    [ShallowConvNet] Epoch  11/80 | Train Loss: 0.9670 | Val Loss: 0.8834
    [ShallowConvNet] Epoch  21/80 | Train Loss: 0.9443 | Val Loss: 0.8520
    [ShallowConvNet] Epoch  31/80 | Train Loss: 0.7491 | Val Loss: 0.8472
    [ShallowConvNet] Early stopping na época 40 com Val Loss: 0.8235
      S102 fold 2: acc3=0.714
    [ShallowConvNet] Epoch   1/80 | Train Loss: 1.3545 | Val Loss: 1.3666
    [ShallowConvNet] Epoch  11/80 | Train Loss: 1.1099 | Val Loss: 1.5130
    [ShallowConvNet] Early stopping na época 17 com Val Loss: 1.3641
      S107 fold 0: acc3=0.414
    [ShallowConvNet] Epoch   1/80 | Train Loss: 1.5441 | Val Loss: 1.2756
    [ShallowConvNet] Epoch  11/80 | Train Loss: 1.3005 | Val Loss: 1.2169
    [ShallowConvNet] Epoch  21/80 | Train Loss: 1.1186 | Val Loss: 1.2330
    [ShallowConvNet] Early stopping na época 27 com Val Loss: 1.2143
      S107 fold 1: acc3=0.310
    [ShallowConvNet] Epoch   1/80 | Train Loss: 1.6155 | Val Loss: 1.7357
    [ShallowConvNet] Epoch  11/80 | Train Loss: 1.2538 | Val Loss: 1.6263
    [ShallowConvNet] Epoch  21/80 | Train Loss: 1.0697 | Val Loss: 1.5730
    [ShallowConvNet] Epoch  31/80 | Train Loss: 0.9474 | Val Loss: 1.5247
    [ShallowConvNet] Epoch  41/80 | Train Loss: 0.9417 | Val Loss: 1.4886
    [ShallowConvNet] Epoch  51/80 | Train Loss: 0.8077 | Val Loss: 1.4628
    [ShallowConvNet] Epoch  61/80 | Train Loss: 0.7664 | Val Loss: 1.4557
    [ShallowConvNet] Early stopping na época 69 com Val Loss: 1.4418
      S107 fold 2: acc3=0.345
  grupo 2/6 | alvos [7, 52, 71, 79, 109] | pool=98 (1min)
    [ShallowConvNet] Epoch   1/200 | Train Loss: 1.6687 | Val Loss: 1.4519
    [ShallowConvNet] Epoch  11/200 | Train Loss: 1.3266 | Val Loss: 1.2743
    [ShallowConvNet] Epoch  21/200 | Train Loss: 1.2551 | Val Loss: 1.3616
    [ShallowConvNet] Early stopping na época 28 com Val Loss: 1.2688
      pool treinado (27s) — serve aos 5 alvos do grupo
    [ShallowConvNet] Epoch   1/80 | Train Loss: 0.9964 | Val Loss: 1.0912
    [ShallowConvNet] Epoch  11/80 | Train Loss: 0.7628 | Val Loss: 0.9545
    [ShallowConvNet] Epoch  21/80 | Train Loss: 0.5932 | Val Loss: 0.8393
    [ShallowConvNet] Epoch  31/80 | Train Loss: 0.5269 | Val Loss: 0.7714
    [ShallowConvNet] Epoch  41/80 | Train Loss: 0.4703 | Val Loss: 0.7308
    [ShallowConvNet] Epoch  51/80 | Train Loss: 0.3866 | Val Loss: 0.6856
    [ShallowConvNet] Epoch  61/80 | Train Loss: 0.3919 | Val Loss: 0.6697
    [ShallowConvNet] Epoch  71/80 | Train Loss: 0.2860 | Val Loss: 0.6285
    [ShallowConvNet] Epoch  80/80 | Train Loss: 0.2930 | Val Loss: 0.6067
      S007 fold 0: acc3=0.600
    [ShallowConvNet] Epoch   1/80 | Train Loss: 1.0429 | Val Loss: 1.0781
    [ShallowConvNet] Epoch  11/80 | Train Loss: 0.8381 | Val Loss: 0.9676
    [ShallowConvNet] Epoch  21/80 | Train Loss: 0.7818 | Val Loss: 0.9006
    [ShallowConvNet] Epoch  31/80 | Train Loss: 0.5894 | Val Loss: 0.7935
    [ShallowConvNet] Epoch  41/80 | Train Loss: 0.5546 | Val Loss: 0.7260
    [ShallowConvNet] Epoch  51/80 | Train Loss: 0.5729 | Val Loss: 0.6667
    [ShallowConvNet] Epoch  61/80 | Train Loss: 0.4072 | Val Loss: 0.6602
    [ShallowConvNet] Epoch  71/80 | Train Loss: 0.4128 | Val Loss: 0.5886
    [ShallowConvNet] Epoch  80/80 | Train Loss: 0.3454 | Val Loss: 0.5602
      S007 fold 1: acc3=0.621
    [ShallowConvNet] Epoch   1/80 | Train Loss: 1.0955 | Val Loss: 0.9408
    [ShallowConvNet] Epoch  11/80 | Train Loss: 0.8203 | Val Loss: 0.7339
    [ShallowConvNet] Epoch  21/80 | Train Loss: 0.8302 | Val Loss: 0.6489
    [ShallowConvNet] Epoch  31/80 | Train Loss: 0.6514 | Val Loss: 0.6125
    [ShallowConvNet] Epoch  41/80 | Train Loss: 0.5969 | Val Loss: 0.5886
    [ShallowConvNet] Epoch  51/80 | Train Loss: 0.4690 | Val Loss: 0.5622
    [ShallowConvNet] Epoch  61/80 | Train Loss: 0.4834 | Val Loss: 0.5284
    [ShallowConvNet] Epoch  71/80 | Train Loss: 0.4285 | Val Loss: 0.5052
    [ShallowConvNet] Epoch  80/80 | Train Loss: 0.4109 | Val Loss: 0.4894
      S007 fold 2: acc3=0.759
    [ShallowConvNet] Epoch   1/80 | Train Loss: 1.3900 | Val Loss: 0.8889
    [ShallowConvNet] Epoch  11/80 | Train Loss: 1.0531 | Val Loss: 0.8866
    [ShallowConvNet] Early stopping na época 19 com Val Loss: 0.8687
      S052 fold 0: acc3=0.655
    [ShallowConvNet] Epoch   1/80 | Train Loss: 1.1895 | Val Loss: 1.0196
    [ShallowConvNet] Epoch  11/80 | Train Loss: 0.9951 | Val Loss: 0.9222
    [ShallowConvNet] Epoch  21/80 | Train Loss: 0.8960 | Val Loss: 0.8826
    [ShallowConvNet] Epoch  31/80 | Train Loss: 0.7540 | Val Loss: 0.8709
    [ShallowConvNet] Epoch  41/80 | Train Loss: 0.6961 | Val Loss: 0.8479
    [ShallowConvNet] Epoch  51/80 | Train Loss: 0.6283 | Val Loss: 0.8355
    [ShallowConvNet] Epoch  61/80 | Train Loss: 0.6716 | Val Loss: 0.8116
    [ShallowConvNet] Epoch  71/80 | Train Loss: 0.5393 | Val Loss: 0.8014
    [ShallowConvNet] Epoch  80/80 | Train Loss: 0.4471 | Val Loss: 0.7933
      S052 fold 1: acc3=0.714
    [ShallowConvNet] Epoch   1/80 | Train Loss: 1.1620 | Val Loss: 1.1170
    [ShallowConvNet] Epoch  11/80 | Train Loss: 0.9312 | Val Loss: 0.8493
    [ShallowConvNet] Epoch  21/80 | Train Loss: 0.8708 | Val Loss: 0.8246
    [ShallowConvNet] Epoch  31/80 | Train Loss: 0.8330 | Val Loss: 0.7871
    [ShallowConvNet] Epoch  41/80 | Train Loss: 0.6329 | Val Loss: 0.7360
    [ShallowConvNet] Epoch  51/80 | Train Loss: 0.6489 | Val Loss: 0.7274
    [ShallowConvNet] Epoch  61/80 | Train Loss: 0.5616 | Val Loss: 0.7117
    [ShallowConvNet] Epoch  71/80 | Train Loss: 0.6012 | Val Loss: 0.6784
    [ShallowConvNet] Epoch  80/80 | Train Loss: 0.4676 | Val Loss: 0.6426
      S052 fold 2: acc3=0.643
    [ShallowConvNet] Epoch   1/80 | Train Loss: 1.1402 | Val Loss: 0.7970
    [ShallowConvNet] Epoch  11/80 | Train Loss: 0.7691 | Val Loss: 0.6870
    [ShallowConvNet] Epoch  21/80 | Train Loss: 0.7006 | Val Loss: 0.7128
    [ShallowConvNet] Early stopping na época 26 com Val Loss: 0.6870
      S071 fold 0: acc3=0.633
    [ShallowConvNet] Epoch   1/80 | Train Loss: 0.9869 | Val Loss: 0.9995
    [ShallowConvNet] Epoch  11/80 | Train Loss: 0.8107 | Val Loss: 1.0183
    [ShallowConvNet] Early stopping na época 16 com Val Loss: 0.9995
      S071 fold 1: acc3=0.621
    [ShallowConvNet] Epoch   1/80 | Train Loss: 1.0365 | Val Loss: 0.8055
    [ShallowConvNet] Epoch  11/80 | Train Loss: 0.8844 | Val Loss: 0.6163
    [ShallowConvNet] Epoch  21/80 | Train Loss: 0.8010 | Val Loss: 0.5780
    [ShallowConvNet] Epoch  31/80 | Train Loss: 0.6282 | Val Loss: 0.5701
    [ShallowConvNet] Epoch  41/80 | Train Loss: 0.5877 | Val Loss: 0.5352
    [ShallowConvNet] Epoch  51/80 | Train Loss: 0.5639 | Val Loss: 0.5481
    [ShallowConvNet] Early stopping na época 56 com Val Loss: 0.5352
      S071 fold 2: acc3=0.586
    [ShallowConvNet] Epoch   1/80 | Train Loss: 1.5347 | Val Loss: 0.9996
    [ShallowConvNet] Epoch  11/80 | Train Loss: 1.4271 | Val Loss: 0.9875
    [ShallowConvNet] Epoch  21/80 | Train Loss: 1.2556 | Val Loss: 1.0174
    [ShallowConvNet] Early stopping na época 21 com Val Loss: 0.9742
      S079 fold 0: acc3=0.345
    [ShallowConvNet] Epoch   1/80 | Train Loss: 1.3576 | Val Loss: 1.6160
    [ShallowConvNet] Epoch  11/80 | Train Loss: 1.3049 | Val Loss: 1.5968
    [ShallowConvNet] Early stopping na época 17 com Val Loss: 1.5826
      S079 fold 1: acc3=0.552
    [ShallowConvNet] Epoch   1/80 | Train Loss: 1.4294 | Val Loss: 1.7016
    [ShallowConvNet] Epoch  11/80 | Train Loss: 1.3287 | Val Loss: 1.6053
    [ShallowConvNet] Epoch  21/80 | Train Loss: 1.1218 | Val Loss: 1.6206
    [ShallowConvNet] Early stopping na época 27 com Val Loss: 1.6045
      S079 fold 2: acc3=0.500
    [ShallowConvNet] Epoch   1/80 | Train Loss: 1.5030 | Val Loss: 1.3070
    [ShallowConvNet] Epoch  11/80 | Train Loss: 1.3023 | Val Loss: 1.6186
    [ShallowConvNet] Early stopping na época 16 com Val Loss: 1.3070
      S109 fold 0: acc3=0.400
    [ShallowConvNet] Epoch   1/80 | Train Loss: 1.3469 | Val Loss: 1.7730
    [ShallowConvNet] Epoch  11/80 | Train Loss: 1.3193 | Val Loss: 1.6508
    [ShallowConvNet] Early stopping na época 19 com Val Loss: 1.5846
      S109 fold 1: acc3=0.448
    [ShallowConvNet] Epoch   1/80 | Train Loss: 1.5356 | Val Loss: 1.4695
    [ShallowConvNet] Epoch  11/80 | Train Loss: 1.2769 | Val Loss: 1.3982
    [ShallowConvNet] Early stopping na época 20 com Val Loss: 1.3612
      S109 fold 2: acc3=0.448
  grupo 3/6 | alvos [12, 34, 60, 91, 95] | pool=98 (1min)
    [ShallowConvNet] Epoch   1/200 | Train Loss: 1.6803 | Val Loss: 1.4869
    [ShallowConvNet] Epoch  11/200 | Train Loss: 1.3460 | Val Loss: 1.3634
    [ShallowConvNet] Epoch  21/200 | Train Loss: 1.2894 | Val Loss: 1.2842
    [ShallowConvNet] Epoch  31/200 | Train Loss: 1.2404 | Val Loss: 1.3490
    [ShallowConvNet] Epoch  41/200 | Train Loss: 1.2291 | Val Loss: 1.3381
    [ShallowConvNet] Early stopping na época 41 com Val Loss: 1.2842
      pool treinado (39s) — serve aos 5 alvos do grupo
    [ShallowConvNet] Epoch   1/80 | Train Loss: 1.2050 | Val Loss: 1.0729
    [ShallowConvNet] Epoch  11/80 | Train Loss: 1.1563 | Val Loss: 0.9137
    [ShallowConvNet] Epoch  21/80 | Train Loss: 0.9556 | Val Loss: 0.8457
    [ShallowConvNet] Epoch  31/80 | Train Loss: 0.8877 | Val Loss: 0.8408
    [ShallowConvNet] Epoch  41/80 | Train Loss: 0.8650 | Val Loss: 0.8439
    [ShallowConvNet] Epoch  51/80 | Train Loss: 0.6819 | Val Loss: 0.8534
    [ShallowConvNet] Early stopping na época 52 com Val Loss: 0.8284
      S012 fold 0: acc3=0.571
    [ShallowConvNet] Epoch   1/80 | Train Loss: 1.3131 | Val Loss: 1.3643
    [ShallowConvNet] Epoch  11/80 | Train Loss: 1.1753 | Val Loss: 1.3299
    [ShallowConvNet] Epoch  21/80 | Train Loss: 1.0445 | Val Loss: 1.3327
    [ShallowConvNet] Early stopping na época 25 com Val Loss: 1.3248
      S012 fold 1: acc3=0.536
    [ShallowConvNet] Epoch   1/80 | Train Loss: 1.1267 | Val Loss: 1.5945
    [ShallowConvNet] Epoch  11/80 | Train Loss: 0.9229 | Val Loss: 1.8008
    [ShallowConvNet] Early stopping na época 16 com Val Loss: 1.5945
      S012 fold 2: acc3=0.500
    [ShallowConvNet] Epoch   1/80 | Train Loss: 1.0883 | Val Loss: 1.2182
    [ShallowConvNet] Epoch  11/80 | Train Loss: 0.8436 | Val Loss: 0.7699
    [ShallowConvNet] Epoch  21/80 | Train Loss: 0.6592 | Val Loss: 0.6590
    [ShallowConvNet] Epoch  31/80 | Train Loss: 0.5963 | Val Loss: 0.5988
    [ShallowConvNet] Epoch  41/80 | Train Loss: 0.5270 | Val Loss: 0.5734
    [ShallowConvNet] Epoch  51/80 | Train Loss: 0.4864 | Val Loss: 0.5404
    [ShallowConvNet] Epoch  61/80 | Train Loss: 0.3816 | Val Loss: 0.5300
    [ShallowConvNet] Epoch  71/80 | Train Loss: 0.3849 | Val Loss: 0.5012
    [ShallowConvNet] Epoch  80/80 | Train Loss: 0.3969 | Val Loss: 0.4981
      S034 fold 0: acc3=0.700
    [ShallowConvNet] Epoch   1/80 | Train Loss: 0.9106 | Val Loss: 1.0422
    [ShallowConvNet] Epoch  11/80 | Train Loss: 0.7391 | Val Loss: 0.6190
    [ShallowConvNet] Epoch  21/80 | Train Loss: 0.7376 | Val Loss: 0.5829
    [ShallowConvNet] Epoch  31/80 | Train Loss: 0.7505 | Val Loss: 0.5939
    [ShallowConvNet] Epoch  41/80 | Train Loss: 0.5080 | Val Loss: 0.5822
    [ShallowConvNet] Epoch  51/80 | Train Loss: 0.4579 | Val Loss: 0.6597
    [ShallowConvNet] Early stopping na época 59 com Val Loss: 0.5615
      S034 fold 1: acc3=0.793
    [ShallowConvNet] Epoch   1/80 | Train Loss: 0.9210 | Val Loss: 0.8925
    [ShallowConvNet] Epoch  11/80 | Train Loss: 0.7042 | Val Loss: 0.9345
    [ShallowConvNet] Early stopping na época 20 com Val Loss: 0.8725
      S034 fold 2: acc3=0.724
    [ShallowConvNet] Epoch   1/80 | Train Loss: 0.9109 | Val Loss: 1.2547
    [ShallowConvNet] Epoch  11/80 | Train Loss: 0.8757 | Val Loss: 1.3127
    [ShallowConvNet] Early stopping na época 17 com Val Loss: 1.2472
      S060 fold 0: acc3=0.643
    [ShallowConvNet] Epoch   1/80 | Train Loss: 0.9397 | Val Loss: 1.2733
    [ShallowConvNet] Epoch  11/80 | Train Loss: 0.9070 | Val Loss: 1.2849
    [ShallowConvNet] Early stopping na época 17 com Val Loss: 1.2727
      S060 fold 1: acc3=0.571
    [ShallowConvNet] Epoch   1/80 | Train Loss: 0.9986 | Val Loss: 0.9369
    [ShallowConvNet] Epoch  11/80 | Train Loss: 0.9193 | Val Loss: 0.9398
    [ShallowConvNet] Epoch  21/80 | Train Loss: 0.8298 | Val Loss: 0.9187
    [ShallowConvNet] Epoch  31/80 | Train Loss: 0.7066 | Val Loss: 0.9103
    [ShallowConvNet] Epoch  41/80 | Train Loss: 0.6385 | Val Loss: 0.9045
    [ShallowConvNet] Epoch  51/80 | Train Loss: 0.6424 | Val Loss: 0.9074
    [ShallowConvNet] Early stopping na época 58 com Val Loss: 0.8998
      S060 fold 2: acc3=0.607
    [ShallowConvNet] Epoch   1/80 | Train Loss: 1.2691 | Val Loss: 1.3000
    [ShallowConvNet] Epoch  11/80 | Train Loss: 0.9081 | Val Loss: 1.2592
    [ShallowConvNet] Early stopping na época 20 com Val Loss: 1.2141
      S091 fold 0: acc3=0.333
    [ShallowConvNet] Epoch   1/80 | Train Loss: 1.4599 | Val Loss: 1.4981
    [ShallowConvNet] Epoch  11/80 | Train Loss: 1.3354 | Val Loss: 1.3562
    [ShallowConvNet] Epoch  21/80 | Train Loss: 1.2891 | Val Loss: 1.3807
    [ShallowConvNet] Early stopping na época 21 com Val Loss: 1.3537
      S091 fold 1: acc3=0.767
    [ShallowConvNet] Epoch   1/80 | Train Loss: 1.4176 | Val Loss: 1.2207
    [ShallowConvNet] Epoch  11/80 | Train Loss: 1.1194 | Val Loss: 1.1716
    [ShallowConvNet] Epoch  21/80 | Train Loss: 1.0334 | Val Loss: 1.1247
    [ShallowConvNet] Epoch  31/80 | Train Loss: 0.9273 | Val Loss: 1.0935
    [ShallowConvNet] Epoch  41/80 | Train Loss: 0.8883 | Val Loss: 1.0729
    [ShallowConvNet] Epoch  51/80 | Train Loss: 0.7661 | Val Loss: 1.0157
    [ShallowConvNet] Epoch  61/80 | Train Loss: 0.6971 | Val Loss: 1.0013
    [ShallowConvNet] Epoch  71/80 | Train Loss: 0.6919 | Val Loss: 1.0257
    [ShallowConvNet] Early stopping na época 75 com Val Loss: 1.0005
      S091 fold 2: acc3=0.667
    [ShallowConvNet] Epoch   1/80 | Train Loss: 1.4559 | Val Loss: 1.6896
    [ShallowConvNet] Epoch  11/80 | Train Loss: 1.2380 | Val Loss: 1.4113
    [ShallowConvNet] Epoch  21/80 | Train Loss: 1.2804 | Val Loss: 1.4073
    [ShallowConvNet] Epoch  31/80 | Train Loss: 1.0590 | Val Loss: 1.4180
    [ShallowConvNet] Early stopping na época 37 com Val Loss: 1.4059
      S095 fold 0: acc3=0.321
    [ShallowConvNet] Epoch   1/80 | Train Loss: 1.5337 | Val Loss: 1.1917
    [ShallowConvNet] Epoch  11/80 | Train Loss: 1.3127 | Val Loss: 1.2752
    [ShallowConvNet] Early stopping na época 16 com Val Loss: 1.1917
      S095 fold 1: acc3=0.357
    [ShallowConvNet] Epoch   1/80 | Train Loss: 1.3724 | Val Loss: 1.6820
    [ShallowConvNet] Epoch  11/80 | Train Loss: 1.2403 | Val Loss: 1.3629
    [ShallowConvNet] Epoch  21/80 | Train Loss: 1.1685 | Val Loss: 1.3497
    [ShallowConvNet] Early stopping na época 30 com Val Loss: 1.3467
      S095 fold 2: acc3=0.500
  grupo 4/6 | alvos [25, 31, 87, 106, 108] | pool=98 (2min)
    [ShallowConvNet] Epoch   1/200 | Train Loss: 1.6667 | Val Loss: 1.4121
    [ShallowConvNet] Epoch  11/200 | Train Loss: 1.3229 | Val Loss: 1.2843
    [ShallowConvNet] Epoch  21/200 | Train Loss: 1.2779 | Val Loss: 1.3577
    [ShallowConvNet] Epoch  31/200 | Train Loss: 1.2702 | Val Loss: 1.2870
    [ShallowConvNet] Early stopping na época 32 com Val Loss: 1.2669
      pool treinado (30s) — serve aos 5 alvos do grupo
    [ShallowConvNet] Epoch   1/80 | Train Loss: 1.2680 | Val Loss: 1.6862
    [ShallowConvNet] Epoch  11/80 | Train Loss: 1.0602 | Val Loss: 1.4591
    [ShallowConvNet] Epoch  21/80 | Train Loss: 0.8479 | Val Loss: 1.3457
    [ShallowConvNet] Epoch  31/80 | Train Loss: 0.7283 | Val Loss: 1.2470
    [ShallowConvNet] Epoch  41/80 | Train Loss: 0.6267 | Val Loss: 1.1569
    [ShallowConvNet] Epoch  51/80 | Train Loss: 0.5807 | Val Loss: 1.0742
    [ShallowConvNet] Epoch  61/80 | Train Loss: 0.5886 | Val Loss: 1.0201
    [ShallowConvNet] Epoch  71/80 | Train Loss: 0.3769 | Val Loss: 0.9549
    [ShallowConvNet] Epoch  80/80 | Train Loss: 0.3901 | Val Loss: 0.8811
      S025 fold 0: acc3=0.700
    [ShallowConvNet] Epoch   1/80 | Train Loss: 1.1792 | Val Loss: 1.1607
    [ShallowConvNet] Epoch  11/80 | Train Loss: 1.0077 | Val Loss: 1.0202
    [ShallowConvNet] Epoch  21/80 | Train Loss: 0.8260 | Val Loss: 1.0491
    [ShallowConvNet] Early stopping na época 26 com Val Loss: 1.0202
      S025 fold 1: acc3=0.733
    [ShallowConvNet] Epoch   1/80 | Train Loss: 1.2518 | Val Loss: 1.3769
    [ShallowConvNet] Epoch  11/80 | Train Loss: 0.9989 | Val Loss: 1.1755
    [ShallowConvNet] Epoch  21/80 | Train Loss: 0.8059 | Val Loss: 1.2019
    [ShallowConvNet] Early stopping na época 26 com Val Loss: 1.1755
      S025 fold 2: acc3=0.600
    [ShallowConvNet] Epoch   1/80 | Train Loss: 1.1102 | Val Loss: 1.2699
    [ShallowConvNet] Epoch  11/80 | Train Loss: 1.0209 | Val Loss: 1.0838
    [ShallowConvNet] Epoch  21/80 | Train Loss: 0.9250 | Val Loss: 1.0584
    [ShallowConvNet] Epoch  31/80 | Train Loss: 0.8117 | Val Loss: 1.0832
    [ShallowConvNet] Early stopping na época 36 com Val Loss: 1.0584
      S031 fold 0: acc3=0.633
    [ShallowConvNet] Epoch   1/80 | Train Loss: 1.1479 | Val Loss: 0.7319
    [ShallowConvNet] Epoch  11/80 | Train Loss: 0.9704 | Val Loss: 0.8237
    [ShallowConvNet] Early stopping na época 17 com Val Loss: 0.7277
      S031 fold 1: acc3=0.600
    [ShallowConvNet] Epoch   1/80 | Train Loss: 1.3243 | Val Loss: 0.8731
    [ShallowConvNet] Epoch  11/80 | Train Loss: 1.0716 | Val Loss: 0.8042
    [ShallowConvNet] Epoch  21/80 | Train Loss: 0.9351 | Val Loss: 0.8183
    [ShallowConvNet] Early stopping na época 28 com Val Loss: 0.7974
      S031 fold 2: acc3=0.655
    [ShallowConvNet] Epoch   1/80 | Train Loss: 1.2711 | Val Loss: 1.4852
    [ShallowConvNet] Epoch  11/80 | Train Loss: 1.2392 | Val Loss: 1.3894
    [ShallowConvNet] Epoch  21/80 | Train Loss: 1.1948 | Val Loss: 1.3722
    [ShallowConvNet] Epoch  31/80 | Train Loss: 1.1272 | Val Loss: 1.3204
    [ShallowConvNet] Epoch  41/80 | Train Loss: 0.9768 | Val Loss: 1.2731
    [ShallowConvNet] Epoch  51/80 | Train Loss: 0.9868 | Val Loss: 1.2594
    [ShallowConvNet] Epoch  61/80 | Train Loss: 0.8451 | Val Loss: 1.2099
    [ShallowConvNet] Epoch  71/80 | Train Loss: 0.8758 | Val Loss: 1.1895
    [ShallowConvNet] Epoch  80/80 | Train Loss: 0.7039 | Val Loss: 1.1696
      S087 fold 0: acc3=0.464
    [ShallowConvNet] Epoch   1/80 | Train Loss: 1.3931 | Val Loss: 1.4280
    [ShallowConvNet] Epoch  11/80 | Train Loss: 1.2667 | Val Loss: 1.5944
    [ShallowConvNet] Early stopping na época 16 com Val Loss: 1.4280
      S087 fold 1: acc3=0.179
    [ShallowConvNet] Epoch   1/80 | Train Loss: 1.4604 | Val Loss: 1.5610
    [ShallowConvNet] Epoch  11/80 | Train Loss: 1.3187 | Val Loss: 1.5334
    [ShallowConvNet] Epoch  21/80 | Train Loss: 1.1004 | Val Loss: 1.5376
    [ShallowConvNet] Epoch  31/80 | Train Loss: 0.9700 | Val Loss: 1.5278
    [ShallowConvNet] Early stopping na época 31 com Val Loss: 1.5261
      S087 fold 2: acc3=0.429
    [ShallowConvNet] Epoch   1/80 | Train Loss: 1.3981 | Val Loss: 1.1937
    [ShallowConvNet] Epoch  11/80 | Train Loss: 1.2773 | Val Loss: 1.1500
    [ShallowConvNet] Epoch  21/80 | Train Loss: 1.1296 | Val Loss: 1.1330
    [ShallowConvNet] Epoch  31/80 | Train Loss: 0.9237 | Val Loss: 1.1006
    [ShallowConvNet] Epoch  41/80 | Train Loss: 0.8697 | Val Loss: 1.0950
    [ShallowConvNet] Epoch  51/80 | Train Loss: 0.8025 | Val Loss: 1.0740
    [ShallowConvNet] Epoch  61/80 | Train Loss: 0.5999 | Val Loss: 1.0625
    [ShallowConvNet] Epoch  71/80 | Train Loss: 0.6280 | Val Loss: 1.0606
    [ShallowConvNet] Epoch  80/80 | Train Loss: 0.5767 | Val Loss: 1.0691
      S106 fold 0: acc3=0.552
    [ShallowConvNet] Epoch   1/80 | Train Loss: 1.4619 | Val Loss: 1.1140
    [ShallowConvNet] Epoch  11/80 | Train Loss: 1.1684 | Val Loss: 1.1896
    [ShallowConvNet] Early stopping na época 16 com Val Loss: 1.1140
      S106 fold 1: acc3=0.276
    [ShallowConvNet] Epoch   1/80 | Train Loss: 1.4865 | Val Loss: 1.1624
    [ShallowConvNet] Epoch  11/80 | Train Loss: 1.0930 | Val Loss: 1.4695
    [ShallowConvNet] Early stopping na época 16 com Val Loss: 1.1624
      S106 fold 2: acc3=0.448
    [ShallowConvNet] Epoch   1/80 | Train Loss: 1.4417 | Val Loss: 1.4661
    [ShallowConvNet] Epoch  11/80 | Train Loss: 1.2579 | Val Loss: 1.6030
    [ShallowConvNet] Early stopping na época 17 com Val Loss: 1.4502
      S108 fold 0: acc3=0.310
    [ShallowConvNet] Epoch   1/80 | Train Loss: 1.4692 | Val Loss: 1.2383
    [ShallowConvNet] Epoch  11/80 | Train Loss: 1.0868 | Val Loss: 1.1501
    [ShallowConvNet] Epoch  21/80 | Train Loss: 1.0553 | Val Loss: 1.1370
    [ShallowConvNet] Epoch  31/80 | Train Loss: 0.9315 | Val Loss: 1.1285
    [ShallowConvNet] Epoch  41/80 | Train Loss: 0.8288 | Val Loss: 1.1268
    [ShallowConvNet] Epoch  51/80 | Train Loss: 0.7192 | Val Loss: 1.1292
    [ShallowConvNet] Early stopping na época 53 com Val Loss: 1.1240
      S108 fold 1: acc3=0.241
    [ShallowConvNet] Epoch   1/80 | Train Loss: 1.4356 | Val Loss: 1.3904
    [ShallowConvNet] Epoch  11/80 | Train Loss: 1.1967 | Val Loss: 1.4156
    [ShallowConvNet] Early stopping na época 17 com Val Loss: 1.3837
      S108 fold 2: acc3=0.429
  grupo 5/6 | alvos [41, 45, 63, 83, 105] | pool=98 (3min)
    [ShallowConvNet] Epoch   1/200 | Train Loss: 1.6632 | Val Loss: 1.6122
    [ShallowConvNet] Epoch  11/200 | Train Loss: 1.3416 | Val Loss: 1.2930
    [ShallowConvNet] Epoch  21/200 | Train Loss: 1.2570 | Val Loss: 1.2895
    [ShallowConvNet] Early stopping na época 29 com Val Loss: 1.2759
      pool treinado (28s) — serve aos 5 alvos do grupo
    [ShallowConvNet] Epoch   1/80 | Train Loss: 1.2615 | Val Loss: 1.6203
    [ShallowConvNet] Epoch  11/80 | Train Loss: 1.0154 | Val Loss: 1.8275
    [ShallowConvNet] Early stopping na época 16 com Val Loss: 1.6203
      S041 fold 0: acc3=0.300
    [ShallowConvNet] Epoch   1/80 | Train Loss: 1.3426 | Val Loss: 1.3230
    [ShallowConvNet] Epoch  11/80 | Train Loss: 1.2390 | Val Loss: 1.3157
    [ShallowConvNet] Epoch  21/80 | Train Loss: 1.1230 | Val Loss: 1.3490
    [ShallowConvNet] Early stopping na época 26 com Val Loss: 1.3157
      S041 fold 1: acc3=0.700
    [ShallowConvNet] Epoch   1/80 | Train Loss: 1.3110 | Val Loss: 1.2405
    [ShallowConvNet] Epoch  11/80 | Train Loss: 1.0695 | Val Loss: 1.0845
    [ShallowConvNet] Epoch  21/80 | Train Loss: 1.0304 | Val Loss: 1.0452
    [ShallowConvNet] Epoch  31/80 | Train Loss: 0.9369 | Val Loss: 1.0353
    [ShallowConvNet] Epoch  41/80 | Train Loss: 0.7540 | Val Loss: 1.0170
    [ShallowConvNet] Epoch  51/80 | Train Loss: 0.6884 | Val Loss: 1.0139
    [ShallowConvNet] Epoch  61/80 | Train Loss: 0.7042 | Val Loss: 1.0088
    [ShallowConvNet] Epoch  71/80 | Train Loss: 0.5741 | Val Loss: 1.0024
    [ShallowConvNet] Epoch  80/80 | Train Loss: 0.5395 | Val Loss: 0.9952
      S041 fold 2: acc3=0.667
    [ShallowConvNet] Epoch   1/80 | Train Loss: 1.2004 | Val Loss: 1.3757
    [ShallowConvNet] Epoch  11/80 | Train Loss: 0.9145 | Val Loss: 1.2207
    [ShallowConvNet] Epoch  21/80 | Train Loss: 0.8485 | Val Loss: 1.2487
    [ShallowConvNet] Early stopping na época 23 com Val Loss: 1.2135
      S045 fold 0: acc3=0.690
    [ShallowConvNet] Epoch   1/80 | Train Loss: 1.1329 | Val Loss: 1.4164
    [ShallowConvNet] Epoch  11/80 | Train Loss: 0.9275 | Val Loss: 1.2900
    [ShallowConvNet] Epoch  21/80 | Train Loss: 0.7094 | Val Loss: 1.2808
    [ShallowConvNet] Epoch  31/80 | Train Loss: 0.6063 | Val Loss: 1.2737
    [ShallowConvNet] Epoch  41/80 | Train Loss: 0.6013 | Val Loss: 1.2675
    [ShallowConvNet] Epoch  51/80 | Train Loss: 0.5146 | Val Loss: 1.2475
    [ShallowConvNet] Epoch  61/80 | Train Loss: 0.4019 | Val Loss: 1.2516
    [ShallowConvNet] Early stopping na época 69 com Val Loss: 1.2466
      S045 fold 1: acc3=0.724
    [ShallowConvNet] Epoch   1/80 | Train Loss: 1.0367 | Val Loss: 1.2853
    [ShallowConvNet] Epoch  11/80 | Train Loss: 0.8980 | Val Loss: 1.0353
    [ShallowConvNet] Epoch  21/80 | Train Loss: 0.7913 | Val Loss: 0.9830
    [ShallowConvNet] Epoch  31/80 | Train Loss: 0.6560 | Val Loss: 0.9503
    [ShallowConvNet] Epoch  41/80 | Train Loss: 0.6631 | Val Loss: 0.9339
    [ShallowConvNet] Epoch  51/80 | Train Loss: 0.5988 | Val Loss: 0.9191
    [ShallowConvNet] Epoch  61/80 | Train Loss: 0.5022 | Val Loss: 0.9099
    [ShallowConvNet] Epoch  71/80 | Train Loss: 0.4461 | Val Loss: 0.8796
    [ShallowConvNet] Epoch  80/80 | Train Loss: 0.4298 | Val Loss: 0.8826
      S045 fold 2: acc3=0.643
    [ShallowConvNet] Epoch   1/80 | Train Loss: 1.4869 | Val Loss: 0.9367
    [ShallowConvNet] Epoch  11/80 | Train Loss: 1.3746 | Val Loss: 1.2464
    [ShallowConvNet] Early stopping na época 16 com Val Loss: 0.9367
      S063 fold 0: acc3=0.300
    [ShallowConvNet] Epoch   1/80 | Train Loss: 1.4034 | Val Loss: 1.6564
    [ShallowConvNet] Epoch  11/80 | Train Loss: 1.3629 | Val Loss: 1.6378
    [ShallowConvNet] Epoch  21/80 | Train Loss: 1.1558 | Val Loss: 1.6426
    [ShallowConvNet] Early stopping na época 21 com Val Loss: 1.6186
      S063 fold 1: acc3=0.367
    [ShallowConvNet] Epoch   1/80 | Train Loss: 1.4723 | Val Loss: 1.6160
    [ShallowConvNet] Epoch  11/80 | Train Loss: 1.2855 | Val Loss: 1.2504
    [ShallowConvNet] Epoch  21/80 | Train Loss: 1.1451 | Val Loss: 1.1883
    [ShallowConvNet] Epoch  31/80 | Train Loss: 1.1178 | Val Loss: 1.1352
    [ShallowConvNet] Epoch  41/80 | Train Loss: 1.0142 | Val Loss: 1.1220
    [ShallowConvNet] Epoch  51/80 | Train Loss: 0.9408 | Val Loss: 1.0910
    [ShallowConvNet] Epoch  61/80 | Train Loss: 0.8441 | Val Loss: 1.0829
    [ShallowConvNet] Epoch  71/80 | Train Loss: 0.7805 | Val Loss: 1.0575
    [ShallowConvNet] Epoch  80/80 | Train Loss: 0.7020 | Val Loss: 1.0482
      S063 fold 2: acc3=0.414
    [ShallowConvNet] Epoch   1/80 | Train Loss: 1.1954 | Val Loss: 1.3005
    [ShallowConvNet] Epoch  11/80 | Train Loss: 0.9688 | Val Loss: 1.1054
    [ShallowConvNet] Epoch  21/80 | Train Loss: 0.8986 | Val Loss: 1.0102
    [ShallowConvNet] Epoch  31/80 | Train Loss: 0.7765 | Val Loss: 0.9527
    [ShallowConvNet] Epoch  41/80 | Train Loss: 0.7024 | Val Loss: 0.9169
    [ShallowConvNet] Epoch  51/80 | Train Loss: 0.6521 | Val Loss: 0.9027
    [ShallowConvNet] Epoch  61/80 | Train Loss: 0.5437 | Val Loss: 0.8849
    [ShallowConvNet] Epoch  71/80 | Train Loss: 0.5478 | Val Loss: 0.8523
    [ShallowConvNet] Epoch  80/80 | Train Loss: 0.4991 | Val Loss: 0.8573
      S083 fold 0: acc3=0.714
    [ShallowConvNet] Epoch   1/80 | Train Loss: 1.0872 | Val Loss: 1.1562
    [ShallowConvNet] Epoch  11/80 | Train Loss: 0.9014 | Val Loss: 0.9661
    [ShallowConvNet] Epoch  21/80 | Train Loss: 0.8026 | Val Loss: 0.9679
    [ShallowConvNet] Early stopping na época 26 com Val Loss: 0.9661
      S083 fold 1: acc3=0.607
    [ShallowConvNet] Epoch   1/80 | Train Loss: 1.2555 | Val Loss: 0.8963
    [ShallowConvNet] Epoch  11/80 | Train Loss: 1.1099 | Val Loss: 0.9586
    [ShallowConvNet] Early stopping na época 16 com Val Loss: 0.8963
      S083 fold 2: acc3=0.571
    [ShallowConvNet] Epoch   1/80 | Train Loss: 1.3724 | Val Loss: 1.3724
    [ShallowConvNet] Epoch  11/80 | Train Loss: 1.0833 | Val Loss: 1.3879
    [ShallowConvNet] Early stopping na época 20 com Val Loss: 1.3024
      S105 fold 0: acc3=0.621
    [ShallowConvNet] Epoch   1/80 | Train Loss: 1.1953 | Val Loss: 1.4032
    [ShallowConvNet] Epoch  11/80 | Train Loss: 0.9951 | Val Loss: 1.2369
    [ShallowConvNet] Epoch  21/80 | Train Loss: 0.8905 | Val Loss: 1.1316
    [ShallowConvNet] Epoch  31/80 | Train Loss: 0.7673 | Val Loss: 1.0663
    [ShallowConvNet] Epoch  41/80 | Train Loss: 0.7203 | Val Loss: 1.0448
    [ShallowConvNet] Epoch  51/80 | Train Loss: 0.5836 | Val Loss: 1.0045
    [ShallowConvNet] Epoch  61/80 | Train Loss: 0.5276 | Val Loss: 0.9822
    [ShallowConvNet] Epoch  71/80 | Train Loss: 0.4720 | Val Loss: 0.9558
    [ShallowConvNet] Epoch  80/80 | Train Loss: 0.4241 | Val Loss: 0.9149
      S105 fold 1: acc3=0.724
    [ShallowConvNet] Epoch   1/80 | Train Loss: 1.3711 | Val Loss: 1.4139
    [ShallowConvNet] Epoch  11/80 | Train Loss: 1.0847 | Val Loss: 1.4128
    [ShallowConvNet] Epoch  21/80 | Train Loss: 1.0225 | Val Loss: 1.4001
    [ShallowConvNet] Epoch  31/80 | Train Loss: 0.8555 | Val Loss: 1.4223
    [ShallowConvNet] Early stopping na época 39 com Val Loss: 1.3933
      S105 fold 2: acc3=0.483
  grupo 6/6 | alvos [18, 49, 68, 76, 98] | pool=98 (3min)
    [ShallowConvNet] Epoch   1/200 | Train Loss: 1.7000 | Val Loss: 1.4560
    [ShallowConvNet] Epoch  11/200 | Train Loss: 1.3399 | Val Loss: 1.2949
    [ShallowConvNet] Epoch  21/200 | Train Loss: 1.2914 | Val Loss: 1.2556
    [ShallowConvNet] Epoch  31/200 | Train Loss: 1.2605 | Val Loss: 1.2670
    [ShallowConvNet] Epoch  41/200 | Train Loss: 1.2117 | Val Loss: 1.3382
    [ShallowConvNet] Early stopping na época 41 com Val Loss: 1.2556
      pool treinado (39s) — serve aos 5 alvos do grupo
    [ShallowConvNet] Epoch   1/80 | Train Loss: 1.5589 | Val Loss: 1.5511
    [ShallowConvNet] Epoch  11/80 | Train Loss: 1.4329 | Val Loss: 1.3560
    [ShallowConvNet] Epoch  21/80 | Train Loss: 1.2403 | Val Loss: 1.2839
    [ShallowConvNet] Epoch  31/80 | Train Loss: 1.1592 | Val Loss: 1.2604
    [ShallowConvNet] Epoch  41/80 | Train Loss: 1.0113 | Val Loss: 1.2567
    [ShallowConvNet] Epoch  51/80 | Train Loss: 0.8844 | Val Loss: 1.2211
    [ShallowConvNet] Epoch  61/80 | Train Loss: 0.8973 | Val Loss: 1.2308
    [ShallowConvNet] Epoch  71/80 | Train Loss: 0.8394 | Val Loss: 1.2148
    [ShallowConvNet] Early stopping na época 72 com Val Loss: 1.2081
      S018 fold 0: acc3=0.500
    [ShallowConvNet] Epoch   1/80 | Train Loss: 1.6315 | Val Loss: 1.4725
    [ShallowConvNet] Epoch  11/80 | Train Loss: 1.3487 | Val Loss: 1.6239
    [ShallowConvNet] Early stopping na época 16 com Val Loss: 1.4725
      S018 fold 1: acc3=0.207
    [ShallowConvNet] Epoch   1/80 | Train Loss: 1.6496 | Val Loss: 1.3150
    [ShallowConvNet] Epoch  11/80 | Train Loss: 1.4078 | Val Loss: 1.3276
    [ShallowConvNet] Early stopping na época 20 com Val Loss: 1.2514
      S018 fold 2: acc3=0.483
    [ShallowConvNet] Epoch   1/80 | Train Loss: 0.8642 | Val Loss: 0.9786
    [ShallowConvNet] Epoch  11/80 | Train Loss: 0.6429 | Val Loss: 0.9180
    [ShallowConvNet] Epoch  21/80 | Train Loss: 0.6564 | Val Loss: 0.8903
    [ShallowConvNet] Epoch  31/80 | Train Loss: 0.5211 | Val Loss: 0.8627
    [ShallowConvNet] Epoch  41/80 | Train Loss: 0.5069 | Val Loss: 0.8462
    [ShallowConvNet] Epoch  51/80 | Train Loss: 0.4644 | Val Loss: 0.8353
    [ShallowConvNet] Epoch  61/80 | Train Loss: 0.4642 | Val Loss: 0.8337
    [ShallowConvNet] Epoch  71/80 | Train Loss: 0.3841 | Val Loss: 0.8389
    [ShallowConvNet] Early stopping na época 75 com Val Loss: 0.8307
      S049 fold 0: acc3=0.759
    [ShallowConvNet] Epoch   1/80 | Train Loss: 0.8791 | Val Loss: 0.6353
    [ShallowConvNet] Epoch  11/80 | Train Loss: 0.7663 | Val Loss: 0.7350
    [ShallowConvNet] Early stopping na época 16 com Val Loss: 0.6353
      S049 fold 1: acc3=0.793
    [ShallowConvNet] Epoch   1/80 | Train Loss: 0.9458 | Val Loss: 0.3557
    [ShallowConvNet] Epoch  11/80 | Train Loss: 0.7298 | Val Loss: 0.5013
    [ShallowConvNet] Early stopping na época 16 com Val Loss: 0.3557
      S049 fold 2: acc3=0.643
    [ShallowConvNet] Epoch   1/80 | Train Loss: 1.5276 | Val Loss: 1.5682
    [ShallowConvNet] Epoch  11/80 | Train Loss: 1.3355 | Val Loss: 1.4994
    [ShallowConvNet] Epoch  21/80 | Train Loss: 1.2399 | Val Loss: 1.4790
    [ShallowConvNet] Epoch  31/80 | Train Loss: 1.1645 | Val Loss: 1.4537
    [ShallowConvNet] Epoch  41/80 | Train Loss: 0.9498 | Val Loss: 1.4410
    [ShallowConvNet] Epoch  51/80 | Train Loss: 0.8931 | Val Loss: 1.4123
    [ShallowConvNet] Epoch  61/80 | Train Loss: 0.8966 | Val Loss: 1.4046
    [ShallowConvNet] Epoch  71/80 | Train Loss: 0.8018 | Val Loss: 1.3944
    [ShallowConvNet] Epoch  80/80 | Train Loss: 0.7044 | Val Loss: 1.3940
      S068 fold 0: acc3=0.667
    [ShallowConvNet] Epoch   1/80 | Train Loss: 1.3808 | Val Loss: 1.0669
    [ShallowConvNet] Epoch  11/80 | Train Loss: 1.1824 | Val Loss: 1.0835
    [ShallowConvNet] Early stopping na época 16 com Val Loss: 1.0669
      S068 fold 1: acc3=0.367
    [ShallowConvNet] Epoch   1/80 | Train Loss: 1.4772 | Val Loss: 2.0179
    [ShallowConvNet] Epoch  11/80 | Train Loss: 1.2105 | Val Loss: 1.9284
    [ShallowConvNet] Epoch  21/80 | Train Loss: 1.1765 | Val Loss: 1.9466
    [ShallowConvNet] Early stopping na época 24 com Val Loss: 1.9249
      S068 fold 2: acc3=0.586
    [ShallowConvNet] Epoch   1/80 | Train Loss: 1.7941 | Val Loss: 1.5290
    [ShallowConvNet] Epoch  11/80 | Train Loss: 1.5766 | Val Loss: 1.3471
    [ShallowConvNet] Epoch  21/80 | Train Loss: 1.1953 | Val Loss: 1.3418
    [ShallowConvNet] Epoch  31/80 | Train Loss: 1.1208 | Val Loss: 1.3259
    [ShallowConvNet] Epoch  41/80 | Train Loss: 1.3019 | Val Loss: 1.2892
    [ShallowConvNet] Epoch  51/80 | Train Loss: 1.0257 | Val Loss: 1.2772
    [ShallowConvNet] Epoch  61/80 | Train Loss: 1.0268 | Val Loss: 1.2985
    [ShallowConvNet] Early stopping na época 64 com Val Loss: 1.2769
      S076 fold 0: acc3=0.333
    [ShallowConvNet] Epoch   1/80 | Train Loss: 1.6279 | Val Loss: 1.5438
    [ShallowConvNet] Epoch  11/80 | Train Loss: 1.4798 | Val Loss: 1.1865
    [ShallowConvNet] Epoch  21/80 | Train Loss: 1.1569 | Val Loss: 1.1191
    [ShallowConvNet] Epoch  31/80 | Train Loss: 1.1174 | Val Loss: 1.1208
    [ShallowConvNet] Epoch  41/80 | Train Loss: 0.9445 | Val Loss: 1.1163
    [ShallowConvNet] Epoch  51/80 | Train Loss: 0.9098 | Val Loss: 1.1129
    [ShallowConvNet] Epoch  61/80 | Train Loss: 0.8602 | Val Loss: 1.1251
    [ShallowConvNet] Early stopping na época 66 com Val Loss: 1.1129
      S076 fold 1: acc3=0.276
    [ShallowConvNet] Epoch   1/80 | Train Loss: 1.5032 | Val Loss: 1.2878
    [ShallowConvNet] Epoch  11/80 | Train Loss: 1.2601 | Val Loss: 1.1772
    [ShallowConvNet] Epoch  21/80 | Train Loss: 1.1862 | Val Loss: 1.4617
    [ShallowConvNet] Early stopping na época 21 com Val Loss: 0.9960
      S076 fold 2: acc3=0.276
    [ShallowConvNet] Epoch   1/80 | Train Loss: 1.4300 | Val Loss: 1.2496
    [ShallowConvNet] Epoch  11/80 | Train Loss: 1.1340 | Val Loss: 1.3316
    [ShallowConvNet] Early stopping na época 16 com Val Loss: 1.2496
      S098 fold 0: acc3=0.300
    [ShallowConvNet] Epoch   1/80 | Train Loss: 1.6063 | Val Loss: 1.7590
    [ShallowConvNet] Epoch  11/80 | Train Loss: 1.3646 | Val Loss: 1.4303
    [ShallowConvNet] Epoch  21/80 | Train Loss: 1.1754 | Val Loss: 1.4157
    [ShallowConvNet] Epoch  31/80 | Train Loss: 1.1227 | Val Loss: 1.3774
    [ShallowConvNet] Epoch  41/80 | Train Loss: 0.9660 | Val Loss: 1.4008
    [ShallowConvNet] Epoch  51/80 | Train Loss: 0.9920 | Val Loss: 1.4079
    [ShallowConvNet] Early stopping na época 60 com Val Loss: 1.3698
      S098 fold 1: acc3=0.533
    [ShallowConvNet] Epoch   1/80 | Train Loss: 1.4832 | Val Loss: 1.2031
    [ShallowConvNet] Epoch  11/80 | Train Loss: 1.2344 | Val Loss: 1.3177
    [ShallowConvNet] Early stopping na época 16 com Val Loss: 1.2031
      S098 fold 2: acc3=0.276

BENCH_MONTAGENS_DONE (4min)
CUDA=True | montagens=['16'] | modelos=['deepcnn'] | alvos=30 | folds=3
  contrato 5cb6c6358c | banda 4-40 Hz ordem 5 | CAR on | IQR k=1.5 | calib 48 | fases mi
  aninhamento 2<4<8<16<21<32<64 verificado
  montagem      E  D centro  simetria
  64           27 27     10  sim
  32           14 14      4  sim
  21            9  8      4  NAO (aceita por decisao)
  16            6  6      4  sim
  8             3  3      2  sim
  4             2  2      0  sim
  2             1  1      0  sim
  3             1  1      1  sim
  sem_fz        4  3      1  NAO (aceita por decisao)
  posterior8    4  4      0  sim
  ocular4       2  2      0  sim
  6 grupos de alvos (semente 42), pool = 98 sujeitos:
    grupo 1: [3, 22, 57, 102, 107]
    grupo 2: [7, 52, 71, 79, 109]
    grupo 3: [12, 34, 60, 91, 95]
    grupo 4: [25, 31, 87, 106, 108]
    grupo 5: [41, 45, 63, 83, 105]
    grupo 6: [18, 49, 68, 76, 98]
  retomando: 3870 celulas ja concluidas sob 5cb6c6358c

==============================================================
  MONTAGEM 16 (16 canais) | MODELO deepcnn | 0min
==============================================================
  grupo 1/6 | alvos [3, 22, 57, 102, 107] | pool=98 (0min)
      pool treinado (51s) — serve aos 5 alvos do grupo
      S003 fold 0: acc3=0.276
      S003 fold 1: acc3=0.241
      S003 fold 2: acc3=0.241
      S022 fold 0: acc3=0.448
      S022 fold 1: acc3=0.586
      S022 fold 2: acc3=0.679
      S057 fold 0: acc3=0.379
      S057 fold 1: acc3=0.357
      S057 fold 2: acc3=0.393
      S102 fold 0: acc3=0.621
      S102 fold 1: acc3=0.759
      S102 fold 2: acc3=0.714
      S107 fold 0: acc3=0.379
      S107 fold 1: acc3=0.552
      S107 fold 2: acc3=0.379
  grupo 2/6 | alvos [7, 52, 71, 79, 109] | pool=98 (1min)
      pool treinado (111s) — serve aos 5 alvos do grupo
      S007 fold 0: acc3=0.600
      S007 fold 1: acc3=0.552
      S007 fold 2: acc3=0.586
      S052 fold 0: acc3=0.724
      S052 fold 1: acc3=0.821
      S052 fold 2: acc3=0.571
      S071 fold 0: acc3=0.433
      S071 fold 1: acc3=0.724
      S071 fold 2: acc3=0.690
      S079 fold 0: acc3=0.310
      S079 fold 1: acc3=0.310
      S079 fold 2: acc3=0.500
      S109 fold 0: acc3=0.333
      S109 fold 1: acc3=0.310
      S109 fold 2: acc3=0.310
  grupo 3/6 | alvos [12, 34, 60, 91, 95] | pool=98 (3min)
      pool treinado (56s) — serve aos 5 alvos do grupo
      S012 fold 0: acc3=0.714
      S012 fold 1: acc3=0.607
      S012 fold 2: acc3=0.536
      S034 fold 0: acc3=0.733
      S034 fold 1: acc3=0.828
      S034 fold 2: acc3=0.759
      S060 fold 0: acc3=0.571
      S060 fold 1: acc3=0.536
      S060 fold 2: acc3=0.536
      S091 fold 0: acc3=0.433
      S091 fold 1: acc3=0.467
      S091 fold 2: acc3=0.600
      S095 fold 0: acc3=0.321
      S095 fold 1: acc3=0.429
      S095 fold 2: acc3=0.393
  grupo 4/6 | alvos [25, 31, 87, 106, 108] | pool=98 (4min)
      pool treinado (54s) — serve aos 5 alvos do grupo
      S025 fold 0: acc3=0.800
      S025 fold 1: acc3=0.833
      S025 fold 2: acc3=0.667
      S031 fold 0: acc3=0.600
      S031 fold 1: acc3=0.500
      S031 fold 2: acc3=0.414
      S087 fold 0: acc3=0.321
      S087 fold 1: acc3=0.357
      S087 fold 2: acc3=0.321
      S106 fold 0: acc3=0.517
      S106 fold 1: acc3=0.483
      S106 fold 2: acc3=0.414
      S108 fold 0: acc3=0.310
      S108 fold 1: acc3=0.586
      S108 fold 2: acc3=0.500
  grupo 5/6 | alvos [41, 45, 63, 83, 105] | pool=98 (5min)
      pool treinado (57s) — serve aos 5 alvos do grupo
      S041 fold 0: acc3=0.267
      S041 fold 1: acc3=0.667
      S041 fold 2: acc3=0.400
      S045 fold 0: acc3=0.621
      S045 fold 1: acc3=0.621
      S045 fold 2: acc3=0.607
      S063 fold 0: acc3=0.267
      S063 fold 1: acc3=0.267
      S063 fold 2: acc3=0.310
      S083 fold 0: acc3=0.714
      S083 fold 1: acc3=0.571
      S083 fold 2: acc3=0.643
      S105 fold 0: acc3=0.552
      S105 fold 1: acc3=0.517
      S105 fold 2: acc3=0.483
  grupo 6/6 | alvos [18, 49, 68, 76, 98] | pool=98 (6min)
      pool treinado (68s) — serve aos 5 alvos do grupo
      S018 fold 0: acc3=0.133
      S018 fold 1: acc3=0.276
      S018 fold 2: acc3=0.241
      S049 fold 0: acc3=0.828
      S049 fold 1: acc3=0.759
      S049 fold 2: acc3=0.750
      S068 fold 0: acc3=0.433
      S068 fold 1: acc3=0.533
      S068 fold 2: acc3=0.414
      S076 fold 0: acc3=0.267
      S076 fold 1: acc3=0.276
      S076 fold 2: acc3=0.241
      S098 fold 0: acc3=0.467
      S098 fold 1: acc3=0.400
      S098 fold 2: acc3=0.414

BENCH_MONTAGENS_DONE (8min)
CUDA=True | montagens=['16'] | modelos=['stia_net'] | alvos=30 | folds=3
  contrato 5cb6c6358c | banda 4-40 Hz ordem 5 | CAR on | IQR k=1.5 | calib 48 | fases mi
  aninhamento 2<4<8<16<21<32<64 verificado
  montagem      E  D centro  simetria
  64           27 27     10  sim
  32           14 14      4  sim
  21            9  8      4  NAO (aceita por decisao)
  16            6  6      4  sim
  8             3  3      2  sim
  4             2  2      0  sim
  2             1  1      0  sim
  3             1  1      1  sim
  sem_fz        4  3      1  NAO (aceita por decisao)
  posterior8    4  4      0  sim
  ocular4       2  2      0  sim
  celulas gemeas pendentes: stia_net.banda_do_artigo (rodar de novo com --banda 8 30)
  6 grupos de alvos (semente 42), pool = 98 sujeitos:
    grupo 1: [3, 22, 57, 102, 107]
    grupo 2: [7, 52, 71, 79, 109]
    grupo 3: [12, 34, 60, 91, 95]
    grupo 4: [25, 31, 87, 106, 108]
    grupo 5: [41, 45, 63, 83, 105]
    grupo 6: [18, 49, 68, 76, 98]
  retomando: 3960 celulas ja concluidas sob 5cb6c6358c

==============================================================
  MONTAGEM 16 (16 canais) | MODELO stia_net | 0min
==============================================================
  grupo 1/6 | alvos [3, 22, 57, 102, 107] | pool=98 (0min)
  [STIA-Net] Computing PLV adjacency matrix...
      pool treinado (52s) — serve aos 5 alvos do grupo
  [STIA-Net] Recomputing PLV for MI domain...
      S003 fold 0: acc3=0.345
  [STIA-Net] Recomputing PLV for MI domain...
      S003 fold 1: acc3=0.414
  [STIA-Net] Recomputing PLV for MI domain...
      S003 fold 2: acc3=0.310
  [STIA-Net] Recomputing PLV for MI domain...
      S022 fold 0: acc3=0.172
  [STIA-Net] Recomputing PLV for MI domain...
      S022 fold 1: acc3=0.414
  [STIA-Net] Recomputing PLV for MI domain...
      S022 fold 2: acc3=0.143
  [STIA-Net] Recomputing PLV for MI domain...
      S057 fold 0: acc3=0.448
  [STIA-Net] Recomputing PLV for MI domain...
      S057 fold 1: acc3=0.179
  [STIA-Net] Recomputing PLV for MI domain...
      S057 fold 2: acc3=0.250
  [STIA-Net] Recomputing PLV for MI domain...
      S102 fold 0: acc3=0.414
  [STIA-Net] Recomputing PLV for MI domain...
      S102 fold 1: acc3=0.310
  [STIA-Net] Recomputing PLV for MI domain...
      S102 fold 2: acc3=0.321
  [STIA-Net] Recomputing PLV for MI domain...
      S107 fold 0: acc3=0.448
  [STIA-Net] Recomputing PLV for MI domain...
      S107 fold 1: acc3=0.276
  [STIA-Net] Recomputing PLV for MI domain...
      S107 fold 2: acc3=0.276
  grupo 2/6 | alvos [7, 52, 71, 79, 109] | pool=98 (1min)
  [STIA-Net] Computing PLV adjacency matrix...
      pool treinado (50s) — serve aos 5 alvos do grupo
  [STIA-Net] Recomputing PLV for MI domain...
      S007 fold 0: acc3=0.367
  [STIA-Net] Recomputing PLV for MI domain...
      S007 fold 1: acc3=0.276
  [STIA-Net] Recomputing PLV for MI domain...
      S007 fold 2: acc3=0.345
  [STIA-Net] Recomputing PLV for MI domain...
      S052 fold 0: acc3=0.414
  [STIA-Net] Recomputing PLV for MI domain...
      S052 fold 1: acc3=0.500
  [STIA-Net] Recomputing PLV for MI domain...
      S052 fold 2: acc3=0.429
  [STIA-Net] Recomputing PLV for MI domain...
      S071 fold 0: acc3=0.233
  [STIA-Net] Recomputing PLV for MI domain...
      S071 fold 1: acc3=0.310
  [STIA-Net] Recomputing PLV for MI domain...
      S071 fold 2: acc3=0.345
  [STIA-Net] Recomputing PLV for MI domain...
      S079 fold 0: acc3=0.414
  [STIA-Net] Recomputing PLV for MI domain...
      S079 fold 1: acc3=0.379
  [STIA-Net] Recomputing PLV for MI domain...
      S079 fold 2: acc3=0.464
  [STIA-Net] Recomputing PLV for MI domain...
      S109 fold 0: acc3=0.233
  [STIA-Net] Recomputing PLV for MI domain...
      S109 fold 1: acc3=0.310
  [STIA-Net] Recomputing PLV for MI domain...
      S109 fold 2: acc3=0.103
  grupo 3/6 | alvos [12, 34, 60, 91, 95] | pool=98 (2min)
  [STIA-Net] Computing PLV adjacency matrix...
      pool treinado (51s) — serve aos 5 alvos do grupo
  [STIA-Net] Recomputing PLV for MI domain...
      S012 fold 0: acc3=0.429
  [STIA-Net] Recomputing PLV for MI domain...
      S012 fold 1: acc3=0.286
  [STIA-Net] Recomputing PLV for MI domain...
      S012 fold 2: acc3=0.286
  [STIA-Net] Recomputing PLV for MI domain...
      S034 fold 0: acc3=0.433
  [STIA-Net] Recomputing PLV for MI domain...
      S034 fold 1: acc3=0.310
  [STIA-Net] Recomputing PLV for MI domain...
      S034 fold 2: acc3=0.310
  [STIA-Net] Recomputing PLV for MI domain...
      S060 fold 0: acc3=0.393
  [STIA-Net] Recomputing PLV for MI domain...
      S060 fold 1: acc3=0.429
  [STIA-Net] Recomputing PLV for MI domain...
      S060 fold 2: acc3=0.393
  [STIA-Net] Recomputing PLV for MI domain...
      S091 fold 0: acc3=0.367
  [STIA-Net] Recomputing PLV for MI domain...
      S091 fold 1: acc3=0.533
  [STIA-Net] Recomputing PLV for MI domain...
      S091 fold 2: acc3=0.333
  [STIA-Net] Recomputing PLV for MI domain...
      S095 fold 0: acc3=0.393
  [STIA-Net] Recomputing PLV for MI domain...
      S095 fold 1: acc3=0.321
  [STIA-Net] Recomputing PLV for MI domain...
      S095 fold 2: acc3=0.357
  grupo 4/6 | alvos [25, 31, 87, 106, 108] | pool=98 (3min)
  [STIA-Net] Computing PLV adjacency matrix...
      pool treinado (50s) — serve aos 5 alvos do grupo
  [STIA-Net] Recomputing PLV for MI domain...
      S025 fold 0: acc3=0.267
  [STIA-Net] Recomputing PLV for MI domain...
      S025 fold 1: acc3=0.367
  [STIA-Net] Recomputing PLV for MI domain...
      S025 fold 2: acc3=0.400
  [STIA-Net] Recomputing PLV for MI domain...
      S031 fold 0: acc3=0.300
  [STIA-Net] Recomputing PLV for MI domain...
      S031 fold 1: acc3=0.467
  [STIA-Net] Recomputing PLV for MI domain...
      S031 fold 2: acc3=0.448
  [STIA-Net] Recomputing PLV for MI domain...
      S087 fold 0: acc3=0.393
  [STIA-Net] Recomputing PLV for MI domain...
      S087 fold 1: acc3=0.357
  [STIA-Net] Recomputing PLV for MI domain...
      S087 fold 2: acc3=0.429
  [STIA-Net] Recomputing PLV for MI domain...
      S106 fold 0: acc3=0.448
  [STIA-Net] Recomputing PLV for MI domain...
      S106 fold 1: acc3=0.448
  [STIA-Net] Recomputing PLV for MI domain...
      S106 fold 2: acc3=0.345
  [STIA-Net] Recomputing PLV for MI domain...
      S108 fold 0: acc3=0.414
  [STIA-Net] Recomputing PLV for MI domain...
      S108 fold 1: acc3=0.414
  [STIA-Net] Recomputing PLV for MI domain...
      S108 fold 2: acc3=0.464
  grupo 5/6 | alvos [41, 45, 63, 83, 105] | pool=98 (4min)
  [STIA-Net] Computing PLV adjacency matrix...
      pool treinado (49s) — serve aos 5 alvos do grupo
  [STIA-Net] Recomputing PLV for MI domain...
      S041 fold 0: acc3=0.400
  [STIA-Net] Recomputing PLV for MI domain...
      S041 fold 1: acc3=0.333
  [STIA-Net] Recomputing PLV for MI domain...
      S041 fold 2: acc3=0.333
  [STIA-Net] Recomputing PLV for MI domain...
      S045 fold 0: acc3=0.345
  [STIA-Net] Recomputing PLV for MI domain...
      S045 fold 1: acc3=0.310
  [STIA-Net] Recomputing PLV for MI domain...
      S045 fold 2: acc3=0.429
  [STIA-Net] Recomputing PLV for MI domain...
      S063 fold 0: acc3=0.500
  [STIA-Net] Recomputing PLV for MI domain...
      S063 fold 1: acc3=0.300
  [STIA-Net] Recomputing PLV for MI domain...
      S063 fold 2: acc3=0.172
  [STIA-Net] Recomputing PLV for MI domain...
      S083 fold 0: acc3=0.571
  [STIA-Net] Recomputing PLV for MI domain...
      S083 fold 1: acc3=0.286
  [STIA-Net] Recomputing PLV for MI domain...
      S083 fold 2: acc3=0.571
  [STIA-Net] Recomputing PLV for MI domain...
      S105 fold 0: acc3=0.345
  [STIA-Net] Recomputing PLV for MI domain...
      S105 fold 1: acc3=0.483
  [STIA-Net] Recomputing PLV for MI domain...
      S105 fold 2: acc3=0.414
  grupo 6/6 | alvos [18, 49, 68, 76, 98] | pool=98 (5min)
  [STIA-Net] Computing PLV adjacency matrix...
      pool treinado (52s) — serve aos 5 alvos do grupo
  [STIA-Net] Recomputing PLV for MI domain...
      S018 fold 0: acc3=0.167
  [STIA-Net] Recomputing PLV for MI domain...
      S018 fold 1: acc3=0.414
  [STIA-Net] Recomputing PLV for MI domain...
      S018 fold 2: acc3=0.310
  [STIA-Net] Recomputing PLV for MI domain...
      S049 fold 0: acc3=0.483
  [STIA-Net] Recomputing PLV for MI domain...
      S049 fold 1: acc3=0.345
  [STIA-Net] Recomputing PLV for MI domain...
      S049 fold 2: acc3=0.321
  [STIA-Net] Recomputing PLV for MI domain...
      S068 fold 0: acc3=0.533
  [STIA-Net] Recomputing PLV for MI domain...
      S068 fold 1: acc3=0.333
  [STIA-Net] Recomputing PLV for MI domain...
      S068 fold 2: acc3=0.517
  [STIA-Net] Recomputing PLV for MI domain...
      S076 fold 0: acc3=0.133
  [STIA-Net] Recomputing PLV for MI domain...
      S076 fold 1: acc3=0.586
  [STIA-Net] Recomputing PLV for MI domain...
      S076 fold 2: acc3=0.276
  [STIA-Net] Recomputing PLV for MI domain...
      S098 fold 0: acc3=0.333
  [STIA-Net] Recomputing PLV for MI domain...
      S098 fold 1: acc3=0.367
  [STIA-Net] Recomputing PLV for MI domain...
      S098 fold 2: acc3=0.310

BENCH_MONTAGENS_DONE (6min)
CUDA=True | montagens=['21'] | modelos=['eegnet'] | alvos=30 | folds=3
  contrato 5cb6c6358c | banda 4-40 Hz ordem 5 | CAR on | IQR k=1.5 | calib 48 | fases mi
  aninhamento 2<4<8<16<21<32<64 verificado
  montagem      E  D centro  simetria
  64           27 27     10  sim
  32           14 14      4  sim
  21            9  8      4  NAO (aceita por decisao)
  16            6  6      4  sim
  8             3  3      2  sim
  4             2  2      0  sim
  2             1  1      0  sim
  3             1  1      1  sim
  sem_fz        4  3      1  NAO (aceita por decisao)
  posterior8    4  4      0  sim
  ocular4       2  2      0  sim
  6 grupos de alvos (semente 42), pool = 98 sujeitos:
    grupo 1: [3, 22, 57, 102, 107]
    grupo 2: [7, 52, 71, 79, 109]
    grupo 3: [12, 34, 60, 91, 95]
    grupo 4: [25, 31, 87, 106, 108]
    grupo 5: [41, 45, 63, 83, 105]
    grupo 6: [18, 49, 68, 76, 98]
  retomando: 4050 celulas ja concluidas sob 5cb6c6358c

==============================================================
  MONTAGEM 21 (21 canais) | MODELO eegnet | 0min
==============================================================
  grupo 1/6 | alvos [3, 22, 57, 102, 107] | pool=98 (0min)
      pool treinado (70s) — serve aos 5 alvos do grupo
      S003 fold 0: acc3=0.310
      S003 fold 1: acc3=0.143
      S003 fold 2: acc3=0.214
      S022 fold 0: acc3=0.724
      S022 fold 1: acc3=0.679
      S022 fold 2: acc3=0.500
      S057 fold 0: acc3=0.467
      S057 fold 1: acc3=0.414
      S057 fold 2: acc3=0.414
      S102 fold 0: acc3=0.821
      S102 fold 1: acc3=0.750
      S102 fold 2: acc3=0.679
      S107 fold 0: acc3=0.429
      S107 fold 1: acc3=0.357
      S107 fold 2: acc3=0.500
  grupo 2/6 | alvos [7, 52, 71, 79, 109] | pool=98 (1min)
      pool treinado (73s) — serve aos 5 alvos do grupo
      S007 fold 0: acc3=0.655
      S007 fold 1: acc3=0.759
      S007 fold 2: acc3=0.793
      S052 fold 0: acc3=0.679
      S052 fold 1: acc3=0.786
      S052 fold 2: acc3=0.500
      S071 fold 0: acc3=0.517
      S071 fold 1: acc3=0.655
      S071 fold 2: acc3=0.679
      S079 fold 0: acc3=0.259
      S079 fold 1: acc3=0.407
      S079 fold 2: acc3=0.333
      S109 fold 0: acc3=0.233
      S109 fold 1: acc3=0.310
      S109 fold 2: acc3=0.517
  grupo 3/6 | alvos [12, 34, 60, 91, 95] | pool=98 (3min)
      pool treinado (104s) — serve aos 5 alvos do grupo
      S012 fold 0: acc3=0.467
      S012 fold 1: acc3=0.621
      S012 fold 2: acc3=0.379
      S034 fold 0: acc3=0.724
      S034 fold 1: acc3=0.690
      S034 fold 2: acc3=0.724
      S060 fold 0: acc3=0.679
      S060 fold 1: acc3=0.643
      S060 fold 2: acc3=0.464
      S091 fold 0: acc3=0.400
      S091 fold 1: acc3=0.700
      S091 fold 2: acc3=0.633
      S095 fold 0: acc3=0.536
      S095 fold 1: acc3=0.393
      S095 fold 2: acc3=0.444
  grupo 4/6 | alvos [25, 31, 87, 106, 108] | pool=98 (5min)
      pool treinado (54s) — serve aos 5 alvos do grupo
      S025 fold 0: acc3=0.800
      S025 fold 1: acc3=0.667
      S025 fold 2: acc3=0.767
      S031 fold 0: acc3=0.667
      S031 fold 1: acc3=0.724
      S031 fold 2: acc3=0.862
      S087 fold 0: acc3=0.433
      S087 fold 1: acc3=0.400
      S087 fold 2: acc3=0.400
      S106 fold 0: acc3=0.433
      S106 fold 1: acc3=0.586
      S106 fold 2: acc3=0.586
      S108 fold 0: acc3=0.483
      S108 fold 1: acc3=0.345
      S108 fold 2: acc3=0.357
  grupo 5/6 | alvos [41, 45, 63, 83, 105] | pool=98 (6min)
      pool treinado (80s) — serve aos 5 alvos do grupo
      S041 fold 0: acc3=0.500
      S041 fold 1: acc3=0.500
      S041 fold 2: acc3=0.433
      S045 fold 0: acc3=0.586
      S045 fold 1: acc3=0.793
      S045 fold 2: acc3=0.724
      S063 fold 0: acc3=0.600
      S063 fold 1: acc3=0.467
      S063 fold 2: acc3=0.483
      S083 fold 0: acc3=0.607
      S083 fold 1: acc3=0.679
      S083 fold 2: acc3=0.630
      S105 fold 0: acc3=0.517
      S105 fold 1: acc3=0.690
      S105 fold 2: acc3=0.483
  grupo 6/6 | alvos [18, 49, 68, 76, 98] | pool=98 (7min)
      pool treinado (65s) — serve aos 5 alvos do grupo
      S018 fold 0: acc3=0.300
      S018 fold 1: acc3=0.241
      S018 fold 2: acc3=0.207
      S049 fold 0: acc3=0.679
      S049 fold 1: acc3=0.704
      S049 fold 2: acc3=0.778
      S068 fold 0: acc3=0.700
      S068 fold 1: acc3=0.379
      S068 fold 2: acc3=0.414
      S076 fold 0: acc3=0.333
      S076 fold 1: acc3=0.200
      S076 fold 2: acc3=0.345
      S098 fold 0: acc3=0.200
      S098 fold 1: acc3=0.467
      S098 fold 2: acc3=0.433

BENCH_MONTAGENS_DONE (9min)
CUDA=True | montagens=['21'] | modelos=['eegsym'] | alvos=30 | folds=3
  contrato 5cb6c6358c | banda 4-40 Hz ordem 5 | CAR on | IQR k=1.5 | calib 48 | fases mi
  aninhamento 2<4<8<16<21<32<64 verificado
  montagem      E  D centro  simetria
  64           27 27     10  sim
  32           14 14      4  sim
  21            9  8      4  NAO (aceita por decisao)
  16            6  6      4  sim
  8             3  3      2  sim
  4             2  2      0  sim
  2             1  1      0  sim
  3             1  1      1  sim
  sem_fz        4  3      1  NAO (aceita por decisao)
  posterior8    4  4      0  sim
  ocular4       2  2      0  sim
  6 grupos de alvos (semente 42), pool = 98 sujeitos:
    grupo 1: [3, 22, 57, 102, 107]
    grupo 2: [7, 52, 71, 79, 109]
    grupo 3: [12, 34, 60, 91, 95]
    grupo 4: [25, 31, 87, 106, 108]
    grupo 5: [41, 45, 63, 83, 105]
    grupo 6: [18, 49, 68, 76, 98]
  retomando: 4140 celulas ja concluidas sob 5cb6c6358c

==============================================================
  MONTAGEM 21 (21 canais) | MODELO eegsym | 0min
==============================================================
  grupo 1/6 | alvos [3, 22, 57, 102, 107] | pool=98 (0min)
      ramo E: C3 C1 C5 FC1 FC3 FC5 CP1 CP3 Cz FCz CPz Fz
      ramo D: C4 C2 C6 FC2 FC4 FC6 CP2 CP4 Cz FCz CPz Fz
      descartados (lateral sem par): CP5
      pool treinado (52s) — serve aos 5 alvos do grupo
      S003 fold 0: acc3=0.138
      S003 fold 1: acc3=0.464
      S003 fold 2: acc3=0.357
      S022 fold 0: acc3=0.552
      S022 fold 1: acc3=0.429
      S022 fold 2: acc3=0.571
      S057 fold 0: acc3=0.367
      S057 fold 1: acc3=0.379
      S057 fold 2: acc3=0.552
      S102 fold 0: acc3=0.464
      S102 fold 1: acc3=0.464
      S102 fold 2: acc3=0.679
      S107 fold 0: acc3=0.357
      S107 fold 1: acc3=0.321
      S107 fold 2: acc3=0.357
  grupo 2/6 | alvos [7, 52, 71, 79, 109] | pool=98 (1min)
      pool treinado (49s) — serve aos 5 alvos do grupo
      S007 fold 0: acc3=0.724
      S007 fold 1: acc3=0.621
      S007 fold 2: acc3=0.690
      S052 fold 0: acc3=0.571
      S052 fold 1: acc3=0.750
      S052 fold 2: acc3=0.536
      S071 fold 0: acc3=0.621
      S071 fold 1: acc3=0.621
      S071 fold 2: acc3=0.607
      S079 fold 0: acc3=0.333
      S079 fold 1: acc3=0.593
      S079 fold 2: acc3=0.222
      S109 fold 0: acc3=0.267
      S109 fold 1: acc3=0.241
      S109 fold 2: acc3=0.241
  grupo 3/6 | alvos [12, 34, 60, 91, 95] | pool=98 (2min)
      pool treinado (76s) — serve aos 5 alvos do grupo
      S012 fold 0: acc3=0.500
      S012 fold 1: acc3=0.414
      S012 fold 2: acc3=0.448
      S034 fold 0: acc3=0.828
      S034 fold 1: acc3=0.552
      S034 fold 2: acc3=0.552
      S060 fold 0: acc3=0.643
      S060 fold 1: acc3=0.571
      S060 fold 2: acc3=0.571
      S091 fold 0: acc3=0.567
      S091 fold 1: acc3=0.600
      S091 fold 2: acc3=0.433
      S095 fold 0: acc3=0.321
      S095 fold 1: acc3=0.607
      S095 fold 2: acc3=0.407
  grupo 4/6 | alvos [25, 31, 87, 106, 108] | pool=98 (4min)
      pool treinado (90s) — serve aos 5 alvos do grupo
      S025 fold 0: acc3=0.733
      S025 fold 1: acc3=0.700
      S025 fold 2: acc3=0.667
      S031 fold 0: acc3=0.533
      S031 fold 1: acc3=0.724
      S031 fold 2: acc3=0.724
      S087 fold 0: acc3=0.233
      S087 fold 1: acc3=0.400
      S087 fold 2: acc3=0.233
      S106 fold 0: acc3=0.533
      S106 fold 1: acc3=0.517
      S106 fold 2: acc3=0.483
      S108 fold 0: acc3=0.483
      S108 fold 1: acc3=0.345
      S108 fold 2: acc3=0.536
  grupo 5/6 | alvos [41, 45, 63, 83, 105] | pool=98 (5min)
      pool treinado (64s) — serve aos 5 alvos do grupo
      S041 fold 0: acc3=0.367
      S041 fold 1: acc3=0.533
      S041 fold 2: acc3=0.600
      S045 fold 0: acc3=0.655
      S045 fold 1: acc3=0.655
      S045 fold 2: acc3=0.621
      S063 fold 0: acc3=0.533
      S063 fold 1: acc3=0.400
      S063 fold 2: acc3=0.448
      S083 fold 0: acc3=0.643
      S083 fold 1: acc3=0.643
      S083 fold 2: acc3=0.630
      S105 fold 0: acc3=0.621
      S105 fold 1: acc3=0.621
      S105 fold 2: acc3=0.552
  grupo 6/6 | alvos [18, 49, 68, 76, 98] | pool=98 (7min)
      pool treinado (85s) — serve aos 5 alvos do grupo
      S018 fold 0: acc3=0.367
      S018 fold 1: acc3=0.207
      S018 fold 2: acc3=0.379
      S049 fold 0: acc3=0.607
      S049 fold 1: acc3=0.556
      S049 fold 2: acc3=0.630
      S068 fold 0: acc3=0.500
      S068 fold 1: acc3=0.655
      S068 fold 2: acc3=0.586
      S076 fold 0: acc3=0.400
      S076 fold 1: acc3=0.167
      S076 fold 2: acc3=0.379
      S098 fold 0: acc3=0.300
      S098 fold 1: acc3=0.567
      S098 fold 2: acc3=0.500

BENCH_MONTAGENS_DONE (8min)
CUDA=True | montagens=['21'] | modelos=['shallow_convnet'] | alvos=30 | folds=3
  contrato 5cb6c6358c | banda 4-40 Hz ordem 5 | CAR on | IQR k=1.5 | calib 48 | fases mi
  aninhamento 2<4<8<16<21<32<64 verificado
  montagem      E  D centro  simetria
  64           27 27     10  sim
  32           14 14      4  sim
  21            9  8      4  NAO (aceita por decisao)
  16            6  6      4  sim
  8             3  3      2  sim
  4             2  2      0  sim
  2             1  1      0  sim
  3             1  1      1  sim
  sem_fz        4  3      1  NAO (aceita por decisao)
  posterior8    4  4      0  sim
  ocular4       2  2      0  sim
  6 grupos de alvos (semente 42), pool = 98 sujeitos:
    grupo 1: [3, 22, 57, 102, 107]
    grupo 2: [7, 52, 71, 79, 109]
    grupo 3: [12, 34, 60, 91, 95]
    grupo 4: [25, 31, 87, 106, 108]
    grupo 5: [41, 45, 63, 83, 105]
    grupo 6: [18, 49, 68, 76, 98]
  retomando: 4230 celulas ja concluidas sob 5cb6c6358c

==============================================================
  MONTAGEM 21 (21 canais) | MODELO shallow_convnet | 0min
==============================================================
  grupo 1/6 | alvos [3, 22, 57, 102, 107] | pool=98 (0min)
    [ShallowConvNet] Epoch   1/200 | Train Loss: 1.6591 | Val Loss: 1.3476
    [ShallowConvNet] Epoch  11/200 | Train Loss: 1.3106 | Val Loss: 1.2883
    [ShallowConvNet] Epoch  21/200 | Train Loss: 1.2544 | Val Loss: 1.2754
    [ShallowConvNet] Early stopping na época 27 com Val Loss: 1.2498
      pool treinado (33s) — serve aos 5 alvos do grupo
    [ShallowConvNet] Epoch   1/80 | Train Loss: 1.5863 | Val Loss: 1.6168
    [ShallowConvNet] Epoch  11/80 | Train Loss: 1.4129 | Val Loss: 1.5615
    [ShallowConvNet] Epoch  21/80 | Train Loss: 1.2419 | Val Loss: 1.5591
    [ShallowConvNet] Epoch  31/80 | Train Loss: 1.1090 | Val Loss: 1.5393
    [ShallowConvNet] Epoch  41/80 | Train Loss: 1.0256 | Val Loss: 1.5204
    [ShallowConvNet] Epoch  51/80 | Train Loss: 0.9841 | Val Loss: 1.4885
    [ShallowConvNet] Epoch  61/80 | Train Loss: 0.8937 | Val Loss: 1.4692
    [ShallowConvNet] Epoch  71/80 | Train Loss: 0.7873 | Val Loss: 1.4565
    [ShallowConvNet] Epoch  80/80 | Train Loss: 0.7390 | Val Loss: 1.4223
      S003 fold 0: acc3=0.276
    [ShallowConvNet] Epoch   1/80 | Train Loss: 1.5371 | Val Loss: 1.9067
    [ShallowConvNet] Epoch  11/80 | Train Loss: 1.4231 | Val Loss: 1.9030
    [ShallowConvNet] Epoch  21/80 | Train Loss: 1.2968 | Val Loss: 1.8903
    [ShallowConvNet] Epoch  31/80 | Train Loss: 1.0907 | Val Loss: 1.8372
    [ShallowConvNet] Epoch  41/80 | Train Loss: 0.9813 | Val Loss: 1.7560
    [ShallowConvNet] Epoch  51/80 | Train Loss: 0.8917 | Val Loss: 1.6908
    [ShallowConvNet] Epoch  61/80 | Train Loss: 0.8280 | Val Loss: 1.7083
    [ShallowConvNet] Early stopping na época 66 com Val Loss: 1.6908
      S003 fold 1: acc3=0.321
    [ShallowConvNet] Epoch   1/80 | Train Loss: 1.6471 | Val Loss: 2.5591
    [ShallowConvNet] Epoch  11/80 | Train Loss: 1.3430 | Val Loss: 2.7163
    [ShallowConvNet] Early stopping na época 16 com Val Loss: 2.5591
      S003 fold 2: acc3=0.214
    [ShallowConvNet] Epoch   1/80 | Train Loss: 1.2497 | Val Loss: 1.3131
    [ShallowConvNet] Epoch  11/80 | Train Loss: 1.0727 | Val Loss: 1.3662
    [ShallowConvNet] Early stopping na época 18 com Val Loss: 1.2965
      S022 fold 0: acc3=0.690
    [ShallowConvNet] Epoch   1/80 | Train Loss: 1.2089 | Val Loss: 1.3809
    [ShallowConvNet] Epoch  11/80 | Train Loss: 1.1121 | Val Loss: 1.3317
    [ShallowConvNet] Epoch  21/80 | Train Loss: 0.9294 | Val Loss: 1.3127
    [ShallowConvNet] Epoch  31/80 | Train Loss: 0.7677 | Val Loss: 1.2993
    [ShallowConvNet] Epoch  41/80 | Train Loss: 0.7475 | Val Loss: 1.2979
    [ShallowConvNet] Epoch  51/80 | Train Loss: 0.6267 | Val Loss: 1.3007
    [ShallowConvNet] Epoch  61/80 | Train Loss: 0.4722 | Val Loss: 1.3213
    [ShallowConvNet] Early stopping na época 63 com Val Loss: 1.2908
      S022 fold 1: acc3=0.714
    [ShallowConvNet] Epoch   1/80 | Train Loss: 1.2811 | Val Loss: 1.3502
    [ShallowConvNet] Epoch  11/80 | Train Loss: 1.0784 | Val Loss: 1.4102
    [ShallowConvNet] Early stopping na época 16 com Val Loss: 1.3502
      S022 fold 2: acc3=0.500
    [ShallowConvNet] Epoch   1/80 | Train Loss: 1.4538 | Val Loss: 1.0356
    [ShallowConvNet] Epoch  11/80 | Train Loss: 1.1896 | Val Loss: 1.0384
    [ShallowConvNet] Early stopping na época 18 com Val Loss: 1.0350
      S057 fold 0: acc3=0.400
    [ShallowConvNet] Epoch   1/80 | Train Loss: 1.6640 | Val Loss: 1.2079
    [ShallowConvNet] Epoch  11/80 | Train Loss: 1.3033 | Val Loss: 1.1867
    [ShallowConvNet] Epoch  21/80 | Train Loss: 1.1977 | Val Loss: 1.1515
    [ShallowConvNet] Epoch  31/80 | Train Loss: 1.0770 | Val Loss: 1.1568
    [ShallowConvNet] Epoch  41/80 | Train Loss: 0.9287 | Val Loss: 1.1409
    [ShallowConvNet] Early stopping na época 41 com Val Loss: 1.1379
      S057 fold 1: acc3=0.414
    [ShallowConvNet] Epoch   1/80 | Train Loss: 1.4280 | Val Loss: 1.4618
    [ShallowConvNet] Epoch  11/80 | Train Loss: 1.1269 | Val Loss: 1.4707
    [ShallowConvNet] Early stopping na época 16 com Val Loss: 1.4618
      S057 fold 2: acc3=0.448
    [ShallowConvNet] Epoch   1/80 | Train Loss: 1.0636 | Val Loss: 1.1518
    [ShallowConvNet] Epoch  11/80 | Train Loss: 0.9959 | Val Loss: 0.9960
    [ShallowConvNet] Epoch  21/80 | Train Loss: 0.8914 | Val Loss: 0.9667
    [ShallowConvNet] Epoch  31/80 | Train Loss: 0.7530 | Val Loss: 0.9314
    [ShallowConvNet] Epoch  41/80 | Train Loss: 0.6068 | Val Loss: 0.8855
    [ShallowConvNet] Epoch  51/80 | Train Loss: 0.5653 | Val Loss: 0.8438
    [ShallowConvNet] Epoch  61/80 | Train Loss: 0.4681 | Val Loss: 0.7983
    [ShallowConvNet] Epoch  71/80 | Train Loss: 0.4478 | Val Loss: 0.7612
    [ShallowConvNet] Epoch  80/80 | Train Loss: 0.3400 | Val Loss: 0.7306
      S102 fold 0: acc3=0.786
    [ShallowConvNet] Epoch   1/80 | Train Loss: 1.2366 | Val Loss: 1.1509
    [ShallowConvNet] Epoch  11/80 | Train Loss: 1.0862 | Val Loss: 1.0214
    [ShallowConvNet] Epoch  21/80 | Train Loss: 0.8550 | Val Loss: 1.0534
    [ShallowConvNet] Early stopping na época 26 com Val Loss: 1.0214
      S102 fold 1: acc3=0.714
    [ShallowConvNet] Epoch   1/80 | Train Loss: 1.2423 | Val Loss: 1.3710
    [ShallowConvNet] Epoch  11/80 | Train Loss: 0.9935 | Val Loss: 1.2161
    [ShallowConvNet] Epoch  21/80 | Train Loss: 0.8819 | Val Loss: 1.1797
    [ShallowConvNet] Epoch  31/80 | Train Loss: 0.7169 | Val Loss: 1.2034
    [ShallowConvNet] Early stopping na época 32 com Val Loss: 1.1726
      S102 fold 2: acc3=0.643
    [ShallowConvNet] Epoch   1/80 | Train Loss: 1.3984 | Val Loss: 1.4360
    [ShallowConvNet] Epoch  11/80 | Train Loss: 1.1942 | Val Loss: 1.5219
    [ShallowConvNet] Early stopping na época 16 com Val Loss: 1.4360
      S107 fold 0: acc3=0.571
    [ShallowConvNet] Epoch   1/80 | Train Loss: 1.2673 | Val Loss: 0.8826
    [ShallowConvNet] Epoch  11/80 | Train Loss: 1.0038 | Val Loss: 0.9682
    [ShallowConvNet] Early stopping na época 16 com Val Loss: 0.8826
      S107 fold 1: acc3=0.357
    [ShallowConvNet] Epoch   1/80 | Train Loss: 1.2767 | Val Loss: 1.4354
    [ShallowConvNet] Epoch  11/80 | Train Loss: 1.0529 | Val Loss: 1.4718
    [ShallowConvNet] Early stopping na época 17 com Val Loss: 1.4353
      S107 fold 2: acc3=0.536
  grupo 2/6 | alvos [7, 52, 71, 79, 109] | pool=98 (1min)
    [ShallowConvNet] Epoch   1/200 | Train Loss: 1.6712 | Val Loss: 1.4155
    [ShallowConvNet] Epoch  11/200 | Train Loss: 1.3227 | Val Loss: 1.3131
    [ShallowConvNet] Epoch  21/200 | Train Loss: 1.2542 | Val Loss: 1.3142
    [ShallowConvNet] Epoch  31/200 | Train Loss: 1.2129 | Val Loss: 1.3225
    [ShallowConvNet] Early stopping na época 34 com Val Loss: 1.2727
      pool treinado (40s) — serve aos 5 alvos do grupo
    [ShallowConvNet] Epoch   1/80 | Train Loss: 1.0629 | Val Loss: 1.1942
    [ShallowConvNet] Epoch  11/80 | Train Loss: 0.8442 | Val Loss: 1.2061
    [ShallowConvNet] Epoch  21/80 | Train Loss: 0.6950 | Val Loss: 1.1325
    [ShallowConvNet] Epoch  31/80 | Train Loss: 0.6524 | Val Loss: 1.0941
    [ShallowConvNet] Epoch  41/80 | Train Loss: 0.5226 | Val Loss: 1.0345
    [ShallowConvNet] Epoch  51/80 | Train Loss: 0.4880 | Val Loss: 1.0360
    [ShallowConvNet] Epoch  61/80 | Train Loss: 0.4487 | Val Loss: 0.9806
    [ShallowConvNet] Epoch  71/80 | Train Loss: 0.4028 | Val Loss: 0.9867
    [ShallowConvNet] Early stopping na época 77 com Val Loss: 0.9773
      S007 fold 0: acc3=0.759
    [ShallowConvNet] Epoch   1/80 | Train Loss: 0.9424 | Val Loss: 0.8004
    [ShallowConvNet] Epoch  11/80 | Train Loss: 0.7124 | Val Loss: 0.7790
    [ShallowConvNet] Early stopping na época 20 com Val Loss: 0.7616
      S007 fold 1: acc3=0.621
    [ShallowConvNet] Epoch   1/80 | Train Loss: 1.0295 | Val Loss: 0.5282
    [ShallowConvNet] Epoch  11/80 | Train Loss: 0.7949 | Val Loss: 0.4812
    [ShallowConvNet] Epoch  21/80 | Train Loss: 0.8177 | Val Loss: 0.4469
    [ShallowConvNet] Epoch  31/80 | Train Loss: 0.5475 | Val Loss: 0.4241
    [ShallowConvNet] Epoch  41/80 | Train Loss: 0.4697 | Val Loss: 0.4119
    [ShallowConvNet] Epoch  51/80 | Train Loss: 0.4180 | Val Loss: 0.3958
    [ShallowConvNet] Epoch  61/80 | Train Loss: 0.4441 | Val Loss: 0.3851
    [ShallowConvNet] Epoch  71/80 | Train Loss: 0.4279 | Val Loss: 0.3871
    [ShallowConvNet] Epoch  80/80 | Train Loss: 0.2969 | Val Loss: 0.3680
      S007 fold 2: acc3=0.655
    [ShallowConvNet] Epoch   1/80 | Train Loss: 1.2968 | Val Loss: 1.1062
    [ShallowConvNet] Epoch  11/80 | Train Loss: 1.0739 | Val Loss: 1.0112
    [ShallowConvNet] Epoch  21/80 | Train Loss: 1.0231 | Val Loss: 1.0196
    [ShallowConvNet] Early stopping na época 27 com Val Loss: 1.0037
      S052 fold 0: acc3=0.679
    [ShallowConvNet] Epoch   1/80 | Train Loss: 1.3006 | Val Loss: 1.0620
    [ShallowConvNet] Epoch  11/80 | Train Loss: 0.9696 | Val Loss: 1.2076
    [ShallowConvNet] Early stopping na época 16 com Val Loss: 1.0620
      S052 fold 1: acc3=0.714
    [ShallowConvNet] Epoch   1/80 | Train Loss: 1.2374 | Val Loss: 0.3266
    [ShallowConvNet] Epoch  11/80 | Train Loss: 0.9261 | Val Loss: 0.3736
    [ShallowConvNet] Early stopping na época 16 com Val Loss: 0.3266
      S052 fold 2: acc3=0.500
    [ShallowConvNet] Epoch   1/80 | Train Loss: 1.0315 | Val Loss: 0.9750
    [ShallowConvNet] Epoch  11/80 | Train Loss: 1.0514 | Val Loss: 0.8647
    [ShallowConvNet] Epoch  21/80 | Train Loss: 0.7544 | Val Loss: 0.9285
    [ShallowConvNet] Early stopping na época 23 com Val Loss: 0.8570
      S071 fold 0: acc3=0.724
    [ShallowConvNet] Epoch   1/80 | Train Loss: 1.1232 | Val Loss: 1.3878
    [ShallowConvNet] Epoch  11/80 | Train Loss: 0.9489 | Val Loss: 1.3143
    [ShallowConvNet] Epoch  21/80 | Train Loss: 0.8971 | Val Loss: 1.2705
    [ShallowConvNet] Epoch  31/80 | Train Loss: 0.7369 | Val Loss: 1.2138
    [ShallowConvNet] Epoch  41/80 | Train Loss: 0.6350 | Val Loss: 1.2056
    [ShallowConvNet] Epoch  51/80 | Train Loss: 0.5604 | Val Loss: 1.1987
    [ShallowConvNet] Epoch  61/80 | Train Loss: 0.5485 | Val Loss: 1.1835
    [ShallowConvNet] Early stopping na época 61 com Val Loss: 1.1794
      S071 fold 1: acc3=0.724
    [ShallowConvNet] Epoch   1/80 | Train Loss: 0.9735 | Val Loss: 0.7949
    [ShallowConvNet] Epoch  11/80 | Train Loss: 1.0355 | Val Loss: 0.6735
    [ShallowConvNet] Epoch  21/80 | Train Loss: 0.7430 | Val Loss: 0.6494
    [ShallowConvNet] Epoch  31/80 | Train Loss: 0.7133 | Val Loss: 0.6428
    [ShallowConvNet] Epoch  41/80 | Train Loss: 0.6230 | Val Loss: 0.6148
    [ShallowConvNet] Epoch  51/80 | Train Loss: 0.5092 | Val Loss: 0.6160
    [ShallowConvNet] Epoch  61/80 | Train Loss: 0.4739 | Val Loss: 0.6114
    [ShallowConvNet] Epoch  71/80 | Train Loss: 0.4482 | Val Loss: 0.6029
    [ShallowConvNet] Epoch  80/80 | Train Loss: 0.4583 | Val Loss: 0.5977
      S071 fold 2: acc3=0.679
    [ShallowConvNet] Epoch   1/80 | Train Loss: 1.4812 | Val Loss: 1.8212
    [ShallowConvNet] Epoch  11/80 | Train Loss: 1.4918 | Val Loss: 1.7864
    [ShallowConvNet] Epoch  21/80 | Train Loss: 1.1803 | Val Loss: 1.8049
    [ShallowConvNet] Early stopping na época 23 com Val Loss: 1.7860
      S079 fold 0: acc3=0.259
    [ShallowConvNet] Epoch   1/80 | Train Loss: 1.5707 | Val Loss: 1.7053
    [ShallowConvNet] Epoch  11/80 | Train Loss: 1.4523 | Val Loss: 1.4238
    [ShallowConvNet] Epoch  21/80 | Train Loss: 1.1975 | Val Loss: 1.3037
    [ShallowConvNet] Epoch  31/80 | Train Loss: 1.1999 | Val Loss: 1.2159
    [ShallowConvNet] Epoch  41/80 | Train Loss: 1.1354 | Val Loss: 1.1919
    [ShallowConvNet] Epoch  51/80 | Train Loss: 0.9376 | Val Loss: 1.2061
    [ShallowConvNet] Early stopping na época 53 com Val Loss: 1.1842
      S079 fold 1: acc3=0.407
    [ShallowConvNet] Epoch   1/80 | Train Loss: 1.5156 | Val Loss: 1.6788
    [ShallowConvNet] Epoch  11/80 | Train Loss: 1.2637 | Val Loss: 1.6208
    [ShallowConvNet] Epoch  21/80 | Train Loss: 1.0869 | Val Loss: 1.5950
    [ShallowConvNet] Epoch  31/80 | Train Loss: 1.0019 | Val Loss: 1.5774
    [ShallowConvNet] Epoch  41/80 | Train Loss: 0.9779 | Val Loss: 1.5577
    [ShallowConvNet] Epoch  51/80 | Train Loss: 0.8703 | Val Loss: 1.5362
    [ShallowConvNet] Epoch  61/80 | Train Loss: 0.7261 | Val Loss: 1.5220
    [ShallowConvNet] Epoch  71/80 | Train Loss: 0.6805 | Val Loss: 1.5208
    [ShallowConvNet] Epoch  80/80 | Train Loss: 0.6638 | Val Loss: 1.5066
      S079 fold 2: acc3=0.296
    [ShallowConvNet] Epoch   1/80 | Train Loss: 1.5889 | Val Loss: 1.2948
    [ShallowConvNet] Epoch  11/80 | Train Loss: 1.3774 | Val Loss: 1.6715
    [ShallowConvNet] Early stopping na época 16 com Val Loss: 1.2948
      S109 fold 0: acc3=0.300
    [ShallowConvNet] Epoch   1/80 | Train Loss: 1.4382 | Val Loss: 2.1130
    [ShallowConvNet] Epoch  11/80 | Train Loss: 1.2223 | Val Loss: 1.6461
    [ShallowConvNet] Epoch  21/80 | Train Loss: 1.2167 | Val Loss: 1.7307
    [ShallowConvNet] Early stopping na época 22 com Val Loss: 1.5994
      S109 fold 1: acc3=0.379
    [ShallowConvNet] Epoch   1/80 | Train Loss: 1.5240 | Val Loss: 1.6961
    [ShallowConvNet] Epoch  11/80 | Train Loss: 1.3171 | Val Loss: 1.4292
    [ShallowConvNet] Epoch  21/80 | Train Loss: 1.2800 | Val Loss: 1.4533
    [ShallowConvNet] Early stopping na época 25 com Val Loss: 1.4240
      S109 fold 2: acc3=0.517
  grupo 3/6 | alvos [12, 34, 60, 91, 95] | pool=98 (2min)
    [ShallowConvNet] Epoch   1/200 | Train Loss: 1.6650 | Val Loss: 1.3543
    [ShallowConvNet] Epoch  11/200 | Train Loss: 1.3400 | Val Loss: 1.2750
    [ShallowConvNet] Epoch  21/200 | Train Loss: 1.2580 | Val Loss: 1.3345
    [ShallowConvNet] Epoch  31/200 | Train Loss: 1.2173 | Val Loss: 1.3055
    [ShallowConvNet] Early stopping na época 31 com Val Loss: 1.2750
      pool treinado (37s) — serve aos 5 alvos do grupo
    [ShallowConvNet] Epoch   1/80 | Train Loss: 1.3394 | Val Loss: 1.4366
    [ShallowConvNet] Epoch  11/80 | Train Loss: 1.1619 | Val Loss: 1.2641
    [ShallowConvNet] Epoch  21/80 | Train Loss: 1.0152 | Val Loss: 1.3229
    [ShallowConvNet] Early stopping na época 25 com Val Loss: 1.2585
      S012 fold 0: acc3=0.500
    [ShallowConvNet] Epoch   1/80 | Train Loss: 1.4785 | Val Loss: 1.2525
    [ShallowConvNet] Epoch  11/80 | Train Loss: 1.2218 | Val Loss: 1.2665
    [ShallowConvNet] Early stopping na época 19 com Val Loss: 1.2468
      S012 fold 1: acc3=0.690
    [ShallowConvNet] Epoch   1/80 | Train Loss: 1.2900 | Val Loss: 1.2559
    [ShallowConvNet] Epoch  11/80 | Train Loss: 1.2023 | Val Loss: 1.0309
    [ShallowConvNet] Epoch  21/80 | Train Loss: 1.0269 | Val Loss: 1.0193
    [ShallowConvNet] Early stopping na época 29 com Val Loss: 1.0118
      S012 fold 2: acc3=0.448
    [ShallowConvNet] Epoch   1/80 | Train Loss: 1.0850 | Val Loss: 1.0673
    [ShallowConvNet] Epoch  11/80 | Train Loss: 0.7717 | Val Loss: 0.7465
    [ShallowConvNet] Epoch  21/80 | Train Loss: 0.7873 | Val Loss: 0.8475
    [ShallowConvNet] Early stopping na época 26 com Val Loss: 0.7465
      S034 fold 0: acc3=0.793
    [ShallowConvNet] Epoch   1/80 | Train Loss: 0.9953 | Val Loss: 1.0087
    [ShallowConvNet] Epoch  11/80 | Train Loss: 0.7354 | Val Loss: 1.0653
    [ShallowConvNet] Early stopping na época 19 com Val Loss: 0.9443
      S034 fold 1: acc3=0.655
    [ShallowConvNet] Epoch   1/80 | Train Loss: 0.8946 | Val Loss: 0.9197
    [ShallowConvNet] Epoch  11/80 | Train Loss: 0.7040 | Val Loss: 0.6906
    [ShallowConvNet] Epoch  21/80 | Train Loss: 0.5674 | Val Loss: 0.6871
    [ShallowConvNet] Early stopping na época 29 com Val Loss: 0.6425
      S034 fold 2: acc3=0.690
    [ShallowConvNet] Epoch   1/80 | Train Loss: 1.2317 | Val Loss: 0.8523
    [ShallowConvNet] Epoch  11/80 | Train Loss: 0.9675 | Val Loss: 0.8447
    [ShallowConvNet] Epoch  21/80 | Train Loss: 0.8473 | Val Loss: 0.8177
    [ShallowConvNet] Epoch  31/80 | Train Loss: 0.8291 | Val Loss: 0.7844
    [ShallowConvNet] Epoch  41/80 | Train Loss: 0.7140 | Val Loss: 0.7744
    [ShallowConvNet] Epoch  51/80 | Train Loss: 0.5897 | Val Loss: 0.7698
    [ShallowConvNet] Epoch  61/80 | Train Loss: 0.5419 | Val Loss: 0.7485
    [ShallowConvNet] Epoch  71/80 | Train Loss: 0.4831 | Val Loss: 0.7434
    [ShallowConvNet] Epoch  80/80 | Train Loss: 0.4640 | Val Loss: 0.7382
      S060 fold 0: acc3=0.607
    [ShallowConvNet] Epoch   1/80 | Train Loss: 1.1547 | Val Loss: 1.1032
    [ShallowConvNet] Epoch  11/80 | Train Loss: 0.9068 | Val Loss: 1.1022
    [ShallowConvNet] Epoch  21/80 | Train Loss: 0.8657 | Val Loss: 1.1123
    [ShallowConvNet] Early stopping na época 28 com Val Loss: 1.0982
      S060 fold 1: acc3=0.571
    [ShallowConvNet] Epoch   1/80 | Train Loss: 1.0950 | Val Loss: 1.3829
    [ShallowConvNet] Epoch  11/80 | Train Loss: 0.8863 | Val Loss: 1.4325
    [ShallowConvNet] Early stopping na época 17 com Val Loss: 1.3799
      S060 fold 2: acc3=0.464
    [ShallowConvNet] Epoch   1/80 | Train Loss: 1.1414 | Val Loss: 1.0660
    [ShallowConvNet] Epoch  11/80 | Train Loss: 0.8857 | Val Loss: 1.0167
    [ShallowConvNet] Epoch  21/80 | Train Loss: 0.9087 | Val Loss: 1.0192
    [ShallowConvNet] Early stopping na época 28 com Val Loss: 1.0149
      S091 fold 0: acc3=0.400
    [ShallowConvNet] Epoch   1/80 | Train Loss: 1.2129 | Val Loss: 1.6938
    [ShallowConvNet] Epoch  11/80 | Train Loss: 1.1400 | Val Loss: 1.5958
    [ShallowConvNet] Early stopping na época 20 com Val Loss: 1.5288
      S091 fold 1: acc3=0.600
    [ShallowConvNet] Epoch   1/80 | Train Loss: 1.3987 | Val Loss: 1.3550
    [ShallowConvNet] Epoch  11/80 | Train Loss: 1.0378 | Val Loss: 1.2707
    [ShallowConvNet] Epoch  21/80 | Train Loss: 1.0987 | Val Loss: 1.3037
    [ShallowConvNet] Early stopping na época 22 com Val Loss: 1.2666
      S091 fold 2: acc3=0.567
    [ShallowConvNet] Epoch   1/80 | Train Loss: 1.4969 | Val Loss: 1.3249
    [ShallowConvNet] Epoch  11/80 | Train Loss: 1.2452 | Val Loss: 1.3387
    [ShallowConvNet] Early stopping na época 18 com Val Loss: 1.3153
      S095 fold 0: acc3=0.393
    [ShallowConvNet] Epoch   1/80 | Train Loss: 1.3995 | Val Loss: 1.9874
    [ShallowConvNet] Epoch  11/80 | Train Loss: 1.1611 | Val Loss: 1.9354
    [ShallowConvNet] Epoch  21/80 | Train Loss: 1.0958 | Val Loss: 1.9386
    [ShallowConvNet] Early stopping na época 25 com Val Loss: 1.9347
      S095 fold 1: acc3=0.464
    [ShallowConvNet] Epoch   1/80 | Train Loss: 1.3371 | Val Loss: 1.5543
    [ShallowConvNet] Epoch  11/80 | Train Loss: 1.1835 | Val Loss: 1.3985
    [ShallowConvNet] Epoch  21/80 | Train Loss: 1.0482 | Val Loss: 1.3578
    [ShallowConvNet] Epoch  31/80 | Train Loss: 0.9189 | Val Loss: 1.3423
    [ShallowConvNet] Epoch  41/80 | Train Loss: 0.8337 | Val Loss: 1.3114
    [ShallowConvNet] Epoch  51/80 | Train Loss: 0.8241 | Val Loss: 1.2978
    [ShallowConvNet] Epoch  61/80 | Train Loss: 0.6638 | Val Loss: 1.2899
    [ShallowConvNet] Epoch  71/80 | Train Loss: 0.5879 | Val Loss: 1.2849
    [ShallowConvNet] Epoch  80/80 | Train Loss: 0.5423 | Val Loss: 1.2702
      S095 fold 2: acc3=0.519
  grupo 4/6 | alvos [25, 31, 87, 106, 108] | pool=98 (2min)
    [ShallowConvNet] Epoch   1/200 | Train Loss: 1.6875 | Val Loss: 1.4212
    [ShallowConvNet] Epoch  11/200 | Train Loss: 1.3423 | Val Loss: 1.3546
    [ShallowConvNet] Epoch  21/200 | Train Loss: 1.2729 | Val Loss: 1.3155
    [ShallowConvNet] Epoch  31/200 | Train Loss: 1.2165 | Val Loss: 1.2668
    [ShallowConvNet] Early stopping na época 36 com Val Loss: 1.2361
      pool treinado (42s) — serve aos 5 alvos do grupo
    [ShallowConvNet] Epoch   1/80 | Train Loss: 1.2062 | Val Loss: 2.0290
    [ShallowConvNet] Epoch  11/80 | Train Loss: 0.9653 | Val Loss: 2.2667
    [ShallowConvNet] Early stopping na época 16 com Val Loss: 2.0290
      S025 fold 0: acc3=0.633
    [ShallowConvNet] Epoch   1/80 | Train Loss: 1.1983 | Val Loss: 1.3162
    [ShallowConvNet] Epoch  11/80 | Train Loss: 0.9226 | Val Loss: 1.4200
    [ShallowConvNet] Early stopping na época 17 com Val Loss: 1.3160
      S025 fold 1: acc3=0.633
    [ShallowConvNet] Epoch   1/80 | Train Loss: 1.3288 | Val Loss: 1.4544
    [ShallowConvNet] Epoch  11/80 | Train Loss: 1.0141 | Val Loss: 1.5454
    [ShallowConvNet] Early stopping na época 17 com Val Loss: 1.4530
      S025 fold 2: acc3=0.567
    [ShallowConvNet] Epoch   1/80 | Train Loss: 1.1812 | Val Loss: 1.3244
    [ShallowConvNet] Epoch  11/80 | Train Loss: 0.8795 | Val Loss: 1.1683
    [ShallowConvNet] Epoch  21/80 | Train Loss: 0.8809 | Val Loss: 1.1475
    [ShallowConvNet] Epoch  31/80 | Train Loss: 0.6964 | Val Loss: 1.1305
    [ShallowConvNet] Epoch  41/80 | Train Loss: 0.6885 | Val Loss: 1.1016
    [ShallowConvNet] Epoch  51/80 | Train Loss: 0.4685 | Val Loss: 1.1197
    [ShallowConvNet] Early stopping na época 59 com Val Loss: 1.0918
      S031 fold 0: acc3=0.633
    [ShallowConvNet] Epoch   1/80 | Train Loss: 1.1917 | Val Loss: 1.0986
    [ShallowConvNet] Epoch  11/80 | Train Loss: 0.9057 | Val Loss: 1.1327
    [ShallowConvNet] Early stopping na época 20 com Val Loss: 1.0900
      S031 fold 1: acc3=0.586
    [ShallowConvNet] Epoch   1/80 | Train Loss: 1.1845 | Val Loss: 1.1923
    [ShallowConvNet] Epoch  11/80 | Train Loss: 1.1323 | Val Loss: 1.1673
    [ShallowConvNet] Epoch  21/80 | Train Loss: 0.9516 | Val Loss: 1.1562
    [ShallowConvNet] Epoch  31/80 | Train Loss: 0.8426 | Val Loss: 1.1317
    [ShallowConvNet] Epoch  41/80 | Train Loss: 0.6586 | Val Loss: 1.1017
    [ShallowConvNet] Epoch  51/80 | Train Loss: 0.6671 | Val Loss: 1.0723
    [ShallowConvNet] Epoch  61/80 | Train Loss: 0.5942 | Val Loss: 1.0391
    [ShallowConvNet] Epoch  71/80 | Train Loss: 0.5877 | Val Loss: 1.0334
    [ShallowConvNet] Epoch  80/80 | Train Loss: 0.4762 | Val Loss: 1.0389
      S031 fold 2: acc3=0.828
    [ShallowConvNet] Epoch   1/80 | Train Loss: 1.3693 | Val Loss: 1.5152
    [ShallowConvNet] Epoch  11/80 | Train Loss: 1.2767 | Val Loss: 1.4057
    [ShallowConvNet] Epoch  21/80 | Train Loss: 1.1067 | Val Loss: 1.3876
    [ShallowConvNet] Epoch  31/80 | Train Loss: 0.9688 | Val Loss: 1.3806
    [ShallowConvNet] Epoch  41/80 | Train Loss: 0.9838 | Val Loss: 1.3689
    [ShallowConvNet] Epoch  51/80 | Train Loss: 0.7830 | Val Loss: 1.3502
    [ShallowConvNet] Epoch  61/80 | Train Loss: 0.7665 | Val Loss: 1.3385
    [ShallowConvNet] Epoch  71/80 | Train Loss: 0.6793 | Val Loss: 1.3067
    [ShallowConvNet] Epoch  80/80 | Train Loss: 0.6124 | Val Loss: 1.2955
      S087 fold 0: acc3=0.500
    [ShallowConvNet] Epoch   1/80 | Train Loss: 1.2828 | Val Loss: 2.0530
    [ShallowConvNet] Epoch  11/80 | Train Loss: 1.0974 | Val Loss: 2.1855
    [ShallowConvNet] Early stopping na época 16 com Val Loss: 2.0530
      S087 fold 1: acc3=0.400
    [ShallowConvNet] Epoch   1/80 | Train Loss: 1.3114 | Val Loss: 1.4094
    [ShallowConvNet] Epoch  11/80 | Train Loss: 1.1144 | Val Loss: 1.3579
    [ShallowConvNet] Epoch  21/80 | Train Loss: 1.0240 | Val Loss: 1.3337
    [ShallowConvNet] Epoch  31/80 | Train Loss: 0.8886 | Val Loss: 1.3113
    [ShallowConvNet] Epoch  41/80 | Train Loss: 0.9771 | Val Loss: 1.3029
    [ShallowConvNet] Epoch  51/80 | Train Loss: 0.7756 | Val Loss: 1.2709
    [ShallowConvNet] Epoch  61/80 | Train Loss: 0.7721 | Val Loss: 1.2533
    [ShallowConvNet] Epoch  71/80 | Train Loss: 0.6698 | Val Loss: 1.2793
    [ShallowConvNet] Early stopping na época 76 com Val Loss: 1.2533
      S087 fold 2: acc3=0.433
    [ShallowConvNet] Epoch   1/80 | Train Loss: 1.3526 | Val Loss: 1.1834
    [ShallowConvNet] Epoch  11/80 | Train Loss: 1.2525 | Val Loss: 0.9784
    [ShallowConvNet] Epoch  21/80 | Train Loss: 1.0721 | Val Loss: 1.0130
    [ShallowConvNet] Early stopping na época 21 com Val Loss: 0.9488
      S106 fold 0: acc3=0.467
    [ShallowConvNet] Epoch   1/80 | Train Loss: 1.2973 | Val Loss: 1.4868
    [ShallowConvNet] Epoch  11/80 | Train Loss: 1.2011 | Val Loss: 1.4345
    [ShallowConvNet] Epoch  21/80 | Train Loss: 1.1640 | Val Loss: 1.3759
    [ShallowConvNet] Epoch  31/80 | Train Loss: 1.0272 | Val Loss: 1.3192
    [ShallowConvNet] Epoch  41/80 | Train Loss: 0.8495 | Val Loss: 1.3011
    [ShallowConvNet] Epoch  51/80 | Train Loss: 0.7666 | Val Loss: 1.2492
    [ShallowConvNet] Epoch  61/80 | Train Loss: 0.6718 | Val Loss: 1.2056
    [ShallowConvNet] Epoch  71/80 | Train Loss: 0.5808 | Val Loss: 1.1768
    [ShallowConvNet] Epoch  80/80 | Train Loss: 0.6045 | Val Loss: 1.1708
      S106 fold 1: acc3=0.517
    [ShallowConvNet] Epoch   1/80 | Train Loss: 1.3985 | Val Loss: 0.8052
    [ShallowConvNet] Epoch  11/80 | Train Loss: 1.3114 | Val Loss: 0.7645
    [ShallowConvNet] Epoch  21/80 | Train Loss: 1.0239 | Val Loss: 0.7335
    [ShallowConvNet] Epoch  31/80 | Train Loss: 1.0207 | Val Loss: 0.7235
    [ShallowConvNet] Epoch  41/80 | Train Loss: 0.8803 | Val Loss: 0.7317
    [ShallowConvNet] Early stopping na época 50 com Val Loss: 0.7205
      S106 fold 2: acc3=0.379
    [ShallowConvNet] Epoch   1/80 | Train Loss: 1.5631 | Val Loss: 1.6746
    [ShallowConvNet] Epoch  11/80 | Train Loss: 1.1969 | Val Loss: 1.8419
    [ShallowConvNet] Early stopping na época 16 com Val Loss: 1.6746
      S108 fold 0: acc3=0.345
    [ShallowConvNet] Epoch   1/80 | Train Loss: 1.4713 | Val Loss: 1.4960
    [ShallowConvNet] Epoch  11/80 | Train Loss: 1.2174 | Val Loss: 1.3477
    [ShallowConvNet] Epoch  21/80 | Train Loss: 1.1706 | Val Loss: 1.3154
    [ShallowConvNet] Epoch  31/80 | Train Loss: 1.0425 | Val Loss: 1.2938
    [ShallowConvNet] Epoch  41/80 | Train Loss: 0.8616 | Val Loss: 1.2805
    [ShallowConvNet] Epoch  51/80 | Train Loss: 0.8579 | Val Loss: 1.2533
    [ShallowConvNet] Epoch  61/80 | Train Loss: 0.7348 | Val Loss: 1.2280
    [ShallowConvNet] Epoch  71/80 | Train Loss: 0.6795 | Val Loss: 1.2107
    [ShallowConvNet] Epoch  80/80 | Train Loss: 0.6370 | Val Loss: 1.1943
      S108 fold 1: acc3=0.310
    [ShallowConvNet] Epoch   1/80 | Train Loss: 1.5395 | Val Loss: 1.6309
    [ShallowConvNet] Epoch  11/80 | Train Loss: 1.2090 | Val Loss: 1.5535
    [ShallowConvNet] Epoch  21/80 | Train Loss: 1.1143 | Val Loss: 1.6430
    [ShallowConvNet] Early stopping na época 27 com Val Loss: 1.5430
      S108 fold 2: acc3=0.286
  grupo 5/6 | alvos [41, 45, 63, 83, 105] | pool=98 (3min)
    [ShallowConvNet] Epoch   1/200 | Train Loss: 1.7051 | Val Loss: 1.6315
    [ShallowConvNet] Epoch  11/200 | Train Loss: 1.3252 | Val Loss: 1.3070
    [ShallowConvNet] Epoch  21/200 | Train Loss: 1.2533 | Val Loss: 1.3152
    [ShallowConvNet] Epoch  31/200 | Train Loss: 1.2275 | Val Loss: 1.3200
    [ShallowConvNet] Early stopping na época 35 com Val Loss: 1.2547
      pool treinado (41s) — serve aos 5 alvos do grupo
    [ShallowConvNet] Epoch   1/80 | Train Loss: 1.3719 | Val Loss: 1.6995
    [ShallowConvNet] Epoch  11/80 | Train Loss: 1.0798 | Val Loss: 1.8851
    [ShallowConvNet] Early stopping na época 16 com Val Loss: 1.6995
      S041 fold 0: acc3=0.500
    [ShallowConvNet] Epoch   1/80 | Train Loss: 1.3707 | Val Loss: 1.2430
    [ShallowConvNet] Epoch  11/80 | Train Loss: 1.1680 | Val Loss: 1.2186
    [ShallowConvNet] Epoch  21/80 | Train Loss: 1.0937 | Val Loss: 1.3348
    [ShallowConvNet] Early stopping na época 23 com Val Loss: 1.2055
      S041 fold 1: acc3=0.433
    [ShallowConvNet] Epoch   1/80 | Train Loss: 1.3252 | Val Loss: 1.2904
    [ShallowConvNet] Epoch  11/80 | Train Loss: 1.0658 | Val Loss: 1.0640
    [ShallowConvNet] Epoch  21/80 | Train Loss: 0.9304 | Val Loss: 0.9645
    [ShallowConvNet] Epoch  31/80 | Train Loss: 0.8803 | Val Loss: 0.9454
    [ShallowConvNet] Epoch  41/80 | Train Loss: 0.7692 | Val Loss: 0.9283
    [ShallowConvNet] Epoch  51/80 | Train Loss: 0.6825 | Val Loss: 0.9069
    [ShallowConvNet] Epoch  61/80 | Train Loss: 0.6131 | Val Loss: 0.9055
    [ShallowConvNet] Epoch  71/80 | Train Loss: 0.5614 | Val Loss: 0.8912
    [ShallowConvNet] Epoch  80/80 | Train Loss: 0.5808 | Val Loss: 0.8947
      S041 fold 2: acc3=0.533
    [ShallowConvNet] Epoch   1/80 | Train Loss: 1.1233 | Val Loss: 1.3248
    [ShallowConvNet] Epoch  11/80 | Train Loss: 1.0186 | Val Loss: 1.2068
    [ShallowConvNet] Epoch  21/80 | Train Loss: 0.8495 | Val Loss: 1.2983
    [ShallowConvNet] Early stopping na época 21 com Val Loss: 1.1762
      S045 fold 0: acc3=0.621
    [ShallowConvNet] Epoch   1/80 | Train Loss: 1.1103 | Val Loss: 1.5720
    [ShallowConvNet] Epoch  11/80 | Train Loss: 1.0522 | Val Loss: 1.4280
    [ShallowConvNet] Epoch  21/80 | Train Loss: 0.9061 | Val Loss: 1.4010
    [ShallowConvNet] Epoch  31/80 | Train Loss: 0.6571 | Val Loss: 1.3781
    [ShallowConvNet] Epoch  41/80 | Train Loss: 0.6209 | Val Loss: 1.3602
    [ShallowConvNet] Epoch  51/80 | Train Loss: 0.5218 | Val Loss: 1.3348
    [ShallowConvNet] Epoch  61/80 | Train Loss: 0.4271 | Val Loss: 1.3088
    [ShallowConvNet] Epoch  71/80 | Train Loss: 0.5108 | Val Loss: 1.3056
    [ShallowConvNet] Epoch  80/80 | Train Loss: 0.3869 | Val Loss: 1.2947
      S045 fold 1: acc3=0.690
    [ShallowConvNet] Epoch   1/80 | Train Loss: 1.2912 | Val Loss: 1.1239
    [ShallowConvNet] Epoch  11/80 | Train Loss: 0.9529 | Val Loss: 1.1553
    [ShallowConvNet] Early stopping na época 18 com Val Loss: 1.1051
      S045 fold 2: acc3=0.655
    [ShallowConvNet] Epoch   1/80 | Train Loss: 1.5049 | Val Loss: 1.0407
    [ShallowConvNet] Epoch  11/80 | Train Loss: 1.2560 | Val Loss: 1.3299
    [ShallowConvNet] Early stopping na época 16 com Val Loss: 1.0407
      S063 fold 0: acc3=0.533
    [ShallowConvNet] Epoch   1/80 | Train Loss: 1.3750 | Val Loss: 1.7324
    [ShallowConvNet] Epoch  11/80 | Train Loss: 1.1793 | Val Loss: 1.7553
    [ShallowConvNet] Early stopping na época 17 com Val Loss: 1.7312
      S063 fold 1: acc3=0.533
    [ShallowConvNet] Epoch   1/80 | Train Loss: 1.3840 | Val Loss: 1.3387
    [ShallowConvNet] Epoch  11/80 | Train Loss: 1.2308 | Val Loss: 1.1933
    [ShallowConvNet] Epoch  21/80 | Train Loss: 1.1024 | Val Loss: 1.1758
    [ShallowConvNet] Epoch  31/80 | Train Loss: 0.9751 | Val Loss: 1.1683
    [ShallowConvNet] Epoch  41/80 | Train Loss: 0.9490 | Val Loss: 1.1796
    [ShallowConvNet] Early stopping na época 46 com Val Loss: 1.1683
      S063 fold 2: acc3=0.414
    [ShallowConvNet] Epoch   1/80 | Train Loss: 1.1218 | Val Loss: 1.0426
    [ShallowConvNet] Epoch  11/80 | Train Loss: 1.0502 | Val Loss: 0.9194
    [ShallowConvNet] Epoch  21/80 | Train Loss: 0.8332 | Val Loss: 0.8692
    [ShallowConvNet] Epoch  31/80 | Train Loss: 0.7807 | Val Loss: 0.8071
    [ShallowConvNet] Epoch  41/80 | Train Loss: 0.7476 | Val Loss: 0.7737
    [ShallowConvNet] Epoch  51/80 | Train Loss: 0.6450 | Val Loss: 0.7450
    [ShallowConvNet] Epoch  61/80 | Train Loss: 0.6583 | Val Loss: 0.7159
    [ShallowConvNet] Epoch  71/80 | Train Loss: 0.5193 | Val Loss: 0.6828
    [ShallowConvNet] Epoch  80/80 | Train Loss: 0.5457 | Val Loss: 0.6444
      S083 fold 0: acc3=0.679
    [ShallowConvNet] Epoch   1/80 | Train Loss: 1.2534 | Val Loss: 1.1843
    [ShallowConvNet] Epoch  11/80 | Train Loss: 0.9822 | Val Loss: 1.2396
    [ShallowConvNet] Early stopping na época 17 com Val Loss: 1.1822
      S083 fold 1: acc3=0.607
    [ShallowConvNet] Epoch   1/80 | Train Loss: 1.2229 | Val Loss: 1.0564
    [ShallowConvNet] Epoch  11/80 | Train Loss: 1.1100 | Val Loss: 0.9511
    [ShallowConvNet] Epoch  21/80 | Train Loss: 1.0369 | Val Loss: 0.9645
    [ShallowConvNet] Epoch  31/80 | Train Loss: 0.7775 | Val Loss: 0.9701
    [ShallowConvNet] Early stopping na época 32 com Val Loss: 0.9476
      S083 fold 2: acc3=0.593
    [ShallowConvNet] Epoch   1/80 | Train Loss: 1.6745 | Val Loss: 1.7166
    [ShallowConvNet] Epoch  11/80 | Train Loss: 1.3510 | Val Loss: 1.4586
    [ShallowConvNet] Epoch  21/80 | Train Loss: 1.1616 | Val Loss: 1.5130
    [ShallowConvNet] Early stopping na época 25 com Val Loss: 1.4476
      S105 fold 0: acc3=0.655
    [ShallowConvNet] Epoch   1/80 | Train Loss: 1.4354 | Val Loss: 1.2067
    [ShallowConvNet] Epoch  11/80 | Train Loss: 1.0776 | Val Loss: 1.0246
    [ShallowConvNet] Epoch  21/80 | Train Loss: 1.2037 | Val Loss: 0.9581
    [ShallowConvNet] Epoch  31/80 | Train Loss: 0.8237 | Val Loss: 0.9031
    [ShallowConvNet] Epoch  41/80 | Train Loss: 0.8173 | Val Loss: 0.8823
    [ShallowConvNet] Epoch  51/80 | Train Loss: 0.7201 | Val Loss: 0.8800
    [ShallowConvNet] Epoch  61/80 | Train Loss: 0.6128 | Val Loss: 0.8625
    [ShallowConvNet] Epoch  71/80 | Train Loss: 0.5430 | Val Loss: 0.8507
    [ShallowConvNet] Epoch  80/80 | Train Loss: 0.5115 | Val Loss: 0.8599
      S105 fold 1: acc3=0.690
    [ShallowConvNet] Epoch   1/80 | Train Loss: 1.3583 | Val Loss: 1.4283
    [ShallowConvNet] Epoch  11/80 | Train Loss: 1.0972 | Val Loss: 1.6320
    [ShallowConvNet] Early stopping na época 16 com Val Loss: 1.4283
      S105 fold 2: acc3=0.483
  grupo 6/6 | alvos [18, 49, 68, 76, 98] | pool=98 (4min)
    [ShallowConvNet] Epoch   1/200 | Train Loss: 1.6632 | Val Loss: 1.4312
    [ShallowConvNet] Epoch  11/200 | Train Loss: 1.3058 | Val Loss: 1.2980
    [ShallowConvNet] Epoch  21/200 | Train Loss: 1.2628 | Val Loss: 1.5227
    [ShallowConvNet] Epoch  31/200 | Train Loss: 1.2226 | Val Loss: 1.2686
    [ShallowConvNet] Epoch  41/200 | Train Loss: 1.1894 | Val Loss: 1.2914
    [ShallowConvNet] Early stopping na época 44 com Val Loss: 1.2469
      pool treinado (52s) — serve aos 5 alvos do grupo
    [ShallowConvNet] Epoch   1/80 | Train Loss: 1.4132 | Val Loss: 1.4803
    [ShallowConvNet] Epoch  11/80 | Train Loss: 1.2581 | Val Loss: 1.7901
    [ShallowConvNet] Early stopping na época 16 com Val Loss: 1.4803
      S018 fold 0: acc3=0.467
    [ShallowConvNet] Epoch   1/80 | Train Loss: 1.4792 | Val Loss: 1.5649
    [ShallowConvNet] Epoch  11/80 | Train Loss: 1.2420 | Val Loss: 2.2801
    [ShallowConvNet] Early stopping na época 16 com Val Loss: 1.5649
      S018 fold 1: acc3=0.379
    [ShallowConvNet] Epoch   1/80 | Train Loss: 1.5238 | Val Loss: 1.3958
    [ShallowConvNet] Epoch  11/80 | Train Loss: 1.3742 | Val Loss: 1.4138
    [ShallowConvNet] Early stopping na época 19 com Val Loss: 1.3928
      S018 fold 2: acc3=0.483
    [ShallowConvNet] Epoch   1/80 | Train Loss: 0.8490 | Val Loss: 0.9338
    [ShallowConvNet] Epoch  11/80 | Train Loss: 0.7787 | Val Loss: 0.9413
    [ShallowConvNet] Epoch  21/80 | Train Loss: 0.5598 | Val Loss: 0.9541
    [ShallowConvNet] Early stopping na época 22 com Val Loss: 0.9320
      S049 fold 0: acc3=0.679
    [ShallowConvNet] Epoch   1/80 | Train Loss: 0.8817 | Val Loss: 0.9632
    [ShallowConvNet] Epoch  11/80 | Train Loss: 0.7546 | Val Loss: 0.9673
    [ShallowConvNet] Early stopping na época 17 com Val Loss: 0.9274
      S049 fold 1: acc3=0.704
    [ShallowConvNet] Epoch   1/80 | Train Loss: 1.0062 | Val Loss: 0.8296
    [ShallowConvNet] Epoch  11/80 | Train Loss: 0.8328 | Val Loss: 0.8485
    [ShallowConvNet] Early stopping na época 17 com Val Loss: 0.8272
      S049 fold 2: acc3=0.704
    [ShallowConvNet] Epoch   1/80 | Train Loss: 1.4590 | Val Loss: 2.1851
    [ShallowConvNet] Epoch  11/80 | Train Loss: 1.2639 | Val Loss: 1.9660
    [ShallowConvNet] Epoch  21/80 | Train Loss: 1.1738 | Val Loss: 1.9589
    [ShallowConvNet] Epoch  31/80 | Train Loss: 0.9242 | Val Loss: 1.9592
    [ShallowConvNet] Early stopping na época 32 com Val Loss: 1.9511
      S068 fold 0: acc3=0.633
    [ShallowConvNet] Epoch   1/80 | Train Loss: 1.2614 | Val Loss: 1.2661
    [ShallowConvNet] Epoch  11/80 | Train Loss: 1.1237 | Val Loss: 1.1989
    [ShallowConvNet] Epoch  21/80 | Train Loss: 1.0059 | Val Loss: 1.1758
    [ShallowConvNet] Epoch  31/80 | Train Loss: 0.8849 | Val Loss: 1.1728
    [ShallowConvNet] Epoch  41/80 | Train Loss: 0.8187 | Val Loss: 1.1599
    [ShallowConvNet] Epoch  51/80 | Train Loss: 0.6654 | Val Loss: 1.1510
    [ShallowConvNet] Epoch  61/80 | Train Loss: 0.6795 | Val Loss: 1.1541
    [ShallowConvNet] Early stopping na época 68 com Val Loss: 1.1472
      S068 fold 1: acc3=0.552
    [ShallowConvNet] Epoch   1/80 | Train Loss: 1.1835 | Val Loss: 1.9746
    [ShallowConvNet] Epoch  11/80 | Train Loss: 1.0081 | Val Loss: 1.8536
    [ShallowConvNet] Epoch  21/80 | Train Loss: 1.0210 | Val Loss: 1.8563
    [ShallowConvNet] Epoch  31/80 | Train Loss: 0.9029 | Val Loss: 1.8547
    [ShallowConvNet] Early stopping na época 31 com Val Loss: 1.8512
      S068 fold 2: acc3=0.483
    [ShallowConvNet] Epoch   1/80 | Train Loss: 1.6602 | Val Loss: 1.5873
    [ShallowConvNet] Epoch  11/80 | Train Loss: 1.4807 | Val Loss: 1.6700
    [ShallowConvNet] Early stopping na época 16 com Val Loss: 1.5873
      S076 fold 0: acc3=0.467
    [ShallowConvNet] Epoch   1/80 | Train Loss: 1.4998 | Val Loss: 1.5858
    [ShallowConvNet] Epoch  11/80 | Train Loss: 1.3659 | Val Loss: 1.3918
    [ShallowConvNet] Epoch  21/80 | Train Loss: 1.1098 | Val Loss: 1.4410
    [ShallowConvNet] Early stopping na época 28 com Val Loss: 1.3842
      S076 fold 1: acc3=0.300
    [ShallowConvNet] Epoch   1/80 | Train Loss: 1.4941 | Val Loss: 1.6243
    [ShallowConvNet] Epoch  11/80 | Train Loss: 1.3245 | Val Loss: 1.4060
    [ShallowConvNet] Epoch  21/80 | Train Loss: 1.1305 | Val Loss: 1.3365
    [ShallowConvNet] Epoch  31/80 | Train Loss: 0.9984 | Val Loss: 1.3428
    [ShallowConvNet] Early stopping na época 34 com Val Loss: 1.3340
      S076 fold 2: acc3=0.345
    [ShallowConvNet] Epoch   1/80 | Train Loss: 1.6881 | Val Loss: 1.3318
    [ShallowConvNet] Epoch  11/80 | Train Loss: 1.0371 | Val Loss: 1.2877
    [ShallowConvNet] Epoch  21/80 | Train Loss: 1.0384 | Val Loss: 1.3189
    [ShallowConvNet] Early stopping na época 27 com Val Loss: 1.2825
      S098 fold 0: acc3=0.533
    [ShallowConvNet] Epoch   1/80 | Train Loss: 1.6910 | Val Loss: 1.5587
    [ShallowConvNet] Epoch  11/80 | Train Loss: 1.2872 | Val Loss: 1.4127
    [ShallowConvNet] Epoch  21/80 | Train Loss: 1.1657 | Val Loss: 1.5465
    [ShallowConvNet] Early stopping na época 23 com Val Loss: 1.3944
      S098 fold 1: acc3=0.500
    [ShallowConvNet] Epoch   1/80 | Train Loss: 1.3826 | Val Loss: 1.0227
    [ShallowConvNet] Epoch  11/80 | Train Loss: 1.1740 | Val Loss: 0.7685
    [ShallowConvNet] Epoch  21/80 | Train Loss: 1.0198 | Val Loss: 0.8054
    [ShallowConvNet] Early stopping na época 26 com Val Loss: 0.7685
      S098 fold 2: acc3=0.500

BENCH_MONTAGENS_DONE (5min)
CUDA=True | montagens=['21'] | modelos=['deepcnn'] | alvos=30 | folds=3
  contrato 5cb6c6358c | banda 4-40 Hz ordem 5 | CAR on | IQR k=1.5 | calib 48 | fases mi
  aninhamento 2<4<8<16<21<32<64 verificado
  montagem      E  D centro  simetria
  64           27 27     10  sim
  32           14 14      4  sim
  21            9  8      4  NAO (aceita por decisao)
  16            6  6      4  sim
  8             3  3      2  sim
  4             2  2      0  sim
  2             1  1      0  sim
  3             1  1      1  sim
  sem_fz        4  3      1  NAO (aceita por decisao)
  posterior8    4  4      0  sim
  ocular4       2  2      0  sim
  6 grupos de alvos (semente 42), pool = 98 sujeitos:
    grupo 1: [3, 22, 57, 102, 107]
    grupo 2: [7, 52, 71, 79, 109]
    grupo 3: [12, 34, 60, 91, 95]
    grupo 4: [25, 31, 87, 106, 108]
    grupo 5: [41, 45, 63, 83, 105]
    grupo 6: [18, 49, 68, 76, 98]
  retomando: 4320 celulas ja concluidas sob 5cb6c6358c

==============================================================
  MONTAGEM 21 (21 canais) | MODELO deepcnn | 0min
==============================================================
  grupo 1/6 | alvos [3, 22, 57, 102, 107] | pool=98 (0min)
      pool treinado (84s) — serve aos 5 alvos do grupo
      S003 fold 0: acc3=0.103
      S003 fold 1: acc3=0.179
      S003 fold 2: acc3=0.214
      S022 fold 0: acc3=0.483
      S022 fold 1: acc3=0.679
      S022 fold 2: acc3=0.679
      S057 fold 0: acc3=0.367
      S057 fold 1: acc3=0.483
      S057 fold 2: acc3=0.414
      S102 fold 0: acc3=0.821
      S102 fold 1: acc3=0.679
      S102 fold 2: acc3=0.679
      S107 fold 0: acc3=0.429
      S107 fold 1: acc3=0.321
      S107 fold 2: acc3=0.393
  grupo 2/6 | alvos [7, 52, 71, 79, 109] | pool=98 (2min)
      pool treinado (95s) — serve aos 5 alvos do grupo
      S007 fold 0: acc3=0.655
      S007 fold 1: acc3=0.586
      S007 fold 2: acc3=0.690
      S052 fold 0: acc3=0.571
      S052 fold 1: acc3=0.893
      S052 fold 2: acc3=0.571
      S071 fold 0: acc3=0.621
      S071 fold 1: acc3=0.724
      S071 fold 2: acc3=0.679
      S079 fold 0: acc3=0.370
      S079 fold 1: acc3=0.519
      S079 fold 2: acc3=0.407
      S109 fold 0: acc3=0.233
      S109 fold 1: acc3=0.276
      S109 fold 2: acc3=0.345
  grupo 3/6 | alvos [12, 34, 60, 91, 95] | pool=98 (3min)
      pool treinado (115s) — serve aos 5 alvos do grupo
      S012 fold 0: acc3=0.267
      S012 fold 1: acc3=0.448
      S012 fold 2: acc3=0.586
      S034 fold 0: acc3=0.724
      S034 fold 1: acc3=0.759
      S034 fold 2: acc3=0.724
      S060 fold 0: acc3=0.750
      S060 fold 1: acc3=0.571
      S060 fold 2: acc3=0.500
      S091 fold 0: acc3=0.367
      S091 fold 1: acc3=0.633
      S091 fold 2: acc3=0.600
      S095 fold 0: acc3=0.429
      S095 fold 1: acc3=0.429
      S095 fold 2: acc3=0.444
  grupo 4/6 | alvos [25, 31, 87, 106, 108] | pool=98 (6min)
      pool treinado (77s) — serve aos 5 alvos do grupo
      S025 fold 0: acc3=0.733
      S025 fold 1: acc3=0.767
      S025 fold 2: acc3=0.733
      S031 fold 0: acc3=0.500
      S031 fold 1: acc3=0.483
      S031 fold 2: acc3=0.690
      S087 fold 0: acc3=0.333
      S087 fold 1: acc3=0.400
      S087 fold 2: acc3=0.367
      S106 fold 0: acc3=0.400
      S106 fold 1: acc3=0.414
      S106 fold 2: acc3=0.310
      S108 fold 0: acc3=0.241
      S108 fold 1: acc3=0.379
      S108 fold 2: acc3=0.500
  grupo 5/6 | alvos [41, 45, 63, 83, 105] | pool=98 (7min)
      pool treinado (81s) — serve aos 5 alvos do grupo
      S041 fold 0: acc3=0.333
      S041 fold 1: acc3=0.333
      S041 fold 2: acc3=0.433
      S045 fold 0: acc3=0.690
      S045 fold 1: acc3=0.862
      S045 fold 2: acc3=0.690
      S063 fold 0: acc3=0.300
      S063 fold 1: acc3=0.400
      S063 fold 2: acc3=0.310
      S083 fold 0: acc3=0.786
      S083 fold 1: acc3=0.643
      S083 fold 2: acc3=0.667
      S105 fold 0: acc3=0.586
      S105 fold 1: acc3=0.483
      S105 fold 2: acc3=0.483
  grupo 6/6 | alvos [18, 49, 68, 76, 98] | pool=98 (9min)
      pool treinado (72s) — serve aos 5 alvos do grupo
      S018 fold 0: acc3=0.233
      S018 fold 1: acc3=0.310
      S018 fold 2: acc3=0.241
      S049 fold 0: acc3=0.571
      S049 fold 1: acc3=0.630
      S049 fold 2: acc3=0.630
      S068 fold 0: acc3=0.433
      S068 fold 1: acc3=0.345
      S068 fold 2: acc3=0.448
      S076 fold 0: acc3=0.400
      S076 fold 1: acc3=0.333
      S076 fold 2: acc3=0.276
      S098 fold 0: acc3=0.333
      S098 fold 1: acc3=0.433
      S098 fold 2: acc3=0.400

BENCH_MONTAGENS_DONE (10min)
CUDA=True | montagens=['21'] | modelos=['stia_net'] | alvos=30 | folds=3
  contrato 5cb6c6358c | banda 4-40 Hz ordem 5 | CAR on | IQR k=1.5 | calib 48 | fases mi
  aninhamento 2<4<8<16<21<32<64 verificado
  montagem      E  D centro  simetria
  64           27 27     10  sim
  32           14 14      4  sim
  21            9  8      4  NAO (aceita por decisao)
  16            6  6      4  sim
  8             3  3      2  sim
  4             2  2      0  sim
  2             1  1      0  sim
  3             1  1      1  sim
  sem_fz        4  3      1  NAO (aceita por decisao)
  posterior8    4  4      0  sim
  ocular4       2  2      0  sim
  celulas gemeas pendentes: stia_net.banda_do_artigo (rodar de novo com --banda 8 30)
  6 grupos de alvos (semente 42), pool = 98 sujeitos:
    grupo 1: [3, 22, 57, 102, 107]
    grupo 2: [7, 52, 71, 79, 109]
    grupo 3: [12, 34, 60, 91, 95]
    grupo 4: [25, 31, 87, 106, 108]
    grupo 5: [41, 45, 63, 83, 105]
    grupo 6: [18, 49, 68, 76, 98]
  retomando: 4410 celulas ja concluidas sob 5cb6c6358c

==============================================================
  MONTAGEM 21 (21 canais) | MODELO stia_net | 0min
==============================================================
  grupo 1/6 | alvos [3, 22, 57, 102, 107] | pool=98 (0min)
  [STIA-Net] Computing PLV adjacency matrix...
      pool treinado (58s) — serve aos 5 alvos do grupo
  [STIA-Net] Recomputing PLV for MI domain...
      S003 fold 0: acc3=0.517
  [STIA-Net] Recomputing PLV for MI domain...
      S003 fold 1: acc3=0.393
  [STIA-Net] Recomputing PLV for MI domain...
      S003 fold 2: acc3=0.429
  [STIA-Net] Recomputing PLV for MI domain...
      S022 fold 0: acc3=0.448
  [STIA-Net] Recomputing PLV for MI domain...
      S022 fold 1: acc3=0.643
  [STIA-Net] Recomputing PLV for MI domain...
      S022 fold 2: acc3=0.500
  [STIA-Net] Recomputing PLV for MI domain...
      S057 fold 0: acc3=0.300
  [STIA-Net] Recomputing PLV for MI domain...
      S057 fold 1: acc3=0.517
  [STIA-Net] Recomputing PLV for MI domain...
      S057 fold 2: acc3=0.448
  [STIA-Net] Recomputing PLV for MI domain...
      S102 fold 0: acc3=0.214
  [STIA-Net] Recomputing PLV for MI domain...
      S102 fold 1: acc3=0.286
  [STIA-Net] Recomputing PLV for MI domain...
      S102 fold 2: acc3=0.214
  [STIA-Net] Recomputing PLV for MI domain...
      S107 fold 0: acc3=0.393
  [STIA-Net] Recomputing PLV for MI domain...
      S107 fold 1: acc3=0.321
  [STIA-Net] Recomputing PLV for MI domain...
      S107 fold 2: acc3=0.321
  grupo 2/6 | alvos [7, 52, 71, 79, 109] | pool=98 (1min)
  [STIA-Net] Computing PLV adjacency matrix...
      pool treinado (56s) — serve aos 5 alvos do grupo
  [STIA-Net] Recomputing PLV for MI domain...
      S007 fold 0: acc3=0.517
  [STIA-Net] Recomputing PLV for MI domain...
      S007 fold 1: acc3=0.345
  [STIA-Net] Recomputing PLV for MI domain...
      S007 fold 2: acc3=0.483
  [STIA-Net] Recomputing PLV for MI domain...
      S052 fold 0: acc3=0.357
  [STIA-Net] Recomputing PLV for MI domain...
      S052 fold 1: acc3=0.500
  [STIA-Net] Recomputing PLV for MI domain...
      S052 fold 2: acc3=0.429
  [STIA-Net] Recomputing PLV for MI domain...
      S071 fold 0: acc3=0.172
  [STIA-Net] Recomputing PLV for MI domain...
      S071 fold 1: acc3=0.241
  [STIA-Net] Recomputing PLV for MI domain...
      S071 fold 2: acc3=0.464
  [STIA-Net] Recomputing PLV for MI domain...
      S079 fold 0: acc3=0.556
  [STIA-Net] Recomputing PLV for MI domain...
      S079 fold 1: acc3=0.630
  [STIA-Net] Recomputing PLV for MI domain...
      S079 fold 2: acc3=0.259
  [STIA-Net] Recomputing PLV for MI domain...
      S109 fold 0: acc3=0.200
  [STIA-Net] Recomputing PLV for MI domain...
      S109 fold 1: acc3=0.276
  [STIA-Net] Recomputing PLV for MI domain...
      S109 fold 2: acc3=0.310
  grupo 3/6 | alvos [12, 34, 60, 91, 95] | pool=98 (2min)
  [STIA-Net] Computing PLV adjacency matrix...
      pool treinado (59s) — serve aos 5 alvos do grupo
  [STIA-Net] Recomputing PLV for MI domain...
      S012 fold 0: acc3=0.333
  [STIA-Net] Recomputing PLV for MI domain...
      S012 fold 1: acc3=0.379
  [STIA-Net] Recomputing PLV for MI domain...
      S012 fold 2: acc3=0.241
  [STIA-Net] Recomputing PLV for MI domain...
      S034 fold 0: acc3=0.517
  [STIA-Net] Recomputing PLV for MI domain...
      S034 fold 1: acc3=0.379
  [STIA-Net] Recomputing PLV for MI domain...
      S034 fold 2: acc3=0.414
  [STIA-Net] Recomputing PLV for MI domain...
      S060 fold 0: acc3=0.357
  [STIA-Net] Recomputing PLV for MI domain...
      S060 fold 1: acc3=0.393
  [STIA-Net] Recomputing PLV for MI domain...
      S060 fold 2: acc3=0.464
  [STIA-Net] Recomputing PLV for MI domain...
      S091 fold 0: acc3=0.333
  [STIA-Net] Recomputing PLV for MI domain...
      S091 fold 1: acc3=0.367
  [STIA-Net] Recomputing PLV for MI domain...
      S091 fold 2: acc3=0.233
  [STIA-Net] Recomputing PLV for MI domain...
      S095 fold 0: acc3=0.464
  [STIA-Net] Recomputing PLV for MI domain...
      S095 fold 1: acc3=0.286
  [STIA-Net] Recomputing PLV for MI domain...
      S095 fold 2: acc3=0.370
  grupo 4/6 | alvos [25, 31, 87, 106, 108] | pool=98 (4min)
  [STIA-Net] Computing PLV adjacency matrix...
      pool treinado (59s) — serve aos 5 alvos do grupo
  [STIA-Net] Recomputing PLV for MI domain...
      S025 fold 0: acc3=0.433
  [STIA-Net] Recomputing PLV for MI domain...
      S025 fold 1: acc3=0.467
  [STIA-Net] Recomputing PLV for MI domain...
      S025 fold 2: acc3=0.467
  [STIA-Net] Recomputing PLV for MI domain...
      S031 fold 0: acc3=0.467
  [STIA-Net] Recomputing PLV for MI domain...
      S031 fold 1: acc3=0.207
  [STIA-Net] Recomputing PLV for MI domain...
      S031 fold 2: acc3=0.379
  [STIA-Net] Recomputing PLV for MI domain...
      S087 fold 0: acc3=0.233
  [STIA-Net] Recomputing PLV for MI domain...
      S087 fold 1: acc3=0.433
  [STIA-Net] Recomputing PLV for MI domain...
      S087 fold 2: acc3=0.367
  [STIA-Net] Recomputing PLV for MI domain...
      S106 fold 0: acc3=0.533
  [STIA-Net] Recomputing PLV for MI domain...
      S106 fold 1: acc3=0.241
  [STIA-Net] Recomputing PLV for MI domain...
      S106 fold 2: acc3=0.310
  [STIA-Net] Recomputing PLV for MI domain...
      S108 fold 0: acc3=0.517
  [STIA-Net] Recomputing PLV for MI domain...
      S108 fold 1: acc3=0.241
  [STIA-Net] Recomputing PLV for MI domain...
      S108 fold 2: acc3=0.429
  grupo 5/6 | alvos [41, 45, 63, 83, 105] | pool=98 (5min)
  [STIA-Net] Computing PLV adjacency matrix...
      pool treinado (59s) — serve aos 5 alvos do grupo
  [STIA-Net] Recomputing PLV for MI domain...
      S041 fold 0: acc3=0.400
  [STIA-Net] Recomputing PLV for MI domain...
      S041 fold 1: acc3=0.333
  [STIA-Net] Recomputing PLV for MI domain...
      S041 fold 2: acc3=0.300
  [STIA-Net] Recomputing PLV for MI domain...
      S045 fold 0: acc3=0.379
  [STIA-Net] Recomputing PLV for MI domain...
      S045 fold 1: acc3=0.345
  [STIA-Net] Recomputing PLV for MI domain...
      S045 fold 2: acc3=0.310
  [STIA-Net] Recomputing PLV for MI domain...
      S063 fold 0: acc3=0.267
  [STIA-Net] Recomputing PLV for MI domain...
      S063 fold 1: acc3=0.467
  [STIA-Net] Recomputing PLV for MI domain...
      S063 fold 2: acc3=0.345
  [STIA-Net] Recomputing PLV for MI domain...
      S083 fold 0: acc3=0.500
  [STIA-Net] Recomputing PLV for MI domain...
      S083 fold 1: acc3=0.429
  [STIA-Net] Recomputing PLV for MI domain...
      S083 fold 2: acc3=0.593
  [STIA-Net] Recomputing PLV for MI domain...
      S105 fold 0: acc3=0.310
  [STIA-Net] Recomputing PLV for MI domain...
      S105 fold 1: acc3=0.414
  [STIA-Net] Recomputing PLV for MI domain...
      S105 fold 2: acc3=0.310
  grupo 6/6 | alvos [18, 49, 68, 76, 98] | pool=98 (6min)
  [STIA-Net] Computing PLV adjacency matrix...
      pool treinado (56s) — serve aos 5 alvos do grupo
  [STIA-Net] Recomputing PLV for MI domain...
      S018 fold 0: acc3=0.500
  [STIA-Net] Recomputing PLV for MI domain...
      S018 fold 1: acc3=0.552
  [STIA-Net] Recomputing PLV for MI domain...
      S018 fold 2: acc3=0.414
  [STIA-Net] Recomputing PLV for MI domain...
      S049 fold 0: acc3=0.500
  [STIA-Net] Recomputing PLV for MI domain...
      S049 fold 1: acc3=0.296
  [STIA-Net] Recomputing PLV for MI domain...
      S049 fold 2: acc3=0.481
  [STIA-Net] Recomputing PLV for MI domain...
      S068 fold 0: acc3=0.300
  [STIA-Net] Recomputing PLV for MI domain...
      S068 fold 1: acc3=0.379
  [STIA-Net] Recomputing PLV for MI domain...
      S068 fold 2: acc3=0.379
  [STIA-Net] Recomputing PLV for MI domain...
      S076 fold 0: acc3=0.500
  [STIA-Net] Recomputing PLV for MI domain...
      S076 fold 1: acc3=0.500
  [STIA-Net] Recomputing PLV for MI domain...
      S076 fold 2: acc3=0.483
  [STIA-Net] Recomputing PLV for MI domain...
      S098 fold 0: acc3=0.533
  [STIA-Net] Recomputing PLV for MI domain...
      S098 fold 1: acc3=0.500
  [STIA-Net] Recomputing PLV for MI domain...
      S098 fold 2: acc3=0.567

BENCH_MONTAGENS_DONE (7min)
CUDA=True | montagens=['32'] | modelos=['eegnet'] | alvos=30 | folds=3
  contrato 5cb6c6358c | banda 4-40 Hz ordem 5 | CAR on | IQR k=1.5 | calib 48 | fases mi
  aninhamento 2<4<8<16<21<32<64 verificado
  montagem      E  D centro  simetria
  64           27 27     10  sim
  32           14 14      4  sim
  21            9  8      4  NAO (aceita por decisao)
  16            6  6      4  sim
  8             3  3      2  sim
  4             2  2      0  sim
  2             1  1      0  sim
  3             1  1      1  sim
  sem_fz        4  3      1  NAO (aceita por decisao)
  posterior8    4  4      0  sim
  ocular4       2  2      0  sim
  6 grupos de alvos (semente 42), pool = 98 sujeitos:
    grupo 1: [3, 22, 57, 102, 107]
    grupo 2: [7, 52, 71, 79, 109]
    grupo 3: [12, 34, 60, 91, 95]
    grupo 4: [25, 31, 87, 106, 108]
    grupo 5: [41, 45, 63, 83, 105]
    grupo 6: [18, 49, 68, 76, 98]
  retomando: 4500 celulas ja concluidas sob 5cb6c6358c

==============================================================
  MONTAGEM 32 (32 canais) | MODELO eegnet | 0min
==============================================================
  grupo 1/6 | alvos [3, 22, 57, 102, 107] | pool=98 (0min)
      pool treinado (90s) — serve aos 5 alvos do grupo
      S003 fold 0: acc3=0.400
      S003 fold 1: acc3=0.233
      S003 fold 2: acc3=0.367
      S022 fold 0: acc3=0.655
      S022 fold 1: acc3=0.552
      S022 fold 2: acc3=0.714
      S057 fold 0: acc3=0.400
      S057 fold 1: acc3=0.433
      S057 fold 2: acc3=0.533
      S102 fold 0: acc3=0.690
      S102 fold 1: acc3=0.690
      S102 fold 2: acc3=0.679
      S107 fold 0: acc3=0.357
      S107 fold 1: acc3=0.429
      S107 fold 2: acc3=0.444
  grupo 2/6 | alvos [7, 52, 71, 79, 109] | pool=98 (2min)
      pool treinado (89s) — serve aos 5 alvos do grupo
      S007 fold 0: acc3=0.700
      S007 fold 1: acc3=0.690
      S007 fold 2: acc3=0.862
      S052 fold 0: acc3=0.643
      S052 fold 1: acc3=0.714
      S052 fold 2: acc3=0.704
      S071 fold 0: acc3=0.724
      S071 fold 1: acc3=0.464
      S071 fold 2: acc3=0.786
      S079 fold 0: acc3=0.370
      S079 fold 1: acc3=0.481
      S079 fold 2: acc3=0.462
      S109 fold 0: acc3=0.300
      S109 fold 1: acc3=0.310
      S109 fold 2: acc3=0.310
  grupo 3/6 | alvos [12, 34, 60, 91, 95] | pool=98 (3min)
      pool treinado (55s) — serve aos 5 alvos do grupo
      S012 fold 0: acc3=0.667
      S012 fold 1: acc3=0.500
      S012 fold 2: acc3=0.690
      S034 fold 0: acc3=0.828
      S034 fold 1: acc3=0.828
      S034 fold 2: acc3=0.862
      S060 fold 0: acc3=0.655
      S060 fold 1: acc3=0.621
      S060 fold 2: acc3=0.690
      S091 fold 0: acc3=0.567
      S091 fold 1: acc3=0.567
      S091 fold 2: acc3=0.552
      S095 fold 0: acc3=0.444
      S095 fold 1: acc3=0.370
      S095 fold 2: acc3=0.556
  grupo 4/6 | alvos [25, 31, 87, 106, 108] | pool=98 (5min)
      pool treinado (89s) — serve aos 5 alvos do grupo
      S025 fold 0: acc3=0.767
      S025 fold 1: acc3=0.800
      S025 fold 2: acc3=0.724
      S031 fold 0: acc3=0.733
      S031 fold 1: acc3=0.700
      S031 fold 2: acc3=0.690
      S087 fold 0: acc3=0.414
      S087 fold 1: acc3=0.414
      S087 fold 2: acc3=0.345
      S106 fold 0: acc3=0.533
      S106 fold 1: acc3=0.586
      S106 fold 2: acc3=0.552
      S108 fold 0: acc3=0.517
      S108 fold 1: acc3=0.448
      S108 fold 2: acc3=0.310
  grupo 5/6 | alvos [41, 45, 63, 83, 105] | pool=98 (6min)
      pool treinado (57s) — serve aos 5 alvos do grupo
      S041 fold 0: acc3=0.533
      S041 fold 1: acc3=0.241
      S041 fold 2: acc3=0.483
      S045 fold 0: acc3=0.667
      S045 fold 1: acc3=0.700
      S045 fold 2: acc3=0.690
      S063 fold 0: acc3=0.310
      S063 fold 1: acc3=0.586
      S063 fold 2: acc3=0.500
      S083 fold 0: acc3=0.567
      S083 fold 1: acc3=0.533
      S083 fold 2: acc3=0.655
      S105 fold 0: acc3=0.600
      S105 fold 1: acc3=0.733
      S105 fold 2: acc3=0.517
  grupo 6/6 | alvos [18, 49, 68, 76, 98] | pool=98 (7min)
      pool treinado (69s) — serve aos 5 alvos do grupo
      S018 fold 0: acc3=0.533
      S018 fold 1: acc3=0.379
      S018 fold 2: acc3=0.414
      S049 fold 0: acc3=0.700
      S049 fold 1: acc3=0.600
      S049 fold 2: acc3=0.828
      S068 fold 0: acc3=0.552
      S068 fold 1: acc3=0.536
      S068 fold 2: acc3=0.571
      S076 fold 0: acc3=0.400
      S076 fold 1: acc3=0.207
      S076 fold 2: acc3=0.483
      S098 fold 0: acc3=0.500
      S098 fold 1: acc3=0.567
      S098 fold 2: acc3=0.655

BENCH_MONTAGENS_DONE (9min)
CUDA=True | montagens=['32'] | modelos=['eegsym'] | alvos=30 | folds=3
  contrato 5cb6c6358c | banda 4-40 Hz ordem 5 | CAR on | IQR k=1.5 | calib 48 | fases mi
  aninhamento 2<4<8<16<21<32<64 verificado
  montagem      E  D centro  simetria
  64           27 27     10  sim
  32           14 14      4  sim
  21            9  8      4  NAO (aceita por decisao)
  16            6  6      4  sim
  8             3  3      2  sim
  4             2  2      0  sim
  2             1  1      0  sim
  3             1  1      1  sim
  sem_fz        4  3      1  NAO (aceita por decisao)
  posterior8    4  4      0  sim
  ocular4       2  2      0  sim
  6 grupos de alvos (semente 42), pool = 98 sujeitos:
    grupo 1: [3, 22, 57, 102, 107]
    grupo 2: [7, 52, 71, 79, 109]
    grupo 3: [12, 34, 60, 91, 95]
    grupo 4: [25, 31, 87, 106, 108]
    grupo 5: [41, 45, 63, 83, 105]
    grupo 6: [18, 49, 68, 76, 98]
  retomando: 4590 celulas ja concluidas sob 5cb6c6358c

==============================================================
  MONTAGEM 32 (32 canais) | MODELO eegsym | 0min
==============================================================
  grupo 1/6 | alvos [3, 22, 57, 102, 107] | pool=98 (0min)
      ramo E: C3 C1 C5 FC1 FC3 FC5 CP1 CP3 CP5 F3 F5 P3 P5 T7 Cz FCz CPz Fz
      ramo D: C4 C2 C6 FC2 FC4 FC6 CP2 CP4 CP6 F4 F6 P4 P6 T8 Cz FCz CPz Fz
      pool treinado (76s) — serve aos 5 alvos do grupo
      S003 fold 0: acc3=0.267
      S003 fold 1: acc3=0.300
      S003 fold 2: acc3=0.333
      S022 fold 0: acc3=0.448
      S022 fold 1: acc3=0.586
      S022 fold 2: acc3=0.536
      S057 fold 0: acc3=0.533
      S057 fold 1: acc3=0.433
      S057 fold 2: acc3=0.600
      S102 fold 0: acc3=0.759
      S102 fold 1: acc3=0.759
      S102 fold 2: acc3=0.643
      S107 fold 0: acc3=0.286
      S107 fold 1: acc3=0.607
      S107 fold 2: acc3=0.370
  grupo 2/6 | alvos [7, 52, 71, 79, 109] | pool=98 (2min)
      pool treinado (71s) — serve aos 5 alvos do grupo
      S007 fold 0: acc3=0.767
      S007 fold 1: acc3=0.828
      S007 fold 2: acc3=0.828
      S052 fold 0: acc3=0.679
      S052 fold 1: acc3=0.643
      S052 fold 2: acc3=0.667
      S071 fold 0: acc3=0.690
      S071 fold 1: acc3=0.607
      S071 fold 2: acc3=0.607
      S079 fold 0: acc3=0.481
      S079 fold 1: acc3=0.407
      S079 fold 2: acc3=0.462
      S109 fold 0: acc3=0.267
      S109 fold 1: acc3=0.241
      S109 fold 2: acc3=0.241
  grupo 3/6 | alvos [12, 34, 60, 91, 95] | pool=98 (3min)
      pool treinado (73s) — serve aos 5 alvos do grupo
      S012 fold 0: acc3=0.567
      S012 fold 1: acc3=0.667
      S012 fold 2: acc3=0.655
      S034 fold 0: acc3=0.862
      S034 fold 1: acc3=0.759
      S034 fold 2: acc3=0.759
      S060 fold 0: acc3=0.552
      S060 fold 1: acc3=0.724
      S060 fold 2: acc3=0.586
      S091 fold 0: acc3=0.500
      S091 fold 1: acc3=0.667
      S091 fold 2: acc3=0.690
      S095 fold 0: acc3=0.333
      S095 fold 1: acc3=0.407
      S095 fold 2: acc3=0.556
  grupo 4/6 | alvos [25, 31, 87, 106, 108] | pool=98 (4min)
      pool treinado (52s) — serve aos 5 alvos do grupo
      S025 fold 0: acc3=0.567
      S025 fold 1: acc3=0.700
      S025 fold 2: acc3=0.655
      S031 fold 0: acc3=0.600
      S031 fold 1: acc3=0.633
      S031 fold 2: acc3=0.655
      S087 fold 0: acc3=0.414
      S087 fold 1: acc3=0.310
      S087 fold 2: acc3=0.345
      S106 fold 0: acc3=0.400
      S106 fold 1: acc3=0.621
      S106 fold 2: acc3=0.379
      S108 fold 0: acc3=0.483
      S108 fold 1: acc3=0.517
      S108 fold 2: acc3=0.379
  grupo 5/6 | alvos [41, 45, 63, 83, 105] | pool=98 (6min)
      pool treinado (74s) — serve aos 5 alvos do grupo
      S041 fold 0: acc3=0.667
      S041 fold 1: acc3=0.552
      S041 fold 2: acc3=0.621
      S045 fold 0: acc3=0.700
      S045 fold 1: acc3=0.567
      S045 fold 2: acc3=0.586
      S063 fold 0: acc3=0.241
      S063 fold 1: acc3=0.759
      S063 fold 2: acc3=0.429
      S083 fold 0: acc3=0.667
      S083 fold 1: acc3=0.667
      S083 fold 2: acc3=0.621
      S105 fold 0: acc3=0.667
      S105 fold 1: acc3=0.700
      S105 fold 2: acc3=0.586
  grupo 6/6 | alvos [18, 49, 68, 76, 98] | pool=98 (7min)
      pool treinado (84s) — serve aos 5 alvos do grupo
      S018 fold 0: acc3=0.367
      S018 fold 1: acc3=0.483
      S018 fold 2: acc3=0.552
      S049 fold 0: acc3=0.633
      S049 fold 1: acc3=0.567
      S049 fold 2: acc3=0.690
      S068 fold 0: acc3=0.517
      S068 fold 1: acc3=0.571
      S068 fold 2: acc3=0.607
      S076 fold 0: acc3=0.500
      S076 fold 1: acc3=0.483
      S076 fold 2: acc3=0.517
      S098 fold 0: acc3=0.500
      S098 fold 1: acc3=0.567
      S098 fold 2: acc3=0.552

BENCH_MONTAGENS_DONE (9min)
CUDA=True | montagens=['32'] | modelos=['shallow_convnet'] | alvos=30 | folds=3
  contrato 5cb6c6358c | banda 4-40 Hz ordem 5 | CAR on | IQR k=1.5 | calib 48 | fases mi
  aninhamento 2<4<8<16<21<32<64 verificado
  montagem      E  D centro  simetria
  64           27 27     10  sim
  32           14 14      4  sim
  21            9  8      4  NAO (aceita por decisao)
  16            6  6      4  sim
  8             3  3      2  sim
  4             2  2      0  sim
  2             1  1      0  sim
  3             1  1      1  sim
  sem_fz        4  3      1  NAO (aceita por decisao)
  posterior8    4  4      0  sim
  ocular4       2  2      0  sim
  6 grupos de alvos (semente 42), pool = 98 sujeitos:
    grupo 1: [3, 22, 57, 102, 107]
    grupo 2: [7, 52, 71, 79, 109]
    grupo 3: [12, 34, 60, 91, 95]
    grupo 4: [25, 31, 87, 106, 108]
    grupo 5: [41, 45, 63, 83, 105]
    grupo 6: [18, 49, 68, 76, 98]
  retomando: 4680 celulas ja concluidas sob 5cb6c6358c

==============================================================
  MONTAGEM 32 (32 canais) | MODELO shallow_convnet | 0min
==============================================================
  grupo 1/6 | alvos [3, 22, 57, 102, 107] | pool=98 (0min)
    [ShallowConvNet] Epoch   1/200 | Train Loss: 1.6631 | Val Loss: 1.4475
    [ShallowConvNet] Epoch  11/200 | Train Loss: 1.2888 | Val Loss: 1.2540
    [ShallowConvNet] Epoch  21/200 | Train Loss: 1.2173 | Val Loss: 1.2715
    [ShallowConvNet] Early stopping na época 26 com Val Loss: 1.2286
      pool treinado (42s) — serve aos 5 alvos do grupo
    [ShallowConvNet] Epoch   1/80 | Train Loss: 1.6255 | Val Loss: 1.2260
    [ShallowConvNet] Epoch  11/80 | Train Loss: 1.4026 | Val Loss: 1.0828
    [ShallowConvNet] Epoch  21/80 | Train Loss: 1.2989 | Val Loss: 1.0559
    [ShallowConvNet] Epoch  31/80 | Train Loss: 1.1237 | Val Loss: 1.0160
    [ShallowConvNet] Epoch  41/80 | Train Loss: 0.9806 | Val Loss: 0.9867
    [ShallowConvNet] Epoch  51/80 | Train Loss: 0.8389 | Val Loss: 0.9670
    [ShallowConvNet] Epoch  61/80 | Train Loss: 0.7861 | Val Loss: 0.9519
    [ShallowConvNet] Epoch  71/80 | Train Loss: 0.7044 | Val Loss: 0.9163
    [ShallowConvNet] Epoch  80/80 | Train Loss: 0.6044 | Val Loss: 0.8916
      S003 fold 0: acc3=0.367
    [ShallowConvNet] Epoch   1/80 | Train Loss: 1.7092 | Val Loss: 1.6164
    [ShallowConvNet] Epoch  11/80 | Train Loss: 1.4283 | Val Loss: 1.8037
    [ShallowConvNet] Early stopping na época 16 com Val Loss: 1.6164
      S003 fold 1: acc3=0.300
    [ShallowConvNet] Epoch   1/80 | Train Loss: 1.5998 | Val Loss: 1.3774
    [ShallowConvNet] Epoch  11/80 | Train Loss: 1.3738 | Val Loss: 1.5380
    [ShallowConvNet] Early stopping na época 16 com Val Loss: 1.3774
      S003 fold 2: acc3=0.333
    [ShallowConvNet] Epoch   1/80 | Train Loss: 1.1650 | Val Loss: 1.3027
    [ShallowConvNet] Epoch  11/80 | Train Loss: 0.9565 | Val Loss: 1.3019
    [ShallowConvNet] Epoch  21/80 | Train Loss: 0.8932 | Val Loss: 1.2862
    [ShallowConvNet] Epoch  31/80 | Train Loss: 0.7332 | Val Loss: 1.2802
    [ShallowConvNet] Epoch  41/80 | Train Loss: 0.6258 | Val Loss: 1.2817
    [ShallowConvNet] Epoch  51/80 | Train Loss: 0.4680 | Val Loss: 1.2822
    [ShallowConvNet] Early stopping na época 53 com Val Loss: 1.2710
      S022 fold 0: acc3=0.655
    [ShallowConvNet] Epoch   1/80 | Train Loss: 1.2566 | Val Loss: 1.1348
    [ShallowConvNet] Epoch  11/80 | Train Loss: 1.0339 | Val Loss: 1.1351
    [ShallowConvNet] Epoch  21/80 | Train Loss: 0.9077 | Val Loss: 1.1241
    [ShallowConvNet] Epoch  31/80 | Train Loss: 0.7150 | Val Loss: 1.1697
    [ShallowConvNet] Early stopping na época 32 com Val Loss: 1.1166
      S022 fold 1: acc3=0.655
    [ShallowConvNet] Epoch   1/80 | Train Loss: 1.2577 | Val Loss: 1.0005
    [ShallowConvNet] Epoch  11/80 | Train Loss: 1.0399 | Val Loss: 1.0215
    [ShallowConvNet] Early stopping na época 16 com Val Loss: 1.0005
      S022 fold 2: acc3=0.714
    [ShallowConvNet] Epoch   1/80 | Train Loss: 1.5547 | Val Loss: 1.1795
    [ShallowConvNet] Epoch  11/80 | Train Loss: 1.3147 | Val Loss: 1.1607
    [ShallowConvNet] Epoch  21/80 | Train Loss: 1.1505 | Val Loss: 1.1479
    [ShallowConvNet] Epoch  31/80 | Train Loss: 1.0781 | Val Loss: 1.1498
    [ShallowConvNet] Early stopping na época 37 com Val Loss: 1.1452
      S057 fold 0: acc3=0.467
    [ShallowConvNet] Epoch   1/80 | Train Loss: 1.3475 | Val Loss: 1.7968
    [ShallowConvNet] Epoch  11/80 | Train Loss: 1.0770 | Val Loss: 1.7866
    [ShallowConvNet] Early stopping na época 18 com Val Loss: 1.7786
      S057 fold 1: acc3=0.367
    [ShallowConvNet] Epoch   1/80 | Train Loss: 1.2576 | Val Loss: 1.3075
    [ShallowConvNet] Epoch  11/80 | Train Loss: 1.1571 | Val Loss: 1.3682
    [ShallowConvNet] Early stopping na época 19 com Val Loss: 1.3056
      S057 fold 2: acc3=0.533
    [ShallowConvNet] Epoch   1/80 | Train Loss: 1.0028 | Val Loss: 1.4002
    [ShallowConvNet] Epoch  11/80 | Train Loss: 1.0574 | Val Loss: 1.4915
    [ShallowConvNet] Early stopping na época 16 com Val Loss: 1.4002
      S102 fold 0: acc3=0.517
    [ShallowConvNet] Epoch   1/80 | Train Loss: 1.1412 | Val Loss: 1.1010
    [ShallowConvNet] Epoch  11/80 | Train Loss: 0.9446 | Val Loss: 1.0723
    [ShallowConvNet] Epoch  21/80 | Train Loss: 0.8287 | Val Loss: 0.9537
    [ShallowConvNet] Epoch  31/80 | Train Loss: 0.7141 | Val Loss: 0.9394
    [ShallowConvNet] Epoch  41/80 | Train Loss: 0.6754 | Val Loss: 0.9142
    [ShallowConvNet] Epoch  51/80 | Train Loss: 0.5282 | Val Loss: 0.9144
    [ShallowConvNet] Epoch  61/80 | Train Loss: 0.4563 | Val Loss: 0.9442
    [ShallowConvNet] Early stopping na época 64 com Val Loss: 0.9048
      S102 fold 1: acc3=0.759
    [ShallowConvNet] Epoch   1/80 | Train Loss: 1.1125 | Val Loss: 1.6350
    [ShallowConvNet] Epoch  11/80 | Train Loss: 0.9473 | Val Loss: 1.5113
    [ShallowConvNet] Epoch  21/80 | Train Loss: 0.7658 | Val Loss: 1.5282
    [ShallowConvNet] Early stopping na época 30 com Val Loss: 1.5075
      S102 fold 2: acc3=0.786
    [ShallowConvNet] Epoch   1/80 | Train Loss: 1.3255 | Val Loss: 1.0719
    [ShallowConvNet] Epoch  11/80 | Train Loss: 1.1822 | Val Loss: 1.3737
    [ShallowConvNet] Early stopping na época 16 com Val Loss: 1.0719
      S107 fold 0: acc3=0.286
    [ShallowConvNet] Epoch   1/80 | Train Loss: 1.3672 | Val Loss: 1.2432
    [ShallowConvNet] Epoch  11/80 | Train Loss: 1.2416 | Val Loss: 1.3195
    [ShallowConvNet] Early stopping na época 17 com Val Loss: 1.2306
      S107 fold 1: acc3=0.286
    [ShallowConvNet] Epoch   1/80 | Train Loss: 1.3922 | Val Loss: 1.3758
    [ShallowConvNet] Epoch  11/80 | Train Loss: 1.1055 | Val Loss: 1.4452
    [ShallowConvNet] Early stopping na época 16 com Val Loss: 1.3758
      S107 fold 2: acc3=0.333
  grupo 2/6 | alvos [7, 52, 71, 79, 109] | pool=98 (1min)
    [ShallowConvNet] Epoch   1/200 | Train Loss: 1.6733 | Val Loss: 1.4099
    [ShallowConvNet] Epoch  11/200 | Train Loss: 1.2941 | Val Loss: 1.2551
    [ShallowConvNet] Epoch  21/200 | Train Loss: 1.2014 | Val Loss: 1.2922
    [ShallowConvNet] Epoch  31/200 | Train Loss: 1.1390 | Val Loss: 1.3686
    [ShallowConvNet] Early stopping na época 33 com Val Loss: 1.2446
      pool treinado (51s) — serve aos 5 alvos do grupo
    [ShallowConvNet] Epoch   1/80 | Train Loss: 0.9447 | Val Loss: 1.1232
    [ShallowConvNet] Epoch  11/80 | Train Loss: 0.8145 | Val Loss: 1.0866
    [ShallowConvNet] Epoch  21/80 | Train Loss: 0.6284 | Val Loss: 1.0274
    [ShallowConvNet] Epoch  31/80 | Train Loss: 0.4777 | Val Loss: 0.9604
    [ShallowConvNet] Epoch  41/80 | Train Loss: 0.4932 | Val Loss: 0.9137
    [ShallowConvNet] Epoch  51/80 | Train Loss: 0.3462 | Val Loss: 0.8725
    [ShallowConvNet] Epoch  61/80 | Train Loss: 0.3284 | Val Loss: 0.8289
    [ShallowConvNet] Epoch  71/80 | Train Loss: 0.2994 | Val Loss: 0.7814
    [ShallowConvNet] Epoch  80/80 | Train Loss: 0.3024 | Val Loss: 0.7658
      S007 fold 0: acc3=0.733
    [ShallowConvNet] Epoch   1/80 | Train Loss: 0.9333 | Val Loss: 1.0471
    [ShallowConvNet] Epoch  11/80 | Train Loss: 0.6711 | Val Loss: 0.9330
    [ShallowConvNet] Epoch  21/80 | Train Loss: 0.8402 | Val Loss: 0.9403
    [ShallowConvNet] Epoch  31/80 | Train Loss: 0.5601 | Val Loss: 0.9110
    [ShallowConvNet] Epoch  41/80 | Train Loss: 0.4412 | Val Loss: 0.9016
    [ShallowConvNet] Epoch  51/80 | Train Loss: 0.3380 | Val Loss: 0.9064
    [ShallowConvNet] Epoch  61/80 | Train Loss: 0.3128 | Val Loss: 0.8837
    [ShallowConvNet] Epoch  71/80 | Train Loss: 0.3637 | Val Loss: 0.8806
    [ShallowConvNet] Epoch  80/80 | Train Loss: 0.2501 | Val Loss: 0.9013
      S007 fold 1: acc3=0.759
    [ShallowConvNet] Epoch   1/80 | Train Loss: 0.9644 | Val Loss: 0.5977
    [ShallowConvNet] Epoch  11/80 | Train Loss: 0.8821 | Val Loss: 0.5357
    [ShallowConvNet] Epoch  21/80 | Train Loss: 0.5616 | Val Loss: 0.4967
    [ShallowConvNet] Epoch  31/80 | Train Loss: 0.5594 | Val Loss: 0.4631
    [ShallowConvNet] Epoch  41/80 | Train Loss: 0.4514 | Val Loss: 0.4444
    [ShallowConvNet] Epoch  51/80 | Train Loss: 0.4300 | Val Loss: 0.4237
    [ShallowConvNet] Epoch  61/80 | Train Loss: 0.3904 | Val Loss: 0.4131
    [ShallowConvNet] Epoch  71/80 | Train Loss: 0.3084 | Val Loss: 0.4170
    [ShallowConvNet] Early stopping na época 78 com Val Loss: 0.4066
      S007 fold 2: acc3=0.793
    [ShallowConvNet] Epoch   1/80 | Train Loss: 1.0673 | Val Loss: 1.5346
    [ShallowConvNet] Epoch  11/80 | Train Loss: 0.8851 | Val Loss: 1.6359
    [ShallowConvNet] Early stopping na época 16 com Val Loss: 1.5346
      S052 fold 0: acc3=0.607
    [ShallowConvNet] Epoch   1/80 | Train Loss: 1.1278 | Val Loss: 1.4264
    [ShallowConvNet] Epoch  11/80 | Train Loss: 0.8380 | Val Loss: 1.6722
    [ShallowConvNet] Early stopping na época 16 com Val Loss: 1.4264
      S052 fold 1: acc3=0.679
    [ShallowConvNet] Epoch   1/80 | Train Loss: 1.2023 | Val Loss: 0.9225
    [ShallowConvNet] Epoch  11/80 | Train Loss: 0.9704 | Val Loss: 0.9524
    [ShallowConvNet] Early stopping na época 17 com Val Loss: 0.9173
      S052 fold 2: acc3=0.741
    [ShallowConvNet] Epoch   1/80 | Train Loss: 1.0225 | Val Loss: 1.0306
    [ShallowConvNet] Epoch  11/80 | Train Loss: 0.7526 | Val Loss: 0.8624
    [ShallowConvNet] Epoch  21/80 | Train Loss: 0.6176 | Val Loss: 0.8310
    [ShallowConvNet] Epoch  31/80 | Train Loss: 0.6713 | Val Loss: 0.8069
    [ShallowConvNet] Epoch  41/80 | Train Loss: 0.5246 | Val Loss: 0.8028
    [ShallowConvNet] Epoch  51/80 | Train Loss: 0.4717 | Val Loss: 0.8004
    [ShallowConvNet] Early stopping na época 54 com Val Loss: 0.7826
      S071 fold 0: acc3=0.759
    [ShallowConvNet] Epoch   1/80 | Train Loss: 0.8247 | Val Loss: 0.9760
    [ShallowConvNet] Epoch  11/80 | Train Loss: 0.7933 | Val Loss: 0.7475
    [ShallowConvNet] Epoch  21/80 | Train Loss: 0.5749 | Val Loss: 0.7552
    [ShallowConvNet] Epoch  31/80 | Train Loss: 0.4960 | Val Loss: 0.7279
    [ShallowConvNet] Epoch  41/80 | Train Loss: 0.5000 | Val Loss: 0.7150
    [ShallowConvNet] Epoch  51/80 | Train Loss: 0.3363 | Val Loss: 0.7259
    [ShallowConvNet] Early stopping na época 59 com Val Loss: 0.6892
      S071 fold 1: acc3=0.643
    [ShallowConvNet] Epoch   1/80 | Train Loss: 0.8861 | Val Loss: 0.9700
    [ShallowConvNet] Epoch  11/80 | Train Loss: 0.7978 | Val Loss: 0.9446
    [ShallowConvNet] Epoch  21/80 | Train Loss: 0.8146 | Val Loss: 0.9292
    [ShallowConvNet] Epoch  31/80 | Train Loss: 0.6233 | Val Loss: 0.9284
    [ShallowConvNet] Epoch  41/80 | Train Loss: 0.5297 | Val Loss: 0.9403
    [ShallowConvNet] Early stopping na época 44 com Val Loss: 0.9225
      S071 fold 2: acc3=0.714
    [ShallowConvNet] Epoch   1/80 | Train Loss: 1.7094 | Val Loss: 1.4395
    [ShallowConvNet] Epoch  11/80 | Train Loss: 1.2923 | Val Loss: 1.5624
    [ShallowConvNet] Early stopping na época 16 com Val Loss: 1.4395
      S079 fold 0: acc3=0.370
    [ShallowConvNet] Epoch   1/80 | Train Loss: 1.7810 | Val Loss: 1.7294
    [ShallowConvNet] Epoch  11/80 | Train Loss: 1.2823 | Val Loss: 1.8674
    [ShallowConvNet] Early stopping na época 17 com Val Loss: 1.7132
      S079 fold 1: acc3=0.296
    [ShallowConvNet] Epoch   1/80 | Train Loss: 1.4737 | Val Loss: 1.6391
    [ShallowConvNet] Epoch  11/80 | Train Loss: 1.2471 | Val Loss: 1.3580
    [ShallowConvNet] Epoch  21/80 | Train Loss: 1.0568 | Val Loss: 1.2963
    [ShallowConvNet] Epoch  31/80 | Train Loss: 0.9386 | Val Loss: 1.2735
    [ShallowConvNet] Epoch  41/80 | Train Loss: 0.8911 | Val Loss: 1.2755
    [ShallowConvNet] Epoch  51/80 | Train Loss: 0.7440 | Val Loss: 1.2604
    [ShallowConvNet] Epoch  61/80 | Train Loss: 0.6817 | Val Loss: 1.2640
    [ShallowConvNet] Epoch  71/80 | Train Loss: 0.6197 | Val Loss: 1.2541
    [ShallowConvNet] Epoch  80/80 | Train Loss: 0.5881 | Val Loss: 1.2462
      S079 fold 2: acc3=0.423
    [ShallowConvNet] Epoch   1/80 | Train Loss: 1.6196 | Val Loss: 1.0186
    [ShallowConvNet] Epoch  11/80 | Train Loss: 1.4048 | Val Loss: 0.8346
    [ShallowConvNet] Epoch  21/80 | Train Loss: 1.2931 | Val Loss: 0.8738
    [ShallowConvNet] Early stopping na época 22 com Val Loss: 0.8062
      S109 fold 0: acc3=0.333
    [ShallowConvNet] Epoch   1/80 | Train Loss: 1.6097 | Val Loss: 1.4779
    [ShallowConvNet] Epoch  11/80 | Train Loss: 1.2442 | Val Loss: 1.5351
    [ShallowConvNet] Early stopping na época 17 com Val Loss: 1.4341
      S109 fold 1: acc3=0.241
    [ShallowConvNet] Epoch   1/80 | Train Loss: 1.6579 | Val Loss: 2.0678
    [ShallowConvNet] Epoch  11/80 | Train Loss: 1.3502 | Val Loss: 1.4278
    [ShallowConvNet] Epoch  21/80 | Train Loss: 1.3631 | Val Loss: 1.4908
    [ShallowConvNet] Early stopping na época 23 com Val Loss: 1.4247
      S109 fold 2: acc3=0.517
  grupo 3/6 | alvos [12, 34, 60, 91, 95] | pool=98 (2min)
    [ShallowConvNet] Epoch   1/200 | Train Loss: 1.6500 | Val Loss: 1.3231
    [ShallowConvNet] Epoch  11/200 | Train Loss: 1.3022 | Val Loss: 1.3234
    [ShallowConvNet] Epoch  21/200 | Train Loss: 1.1951 | Val Loss: 1.3288
    [ShallowConvNet] Epoch  31/200 | Train Loss: 1.1662 | Val Loss: 1.3379
    [ShallowConvNet] Early stopping na época 34 com Val Loss: 1.2747
      pool treinado (53s) — serve aos 5 alvos do grupo
    [ShallowConvNet] Epoch   1/80 | Train Loss: 1.3035 | Val Loss: 1.1947
    [ShallowConvNet] Epoch  11/80 | Train Loss: 1.0654 | Val Loss: 1.1008
    [ShallowConvNet] Epoch  21/80 | Train Loss: 0.9004 | Val Loss: 1.0740
    [ShallowConvNet] Epoch  31/80 | Train Loss: 0.7903 | Val Loss: 1.0616
    [ShallowConvNet] Epoch  41/80 | Train Loss: 0.6735 | Val Loss: 1.0248
    [ShallowConvNet] Epoch  51/80 | Train Loss: 0.5607 | Val Loss: 0.9779
    [ShallowConvNet] Epoch  61/80 | Train Loss: 0.5916 | Val Loss: 0.9256
    [ShallowConvNet] Epoch  71/80 | Train Loss: 0.5018 | Val Loss: 0.9183
    [ShallowConvNet] Epoch  80/80 | Train Loss: 0.4694 | Val Loss: 0.8994
      S012 fold 0: acc3=0.733
    [ShallowConvNet] Epoch   1/80 | Train Loss: 1.0401 | Val Loss: 1.1957
    [ShallowConvNet] Epoch  11/80 | Train Loss: 0.9749 | Val Loss: 1.2382
    [ShallowConvNet] Early stopping na época 17 com Val Loss: 1.1905
      S012 fold 1: acc3=0.500
    [ShallowConvNet] Epoch   1/80 | Train Loss: 1.3194 | Val Loss: 1.6440
    [ShallowConvNet] Epoch  11/80 | Train Loss: 1.1315 | Val Loss: 1.5375
    [ShallowConvNet] Epoch  21/80 | Train Loss: 0.8900 | Val Loss: 1.5519
    [ShallowConvNet] Epoch  31/80 | Train Loss: 0.8164 | Val Loss: 1.5237
    [ShallowConvNet] Epoch  41/80 | Train Loss: 0.6659 | Val Loss: 1.5402
    [ShallowConvNet] Early stopping na época 47 com Val Loss: 1.5233
      S012 fold 2: acc3=0.621
    [ShallowConvNet] Epoch   1/80 | Train Loss: 0.8706 | Val Loss: 0.7540
    [ShallowConvNet] Epoch  11/80 | Train Loss: 0.6571 | Val Loss: 0.5637
    [ShallowConvNet] Epoch  21/80 | Train Loss: 0.5873 | Val Loss: 0.5319
    [ShallowConvNet] Epoch  31/80 | Train Loss: 0.4536 | Val Loss: 0.5598
    [ShallowConvNet] Early stopping na época 36 com Val Loss: 0.5319
      S034 fold 0: acc3=0.828
    [ShallowConvNet] Epoch   1/80 | Train Loss: 0.9293 | Val Loss: 0.7142
    [ShallowConvNet] Epoch  11/80 | Train Loss: 0.6765 | Val Loss: 0.4985
    [ShallowConvNet] Epoch  21/80 | Train Loss: 0.6138 | Val Loss: 0.4029
    [ShallowConvNet] Epoch  31/80 | Train Loss: 0.5884 | Val Loss: 0.4191
    [ShallowConvNet] Early stopping na época 36 com Val Loss: 0.4029
      S034 fold 1: acc3=0.793
    [ShallowConvNet] Epoch   1/80 | Train Loss: 0.8652 | Val Loss: 0.8330
    [ShallowConvNet] Epoch  11/80 | Train Loss: 0.6094 | Val Loss: 0.5263
    [ShallowConvNet] Epoch  21/80 | Train Loss: 0.4376 | Val Loss: 0.4477
    [ShallowConvNet] Epoch  31/80 | Train Loss: 0.3834 | Val Loss: 0.4086
    [ShallowConvNet] Epoch  41/80 | Train Loss: 0.3344 | Val Loss: 0.3961
    [ShallowConvNet] Epoch  51/80 | Train Loss: 0.2393 | Val Loss: 0.3749
    [ShallowConvNet] Epoch  61/80 | Train Loss: 0.2229 | Val Loss: 0.3735
    [ShallowConvNet] Early stopping na época 64 com Val Loss: 0.3636
      S034 fold 2: acc3=0.759
    [ShallowConvNet] Epoch   1/80 | Train Loss: 1.0239 | Val Loss: 1.2726
    [ShallowConvNet] Epoch  11/80 | Train Loss: 0.8174 | Val Loss: 1.2824
    [ShallowConvNet] Early stopping na época 16 com Val Loss: 1.2726
      S060 fold 0: acc3=0.586
    [ShallowConvNet] Epoch   1/80 | Train Loss: 1.0459 | Val Loss: 1.1169
    [ShallowConvNet] Epoch  11/80 | Train Loss: 0.7890 | Val Loss: 1.0346
    [ShallowConvNet] Epoch  21/80 | Train Loss: 0.8369 | Val Loss: 1.1051
    [ShallowConvNet] Early stopping na época 21 com Val Loss: 1.0222
      S060 fold 1: acc3=0.621
    [ShallowConvNet] Epoch   1/80 | Train Loss: 1.0140 | Val Loss: 1.3567
    [ShallowConvNet] Epoch  11/80 | Train Loss: 0.8110 | Val Loss: 1.2745
    [ShallowConvNet] Epoch  21/80 | Train Loss: 0.7601 | Val Loss: 1.2333
    [ShallowConvNet] Epoch  31/80 | Train Loss: 0.6761 | Val Loss: 1.2152
    [ShallowConvNet] Epoch  41/80 | Train Loss: 0.5690 | Val Loss: 1.1866
    [ShallowConvNet] Epoch  51/80 | Train Loss: 0.5025 | Val Loss: 1.1754
    [ShallowConvNet] Epoch  61/80 | Train Loss: 0.5509 | Val Loss: 1.1573
    [ShallowConvNet] Epoch  71/80 | Train Loss: 0.4561 | Val Loss: 1.1462
    [ShallowConvNet] Epoch  80/80 | Train Loss: 0.4364 | Val Loss: 1.1426
      S060 fold 2: acc3=0.690
    [ShallowConvNet] Epoch   1/80 | Train Loss: 1.2923 | Val Loss: 1.0557
    [ShallowConvNet] Epoch  11/80 | Train Loss: 0.9112 | Val Loss: 0.8744
    [ShallowConvNet] Epoch  21/80 | Train Loss: 0.7903 | Val Loss: 0.8560
    [ShallowConvNet] Epoch  31/80 | Train Loss: 0.6197 | Val Loss: 0.8725
    [ShallowConvNet] Early stopping na época 35 com Val Loss: 0.8521
      S091 fold 0: acc3=0.467
    [ShallowConvNet] Epoch   1/80 | Train Loss: 1.1018 | Val Loss: 1.6428
    [ShallowConvNet] Epoch  11/80 | Train Loss: 0.9982 | Val Loss: 1.5079
    [ShallowConvNet] Epoch  21/80 | Train Loss: 0.8593 | Val Loss: 1.5098
    [ShallowConvNet] Epoch  31/80 | Train Loss: 0.6998 | Val Loss: 1.5161
    [ShallowConvNet] Early stopping na época 39 com Val Loss: 1.4844
      S091 fold 1: acc3=0.633
    [ShallowConvNet] Epoch   1/80 | Train Loss: 1.3059 | Val Loss: 0.8114
    [ShallowConvNet] Epoch  11/80 | Train Loss: 1.0314 | Val Loss: 0.8942
    [ShallowConvNet] Early stopping na época 16 com Val Loss: 0.8114
      S091 fold 2: acc3=0.690
    [ShallowConvNet] Epoch   1/80 | Train Loss: 1.6357 | Val Loss: 1.0557
    [ShallowConvNet] Epoch  11/80 | Train Loss: 1.3764 | Val Loss: 1.1066
    [ShallowConvNet] Early stopping na época 16 com Val Loss: 1.0557
      S095 fold 0: acc3=0.556
    [ShallowConvNet] Epoch   1/80 | Train Loss: 1.4163 | Val Loss: 1.1419
    [ShallowConvNet] Epoch  11/80 | Train Loss: 1.1884 | Val Loss: 1.1005
    [ShallowConvNet] Early stopping na época 20 com Val Loss: 1.0867
      S095 fold 1: acc3=0.370
    [ShallowConvNet] Epoch   1/80 | Train Loss: 1.3937 | Val Loss: 1.4950
    [ShallowConvNet] Epoch  11/80 | Train Loss: 1.2069 | Val Loss: 1.4197
    [ShallowConvNet] Epoch  21/80 | Train Loss: 1.1596 | Val Loss: 1.4271
    [ShallowConvNet] Early stopping na época 23 com Val Loss: 1.4150
      S095 fold 2: acc3=0.444
  grupo 4/6 | alvos [25, 31, 87, 106, 108] | pool=98 (3min)
    [ShallowConvNet] Epoch   1/200 | Train Loss: 1.6467 | Val Loss: 1.5606
    [ShallowConvNet] Epoch  11/200 | Train Loss: 1.2911 | Val Loss: 1.2702
    [ShallowConvNet] Epoch  21/200 | Train Loss: 1.2056 | Val Loss: 1.2836
    [ShallowConvNet] Epoch  31/200 | Train Loss: 1.1522 | Val Loss: 1.2872
    [ShallowConvNet] Early stopping na época 35 com Val Loss: 1.2395
      pool treinado (54s) — serve aos 5 alvos do grupo
    [ShallowConvNet] Epoch   1/80 | Train Loss: 1.1684 | Val Loss: 0.9738
    [ShallowConvNet] Epoch  11/80 | Train Loss: 0.8167 | Val Loss: 1.0585
    [ShallowConvNet] Early stopping na época 18 com Val Loss: 0.9609
      S025 fold 0: acc3=0.667
    [ShallowConvNet] Epoch   1/80 | Train Loss: 1.0659 | Val Loss: 1.0225
    [ShallowConvNet] Epoch  11/80 | Train Loss: 0.8868 | Val Loss: 0.8984
    [ShallowConvNet] Epoch  21/80 | Train Loss: 0.7712 | Val Loss: 0.8905
    [ShallowConvNet] Epoch  31/80 | Train Loss: 0.6608 | Val Loss: 0.8695
    [ShallowConvNet] Epoch  41/80 | Train Loss: 0.5885 | Val Loss: 0.8387
    [ShallowConvNet] Epoch  51/80 | Train Loss: 0.4535 | Val Loss: 0.8087
    [ShallowConvNet] Epoch  61/80 | Train Loss: 0.4184 | Val Loss: 0.7914
    [ShallowConvNet] Epoch  71/80 | Train Loss: 0.3717 | Val Loss: 0.7706
    [ShallowConvNet] Epoch  80/80 | Train Loss: 0.3428 | Val Loss: 0.7654
      S025 fold 1: acc3=0.767
    [ShallowConvNet] Epoch   1/80 | Train Loss: 1.0618 | Val Loss: 0.8997
    [ShallowConvNet] Epoch  11/80 | Train Loss: 0.8155 | Val Loss: 0.8027
    [ShallowConvNet] Epoch  21/80 | Train Loss: 0.8024 | Val Loss: 0.7677
    [ShallowConvNet] Epoch  31/80 | Train Loss: 0.6094 | Val Loss: 0.7392
    [ShallowConvNet] Epoch  41/80 | Train Loss: 0.4649 | Val Loss: 0.7178
    [ShallowConvNet] Epoch  51/80 | Train Loss: 0.4428 | Val Loss: 0.6827
    [ShallowConvNet] Epoch  61/80 | Train Loss: 0.4437 | Val Loss: 0.6685
    [ShallowConvNet] Epoch  71/80 | Train Loss: 0.3393 | Val Loss: 0.6805
    [ShallowConvNet] Epoch  80/80 | Train Loss: 0.3471 | Val Loss: 0.6919
    [ShallowConvNet] Early stopping na época 80 com Val Loss: 0.6641
      S025 fold 2: acc3=0.759
    [ShallowConvNet] Epoch   1/80 | Train Loss: 1.1866 | Val Loss: 1.3162
    [ShallowConvNet] Epoch  11/80 | Train Loss: 0.7869 | Val Loss: 1.3214
    [ShallowConvNet] Epoch  21/80 | Train Loss: 0.7114 | Val Loss: 1.3341
    [ShallowConvNet] Epoch  31/80 | Train Loss: 0.6533 | Val Loss: 1.3316
    [ShallowConvNet] Early stopping na época 39 com Val Loss: 1.3006
      S031 fold 0: acc3=0.600
    [ShallowConvNet] Epoch   1/80 | Train Loss: 1.0186 | Val Loss: 1.8920
    [ShallowConvNet] Epoch  11/80 | Train Loss: 0.8926 | Val Loss: 1.7521
    [ShallowConvNet] Epoch  21/80 | Train Loss: 0.7023 | Val Loss: 1.6002
    [ShallowConvNet] Epoch  31/80 | Train Loss: 0.5389 | Val Loss: 1.5113
    [ShallowConvNet] Epoch  41/80 | Train Loss: 0.4389 | Val Loss: 1.4413
    [ShallowConvNet] Epoch  51/80 | Train Loss: 0.3819 | Val Loss: 1.4215
    [ShallowConvNet] Epoch  61/80 | Train Loss: 0.3007 | Val Loss: 1.3937
    [ShallowConvNet] Epoch  71/80 | Train Loss: 0.2919 | Val Loss: 1.3766
    [ShallowConvNet] Epoch  80/80 | Train Loss: 0.2506 | Val Loss: 1.3910
      S031 fold 1: acc3=0.667
    [ShallowConvNet] Epoch   1/80 | Train Loss: 1.3379 | Val Loss: 0.8669
    [ShallowConvNet] Epoch  11/80 | Train Loss: 1.0912 | Val Loss: 0.8159
    [ShallowConvNet] Epoch  21/80 | Train Loss: 0.8122 | Val Loss: 0.7587
    [ShallowConvNet] Epoch  31/80 | Train Loss: 0.8513 | Val Loss: 0.7410
    [ShallowConvNet] Epoch  41/80 | Train Loss: 0.6523 | Val Loss: 0.7178
    [ShallowConvNet] Epoch  51/80 | Train Loss: 0.5847 | Val Loss: 0.7192
    [ShallowConvNet] Early stopping na época 56 com Val Loss: 0.7178
      S031 fold 2: acc3=0.793
    [ShallowConvNet] Epoch   1/80 | Train Loss: 1.4837 | Val Loss: 1.5745
    [ShallowConvNet] Epoch  11/80 | Train Loss: 1.2903 | Val Loss: 1.4603
    [ShallowConvNet] Epoch  21/80 | Train Loss: 1.0716 | Val Loss: 1.4265
    [ShallowConvNet] Epoch  31/80 | Train Loss: 0.9478 | Val Loss: 1.4309
    [ShallowConvNet] Early stopping na época 39 com Val Loss: 1.4248
      S087 fold 0: acc3=0.552
    [ShallowConvNet] Epoch   1/80 | Train Loss: 1.4695 | Val Loss: 0.8851
    [ShallowConvNet] Epoch  11/80 | Train Loss: 1.2985 | Val Loss: 0.9697
    [ShallowConvNet] Early stopping na época 17 com Val Loss: 0.8834
      S087 fold 1: acc3=0.379
    [ShallowConvNet] Epoch   1/80 | Train Loss: 1.2602 | Val Loss: 1.2722
    [ShallowConvNet] Epoch  11/80 | Train Loss: 1.1659 | Val Loss: 1.3008
    [ShallowConvNet] Early stopping na época 17 com Val Loss: 1.2703
      S087 fold 2: acc3=0.448
    [ShallowConvNet] Epoch   1/80 | Train Loss: 1.2908 | Val Loss: 1.1549
    [ShallowConvNet] Epoch  11/80 | Train Loss: 1.2206 | Val Loss: 1.1879
    [ShallowConvNet] Early stopping na época 16 com Val Loss: 1.1549
      S106 fold 0: acc3=0.433
    [ShallowConvNet] Epoch   1/80 | Train Loss: 1.4182 | Val Loss: 2.0473
    [ShallowConvNet] Epoch  11/80 | Train Loss: 1.2627 | Val Loss: 2.0257
    [ShallowConvNet] Epoch  21/80 | Train Loss: 1.0511 | Val Loss: 2.0436
    [ShallowConvNet] Early stopping na época 22 com Val Loss: 2.0243
      S106 fold 1: acc3=0.552
    [ShallowConvNet] Epoch   1/80 | Train Loss: 1.5531 | Val Loss: 1.3947
    [ShallowConvNet] Epoch  11/80 | Train Loss: 1.1296 | Val Loss: 1.3138
    [ShallowConvNet] Epoch  21/80 | Train Loss: 0.9643 | Val Loss: 1.3048
    [ShallowConvNet] Epoch  31/80 | Train Loss: 0.8609 | Val Loss: 1.2750
    [ShallowConvNet] Epoch  41/80 | Train Loss: 0.7530 | Val Loss: 1.3214
    [ShallowConvNet] Early stopping na época 46 com Val Loss: 1.2750
      S106 fold 2: acc3=0.483
    [ShallowConvNet] Epoch   1/80 | Train Loss: 1.5219 | Val Loss: 1.1088
    [ShallowConvNet] Epoch  11/80 | Train Loss: 1.1371 | Val Loss: 1.3702
    [ShallowConvNet] Early stopping na época 16 com Val Loss: 1.1088
      S108 fold 0: acc3=0.379
    [ShallowConvNet] Epoch   1/80 | Train Loss: 1.4462 | Val Loss: 1.2167
    [ShallowConvNet] Epoch  11/80 | Train Loss: 1.0191 | Val Loss: 1.1999
    [ShallowConvNet] Epoch  21/80 | Train Loss: 1.0782 | Val Loss: 1.2068
    [ShallowConvNet] Early stopping na época 29 com Val Loss: 1.1768
      S108 fold 1: acc3=0.310
    [ShallowConvNet] Epoch   1/80 | Train Loss: 1.4932 | Val Loss: 1.1083
    [ShallowConvNet] Epoch  11/80 | Train Loss: 1.3222 | Val Loss: 1.1121
    [ShallowConvNet] Early stopping na época 18 com Val Loss: 1.0809
      S108 fold 2: acc3=0.310
  grupo 5/6 | alvos [41, 45, 63, 83, 105] | pool=98 (4min)
    [ShallowConvNet] Epoch   1/200 | Train Loss: 1.6605 | Val Loss: 1.4554
    [ShallowConvNet] Epoch  11/200 | Train Loss: 1.2922 | Val Loss: 1.3233
    [ShallowConvNet] Epoch  21/200 | Train Loss: 1.2021 | Val Loss: 1.2948
    [ShallowConvNet] Early stopping na época 29 com Val Loss: 1.2307
      pool treinado (45s) — serve aos 5 alvos do grupo
    [ShallowConvNet] Epoch   1/80 | Train Loss: 1.2589 | Val Loss: 0.9295
    [ShallowConvNet] Epoch  11/80 | Train Loss: 1.1684 | Val Loss: 1.0246
    [ShallowConvNet] Early stopping na época 16 com Val Loss: 0.9295
      S041 fold 0: acc3=0.600
    [ShallowConvNet] Epoch   1/80 | Train Loss: 1.2989 | Val Loss: 1.0578
    [ShallowConvNet] Epoch  11/80 | Train Loss: 1.1517 | Val Loss: 1.1295
    [ShallowConvNet] Early stopping na época 18 com Val Loss: 1.0371
      S041 fold 1: acc3=0.483
    [ShallowConvNet] Epoch   1/80 | Train Loss: 1.1860 | Val Loss: 1.3264
    [ShallowConvNet] Epoch  11/80 | Train Loss: 1.0041 | Val Loss: 1.2488
    [ShallowConvNet] Epoch  21/80 | Train Loss: 0.8559 | Val Loss: 1.2199
    [ShallowConvNet] Epoch  31/80 | Train Loss: 0.7491 | Val Loss: 1.1803
    [ShallowConvNet] Epoch  41/80 | Train Loss: 0.7120 | Val Loss: 1.1630
    [ShallowConvNet] Epoch  51/80 | Train Loss: 0.5650 | Val Loss: 1.1422
    [ShallowConvNet] Epoch  61/80 | Train Loss: 0.5301 | Val Loss: 1.1326
    [ShallowConvNet] Epoch  71/80 | Train Loss: 0.4726 | Val Loss: 1.1101
    [ShallowConvNet] Epoch  80/80 | Train Loss: 0.3954 | Val Loss: 1.1069
      S041 fold 2: acc3=0.586
    [ShallowConvNet] Epoch   1/80 | Train Loss: 1.2532 | Val Loss: 1.2489
    [ShallowConvNet] Epoch  11/80 | Train Loss: 1.0268 | Val Loss: 1.3412
    [ShallowConvNet] Early stopping na época 16 com Val Loss: 1.2489
      S045 fold 0: acc3=0.567
    [ShallowConvNet] Epoch   1/80 | Train Loss: 1.1062 | Val Loss: 0.9881
    [ShallowConvNet] Epoch  11/80 | Train Loss: 0.9573 | Val Loss: 0.8552
    [ShallowConvNet] Epoch  21/80 | Train Loss: 0.8544 | Val Loss: 0.8458
    [ShallowConvNet] Epoch  31/80 | Train Loss: 0.7730 | Val Loss: 0.8212
    [ShallowConvNet] Epoch  41/80 | Train Loss: 0.5591 | Val Loss: 0.8242
    [ShallowConvNet] Epoch  51/80 | Train Loss: 0.5076 | Val Loss: 0.8124
    [ShallowConvNet] Epoch  61/80 | Train Loss: 0.4812 | Val Loss: 0.8092
    [ShallowConvNet] Epoch  71/80 | Train Loss: 0.3275 | Val Loss: 0.8273
    [ShallowConvNet] Early stopping na época 74 com Val Loss: 0.7981
      S045 fold 1: acc3=0.633
    [ShallowConvNet] Epoch   1/80 | Train Loss: 1.2625 | Val Loss: 1.3485
    [ShallowConvNet] Epoch  11/80 | Train Loss: 1.0552 | Val Loss: 1.4592
    [ShallowConvNet] Early stopping na época 16 com Val Loss: 1.3485
      S045 fold 2: acc3=0.655
    [ShallowConvNet] Epoch   1/80 | Train Loss: 1.3441 | Val Loss: 1.3435
    [ShallowConvNet] Epoch  11/80 | Train Loss: 1.1611 | Val Loss: 1.3948
    [ShallowConvNet] Early stopping na época 16 com Val Loss: 1.3435
      S063 fold 0: acc3=0.276
    [ShallowConvNet] Epoch   1/80 | Train Loss: 1.4427 | Val Loss: 1.1339
    [ShallowConvNet] Epoch  11/80 | Train Loss: 1.2249 | Val Loss: 1.1709
    [ShallowConvNet] Early stopping na época 16 com Val Loss: 1.1339
      S063 fold 1: acc3=0.586
    [ShallowConvNet] Epoch   1/80 | Train Loss: 1.5657 | Val Loss: 1.4567
    [ShallowConvNet] Epoch  11/80 | Train Loss: 1.2306 | Val Loss: 1.4943
    [ShallowConvNet] Early stopping na época 16 com Val Loss: 1.4567
      S063 fold 2: acc3=0.714
    [ShallowConvNet] Epoch   1/80 | Train Loss: 1.1720 | Val Loss: 1.2378
    [ShallowConvNet] Epoch  11/80 | Train Loss: 0.9956 | Val Loss: 0.9564
    [ShallowConvNet] Epoch  21/80 | Train Loss: 0.8536 | Val Loss: 0.9578
    [ShallowConvNet] Early stopping na época 24 com Val Loss: 0.9522
      S083 fold 0: acc3=0.733
    [ShallowConvNet] Epoch   1/80 | Train Loss: 1.1686 | Val Loss: 1.0750
    [ShallowConvNet] Epoch  11/80 | Train Loss: 0.9576 | Val Loss: 1.4049
    [ShallowConvNet] Early stopping na época 16 com Val Loss: 1.0750
      S083 fold 1: acc3=0.533
    [ShallowConvNet] Epoch   1/80 | Train Loss: 1.2415 | Val Loss: 1.1589
    [ShallowConvNet] Epoch  11/80 | Train Loss: 0.9522 | Val Loss: 0.8994
    [ShallowConvNet] Epoch  21/80 | Train Loss: 0.9169 | Val Loss: 0.8543
    [ShallowConvNet] Epoch  31/80 | Train Loss: 0.7398 | Val Loss: 0.8286
    [ShallowConvNet] Epoch  41/80 | Train Loss: 0.6523 | Val Loss: 0.8057
    [ShallowConvNet] Epoch  51/80 | Train Loss: 0.6511 | Val Loss: 0.7705
    [ShallowConvNet] Epoch  61/80 | Train Loss: 0.5431 | Val Loss: 0.7440
    [ShallowConvNet] Epoch  71/80 | Train Loss: 0.4319 | Val Loss: 0.7345
    [ShallowConvNet] Epoch  80/80 | Train Loss: 0.4737 | Val Loss: 0.7272
      S083 fold 2: acc3=0.724
    [ShallowConvNet] Epoch   1/80 | Train Loss: 1.4604 | Val Loss: 1.1113
    [ShallowConvNet] Epoch  11/80 | Train Loss: 1.2843 | Val Loss: 1.1696
    [ShallowConvNet] Early stopping na época 16 com Val Loss: 1.1113
      S105 fold 0: acc3=0.533
    [ShallowConvNet] Epoch   1/80 | Train Loss: 1.3295 | Val Loss: 1.0643
    [ShallowConvNet] Epoch  11/80 | Train Loss: 1.1790 | Val Loss: 1.0259
    [ShallowConvNet] Epoch  21/80 | Train Loss: 0.9498 | Val Loss: 1.0485
    [ShallowConvNet] Early stopping na época 23 com Val Loss: 1.0204
      S105 fold 1: acc3=0.500
    [ShallowConvNet] Epoch   1/80 | Train Loss: 1.3191 | Val Loss: 1.4727
    [ShallowConvNet] Epoch  11/80 | Train Loss: 1.0540 | Val Loss: 1.5444
    [ShallowConvNet] Early stopping na época 17 com Val Loss: 1.4695
      S105 fold 2: acc3=0.483
  grupo 6/6 | alvos [18, 49, 68, 76, 98] | pool=98 (5min)
    [ShallowConvNet] Epoch   1/200 | Train Loss: 1.6318 | Val Loss: 1.4002
    [ShallowConvNet] Epoch  11/200 | Train Loss: 1.2873 | Val Loss: 1.3919
    [ShallowConvNet] Epoch  21/200 | Train Loss: 1.1985 | Val Loss: 1.2877
    [ShallowConvNet] Epoch  31/200 | Train Loss: 1.1416 | Val Loss: 1.3776
    [ShallowConvNet] Early stopping na época 36 com Val Loss: 1.2408
      pool treinado (56s) — serve aos 5 alvos do grupo
    [ShallowConvNet] Epoch   1/80 | Train Loss: 1.2119 | Val Loss: 1.2347
    [ShallowConvNet] Epoch  11/80 | Train Loss: 1.0108 | Val Loss: 1.1179
    [ShallowConvNet] Epoch  21/80 | Train Loss: 1.0013 | Val Loss: 1.1265
    [ShallowConvNet] Early stopping na época 27 com Val Loss: 1.1162
      S018 fold 0: acc3=0.500
    [ShallowConvNet] Epoch   1/80 | Train Loss: 1.4547 | Val Loss: 1.3406
    [ShallowConvNet] Epoch  11/80 | Train Loss: 1.2211 | Val Loss: 1.2056
    [ShallowConvNet] Epoch  21/80 | Train Loss: 0.9737 | Val Loss: 1.1752
    [ShallowConvNet] Epoch  31/80 | Train Loss: 0.8824 | Val Loss: 1.1788
    [ShallowConvNet] Epoch  41/80 | Train Loss: 0.7538 | Val Loss: 1.1584
    [ShallowConvNet] Epoch  51/80 | Train Loss: 0.6533 | Val Loss: 1.1449
    [ShallowConvNet] Epoch  61/80 | Train Loss: 0.5957 | Val Loss: 1.1360
    [ShallowConvNet] Epoch  71/80 | Train Loss: 0.4806 | Val Loss: 1.1129
    [ShallowConvNet] Epoch  80/80 | Train Loss: 0.5001 | Val Loss: 1.1206
      S018 fold 1: acc3=0.586
    [ShallowConvNet] Epoch   1/80 | Train Loss: 1.2196 | Val Loss: 1.5274
    [ShallowConvNet] Epoch  11/80 | Train Loss: 1.1376 | Val Loss: 1.7726
    [ShallowConvNet] Early stopping na época 16 com Val Loss: 1.5274
      S018 fold 2: acc3=0.586
    [ShallowConvNet] Epoch   1/80 | Train Loss: 1.1111 | Val Loss: 0.8082
    [ShallowConvNet] Epoch  11/80 | Train Loss: 0.8600 | Val Loss: 0.8016
    [ShallowConvNet] Epoch  21/80 | Train Loss: 0.6778 | Val Loss: 0.7621
    [ShallowConvNet] Epoch  31/80 | Train Loss: 0.6306 | Val Loss: 0.7043
    [ShallowConvNet] Epoch  41/80 | Train Loss: 0.5130 | Val Loss: 0.6743
    [ShallowConvNet] Epoch  51/80 | Train Loss: 0.4409 | Val Loss: 0.6344
    [ShallowConvNet] Epoch  61/80 | Train Loss: 0.3531 | Val Loss: 0.6154
    [ShallowConvNet] Epoch  71/80 | Train Loss: 0.3204 | Val Loss: 0.6010
    [ShallowConvNet] Epoch  80/80 | Train Loss: 0.3385 | Val Loss: 0.5892
      S049 fold 0: acc3=0.800
    [ShallowConvNet] Epoch   1/80 | Train Loss: 0.9162 | Val Loss: 0.9205
    [ShallowConvNet] Epoch  11/80 | Train Loss: 0.7536 | Val Loss: 0.9870
    [ShallowConvNet] Early stopping na época 16 com Val Loss: 0.9205
      S049 fold 1: acc3=0.633
    [ShallowConvNet] Epoch   1/80 | Train Loss: 1.1662 | Val Loss: 1.1011
    [ShallowConvNet] Epoch  11/80 | Train Loss: 0.8568 | Val Loss: 1.0142
    [ShallowConvNet] Epoch  21/80 | Train Loss: 0.7719 | Val Loss: 0.9788
    [ShallowConvNet] Epoch  31/80 | Train Loss: 0.5862 | Val Loss: 0.9356
    [ShallowConvNet] Epoch  41/80 | Train Loss: 0.5586 | Val Loss: 0.9095
    [ShallowConvNet] Epoch  51/80 | Train Loss: 0.4957 | Val Loss: 0.8383
    [ShallowConvNet] Epoch  61/80 | Train Loss: 0.4299 | Val Loss: 0.8127
    [ShallowConvNet] Epoch  71/80 | Train Loss: 0.3454 | Val Loss: 0.7778
    [ShallowConvNet] Epoch  80/80 | Train Loss: 0.3360 | Val Loss: 0.7508
      S049 fold 2: acc3=0.828
    [ShallowConvNet] Epoch   1/80 | Train Loss: 1.2065 | Val Loss: 1.1766
    [ShallowConvNet] Epoch  11/80 | Train Loss: 1.0035 | Val Loss: 1.1781
    [ShallowConvNet] Epoch  21/80 | Train Loss: 0.8717 | Val Loss: 1.1693
    [ShallowConvNet] Epoch  31/80 | Train Loss: 0.6993 | Val Loss: 1.1658
    [ShallowConvNet] Epoch  41/80 | Train Loss: 0.6852 | Val Loss: 1.1769
    [ShallowConvNet] Early stopping na época 44 com Val Loss: 1.1644
      S068 fold 0: acc3=0.414
    [ShallowConvNet] Epoch   1/80 | Train Loss: 1.3026 | Val Loss: 1.2801
    [ShallowConvNet] Epoch  11/80 | Train Loss: 1.1000 | Val Loss: 1.3734
    [ShallowConvNet] Early stopping na época 17 com Val Loss: 1.2792
      S068 fold 1: acc3=0.536
    [ShallowConvNet] Epoch   1/80 | Train Loss: 1.2576 | Val Loss: 1.2301
    [ShallowConvNet] Epoch  11/80 | Train Loss: 1.1306 | Val Loss: 1.2500
    [ShallowConvNet] Early stopping na época 18 com Val Loss: 1.2217
      S068 fold 2: acc3=0.607
    [ShallowConvNet] Epoch   1/80 | Train Loss: 1.3412 | Val Loss: 1.3750
    [ShallowConvNet] Epoch  11/80 | Train Loss: 1.2185 | Val Loss: 1.3865
    [ShallowConvNet] Early stopping na época 17 com Val Loss: 1.3684
      S076 fold 0: acc3=0.400
    [ShallowConvNet] Epoch   1/80 | Train Loss: 1.5290 | Val Loss: 1.3661
    [ShallowConvNet] Epoch  11/80 | Train Loss: 1.2452 | Val Loss: 1.3701
    [ShallowConvNet] Epoch  21/80 | Train Loss: 1.1348 | Val Loss: 1.3989
    [ShallowConvNet] Early stopping na época 23 com Val Loss: 1.3562
      S076 fold 1: acc3=0.448
    [ShallowConvNet] Epoch   1/80 | Train Loss: 1.4275 | Val Loss: 1.3625
    [ShallowConvNet] Epoch  11/80 | Train Loss: 1.2310 | Val Loss: 1.3093
    [ShallowConvNet] Epoch  21/80 | Train Loss: 1.0893 | Val Loss: 1.3344
    [ShallowConvNet] Early stopping na época 27 com Val Loss: 1.3048
      S076 fold 2: acc3=0.448
    [ShallowConvNet] Epoch   1/80 | Train Loss: 1.4086 | Val Loss: 1.1693
    [ShallowConvNet] Epoch  11/80 | Train Loss: 1.3032 | Val Loss: 1.4257
    [ShallowConvNet] Early stopping na época 16 com Val Loss: 1.1693
      S098 fold 0: acc3=0.533
    [ShallowConvNet] Epoch   1/80 | Train Loss: 1.4375 | Val Loss: 1.4329
    [ShallowConvNet] Epoch  11/80 | Train Loss: 1.2538 | Val Loss: 1.3481
    [ShallowConvNet] Epoch  21/80 | Train Loss: 1.0370 | Val Loss: 1.3359
    [ShallowConvNet] Epoch  31/80 | Train Loss: 0.7922 | Val Loss: 1.3327
    [ShallowConvNet] Early stopping na época 34 com Val Loss: 1.3107
      S098 fold 1: acc3=0.467
    [ShallowConvNet] Epoch   1/80 | Train Loss: 1.3907 | Val Loss: 2.0341
    [ShallowConvNet] Epoch  11/80 | Train Loss: 1.0443 | Val Loss: 1.9542
    [ShallowConvNet] Epoch  21/80 | Train Loss: 0.8527 | Val Loss: 1.7985
    [ShallowConvNet] Epoch  31/80 | Train Loss: 0.6879 | Val Loss: 1.7211
    [ShallowConvNet] Epoch  41/80 | Train Loss: 0.9843 | Val Loss: 1.6641
    [ShallowConvNet] Epoch  51/80 | Train Loss: 0.5367 | Val Loss: 1.6092
    [ShallowConvNet] Epoch  61/80 | Train Loss: 0.6167 | Val Loss: 1.5794
    [ShallowConvNet] Epoch  71/80 | Train Loss: 0.5081 | Val Loss: 1.5397
    [ShallowConvNet] Epoch  80/80 | Train Loss: 0.4821 | Val Loss: 1.5111
      S098 fold 2: acc3=0.621

BENCH_MONTAGENS_DONE (6min)
CUDA=True | montagens=['32'] | modelos=['deepcnn'] | alvos=30 | folds=3
  contrato 5cb6c6358c | banda 4-40 Hz ordem 5 | CAR on | IQR k=1.5 | calib 48 | fases mi
  aninhamento 2<4<8<16<21<32<64 verificado
  montagem      E  D centro  simetria
  64           27 27     10  sim
  32           14 14      4  sim
  21            9  8      4  NAO (aceita por decisao)
  16            6  6      4  sim
  8             3  3      2  sim
  4             2  2      0  sim
  2             1  1      0  sim
  3             1  1      1  sim
  sem_fz        4  3      1  NAO (aceita por decisao)
  posterior8    4  4      0  sim
  ocular4       2  2      0  sim
  6 grupos de alvos (semente 42), pool = 98 sujeitos:
    grupo 1: [3, 22, 57, 102, 107]
    grupo 2: [7, 52, 71, 79, 109]
    grupo 3: [12, 34, 60, 91, 95]
    grupo 4: [25, 31, 87, 106, 108]
    grupo 5: [41, 45, 63, 83, 105]
    grupo 6: [18, 49, 68, 76, 98]
  retomando: 4770 celulas ja concluidas sob 5cb6c6358c

==============================================================
  MONTAGEM 32 (32 canais) | MODELO deepcnn | 0min
==============================================================
  grupo 1/6 | alvos [3, 22, 57, 102, 107] | pool=98 (0min)
      pool treinado (121s) — serve aos 5 alvos do grupo
      S003 fold 0: acc3=0.300
      S003 fold 1: acc3=0.167
      S003 fold 2: acc3=0.233
      S022 fold 0: acc3=0.483
      S022 fold 1: acc3=0.621
      S022 fold 2: acc3=0.679
      S057 fold 0: acc3=0.467
      S057 fold 1: acc3=0.400
      S057 fold 2: acc3=0.400
      S102 fold 0: acc3=0.759
      S102 fold 1: acc3=0.586
      S102 fold 2: acc3=0.750
      S107 fold 0: acc3=0.464
      S107 fold 1: acc3=0.321
      S107 fold 2: acc3=0.407
  grupo 2/6 | alvos [7, 52, 71, 79, 109] | pool=98 (2min)
      pool treinado (108s) — serve aos 5 alvos do grupo
      S007 fold 0: acc3=0.733
      S007 fold 1: acc3=0.759
      S007 fold 2: acc3=0.759
      S052 fold 0: acc3=0.714
      S052 fold 1: acc3=0.571
      S052 fold 2: acc3=0.704
      S071 fold 0: acc3=0.552
      S071 fold 1: acc3=0.643
      S071 fold 2: acc3=0.786
      S079 fold 0: acc3=0.370
      S079 fold 1: acc3=0.333
      S079 fold 2: acc3=0.462
      S109 fold 0: acc3=0.333
      S109 fold 1: acc3=0.241
      S109 fold 2: acc3=0.379
  grupo 3/6 | alvos [12, 34, 60, 91, 95] | pool=98 (4min)
      pool treinado (80s) — serve aos 5 alvos do grupo
      S012 fold 0: acc3=0.633
      S012 fold 1: acc3=0.500
      S012 fold 2: acc3=0.586
      S034 fold 0: acc3=0.793
      S034 fold 1: acc3=0.759
      S034 fold 2: acc3=0.759
      S060 fold 0: acc3=0.552
      S060 fold 1: acc3=0.621
      S060 fold 2: acc3=0.552
      S091 fold 0: acc3=0.533
      S091 fold 1: acc3=0.700
      S091 fold 2: acc3=0.586
      S095 fold 0: acc3=0.407
      S095 fold 1: acc3=0.444
      S095 fold 2: acc3=0.407
  grupo 4/6 | alvos [25, 31, 87, 106, 108] | pool=98 (6min)
      pool treinado (101s) — serve aos 5 alvos do grupo
      S025 fold 0: acc3=0.667
      S025 fold 1: acc3=0.700
      S025 fold 2: acc3=0.724
      S031 fold 0: acc3=0.567
      S031 fold 1: acc3=0.467
      S031 fold 2: acc3=0.621
      S087 fold 0: acc3=0.586
      S087 fold 1: acc3=0.448
      S087 fold 2: acc3=0.414
      S106 fold 0: acc3=0.333
      S106 fold 1: acc3=0.414
      S106 fold 2: acc3=0.483
      S108 fold 0: acc3=0.552
      S108 fold 1: acc3=0.310
      S108 fold 2: acc3=0.345
  grupo 5/6 | alvos [41, 45, 63, 83, 105] | pool=98 (8min)
      pool treinado (114s) — serve aos 5 alvos do grupo
      S041 fold 0: acc3=0.567
      S041 fold 1: acc3=0.483
      S041 fold 2: acc3=0.345
      S045 fold 0: acc3=0.733
      S045 fold 1: acc3=0.567
      S045 fold 2: acc3=0.655
      S063 fold 0: acc3=0.276
      S063 fold 1: acc3=0.379
      S063 fold 2: acc3=0.214
      S083 fold 0: acc3=0.733
      S083 fold 1: acc3=0.633
      S083 fold 2: acc3=0.621
      S105 fold 0: acc3=0.633
      S105 fold 1: acc3=0.533
      S105 fold 2: acc3=0.552
  grupo 6/6 | alvos [18, 49, 68, 76, 98] | pool=98 (10min)
      pool treinado (131s) — serve aos 5 alvos do grupo
      S018 fold 0: acc3=0.467
      S018 fold 1: acc3=0.448
      S018 fold 2: acc3=0.345
      S049 fold 0: acc3=0.700
      S049 fold 1: acc3=0.800
      S049 fold 2: acc3=0.862
      S068 fold 0: acc3=0.552
      S068 fold 1: acc3=0.536
      S068 fold 2: acc3=0.714
      S076 fold 0: acc3=0.300
      S076 fold 1: acc3=0.345
      S076 fold 2: acc3=0.276
      S098 fold 0: acc3=0.600
      S098 fold 1: acc3=0.533
      S098 fold 2: acc3=0.586

BENCH_MONTAGENS_DONE (12min)
CUDA=True | montagens=['32'] | modelos=['stia_net'] | alvos=30 | folds=3
  contrato 5cb6c6358c | banda 4-40 Hz ordem 5 | CAR on | IQR k=1.5 | calib 48 | fases mi
  aninhamento 2<4<8<16<21<32<64 verificado
  montagem      E  D centro  simetria
  64           27 27     10  sim
  32           14 14      4  sim
  21            9  8      4  NAO (aceita por decisao)
  16            6  6      4  sim
  8             3  3      2  sim
  4             2  2      0  sim
  2             1  1      0  sim
  3             1  1      1  sim
  sem_fz        4  3      1  NAO (aceita por decisao)
  posterior8    4  4      0  sim
  ocular4       2  2      0  sim
  celulas gemeas pendentes: stia_net.banda_do_artigo (rodar de novo com --banda 8 30)
  6 grupos de alvos (semente 42), pool = 98 sujeitos:
    grupo 1: [3, 22, 57, 102, 107]
    grupo 2: [7, 52, 71, 79, 109]
    grupo 3: [12, 34, 60, 91, 95]
    grupo 4: [25, 31, 87, 106, 108]
    grupo 5: [41, 45, 63, 83, 105]
    grupo 6: [18, 49, 68, 76, 98]
  retomando: 4860 celulas ja concluidas sob 5cb6c6358c

==============================================================
  MONTAGEM 32 (32 canais) | MODELO stia_net | 0min
==============================================================
  grupo 1/6 | alvos [3, 22, 57, 102, 107] | pool=98 (0min)
  [STIA-Net] Computing PLV adjacency matrix...
      pool treinado (80s) — serve aos 5 alvos do grupo
  [STIA-Net] Recomputing PLV for MI domain...
      S003 fold 0: acc3=0.433
  [STIA-Net] Recomputing PLV for MI domain...
      S003 fold 1: acc3=0.433
  [STIA-Net] Recomputing PLV for MI domain...
      S003 fold 2: acc3=0.367
  [STIA-Net] Recomputing PLV for MI domain...
      S022 fold 0: acc3=0.414
  [STIA-Net] Recomputing PLV for MI domain...
      S022 fold 1: acc3=0.276
  [STIA-Net] Recomputing PLV for MI domain...
      S022 fold 2: acc3=0.536
  [STIA-Net] Recomputing PLV for MI domain...
      S057 fold 0: acc3=0.400
  [STIA-Net] Recomputing PLV for MI domain...
      S057 fold 1: acc3=0.533
  [STIA-Net] Recomputing PLV for MI domain...
      S057 fold 2: acc3=0.300
  [STIA-Net] Recomputing PLV for MI domain...
      S102 fold 0: acc3=0.621
  [STIA-Net] Recomputing PLV for MI domain...
      S102 fold 1: acc3=0.276
  [STIA-Net] Recomputing PLV for MI domain...
      S102 fold 2: acc3=0.500
  [STIA-Net] Recomputing PLV for MI domain...
      S107 fold 0: acc3=0.393
  [STIA-Net] Recomputing PLV for MI domain...
      S107 fold 1: acc3=0.286
  [STIA-Net] Recomputing PLV for MI domain...
      S107 fold 2: acc3=0.370
  grupo 2/6 | alvos [7, 52, 71, 79, 109] | pool=98 (2min)
  [STIA-Net] Computing PLV adjacency matrix...
      pool treinado (79s) — serve aos 5 alvos do grupo
  [STIA-Net] Recomputing PLV for MI domain...
      S007 fold 0: acc3=0.333
  [STIA-Net] Recomputing PLV for MI domain...
      S007 fold 1: acc3=0.310
  [STIA-Net] Recomputing PLV for MI domain...
      S007 fold 2: acc3=0.414
  [STIA-Net] Recomputing PLV for MI domain...
      S052 fold 0: acc3=0.214
  [STIA-Net] Recomputing PLV for MI domain...
      S052 fold 1: acc3=0.536
  [STIA-Net] Recomputing PLV for MI domain...
      S052 fold 2: acc3=0.519
  [STIA-Net] Recomputing PLV for MI domain...
      S071 fold 0: acc3=0.345
  [STIA-Net] Recomputing PLV for MI domain...
      S071 fold 1: acc3=0.321
  [STIA-Net] Recomputing PLV for MI domain...
      S071 fold 2: acc3=0.393
  [STIA-Net] Recomputing PLV for MI domain...
      S079 fold 0: acc3=0.296
  [STIA-Net] Recomputing PLV for MI domain...
      S079 fold 1: acc3=0.333
  [STIA-Net] Recomputing PLV for MI domain...
      S079 fold 2: acc3=0.269
  [STIA-Net] Recomputing PLV for MI domain...
      S109 fold 0: acc3=0.533
  [STIA-Net] Recomputing PLV for MI domain...
      S109 fold 1: acc3=0.241
  [STIA-Net] Recomputing PLV for MI domain...
      S109 fold 2: acc3=0.448
  grupo 3/6 | alvos [12, 34, 60, 91, 95] | pool=98 (3min)
  [STIA-Net] Computing PLV adjacency matrix...
      pool treinado (81s) — serve aos 5 alvos do grupo
  [STIA-Net] Recomputing PLV for MI domain...
      S012 fold 0: acc3=0.433
  [STIA-Net] Recomputing PLV for MI domain...
      S012 fold 1: acc3=0.367
  [STIA-Net] Recomputing PLV for MI domain...
      S012 fold 2: acc3=0.552
  [STIA-Net] Recomputing PLV for MI domain...
      S034 fold 0: acc3=0.483
  [STIA-Net] Recomputing PLV for MI domain...
      S034 fold 1: acc3=0.448
  [STIA-Net] Recomputing PLV for MI domain...
      S034 fold 2: acc3=0.517
  [STIA-Net] Recomputing PLV for MI domain...
      S060 fold 0: acc3=0.310
  [STIA-Net] Recomputing PLV for MI domain...
      S060 fold 1: acc3=0.345
  [STIA-Net] Recomputing PLV for MI domain...
      S060 fold 2: acc3=0.379
  [STIA-Net] Recomputing PLV for MI domain...
      S091 fold 0: acc3=0.467
  [STIA-Net] Recomputing PLV for MI domain...
      S091 fold 1: acc3=0.467
  [STIA-Net] Recomputing PLV for MI domain...
      S091 fold 2: acc3=0.414
  [STIA-Net] Recomputing PLV for MI domain...
      S095 fold 0: acc3=0.444
  [STIA-Net] Recomputing PLV for MI domain...
      S095 fold 1: acc3=0.370
  [STIA-Net] Recomputing PLV for MI domain...
      S095 fold 2: acc3=0.593
  grupo 4/6 | alvos [25, 31, 87, 106, 108] | pool=98 (5min)
  [STIA-Net] Computing PLV adjacency matrix...
      pool treinado (82s) — serve aos 5 alvos do grupo
  [STIA-Net] Recomputing PLV for MI domain...
      S025 fold 0: acc3=0.467
  [STIA-Net] Recomputing PLV for MI domain...
      S025 fold 1: acc3=0.500
  [STIA-Net] Recomputing PLV for MI domain...
      S025 fold 2: acc3=0.414
  [STIA-Net] Recomputing PLV for MI domain...
      S031 fold 0: acc3=0.300
  [STIA-Net] Recomputing PLV for MI domain...
      S031 fold 1: acc3=0.433
  [STIA-Net] Recomputing PLV for MI domain...
      S031 fold 2: acc3=0.414
  [STIA-Net] Recomputing PLV for MI domain...
      S087 fold 0: acc3=0.379
  [STIA-Net] Recomputing PLV for MI domain...
      S087 fold 1: acc3=0.310
  [STIA-Net] Recomputing PLV for MI domain...
      S087 fold 2: acc3=0.414
  [STIA-Net] Recomputing PLV for MI domain...
      S106 fold 0: acc3=0.367
  [STIA-Net] Recomputing PLV for MI domain...
      S106 fold 1: acc3=0.414
  [STIA-Net] Recomputing PLV for MI domain...
      S106 fold 2: acc3=0.414
  [STIA-Net] Recomputing PLV for MI domain...
      S108 fold 0: acc3=0.448
  [STIA-Net] Recomputing PLV for MI domain...
      S108 fold 1: acc3=0.586
  [STIA-Net] Recomputing PLV for MI domain...
      S108 fold 2: acc3=0.310
  grupo 5/6 | alvos [41, 45, 63, 83, 105] | pool=98 (6min)
  [STIA-Net] Computing PLV adjacency matrix...
      pool treinado (83s) — serve aos 5 alvos do grupo
  [STIA-Net] Recomputing PLV for MI domain...
      S041 fold 0: acc3=0.367
  [STIA-Net] Recomputing PLV for MI domain...
      S041 fold 1: acc3=0.310
  [STIA-Net] Recomputing PLV for MI domain...
      S041 fold 2: acc3=0.172
  [STIA-Net] Recomputing PLV for MI domain...
      S045 fold 0: acc3=0.467
  [STIA-Net] Recomputing PLV for MI domain...
      S045 fold 1: acc3=0.467
  [STIA-Net] Recomputing PLV for MI domain...
      S045 fold 2: acc3=0.517
  [STIA-Net] Recomputing PLV for MI domain...
      S063 fold 0: acc3=0.310
  [STIA-Net] Recomputing PLV for MI domain...
      S063 fold 1: acc3=0.379
  [STIA-Net] Recomputing PLV for MI domain...
      S063 fold 2: acc3=0.429
  [STIA-Net] Recomputing PLV for MI domain...
      S083 fold 0: acc3=0.433
  [STIA-Net] Recomputing PLV for MI domain...
      S083 fold 1: acc3=0.400
  [STIA-Net] Recomputing PLV for MI domain...
      S083 fold 2: acc3=0.483
  [STIA-Net] Recomputing PLV for MI domain...
      S105 fold 0: acc3=0.500
  [STIA-Net] Recomputing PLV for MI domain...
      S105 fold 1: acc3=0.467
  [STIA-Net] Recomputing PLV for MI domain...
      S105 fold 2: acc3=0.276
  grupo 6/6 | alvos [18, 49, 68, 76, 98] | pool=98 (8min)
  [STIA-Net] Computing PLV adjacency matrix...
      pool treinado (84s) — serve aos 5 alvos do grupo
  [STIA-Net] Recomputing PLV for MI domain...
      S018 fold 0: acc3=0.567
  [STIA-Net] Recomputing PLV for MI domain...
      S018 fold 1: acc3=0.483
  [STIA-Net] Recomputing PLV for MI domain...
      S018 fold 2: acc3=0.379
  [STIA-Net] Recomputing PLV for MI domain...
      S049 fold 0: acc3=0.233
  [STIA-Net] Recomputing PLV for MI domain...
      S049 fold 1: acc3=0.367
  [STIA-Net] Recomputing PLV for MI domain...
      S049 fold 2: acc3=0.310
  [STIA-Net] Recomputing PLV for MI domain...
      S068 fold 0: acc3=0.345
  [STIA-Net] Recomputing PLV for MI domain...
      S068 fold 1: acc3=0.429
  [STIA-Net] Recomputing PLV for MI domain...
      S068 fold 2: acc3=0.286
  [STIA-Net] Recomputing PLV for MI domain...
      S076 fold 0: acc3=0.333
  [STIA-Net] Recomputing PLV for MI domain...
      S076 fold 1: acc3=0.414
  [STIA-Net] Recomputing PLV for MI domain...
      S076 fold 2: acc3=0.310
  [STIA-Net] Recomputing PLV for MI domain...
      S098 fold 0: acc3=0.500
  [STIA-Net] Recomputing PLV for MI domain...
      S098 fold 1: acc3=0.500
  [STIA-Net] Recomputing PLV for MI domain...
      S098 fold 2: acc3=0.379

BENCH_MONTAGENS_DONE (10min)
