Matplotlib is building the font cache; this may take a moment.
CUDA=False | montagens=['posterior8'] | modelos=['csp_lda'] | alvos=30 | folds=3
  contrato 5cb6c6358c | banda 4-40 Hz ordem 5 | CAR on | IQR k=1.5 | calib 48 | fases mi
  aninhamento 2<4<8<16<21<32<64 verificado
  montagem      E  D centro  simetria
  64           27 27     10  sim
  32           14 14      4  sim
  21            9  8      4  NAO (aceita por decisao)
  16            6  6      4  sim
  8             3  3      2  sim
  4             2  2      0  sim
  2             1  1      0  sim
  3             1  1      1  sim
  sem_fz        4  3      1  NAO (aceita por decisao)
  posterior8    4  4      0  sim
  ocular4       2  2      0  sim
  6 grupos de alvos (semente 42), pool = 98 sujeitos:
    grupo 1: [3, 22, 57, 102, 107]
    grupo 2: [7, 52, 71, 79, 109]
    grupo 3: [12, 34, 60, 91, 95]
    grupo 4: [25, 31, 87, 106, 108]
    grupo 5: [41, 45, 63, 83, 105]
    grupo 6: [18, 49, 68, 76, 98]

==============================================================
  MONTAGEM posterior8 (8 canais) | MODELO csp_lda | 0min
==============================================================
  grupo 1/6 | alvos [3, 22, 57, 102, 107] | pool=98 (0min)
Computing rank from data with rank=None
    Using tolerance 65 (2.2e-16 eps * 8 dim * 3.6e+16  max singular value)
    Estimated rank (data): 8
    data: rank 8 computed from 8 data channels with 0 projectors
Reducing data rank from 8 -> 8
Estimating class=0 covariance using LEDOIT_WOLF
Done.
Estimating class=1 covariance using LEDOIT_WOLF
Done.
Computing rank from data with rank=None
    Using tolerance 44 (2.2e-16 eps * 8 dim * 2.5e+16  max singular value)
    Estimated rank (data): 8
    data: rank 8 computed from 8 data channels with 0 projectors
Reducing data rank from 8 -> 8
Estimating class=0 covariance using LEDOIT_WOLF
Done.
Estimating class=1 covariance using LEDOIT_WOLF
Done.
      pool treinado (8s) — serve aos 5 alvos do grupo
      S003 fold 0: acc3=0.464
      S003 fold 1: acc3=0.607
      S003 fold 2: acc3=0.481
      S022 fold 0: acc3=0.464
      S022 fold 1: acc3=0.464
      S022 fold 2: acc3=0.464
      S057 fold 0: acc3=0.536
      S057 fold 1: acc3=0.500
      S057 fold 2: acc3=0.643
      S102 fold 0: acc3=0.483
      S102 fold 1: acc3=0.586
      S102 fold 2: acc3=0.517
      S107 fold 0: acc3=0.345
      S107 fold 1: acc3=0.464
      S107 fold 2: acc3=0.393
  grupo 2/6 | alvos [7, 52, 71, 79, 109] | pool=98 (1min)
Computing rank from data with rank=None
    Using tolerance 64 (2.2e-16 eps * 8 dim * 3.6e+16  max singular value)
    Estimated rank (data): 8
    data: rank 8 computed from 8 data channels with 0 projectors
Reducing data rank from 8 -> 8
Estimating class=0 covariance using LEDOIT_WOLF
Done.
Estimating class=1 covariance using LEDOIT_WOLF
Done.
Computing rank from data with rank=None
    Using tolerance 44 (2.2e-16 eps * 8 dim * 2.5e+16  max singular value)
    Estimated rank (data): 8
    data: rank 8 computed from 8 data channels with 0 projectors
Reducing data rank from 8 -> 8
Estimating class=0 covariance using LEDOIT_WOLF
Done.
Estimating class=1 covariance using LEDOIT_WOLF
Done.
      pool treinado (2s) — serve aos 5 alvos do grupo
      S007 fold 0: acc3=0.586
      S007 fold 1: acc3=0.586
      S007 fold 2: acc3=0.517
      S052 fold 0: acc3=0.655
      S052 fold 1: acc3=0.607
      S052 fold 2: acc3=0.679
      S071 fold 0: acc3=0.464
      S071 fold 1: acc3=0.464
      S071 fold 2: acc3=0.519
      S079 fold 0: acc3=0.429
      S079 fold 1: acc3=0.357
      S079 fold 2: acc3=0.481
      S109 fold 0: acc3=0.400
      S109 fold 1: acc3=0.345
      S109 fold 2: acc3=0.552
  grupo 3/6 | alvos [12, 34, 60, 91, 95] | pool=98 (1min)
Computing rank from data with rank=None
    Using tolerance 64 (2.2e-16 eps * 8 dim * 3.6e+16  max singular value)
    Estimated rank (data): 8
    data: rank 8 computed from 8 data channels with 0 projectors
Reducing data rank from 8 -> 8
Estimating class=0 covariance using LEDOIT_WOLF
Done.
Estimating class=1 covariance using LEDOIT_WOLF
Done.
Computing rank from data with rank=None
    Using tolerance 44 (2.2e-16 eps * 8 dim * 2.5e+16  max singular value)
    Estimated rank (data): 8
    data: rank 8 computed from 8 data channels with 0 projectors
Reducing data rank from 8 -> 8
Estimating class=0 covariance using LEDOIT_WOLF
Done.
Estimating class=1 covariance using LEDOIT_WOLF
Done.
      pool treinado (2s) — serve aos 5 alvos do grupo
      S012 fold 0: acc3=0.467
      S012 fold 1: acc3=0.414
      S012 fold 2: acc3=0.379
      S034 fold 0: acc3=0.533
      S034 fold 1: acc3=0.567
      S034 fold 2: acc3=0.621
      S060 fold 0: acc3=0.333
      S060 fold 1: acc3=0.500
      S060 fold 2: acc3=0.552
      S091 fold 0: acc3=0.483
      S091 fold 1: acc3=0.345
      S091 fold 2: acc3=0.464
      S095 fold 0: acc3=0.433
      S095 fold 1: acc3=0.586
      S095 fold 2: acc3=0.379
  grupo 4/6 | alvos [25, 31, 87, 106, 108] | pool=98 (1min)
Computing rank from data with rank=None
    Using tolerance 64 (2.2e-16 eps * 8 dim * 3.6e+16  max singular value)
    Estimated rank (data): 8
    data: rank 8 computed from 8 data channels with 0 projectors
Reducing data rank from 8 -> 8
Estimating class=0 covariance using LEDOIT_WOLF
Done.
Estimating class=1 covariance using LEDOIT_WOLF
Done.
Computing rank from data with rank=None
    Using tolerance 44 (2.2e-16 eps * 8 dim * 2.5e+16  max singular value)
    Estimated rank (data): 8
    data: rank 8 computed from 8 data channels with 0 projectors
Reducing data rank from 8 -> 8
Estimating class=0 covariance using LEDOIT_WOLF
Done.
Estimating class=1 covariance using LEDOIT_WOLF
Done.
      pool treinado (1s) — serve aos 5 alvos do grupo
      S025 fold 0: acc3=0.714
      S025 fold 1: acc3=0.786
      S025 fold 2: acc3=0.679
      S031 fold 0: acc3=0.633
      S031 fold 1: acc3=0.433
      S031 fold 2: acc3=0.533
      S087 fold 0: acc3=0.250
      S087 fold 1: acc3=0.357
      S087 fold 2: acc3=0.259
      S106 fold 0: acc3=0.690
      S106 fold 1: acc3=0.714
      S106 fold 2: acc3=0.571
      S108 fold 0: acc3=0.448
      S108 fold 1: acc3=0.379
      S108 fold 2: acc3=0.379
  grupo 5/6 | alvos [41, 45, 63, 83, 105] | pool=98 (1min)
Computing rank from data with rank=None
    Using tolerance 65 (2.2e-16 eps * 8 dim * 3.7e+16  max singular value)
    Estimated rank (data): 8
    data: rank 8 computed from 8 data channels with 0 projectors
Reducing data rank from 8 -> 8
Estimating class=0 covariance using LEDOIT_WOLF
Done.
Estimating class=1 covariance using LEDOIT_WOLF
Done.
Computing rank from data with rank=None
    Using tolerance 45 (2.2e-16 eps * 8 dim * 2.5e+16  max singular value)
    Estimated rank (data): 8
    data: rank 8 computed from 8 data channels with 0 projectors
Reducing data rank from 8 -> 8
Estimating class=0 covariance using LEDOIT_WOLF
Done.
Estimating class=1 covariance using LEDOIT_WOLF
Done.
      pool treinado (1s) — serve aos 5 alvos do grupo
      S041 fold 0: acc3=0.367
      S041 fold 1: acc3=0.367
      S041 fold 2: acc3=0.400
      S045 fold 0: acc3=0.433
      S045 fold 1: acc3=0.448
      S045 fold 2: acc3=0.552
      S063 fold 0: acc3=0.517
      S063 fold 1: acc3=0.429
      S063 fold 2: acc3=0.571
      S083 fold 0: acc3=0.567
      S083 fold 1: acc3=0.414
      S083 fold 2: acc3=0.655
      S105 fold 0: acc3=0.536
      S105 fold 1: acc3=0.464
      S105 fold 2: acc3=0.407
  grupo 6/6 | alvos [18, 49, 68, 76, 98] | pool=98 (1min)
Computing rank from data with rank=None
    Using tolerance 65 (2.2e-16 eps * 8 dim * 3.6e+16  max singular value)
    Estimated rank (data): 8
    data: rank 8 computed from 8 data channels with 0 projectors
Reducing data rank from 8 -> 8
Estimating class=0 covariance using LEDOIT_WOLF
Done.
Estimating class=1 covariance using LEDOIT_WOLF
Done.
Computing rank from data with rank=None
    Using tolerance 45 (2.2e-16 eps * 8 dim * 2.5e+16  max singular value)
    Estimated rank (data): 8
    data: rank 8 computed from 8 data channels with 0 projectors
Reducing data rank from 8 -> 8
Estimating class=0 covariance using LEDOIT_WOLF
Done.
Estimating class=1 covariance using LEDOIT_WOLF
Done.
      pool treinado (1s) — serve aos 5 alvos do grupo
      S018 fold 0: acc3=0.467
      S018 fold 1: acc3=0.276
      S018 fold 2: acc3=0.483
      S049 fold 0: acc3=0.448
      S049 fold 1: acc3=0.517
      S049 fold 2: acc3=0.586
      S068 fold 0: acc3=0.393
      S068 fold 1: acc3=0.464
      S068 fold 2: acc3=0.185
      S076 fold 0: acc3=0.414
      S076 fold 1: acc3=0.517
      S076 fold 2: acc3=0.393
      S098 fold 0: acc3=0.567
      S098 fold 1: acc3=0.400
      S098 fold 2: acc3=0.533

BENCH_MONTAGENS_DONE (1min)
CUDA=True | montagens=['posterior8'] | modelos=['fbcsp_svm'] | alvos=30 | folds=3
  contrato 5cb6c6358c | banda 4-40 Hz ordem 5 | CAR on | IQR k=1.5 | calib 48 | fases mi
  aninhamento 2<4<8<16<21<32<64 verificado
  montagem      E  D centro  simetria
  64           27 27     10  sim
  32           14 14      4  sim
  21            9  8      4  NAO (aceita por decisao)
  16            6  6      4  sim
  8             3  3      2  sim
  4             2  2      0  sim
  2             1  1      0  sim
  3             1  1      1  sim
  sem_fz        4  3      1  NAO (aceita por decisao)
  posterior8    4  4      0  sim
  ocular4       2  2      0  sim
  6 grupos de alvos (semente 42), pool = 98 sujeitos:
    grupo 1: [3, 22, 57, 102, 107]
    grupo 2: [7, 52, 71, 79, 109]
    grupo 3: [12, 34, 60, 91, 95]
    grupo 4: [25, 31, 87, 106, 108]
    grupo 5: [41, 45, 63, 83, 105]
    grupo 6: [18, 49, 68, 76, 98]
  retomando: 90 celulas ja concluidas sob 5cb6c6358c

==============================================================
  MONTAGEM posterior8 (8 canais) | MODELO fbcsp_svm | 0min
==============================================================
  grupo 1/6 | alvos [3, 22, 57, 102, 107] | pool=98 (0min)
Computing rank from data with rank=None
    Using tolerance 25 (2.2e-16 eps * 8 dim * 1.4e+16  max singular value)
    Estimated rank (data): 8
    data: rank 8 computed from 8 data channels with 0 projectors
Reducing data rank from 8 -> 8
Estimating class=0 covariance using LEDOIT_WOLF
Done.
Estimating class=1 covariance using LEDOIT_WOLF
Done.
Computing rank from data with rank=None
    Using tolerance 39 (2.2e-16 eps * 8 dim * 2.2e+16  max singular value)
    Estimated rank (data): 8
    data: rank 8 computed from 8 data channels with 0 projectors
Reducing data rank from 8 -> 8
Estimating class=0 covariance using LEDOIT_WOLF
Done.
Estimating class=1 covariance using LEDOIT_WOLF
Done.
Computing rank from data with rank=None
    Using tolerance 23 (2.2e-16 eps * 8 dim * 1.3e+16  max singular value)
    Estimated rank (data): 8
    data: rank 8 computed from 8 data channels with 0 projectors
Reducing data rank from 8 -> 8
Estimating class=0 covariance using LEDOIT_WOLF
Done.
Estimating class=1 covariance using LEDOIT_WOLF
Done.
Computing rank from data with rank=None
    Using tolerance 19 (2.2e-16 eps * 8 dim * 1.1e+16  max singular value)
    Estimated rank (data): 8
    data: rank 8 computed from 8 data channels with 0 projectors
Reducing data rank from 8 -> 8
Estimating class=0 covariance using LEDOIT_WOLF
Done.
Estimating class=1 covariance using LEDOIT_WOLF
Done.
Computing rank from data with rank=None
    Using tolerance 15 (2.2e-16 eps * 8 dim * 8.4e+15  max singular value)
    Estimated rank (data): 8
    data: rank 8 computed from 8 data channels with 0 projectors
Reducing data rank from 8 -> 8
Estimating class=0 covariance using LEDOIT_WOLF
Done.
Estimating class=1 covariance using LEDOIT_WOLF
Done.
Computing rank from data with rank=None
    Using tolerance 11 (2.2e-16 eps * 8 dim * 6.2e+15  max singular value)
    Estimated rank (data): 8
    data: rank 8 computed from 8 data channels with 0 projectors
Reducing data rank from 8 -> 8
Estimating class=0 covariance using LEDOIT_WOLF
Done.
Estimating class=1 covariance using LEDOIT_WOLF
Done.
Computing rank from data with rank=None
    Using tolerance 9.6 (2.2e-16 eps * 8 dim * 5.4e+15  max singular value)
    Estimated rank (data): 8
    data: rank 8 computed from 8 data channels with 0 projectors
Reducing data rank from 8 -> 8
Estimating class=0 covariance using LEDOIT_WOLF
Done.
Estimating class=1 covariance using LEDOIT_WOLF
Done.
Computing rank from data with rank=None
    Using tolerance 7.6 (2.2e-16 eps * 8 dim * 4.3e+15  max singular value)
    Estimated rank (data): 8
    data: rank 8 computed from 8 data channels with 0 projectors
Reducing data rank from 8 -> 8
Estimating class=0 covariance using LEDOIT_WOLF
Done.
Estimating class=1 covariance using LEDOIT_WOLF
Done.
Computing rank from data with rank=None
    Using tolerance 5.2 (2.2e-16 eps * 8 dim * 2.9e+15  max singular value)
    Estimated rank (data): 8
    data: rank 8 computed from 8 data channels with 0 projectors
Reducing data rank from 8 -> 8
Estimating class=0 covariance using LEDOIT_WOLF
Done.
Estimating class=1 covariance using LEDOIT_WOLF
Done.
Computing rank from data with rank=None
    Using tolerance 17 (2.2e-16 eps * 8 dim * 9.8e+15  max singular value)
    Estimated rank (data): 8
    data: rank 8 computed from 8 data channels with 0 projectors
Reducing data rank from 8 -> 8
Estimating class=0 covariance using LEDOIT_WOLF
Done.
Estimating class=1 covariance using LEDOIT_WOLF
Done.
Computing rank from data with rank=None
    Using tolerance 26 (2.2e-16 eps * 8 dim * 1.5e+16  max singular value)
    Estimated rank (data): 8
    data: rank 8 computed from 8 data channels with 0 projectors
Reducing data rank from 8 -> 8
Estimating class=0 covariance using LEDOIT_WOLF
Done.
Estimating class=1 covariance using LEDOIT_WOLF
Done.
Computing rank from data with rank=None
    Using tolerance 16 (2.2e-16 eps * 8 dim * 8.8e+15  max singular value)
    Estimated rank (data): 8
    data: rank 8 computed from 8 data channels with 0 projectors
Reducing data rank from 8 -> 8
Estimating class=0 covariance using LEDOIT_WOLF
Done.
Estimating class=1 covariance using LEDOIT_WOLF
Done.
Computing rank from data with rank=None
    Using tolerance 13 (2.2e-16 eps * 8 dim * 7.6e+15  max singular value)
    Estimated rank (data): 8
    data: rank 8 computed from 8 data channels with 0 projectors
Reducing data rank from 8 -> 8
Estimating class=0 covariance using LEDOIT_WOLF
Done.
Estimating class=1 covariance using LEDOIT_WOLF
Done.
Computing rank from data with rank=None
    Using tolerance 10 (2.2e-16 eps * 8 dim * 5.8e+15  max singular value)
    Estimated rank (data): 8
    data: rank 8 computed from 8 data channels with 0 projectors
Reducing data rank from 8 -> 8
Estimating class=0 covariance using LEDOIT_WOLF
Done.
Estimating class=1 covariance using LEDOIT_WOLF
Done.
Computing rank from data with rank=None
    Using tolerance 7.6 (2.2e-16 eps * 8 dim * 4.3e+15  max singular value)
    Estimated rank (data): 8
    data: rank 8 computed from 8 data channels with 0 projectors
Reducing data rank from 8 -> 8
Estimating class=0 covariance using LEDOIT_WOLF
Done.
Estimating class=1 covariance using LEDOIT_WOLF
Done.
Computing rank from data with rank=None
    Using tolerance 6.8 (2.2e-16 eps * 8 dim * 3.9e+15  max singular value)
    Estimated rank (data): 8
    data: rank 8 computed from 8 data channels with 0 projectors
Reducing data rank from 8 -> 8
Estimating class=0 covariance using LEDOIT_WOLF
Done.
Estimating class=1 covariance using LEDOIT_WOLF
Done.
Computing rank from data with rank=None
    Using tolerance 5.4 (2.2e-16 eps * 8 dim * 3e+15  max singular value)
    Estimated rank (data): 8
    data: rank 8 computed from 8 data channels with 0 projectors
Reducing data rank from 8 -> 8
Estimating class=0 covariance using LEDOIT_WOLF
Done.
Estimating class=1 covariance using LEDOIT_WOLF
Done.
Computing rank from data with rank=None
    Using tolerance 3.7 (2.2e-16 eps * 8 dim * 2.1e+15  max singular value)
    Estimated rank (data): 8
    data: rank 8 computed from 8 data channels with 0 projectors
Reducing data rank from 8 -> 8
Estimating class=0 covariance using LEDOIT_WOLF
Done.
Estimating class=1 covariance using LEDOIT_WOLF
Done.
      pool treinado (36s) — serve aos 5 alvos do grupo
      S003 fold 0: acc3=0.643
      S003 fold 1: acc3=0.571
      S003 fold 2: acc3=0.519
      S022 fold 0: acc3=0.429
      S022 fold 1: acc3=0.643
      S022 fold 2: acc3=0.786
      S057 fold 0: acc3=0.714
      S057 fold 1: acc3=0.536
      S057 fold 2: acc3=0.679
      S102 fold 0: acc3=0.655
      S102 fold 1: acc3=0.517
      S102 fold 2: acc3=0.517
      S107 fold 0: acc3=0.379
      S107 fold 1: acc3=0.464
      S107 fold 2: acc3=0.393
  grupo 2/6 | alvos [7, 52, 71, 79, 109] | pool=98 (1min)
Computing rank from data with rank=None
    Using tolerance 25 (2.2e-16 eps * 8 dim * 1.4e+16  max singular value)
    Estimated rank (data): 8
    data: rank 8 computed from 8 data channels with 0 projectors
Reducing data rank from 8 -> 8
Estimating class=0 covariance using LEDOIT_WOLF
Done.
Estimating class=1 covariance using LEDOIT_WOLF
Done.
Computing rank from data with rank=None
    Using tolerance 38 (2.2e-16 eps * 8 dim * 2.2e+16  max singular value)
    Estimated rank (data): 8
    data: rank 8 computed from 8 data channels with 0 projectors
Reducing data rank from 8 -> 8
Estimating class=0 covariance using LEDOIT_WOLF
Done.
Estimating class=1 covariance using LEDOIT_WOLF
Done.
Computing rank from data with rank=None
    Using tolerance 22 (2.2e-16 eps * 8 dim * 1.3e+16  max singular value)
    Estimated rank (data): 8
    data: rank 8 computed from 8 data channels with 0 projectors
Reducing data rank from 8 -> 8
Estimating class=0 covariance using LEDOIT_WOLF
Done.
Estimating class=1 covariance using LEDOIT_WOLF
Done.
Computing rank from data with rank=None
    Using tolerance 19 (2.2e-16 eps * 8 dim * 1.1e+16  max singular value)
    Estimated rank (data): 8
    data: rank 8 computed from 8 data channels with 0 projectors
Reducing data rank from 8 -> 8
Estimating class=0 covariance using LEDOIT_WOLF
Done.
Estimating class=1 covariance using LEDOIT_WOLF
Done.
Computing rank from data with rank=None
    Using tolerance 15 (2.2e-16 eps * 8 dim * 8.4e+15  max singular value)
    Estimated rank (data): 8
    data: rank 8 computed from 8 data channels with 0 projectors
Reducing data rank from 8 -> 8
Estimating class=0 covariance using LEDOIT_WOLF
Done.
Estimating class=1 covariance using LEDOIT_WOLF
Done.
Computing rank from data with rank=None
    Using tolerance 11 (2.2e-16 eps * 8 dim * 6.2e+15  max singular value)
    Estimated rank (data): 8
    data: rank 8 computed from 8 data channels with 0 projectors
Reducing data rank from 8 -> 8
Estimating class=0 covariance using LEDOIT_WOLF
Done.
Estimating class=1 covariance using LEDOIT_WOLF
Done.
Computing rank from data with rank=None
    Using tolerance 9.6 (2.2e-16 eps * 8 dim * 5.4e+15  max singular value)
    Estimated rank (data): 8
    data: rank 8 computed from 8 data channels with 0 projectors
Reducing data rank from 8 -> 8
Estimating class=0 covariance using LEDOIT_WOLF
Done.
Estimating class=1 covariance using LEDOIT_WOLF
Done.
Computing rank from data with rank=None
    Using tolerance 7.6 (2.2e-16 eps * 8 dim * 4.3e+15  max singular value)
    Estimated rank (data): 8
    data: rank 8 computed from 8 data channels with 0 projectors
Reducing data rank from 8 -> 8
Estimating class=0 covariance using LEDOIT_WOLF
Done.
Estimating class=1 covariance using LEDOIT_WOLF
Done.
Computing rank from data with rank=None
    Using tolerance 5.2 (2.2e-16 eps * 8 dim * 2.9e+15  max singular value)
    Estimated rank (data): 8
    data: rank 8 computed from 8 data channels with 0 projectors
Reducing data rank from 8 -> 8
Estimating class=0 covariance using LEDOIT_WOLF
Done.
Estimating class=1 covariance using LEDOIT_WOLF
Done.
Computing rank from data with rank=None
    Using tolerance 17 (2.2e-16 eps * 8 dim * 9.8e+15  max singular value)
    Estimated rank (data): 8
    data: rank 8 computed from 8 data channels with 0 projectors
Reducing data rank from 8 -> 8
Estimating class=0 covariance using LEDOIT_WOLF
Done.
Estimating class=1 covariance using LEDOIT_WOLF
Done.
Computing rank from data with rank=None
    Using tolerance 26 (2.2e-16 eps * 8 dim * 1.5e+16  max singular value)
    Estimated rank (data): 8
    data: rank 8 computed from 8 data channels with 0 projectors
Reducing data rank from 8 -> 8
Estimating class=0 covariance using LEDOIT_WOLF
Done.
Estimating class=1 covariance using LEDOIT_WOLF
Done.
Computing rank from data with rank=None
    Using tolerance 16 (2.2e-16 eps * 8 dim * 8.7e+15  max singular value)
    Estimated rank (data): 8
    data: rank 8 computed from 8 data channels with 0 projectors
Reducing data rank from 8 -> 8
Estimating class=0 covariance using LEDOIT_WOLF
Done.
Estimating class=1 covariance using LEDOIT_WOLF
Done.
Computing rank from data with rank=None
    Using tolerance 13 (2.2e-16 eps * 8 dim * 7.5e+15  max singular value)
    Estimated rank (data): 8
    data: rank 8 computed from 8 data channels with 0 projectors
Reducing data rank from 8 -> 8
Estimating class=0 covariance using LEDOIT_WOLF
Done.
Estimating class=1 covariance using LEDOIT_WOLF
Done.
Computing rank from data with rank=None
    Using tolerance 10 (2.2e-16 eps * 8 dim * 5.8e+15  max singular value)
    Estimated rank (data): 8
    data: rank 8 computed from 8 data channels with 0 projectors
Reducing data rank from 8 -> 8
Estimating class=0 covariance using LEDOIT_WOLF
Done.
Estimating class=1 covariance using LEDOIT_WOLF
Done.
Computing rank from data with rank=None
    Using tolerance 7.6 (2.2e-16 eps * 8 dim * 4.3e+15  max singular value)
    Estimated rank (data): 8
    data: rank 8 computed from 8 data channels with 0 projectors
Reducing data rank from 8 -> 8
Estimating class=0 covariance using LEDOIT_WOLF
Done.
Estimating class=1 covariance using LEDOIT_WOLF
Done.
Computing rank from data with rank=None
    Using tolerance 6.8 (2.2e-16 eps * 8 dim * 3.9e+15  max singular value)
    Estimated rank (data): 8
    data: rank 8 computed from 8 data channels with 0 projectors
Reducing data rank from 8 -> 8
Estimating class=0 covariance using LEDOIT_WOLF
Done.
Estimating class=1 covariance using LEDOIT_WOLF
Done.
Computing rank from data with rank=None
    Using tolerance 5.4 (2.2e-16 eps * 8 dim * 3.1e+15  max singular value)
    Estimated rank (data): 8
    data: rank 8 computed from 8 data channels with 0 projectors
Reducing data rank from 8 -> 8
Estimating class=0 covariance using LEDOIT_WOLF
Done.
Estimating class=1 covariance using LEDOIT_WOLF
Done.
Computing rank from data with rank=None
    Using tolerance 3.7 (2.2e-16 eps * 8 dim * 2.1e+15  max singular value)
    Estimated rank (data): 8
    data: rank 8 computed from 8 data channels with 0 projectors
Reducing data rank from 8 -> 8
Estimating class=0 covariance using LEDOIT_WOLF
Done.
Estimating class=1 covariance using LEDOIT_WOLF
Done.
      pool treinado (38s) — serve aos 5 alvos do grupo
      S007 fold 0: acc3=0.724
      S007 fold 1: acc3=0.724
      S007 fold 2: acc3=0.483
      S052 fold 0: acc3=0.724
      S052 fold 1: acc3=0.464
      S052 fold 2: acc3=0.357
      S071 fold 0: acc3=0.607
      S071 fold 1: acc3=0.500
      S071 fold 2: acc3=0.556
      S079 fold 0: acc3=0.500
      S079 fold 1: acc3=0.607
      S079 fold 2: acc3=0.407
      S109 fold 0: acc3=0.300
      S109 fold 1: acc3=0.414
      S109 fold 2: acc3=0.276
  grupo 3/6 | alvos [12, 34, 60, 91, 95] | pool=98 (2min)
Computing rank from data with rank=None
    Using tolerance 25 (2.2e-16 eps * 8 dim * 1.4e+16  max singular value)
    Estimated rank (data): 8
    data: rank 8 computed from 8 data channels with 0 projectors
Reducing data rank from 8 -> 8
Estimating class=0 covariance using LEDOIT_WOLF
Done.
Estimating class=1 covariance using LEDOIT_WOLF
Done.
Computing rank from data with rank=None
    Using tolerance 39 (2.2e-16 eps * 8 dim * 2.2e+16  max singular value)
    Estimated rank (data): 8
    data: rank 8 computed from 8 data channels with 0 projectors
Reducing data rank from 8 -> 8
Estimating class=0 covariance using LEDOIT_WOLF
Done.
Estimating class=1 covariance using LEDOIT_WOLF
Done.
Computing rank from data with rank=None
    Using tolerance 22 (2.2e-16 eps * 8 dim * 1.3e+16  max singular value)
    Estimated rank (data): 8
    data: rank 8 computed from 8 data channels with 0 projectors
Reducing data rank from 8 -> 8
Estimating class=0 covariance using LEDOIT_WOLF
Done.
Estimating class=1 covariance using LEDOIT_WOLF
Done.
Computing rank from data with rank=None
    Using tolerance 19 (2.2e-16 eps * 8 dim * 1.1e+16  max singular value)
    Estimated rank (data): 8
    data: rank 8 computed from 8 data channels with 0 projectors
Reducing data rank from 8 -> 8
Estimating class=0 covariance using LEDOIT_WOLF
Done.
Estimating class=1 covariance using LEDOIT_WOLF
Done.
Computing rank from data with rank=None
    Using tolerance 15 (2.2e-16 eps * 8 dim * 8.3e+15  max singular value)
    Estimated rank (data): 8
    data: rank 8 computed from 8 data channels with 0 projectors
Reducing data rank from 8 -> 8
Estimating class=0 covariance using LEDOIT_WOLF
Done.
Estimating class=1 covariance using LEDOIT_WOLF
Done.
Computing rank from data with rank=None
    Using tolerance 11 (2.2e-16 eps * 8 dim * 6.1e+15  max singular value)
    Estimated rank (data): 8
    data: rank 8 computed from 8 data channels with 0 projectors
Reducing data rank from 8 -> 8
Estimating class=0 covariance using LEDOIT_WOLF
Done.
Estimating class=1 covariance using LEDOIT_WOLF
Done.
Computing rank from data with rank=None
    Using tolerance 9.5 (2.2e-16 eps * 8 dim * 5.3e+15  max singular value)
    Estimated rank (data): 8
    data: rank 8 computed from 8 data channels with 0 projectors
Reducing data rank from 8 -> 8
Estimating class=0 covariance using LEDOIT_WOLF
Done.
Estimating class=1 covariance using LEDOIT_WOLF
Done.
Computing rank from data with rank=None
    Using tolerance 7.5 (2.2e-16 eps * 8 dim * 4.2e+15  max singular value)
    Estimated rank (data): 8
    data: rank 8 computed from 8 data channels with 0 projectors
Reducing data rank from 8 -> 8
Estimating class=0 covariance using LEDOIT_WOLF
Done.
Estimating class=1 covariance using LEDOIT_WOLF
Done.
Computing rank from data with rank=None
    Using tolerance 5.1 (2.2e-16 eps * 8 dim * 2.8e+15  max singular value)
    Estimated rank (data): 8
    data: rank 8 computed from 8 data channels with 0 projectors
Reducing data rank from 8 -> 8
Estimating class=0 covariance using LEDOIT_WOLF
Done.
Estimating class=1 covariance using LEDOIT_WOLF
Done.
Computing rank from data with rank=None
    Using tolerance 17 (2.2e-16 eps * 8 dim * 9.8e+15  max singular value)
    Estimated rank (data): 8
    data: rank 8 computed from 8 data channels with 0 projectors
Reducing data rank from 8 -> 8
Estimating class=0 covariance using LEDOIT_WOLF
Done.
Estimating class=1 covariance using LEDOIT_WOLF
Done.
Computing rank from data with rank=None
    Using tolerance 26 (2.2e-16 eps * 8 dim * 1.5e+16  max singular value)
    Estimated rank (data): 8
    data: rank 8 computed from 8 data channels with 0 projectors
Reducing data rank from 8 -> 8
Estimating class=0 covariance using LEDOIT_WOLF
Done.
Estimating class=1 covariance using LEDOIT_WOLF
Done.
Computing rank from data with rank=None
    Using tolerance 15 (2.2e-16 eps * 8 dim * 8.7e+15  max singular value)
    Estimated rank (data): 8
    data: rank 8 computed from 8 data channels with 0 projectors
Reducing data rank from 8 -> 8
Estimating class=0 covariance using LEDOIT_WOLF
Done.
Estimating class=1 covariance using LEDOIT_WOLF
Done.
Computing rank from data with rank=None
    Using tolerance 13 (2.2e-16 eps * 8 dim * 7.5e+15  max singular value)
    Estimated rank (data): 8
    data: rank 8 computed from 8 data channels with 0 projectors
Reducing data rank from 8 -> 8
Estimating class=0 covariance using LEDOIT_WOLF
Done.
Estimating class=1 covariance using LEDOIT_WOLF
Done.
Computing rank from data with rank=None
    Using tolerance 10 (2.2e-16 eps * 8 dim * 5.8e+15  max singular value)
    Estimated rank (data): 8
    data: rank 8 computed from 8 data channels with 0 projectors
Reducing data rank from 8 -> 8
Estimating class=0 covariance using LEDOIT_WOLF
Done.
Estimating class=1 covariance using LEDOIT_WOLF
Done.
Computing rank from data with rank=None
    Using tolerance 7.5 (2.2e-16 eps * 8 dim * 4.2e+15  max singular value)
    Estimated rank (data): 8
    data: rank 8 computed from 8 data channels with 0 projectors
Reducing data rank from 8 -> 8
Estimating class=0 covariance using LEDOIT_WOLF
Done.
Estimating class=1 covariance using LEDOIT_WOLF
Done.
Computing rank from data with rank=None
    Using tolerance 6.8 (2.2e-16 eps * 8 dim * 3.8e+15  max singular value)
    Estimated rank (data): 8
    data: rank 8 computed from 8 data channels with 0 projectors
Reducing data rank from 8 -> 8
Estimating class=0 covariance using LEDOIT_WOLF
Done.
Estimating class=1 covariance using LEDOIT_WOLF
Done.
Computing rank from data with rank=None
    Using tolerance 5.3 (2.2e-16 eps * 8 dim * 3e+15  max singular value)
    Estimated rank (data): 8
    data: rank 8 computed from 8 data channels with 0 projectors
Reducing data rank from 8 -> 8
Estimating class=0 covariance using LEDOIT_WOLF
Done.
Estimating class=1 covariance using LEDOIT_WOLF
Done.
Computing rank from data with rank=None
    Using tolerance 3.6 (2.2e-16 eps * 8 dim * 2e+15  max singular value)
    Estimated rank (data): 8
    data: rank 8 computed from 8 data channels with 0 projectors
Reducing data rank from 8 -> 8
Estimating class=0 covariance using LEDOIT_WOLF
Done.
Estimating class=1 covariance using LEDOIT_WOLF
Done.
      pool treinado (35s) — serve aos 5 alvos do grupo
      S012 fold 0: acc3=0.533
      S012 fold 1: acc3=0.414
      S012 fold 2: acc3=0.586
      S034 fold 0: acc3=0.533
      S034 fold 1: acc3=0.533
      S034 fold 2: acc3=0.621
      S060 fold 0: acc3=0.500
      S060 fold 1: acc3=0.600
      S060 fold 2: acc3=0.552
      S091 fold 0: acc3=0.483
      S091 fold 1: acc3=0.310
      S091 fold 2: acc3=0.179
      S095 fold 0: acc3=0.433
      S095 fold 1: acc3=0.414
      S095 fold 2: acc3=0.379
  grupo 4/6 | alvos [25, 31, 87, 106, 108] | pool=98 (2min)
Computing rank from data with rank=None
    Using tolerance 25 (2.2e-16 eps * 8 dim * 1.4e+16  max singular value)
    Estimated rank (data): 8
    data: rank 8 computed from 8 data channels with 0 projectors
Reducing data rank from 8 -> 8
Estimating class=0 covariance using LEDOIT_WOLF
Done.
Estimating class=1 covariance using LEDOIT_WOLF
Done.
Computing rank from data with rank=None
    Using tolerance 39 (2.2e-16 eps * 8 dim * 2.2e+16  max singular value)
    Estimated rank (data): 8
    data: rank 8 computed from 8 data channels with 0 projectors
Reducing data rank from 8 -> 8
Estimating class=0 covariance using LEDOIT_WOLF
Done.
Estimating class=1 covariance using LEDOIT_WOLF
Done.
Computing rank from data with rank=None
    Using tolerance 23 (2.2e-16 eps * 8 dim * 1.3e+16  max singular value)
    Estimated rank (data): 8
    data: rank 8 computed from 8 data channels with 0 projectors
Reducing data rank from 8 -> 8
Estimating class=0 covariance using LEDOIT_WOLF
Done.
Estimating class=1 covariance using LEDOIT_WOLF
Done.
Computing rank from data with rank=None
    Using tolerance 19 (2.2e-16 eps * 8 dim * 1.1e+16  max singular value)
    Estimated rank (data): 8
    data: rank 8 computed from 8 data channels with 0 projectors
Reducing data rank from 8 -> 8
Estimating class=0 covariance using LEDOIT_WOLF
Done.
Estimating class=1 covariance using LEDOIT_WOLF
Done.
Computing rank from data with rank=None
    Using tolerance 15 (2.2e-16 eps * 8 dim * 8.4e+15  max singular value)
    Estimated rank (data): 8
    data: rank 8 computed from 8 data channels with 0 projectors
Reducing data rank from 8 -> 8
Estimating class=0 covariance using LEDOIT_WOLF
Done.
Estimating class=1 covariance using LEDOIT_WOLF
Done.
Computing rank from data with rank=None
    Using tolerance 11 (2.2e-16 eps * 8 dim * 6.2e+15  max singular value)
    Estimated rank (data): 8
    data: rank 8 computed from 8 data channels with 0 projectors
Reducing data rank from 8 -> 8
Estimating class=0 covariance using LEDOIT_WOLF
Done.
Estimating class=1 covariance using LEDOIT_WOLF
Done.
Computing rank from data with rank=None
    Using tolerance 9.7 (2.2e-16 eps * 8 dim * 5.5e+15  max singular value)
    Estimated rank (data): 8
    data: rank 8 computed from 8 data channels with 0 projectors
Reducing data rank from 8 -> 8
Estimating class=0 covariance using LEDOIT_WOLF
Done.
Estimating class=1 covariance using LEDOIT_WOLF
Done.
Computing rank from data with rank=None
    Using tolerance 7.6 (2.2e-16 eps * 8 dim * 4.3e+15  max singular value)
    Estimated rank (data): 8
    data: rank 8 computed from 8 data channels with 0 projectors
Reducing data rank from 8 -> 8
Estimating class=0 covariance using LEDOIT_WOLF
Done.
Estimating class=1 covariance using LEDOIT_WOLF
Done.
Computing rank from data with rank=None
    Using tolerance 5.2 (2.2e-16 eps * 8 dim * 2.9e+15  max singular value)
    Estimated rank (data): 8
    data: rank 8 computed from 8 data channels with 0 projectors
Reducing data rank from 8 -> 8
Estimating class=0 covariance using LEDOIT_WOLF
Done.
Estimating class=1 covariance using LEDOIT_WOLF
Done.
Computing rank from data with rank=None
    Using tolerance 17 (2.2e-16 eps * 8 dim * 9.6e+15  max singular value)
    Estimated rank (data): 8
    data: rank 8 computed from 8 data channels with 0 projectors
Reducing data rank from 8 -> 8
Estimating class=0 covariance using LEDOIT_WOLF
Done.
Estimating class=1 covariance using LEDOIT_WOLF
Done.
Computing rank from data with rank=None
    Using tolerance 26 (2.2e-16 eps * 8 dim * 1.5e+16  max singular value)
    Estimated rank (data): 8
    data: rank 8 computed from 8 data channels with 0 projectors
Reducing data rank from 8 -> 8
Estimating class=0 covariance using LEDOIT_WOLF
Done.
Estimating class=1 covariance using LEDOIT_WOLF
Done.
Computing rank from data with rank=None
    Using tolerance 16 (2.2e-16 eps * 8 dim * 8.8e+15  max singular value)
    Estimated rank (data): 8
    data: rank 8 computed from 8 data channels with 0 projectors
Reducing data rank from 8 -> 8
Estimating class=0 covariance using LEDOIT_WOLF
Done.
Estimating class=1 covariance using LEDOIT_WOLF
Done.
Computing rank from data with rank=None
    Using tolerance 13 (2.2e-16 eps * 8 dim * 7.6e+15  max singular value)
    Estimated rank (data): 8
    data: rank 8 computed from 8 data channels with 0 projectors
Reducing data rank from 8 -> 8
Estimating class=0 covariance using LEDOIT_WOLF
Done.
Estimating class=1 covariance using LEDOIT_WOLF
Done.
Computing rank from data with rank=None
    Using tolerance 10 (2.2e-16 eps * 8 dim * 5.8e+15  max singular value)
    Estimated rank (data): 8
    data: rank 8 computed from 8 data channels with 0 projectors
Reducing data rank from 8 -> 8
Estimating class=0 covariance using LEDOIT_WOLF
Done.
Estimating class=1 covariance using LEDOIT_WOLF
Done.
Computing rank from data with rank=None
    Using tolerance 7.6 (2.2e-16 eps * 8 dim * 4.3e+15  max singular value)
    Estimated rank (data): 8
    data: rank 8 computed from 8 data channels with 0 projectors
Reducing data rank from 8 -> 8
Estimating class=0 covariance using LEDOIT_WOLF
Done.
Estimating class=1 covariance using LEDOIT_WOLF
Done.
Computing rank from data with rank=None
    Using tolerance 6.9 (2.2e-16 eps * 8 dim * 3.9e+15  max singular value)
    Estimated rank (data): 8
    data: rank 8 computed from 8 data channels with 0 projectors
Reducing data rank from 8 -> 8
Estimating class=0 covariance using LEDOIT_WOLF
Done.
Estimating class=1 covariance using LEDOIT_WOLF
Done.
Computing rank from data with rank=None
    Using tolerance 5.4 (2.2e-16 eps * 8 dim * 3.1e+15  max singular value)
    Estimated rank (data): 8
    data: rank 8 computed from 8 data channels with 0 projectors
Reducing data rank from 8 -> 8
Estimating class=0 covariance using LEDOIT_WOLF
Done.
Estimating class=1 covariance using LEDOIT_WOLF
Done.
Computing rank from data with rank=None
    Using tolerance 3.7 (2.2e-16 eps * 8 dim * 2.1e+15  max singular value)
    Estimated rank (data): 8
    data: rank 8 computed from 8 data channels with 0 projectors
Reducing data rank from 8 -> 8
Estimating class=0 covariance using LEDOIT_WOLF
Done.
Estimating class=1 covariance using LEDOIT_WOLF
Done.
      pool treinado (35s) — serve aos 5 alvos do grupo
      S025 fold 0: acc3=0.643
      S025 fold 1: acc3=0.536
      S025 fold 2: acc3=0.714
      S031 fold 0: acc3=0.533
      S031 fold 1: acc3=0.600
      S031 fold 2: acc3=0.433
      S087 fold 0: acc3=0.321
      S087 fold 1: acc3=0.286
      S087 fold 2: acc3=0.407
      S106 fold 0: acc3=0.448
      S106 fold 1: acc3=0.321
      S106 fold 2: acc3=0.286
      S108 fold 0: acc3=0.379
      S108 fold 1: acc3=0.379
      S108 fold 2: acc3=0.310
  grupo 5/6 | alvos [41, 45, 63, 83, 105] | pool=98 (3min)
Traceback (most recent call last):
  File "C:\Users\ALCYR\Documents\Códigos\EEG-MI-classification\experiments\hierarquico-8\_bench_montagens.py", line 707, in <module>
    main()
    ~~~~^^
  File "C:\Users\ALCYR\Documents\Códigos\EEG-MI-classification\experiments\hierarquico-8\_bench_montagens.py", line 562, in main
    Xm, ym, ruins_m = carrega_pool(pool, "mi", idx, cfg)
                      ~~~~~~~~~~~~^^^^^^^^^^^^^^^^^^^^^^
  File "C:\Users\ALCYR\Documents\Códigos\EEG-MI-classification\experiments\hierarquico-8\_bench_montagens.py", line 287, in carrega_pool
    X, y, _ = carrega(s_, fase, idx, cfg)
              ~~~~~~~^^^^^^^^^^^^^^^^^^^^
  File "C:\Users\ALCYR\Documents\Códigos\EEG-MI-classification\experiments\hierarquico-8\_bench_montagens.py", line 307, in carrega
    X, y = load_subject_setup1_hand_lateral(sujeito, fase, tmin=cfg["janela_s"][0],
           ~~~~~~~~~~~~~~~~~~~~~~~~~~~~~~~~^^^^^^^^^^^^^^^^^^^^^^^^^^^^^^^^^^^^^^^^
                                            tmax=cfg["janela_s"][1])
                                            ^^^^^^^^^^^^^^^^^^^^^^^^
  File "C:\Users\ALCYR\Documents\Códigos\EEG-MI-classification\core\data_loader.py", line 201, in load_subject_setup1_hand_lateral
    raw = load_run(subject_id, run_id)
  File "C:\Users\ALCYR\Documents\Códigos\EEG-MI-classification\core\data_loader.py", line 68, in load_run
    raw = mne.io.read_raw_edf(file_path, preload=True, verbose=False)
  File "C:\Users\ALCYR\Documents\Códigos\EEG-MI-classification\.venv312\Lib\site-packages\mne\io\edf\edf.py", line 2011, in read_raw_edf
    return RawEDF(
        input_fname=input_fname,
    ...<10 lines>...
        verbose=verbose,
    )
  File "<decorator-gen-206>", line 10, in __init__
  File "C:\Users\ALCYR\Documents\Códigos\EEG-MI-classification\.venv312\Lib\site-packages\mne\io\edf\edf.py", line 214, in __init__
    super().__init__(
    ~~~~~~~~~~~~~~~~^
        info,
        ^^^^^
    ...<6 lines>...
        verbose=verbose,
        ^^^^^^^^^^^^^^^^
    )
    ^
  File "<decorator-gen-187>", line 10, in __init__
  File "C:\Users\ALCYR\Documents\Códigos\EEG-MI-classification\.venv312\Lib\site-packages\mne\io\base.py", line 306, in __init__
    self._preload_data(preload)
    ~~~~~~~~~~~~~~~~~~^^^^^^^^^
  File "C:\Users\ALCYR\Documents\Códigos\EEG-MI-classification\.venv312\Lib\site-packages\mne\io\base.py", line 601, in _preload_data
    self._data = self._read_segment(data_buffer=data_buffer)
                 ~~~~~~~~~~~~~~~~~~^^^^^^^^^^^^^^^^^^^^^^^^^
  File "<decorator-gen-189>", line 12, in _read_segment
  File "C:\Users\ALCYR\Documents\Códigos\EEG-MI-classification\.venv312\Lib\site-packages\mne\io\base.py", line 477, in _read_segment
    _ReadSegmentFileProtector(self)._read_segment_file(
    ~~~~~~~~~~~~~~~~~~~~~~~~~~~~~~~~~~~~~~~~~~~~~~~~~~^
        data[:, this_sl],
        ^^^^^^^^^^^^^^^^^
    ...<5 lines>...
        mult,
        ^^^^^
    )
    ^
  File "C:\Users\ALCYR\Documents\Códigos\EEG-MI-classification\.venv312\Lib\site-packages\mne\io\base.py", line 2710, in _read_segment_file
    return self.__raw.__class__._read_segment_file(
           ~~~~~~~~~~~~~~~~~~~~~~~~~~~~~~~~~~~~~~~^
        self, data, idx, fi, start, stop, cals, mult
        ^^^^^^^^^^^^^^^^^^^^^^^^^^^^^^^^^^^^^^^^^^^^
    )
    ^
  File "C:\Users\ALCYR\Documents\Códigos\EEG-MI-classification\.venv312\Lib\site-packages\mne\io\edf\edf.py", line 247, in _read_segment_file
    return _read_segment_file(
        data,
    ...<9 lines>...
        mult,
    )
  File "C:\Users\ALCYR\Documents\Códigos\EEG-MI-classification\.venv312\Lib\site-packages\mne\io\edf\edf.py", line 689, in _read_segment_file
    one_i = ch_data.ravel()[r_sidx:r_eidx]
            ~~~~~~~~~~~~~^^
KeyboardInterrupt
CUDA=True | montagens=['posterior8'] | modelos=['riemannian'] | alvos=30 | folds=3
  contrato 5cb6c6358c | banda 4-40 Hz ordem 5 | CAR on | IQR k=1.5 | calib 48 | fases mi
  aninhamento 2<4<8<16<21<32<64 verificado
  montagem      E  D centro  simetria
  64           27 27     10  sim
  32           14 14      4  sim
  21            9  8      4  NAO (aceita por decisao)
  16            6  6      4  sim
  8             3  3      2  sim
  4             2  2      0  sim
  2             1  1      0  sim
  3             1  1      1  sim
  sem_fz        4  3      1  NAO (aceita por decisao)
  posterior8    4  4      0  sim
  ocular4       2  2      0  sim
  celulas gemeas pendentes: riemannian.banda_do_artigo (rodar de novo com --banda 8 30)
  6 grupos de alvos (semente 42), pool = 98 sujeitos:
    grupo 1: [3, 22, 57, 102, 107]
    grupo 2: [7, 52, 71, 79, 109]
    grupo 3: [12, 34, 60, 91, 95]
    grupo 4: [25, 31, 87, 106, 108]
    grupo 5: [41, 45, 63, 83, 105]
    grupo 6: [18, 49, 68, 76, 98]
  retomando: 150 celulas ja concluidas sob 5cb6c6358c

==============================================================
  MONTAGEM posterior8 (8 canais) | MODELO riemannian | 0min
==============================================================
  grupo 1/6 | alvos [3, 22, 57, 102, 107] | pool=98 (0min)
      pool treinado (5s) — serve aos 5 alvos do grupo
      S003 fold 0: acc3=0.464
      S003 fold 1: acc3=0.714
      S003 fold 2: acc3=0.630
      S022 fold 0: acc3=0.571
      S022 fold 1: acc3=0.750
      S022 fold 2: acc3=0.571
      S057 fold 0: acc3=0.750
      S057 fold 1: acc3=0.571
      S057 fold 2: acc3=0.643
      S102 fold 0: acc3=0.655
      S102 fold 1: acc3=0.655
      S102 fold 2: acc3=0.586
      S107 fold 0: acc3=0.483
      S107 fold 1: acc3=0.536
      S107 fold 2: acc3=0.393
  grupo 2/6 | alvos [7, 52, 71, 79, 109] | pool=98 (0min)
      pool treinado (2s) — serve aos 5 alvos do grupo
      S007 fold 0: acc3=0.793
      S007 fold 1: acc3=0.793
      S007 fold 2: acc3=0.759
      S052 fold 0: acc3=0.621
      S052 fold 1: acc3=0.536
      S052 fold 2: acc3=0.786
      S071 fold 0: acc3=0.571
      S071 fold 1: acc3=0.464
      S071 fold 2: acc3=0.667
      S079 fold 0: acc3=0.607
      S079 fold 1: acc3=0.607
      S079 fold 2: acc3=0.444
      S109 fold 0: acc3=0.467
      S109 fold 1: acc3=0.517
      S109 fold 2: acc3=0.621
  grupo 3/6 | alvos [12, 34, 60, 91, 95] | pool=98 (0min)
      pool treinado (2s) — serve aos 5 alvos do grupo
      S012 fold 0: acc3=0.500
      S012 fold 1: acc3=0.517
      S012 fold 2: acc3=0.586
      S034 fold 0: acc3=0.733
      S034 fold 1: acc3=0.633
      S034 fold 2: acc3=0.621
      S060 fold 0: acc3=0.433
      S060 fold 1: acc3=0.467
      S060 fold 2: acc3=0.552
      S091 fold 0: acc3=0.448
      S091 fold 1: acc3=0.448
      S091 fold 2: acc3=0.393
      S095 fold 0: acc3=0.367
      S095 fold 1: acc3=0.448
      S095 fold 2: acc3=0.345
  grupo 4/6 | alvos [25, 31, 87, 106, 108] | pool=98 (0min)
      pool treinado (2s) — serve aos 5 alvos do grupo
      S025 fold 0: acc3=0.571
      S025 fold 1: acc3=0.786
      S025 fold 2: acc3=0.750
      S031 fold 0: acc3=0.633
      S031 fold 1: acc3=0.733
      S031 fold 2: acc3=0.567
      S087 fold 0: acc3=0.357
      S087 fold 1: acc3=0.393
      S087 fold 2: acc3=0.333
      S106 fold 0: acc3=0.621
      S106 fold 1: acc3=0.464
      S106 fold 2: acc3=0.536
      S108 fold 0: acc3=0.379
      S108 fold 1: acc3=0.379
      S108 fold 2: acc3=0.448
  grupo 5/6 | alvos [41, 45, 63, 83, 105] | pool=98 (1min)
      pool treinado (2s) — serve aos 5 alvos do grupo
      S041 fold 0: acc3=0.467
      S041 fold 1: acc3=0.567
      S041 fold 2: acc3=0.500
      S045 fold 0: acc3=0.600
      S045 fold 1: acc3=0.621
      S045 fold 2: acc3=0.448
      S063 fold 0: acc3=0.414
      S063 fold 1: acc3=0.393
      S063 fold 2: acc3=0.250
      S083 fold 0: acc3=0.667
      S083 fold 1: acc3=0.483
      S083 fold 2: acc3=0.621
      S105 fold 0: acc3=0.607
      S105 fold 1: acc3=0.607
      S105 fold 2: acc3=0.444
  grupo 6/6 | alvos [18, 49, 68, 76, 98] | pool=98 (1min)
      pool treinado (2s) — serve aos 5 alvos do grupo
      S018 fold 0: acc3=0.533
      S018 fold 1: acc3=0.517
      S018 fold 2: acc3=0.655
      S049 fold 0: acc3=0.448
      S049 fold 1: acc3=0.517
      S049 fold 2: acc3=0.621
      S068 fold 0: acc3=0.571
      S068 fold 1: acc3=0.393
      S068 fold 2: acc3=0.481
      S076 fold 0: acc3=0.276
      S076 fold 1: acc3=0.379
      S076 fold 2: acc3=0.393
      S098 fold 0: acc3=0.567
      S098 fold 1: acc3=0.633
      S098 fold 2: acc3=0.600

BENCH_MONTAGENS_DONE (1min)
CUDA=True | montagens=['sem_fz'] | modelos=['csp_lda'] | alvos=30 | folds=3
  contrato 5cb6c6358c | banda 4-40 Hz ordem 5 | CAR on | IQR k=1.5 | calib 48 | fases mi
  aninhamento 2<4<8<16<21<32<64 verificado
  montagem      E  D centro  simetria
  64           27 27     10  sim
  32           14 14      4  sim
  21            9  8      4  NAO (aceita por decisao)
  16            6  6      4  sim
  8             3  3      2  sim
  4             2  2      0  sim
  2             1  1      0  sim
  3             1  1      1  sim
  sem_fz        4  3      1  NAO (aceita por decisao)
  posterior8    4  4      0  sim
  ocular4       2  2      0  sim
  6 grupos de alvos (semente 42), pool = 98 sujeitos:
    grupo 1: [3, 22, 57, 102, 107]
    grupo 2: [7, 52, 71, 79, 109]
    grupo 3: [12, 34, 60, 91, 95]
    grupo 4: [25, 31, 87, 106, 108]
    grupo 5: [41, 45, 63, 83, 105]
    grupo 6: [18, 49, 68, 76, 98]
  retomando: 240 celulas ja concluidas sob 5cb6c6358c

==============================================================
  MONTAGEM sem_fz (8 canais) | MODELO csp_lda | 0min
==============================================================
  grupo 1/6 | alvos [3, 22, 57, 102, 107] | pool=98 (0min)
Computing rank from data with rank=None
    Using tolerance 67 (2.2e-16 eps * 8 dim * 3.7e+16  max singular value)
    Estimated rank (data): 8
    data: rank 8 computed from 8 data channels with 0 projectors
Reducing data rank from 8 -> 8
Estimating class=0 covariance using LEDOIT_WOLF
Done.
Estimating class=1 covariance using LEDOIT_WOLF
Done.
Computing rank from data with rank=None
    Using tolerance 45 (2.2e-16 eps * 8 dim * 2.5e+16  max singular value)
    Estimated rank (data): 8
    data: rank 8 computed from 8 data channels with 0 projectors
Reducing data rank from 8 -> 8
Estimating class=0 covariance using LEDOIT_WOLF
Done.
Estimating class=1 covariance using LEDOIT_WOLF
Done.
      pool treinado (3s) — serve aos 5 alvos do grupo
      S003 fold 0: acc3=0.345
      S003 fold 1: acc3=0.414
      S003 fold 2: acc3=0.483
      S022 fold 0: acc3=0.621
      S022 fold 1: acc3=0.414
      S022 fold 2: acc3=0.448
      S057 fold 0: acc3=0.448
      S057 fold 1: acc3=0.483
      S057 fold 2: acc3=0.448
      S102 fold 0: acc3=0.667
      S102 fold 1: acc3=0.667
      S102 fold 2: acc3=0.621
      S107 fold 0: acc3=0.517
      S107 fold 1: acc3=0.500
      S107 fold 2: acc3=0.464
  grupo 2/6 | alvos [7, 52, 71, 79, 109] | pool=98 (0min)
Computing rank from data with rank=None
    Using tolerance 58 (2.2e-16 eps * 8 dim * 3.3e+16  max singular value)
    Estimated rank (data): 8
    data: rank 8 computed from 8 data channels with 0 projectors
Reducing data rank from 8 -> 8
Estimating class=0 covariance using LEDOIT_WOLF
Done.
Estimating class=1 covariance using LEDOIT_WOLF
Done.
Computing rank from data with rank=None
    Using tolerance 38 (2.2e-16 eps * 8 dim * 2.2e+16  max singular value)
    Estimated rank (data): 8
    data: rank 8 computed from 8 data channels with 0 projectors
Reducing data rank from 8 -> 8
Estimating class=0 covariance using LEDOIT_WOLF
Done.
Estimating class=1 covariance using LEDOIT_WOLF
Done.
      pool treinado (2s) — serve aos 5 alvos do grupo
      S007 fold 0: acc3=0.633
      S007 fold 1: acc3=0.767
      S007 fold 2: acc3=0.724
      S052 fold 0: acc3=0.621
      S052 fold 1: acc3=0.724
      S052 fold 2: acc3=0.483
      S071 fold 0: acc3=0.414
      S071 fold 1: acc3=0.552
      S071 fold 2: acc3=0.586
      S079 fold 0: acc3=0.367
      S079 fold 1: acc3=0.379
      S079 fold 2: acc3=0.345
      S109 fold 0: acc3=0.267
      S109 fold 1: acc3=0.414
      S109 fold 2: acc3=0.276
  grupo 3/6 | alvos [12, 34, 60, 91, 95] | pool=98 (0min)
Computing rank from data with rank=None
    Using tolerance 66 (2.2e-16 eps * 8 dim * 3.7e+16  max singular value)
    Estimated rank (data): 8
    data: rank 8 computed from 8 data channels with 0 projectors
Reducing data rank from 8 -> 8
Estimating class=0 covariance using LEDOIT_WOLF
Done.
Estimating class=1 covariance using LEDOIT_WOLF
Done.
Computing rank from data with rank=None
    Using tolerance 45 (2.2e-16 eps * 8 dim * 2.5e+16  max singular value)
    Estimated rank (data): 8
    data: rank 8 computed from 8 data channels with 0 projectors
Reducing data rank from 8 -> 8
Estimating class=0 covariance using LEDOIT_WOLF
Done.
Estimating class=1 covariance using LEDOIT_WOLF
Done.
      pool treinado (1s) — serve aos 5 alvos do grupo
      S012 fold 0: acc3=0.433
      S012 fold 1: acc3=0.448
      S012 fold 2: acc3=0.276
      S034 fold 0: acc3=0.700
      S034 fold 1: acc3=0.724
      S034 fold 2: acc3=0.690
      S060 fold 0: acc3=0.357
      S060 fold 1: acc3=0.607
      S060 fold 2: acc3=0.643
      S091 fold 0: acc3=0.483
      S091 fold 1: acc3=0.345
      S091 fold 2: acc3=0.586
      S095 fold 0: acc3=0.448
      S095 fold 1: acc3=0.345
      S095 fold 2: acc3=0.276
  grupo 4/6 | alvos [25, 31, 87, 106, 108] | pool=98 (1min)
Computing rank from data with rank=None
    Using tolerance 66 (2.2e-16 eps * 8 dim * 3.7e+16  max singular value)
    Estimated rank (data): 8
    data: rank 8 computed from 8 data channels with 0 projectors
Reducing data rank from 8 -> 8
Estimating class=0 covariance using LEDOIT_WOLF
Done.
Estimating class=1 covariance using LEDOIT_WOLF
Done.
Computing rank from data with rank=None
    Using tolerance 45 (2.2e-16 eps * 8 dim * 2.5e+16  max singular value)
    Estimated rank (data): 8
    data: rank 8 computed from 8 data channels with 0 projectors
Reducing data rank from 8 -> 8
Estimating class=0 covariance using LEDOIT_WOLF
Done.
Estimating class=1 covariance using LEDOIT_WOLF
Done.
      pool treinado (1s) — serve aos 5 alvos do grupo
      S025 fold 0: acc3=0.724
      S025 fold 1: acc3=0.621
      S025 fold 2: acc3=0.586
      S031 fold 0: acc3=0.633
      S031 fold 1: acc3=0.690
      S031 fold 2: acc3=0.586
      S087 fold 0: acc3=0.241
      S087 fold 1: acc3=0.414
      S087 fold 2: acc3=0.571
      S106 fold 0: acc3=0.552
      S106 fold 1: acc3=0.414
      S106 fold 2: acc3=0.393
      S108 fold 0: acc3=0.393
      S108 fold 1: acc3=0.357
      S108 fold 2: acc3=0.464
  grupo 5/6 | alvos [41, 45, 63, 83, 105] | pool=98 (1min)
Computing rank from data with rank=None
    Using tolerance 66 (2.2e-16 eps * 8 dim * 3.7e+16  max singular value)
    Estimated rank (data): 8
    data: rank 8 computed from 8 data channels with 0 projectors
Reducing data rank from 8 -> 8
Estimating class=0 covariance using LEDOIT_WOLF
Done.
Estimating class=1 covariance using LEDOIT_WOLF
Done.
Computing rank from data with rank=None
    Using tolerance 45 (2.2e-16 eps * 8 dim * 2.5e+16  max singular value)
    Estimated rank (data): 8
    data: rank 8 computed from 8 data channels with 0 projectors
Reducing data rank from 8 -> 8
Estimating class=0 covariance using LEDOIT_WOLF
Done.
Estimating class=1 covariance using LEDOIT_WOLF
Done.
      pool treinado (1s) — serve aos 5 alvos do grupo
      S041 fold 0: acc3=0.517
      S041 fold 1: acc3=0.517
      S041 fold 2: acc3=0.483
      S045 fold 0: acc3=0.690
      S045 fold 1: acc3=0.448
      S045 fold 2: acc3=0.536
      S063 fold 0: acc3=0.433
      S063 fold 1: acc3=0.500
      S063 fold 2: acc3=0.414
      S083 fold 0: acc3=0.655
      S083 fold 1: acc3=0.393
      S083 fold 2: acc3=0.464
      S105 fold 0: acc3=0.433
      S105 fold 1: acc3=0.483
      S105 fold 2: acc3=0.552
  grupo 6/6 | alvos [18, 49, 68, 76, 98] | pool=98 (1min)
Computing rank from data with rank=None
    Using tolerance 67 (2.2e-16 eps * 8 dim * 3.7e+16  max singular value)
    Estimated rank (data): 8
    data: rank 8 computed from 8 data channels with 0 projectors
Reducing data rank from 8 -> 8
Estimating class=0 covariance using LEDOIT_WOLF
Done.
Estimating class=1 covariance using LEDOIT_WOLF
Done.
Computing rank from data with rank=None
    Using tolerance 45 (2.2e-16 eps * 8 dim * 2.6e+16  max singular value)
    Estimated rank (data): 8
    data: rank 8 computed from 8 data channels with 0 projectors
Reducing data rank from 8 -> 8
Estimating class=0 covariance using LEDOIT_WOLF
Done.
Estimating class=1 covariance using LEDOIT_WOLF
Done.
      pool treinado (1s) — serve aos 5 alvos do grupo
      S018 fold 0: acc3=0.533
      S018 fold 1: acc3=0.517
      S018 fold 2: acc3=0.483
      S049 fold 0: acc3=0.567
      S049 fold 1: acc3=0.633
      S049 fold 2: acc3=0.724
      S068 fold 0: acc3=0.467
      S068 fold 1: acc3=0.500
      S068 fold 2: acc3=0.400
      S076 fold 0: acc3=0.333
      S076 fold 1: acc3=0.467
      S076 fold 2: acc3=0.414
      S098 fold 0: acc3=0.367
      S098 fold 1: acc3=0.433
      S098 fold 2: acc3=0.379

BENCH_MONTAGENS_DONE (1min)
Traceback (most recent call last):
  File "C:\Users\ALCYR\Documents\Códigos\EEG-MI-classification\experiments\hierarquico-8\_bench_montagens.py", line 66, in <module>
    import torch
  File "C:\Users\ALCYR\Documents\Códigos\EEG-MI-classification\.venv312\Lib\site-packages\torch\__init__.py", line 50, in <module>
    from torch._utils_internal import (
    ...<5 lines>...
    )
  File "C:\Users\ALCYR\Documents\Códigos\EEG-MI-classification\.venv312\Lib\site-packages\torch\_utils_internal.py", line 12, in <module>
    from torch._strobelight.compile_time_profiler import StrobelightCompileTimeProfiler
ModuleNotFoundError: No module named 'torch._strobelight'
Traceback (most recent call last):
  File "C:\Users\ALCYR\Documents\Códigos\EEG-MI-classification\experiments\hierarquico-8\_bench_montagens.py", line 66, in <module>
    import torch
  File "C:\Users\ALCYR\Documents\Códigos\EEG-MI-classification\.venv312\Lib\site-packages\torch\__init__.py", line 50, in <module>
    from torch._utils_internal import (
    ...<5 lines>...
    )
  File "C:\Users\ALCYR\Documents\Códigos\EEG-MI-classification\.venv312\Lib\site-packages\torch\_utils_internal.py", line 12, in <module>
    from torch._strobelight.compile_time_profiler import StrobelightCompileTimeProfiler
ModuleNotFoundError: No module named 'torch._strobelight'
Traceback (most recent call last):
  File "C:\Users\ALCYR\Documents\Códigos\EEG-MI-classification\experiments\hierarquico-8\_bench_montagens.py", line 66, in <module>
    import torch
  File "C:\Users\ALCYR\Documents\Códigos\EEG-MI-classification\.venv312\Lib\site-packages\torch\__init__.py", line 50, in <module>
    from torch._utils_internal import (
    ...<5 lines>...
    )
  File "C:\Users\ALCYR\Documents\Códigos\EEG-MI-classification\.venv312\Lib\site-packages\torch\_utils_internal.py", line 12, in <module>
    from torch._strobelight.compile_time_profiler import StrobelightCompileTimeProfiler
ModuleNotFoundError: No module named 'torch._strobelight'
Traceback (most recent call last):
  File "C:\Users\ALCYR\Documents\Códigos\EEG-MI-classification\experiments\hierarquico-8\_bench_montagens.py", line 66, in <module>
    import torch
  File "C:\Users\ALCYR\Documents\Códigos\EEG-MI-classification\.venv312\Lib\site-packages\torch\__init__.py", line 50, in <module>
    from torch._utils_internal import (
    ...<5 lines>...
    )
  File "C:\Users\ALCYR\Documents\Códigos\EEG-MI-classification\.venv312\Lib\site-packages\torch\_utils_internal.py", line 12, in <module>
    from torch._strobelight.compile_time_profiler import StrobelightCompileTimeProfiler
ModuleNotFoundError: No module named 'torch._strobelight'
Traceback (most recent call last):
  File "C:\Users\ALCYR\Documents\Códigos\EEG-MI-classification\experiments\hierarquico-8\_bench_montagens.py", line 66, in <module>
    import torch
  File "C:\Users\ALCYR\Documents\Códigos\EEG-MI-classification\.venv312\Lib\site-packages\torch\__init__.py", line 50, in <module>
    from torch._utils_internal import (
    ...<5 lines>...
    )
  File "C:\Users\ALCYR\Documents\Códigos\EEG-MI-classification\.venv312\Lib\site-packages\torch\_utils_internal.py", line 12, in <module>
    from torch._strobelight.compile_time_profiler import StrobelightCompileTimeProfiler
ModuleNotFoundError: No module named 'torch._strobelight'
Traceback (most recent call last):
  File "C:\Users\ALCYR\Documents\Códigos\EEG-MI-classification\experiments\hierarquico-8\_bench_montagens.py", line 66, in <module>
    import torch
  File "C:\Users\ALCYR\Documents\Códigos\EEG-MI-classification\.venv312\Lib\site-packages\torch\__init__.py", line 50, in <module>
    from torch._utils_internal import (
    ...<5 lines>...
    )
  File "C:\Users\ALCYR\Documents\Códigos\EEG-MI-classification\.venv312\Lib\site-packages\torch\_utils_internal.py", line 12, in <module>
    from torch._strobelight.compile_time_profiler import StrobelightCompileTimeProfiler
ModuleNotFoundError: No module named 'torch._strobelight'
Traceback (most recent call last):
  File "C:\Users\ALCYR\Documents\Códigos\EEG-MI-classification\experiments\hierarquico-8\_bench_montagens.py", line 66, in <module>
    import torch
  File "C:\Users\ALCYR\Documents\Códigos\EEG-MI-classification\.venv312\Lib\site-packages\torch\__init__.py", line 50, in <module>
    from torch._utils_internal import (
    ...<5 lines>...
    )
  File "C:\Users\ALCYR\Documents\Códigos\EEG-MI-classification\.venv312\Lib\site-packages\torch\_utils_internal.py", line 12, in <module>
    from torch._strobelight.compile_time_profiler import StrobelightCompileTimeProfiler
ModuleNotFoundError: No module named 'torch._strobelight'
Traceback (most recent call last):
  File "C:\Users\ALCYR\Documents\Códigos\EEG-MI-classification\experiments\hierarquico-8\_bench_montagens.py", line 66, in <module>
    import torch
  File "C:\Users\ALCYR\Documents\Códigos\EEG-MI-classification\.venv312\Lib\site-packages\torch\__init__.py", line 50, in <module>
    from torch._utils_internal import (
    ...<5 lines>...
    )
  File "C:\Users\ALCYR\Documents\Códigos\EEG-MI-classification\.venv312\Lib\site-packages\torch\_utils_internal.py", line 12, in <module>
    from torch._strobelight.compile_time_profiler import StrobelightCompileTimeProfiler
ModuleNotFoundError: No module named 'torch._strobelight'
Traceback (most recent call last):
  File "C:\Users\ALCYR\Documents\Códigos\EEG-MI-classification\experiments\hierarquico-8\_bench_montagens.py", line 66, in <module>
    import torch
  File "C:\Users\ALCYR\Documents\Códigos\EEG-MI-classification\.venv312\Lib\site-packages\torch\__init__.py", line 50, in <module>
    from torch._utils_internal import (
    ...<5 lines>...
    )
  File "C:\Users\ALCYR\Documents\Códigos\EEG-MI-classification\.venv312\Lib\site-packages\torch\_utils_internal.py", line 12, in <module>
    from torch._strobelight.compile_time_profiler import StrobelightCompileTimeProfiler
ModuleNotFoundError: No module named 'torch._strobelight'
Traceback (most recent call last):
  File "C:\Users\ALCYR\Documents\Códigos\EEG-MI-classification\experiments\hierarquico-8\_bench_montagens.py", line 66, in <module>
    import torch
  File "C:\Users\ALCYR\Documents\Códigos\EEG-MI-classification\.venv312\Lib\site-packages\torch\__init__.py", line 50, in <module>
    from torch._utils_internal import (
    ...<5 lines>...
    )
  File "C:\Users\ALCYR\Documents\Códigos\EEG-MI-classification\.venv312\Lib\site-packages\torch\_utils_internal.py", line 12, in <module>
    from torch._strobelight.compile_time_profiler import StrobelightCompileTimeProfiler
ModuleNotFoundError: No module named 'torch._strobelight'
Traceback (most recent call last):
  File "C:\Users\ALCYR\Documents\Códigos\EEG-MI-classification\experiments\hierarquico-8\_bench_montagens.py", line 66, in <module>
    import torch
  File "C:\Users\ALCYR\Documents\Códigos\EEG-MI-classification\.venv312\Lib\site-packages\torch\__init__.py", line 50, in <module>
    from torch._utils_internal import (
    ...<5 lines>...
    )
  File "C:\Users\ALCYR\Documents\Códigos\EEG-MI-classification\.venv312\Lib\site-packages\torch\_utils_internal.py", line 12, in <module>
    from torch._strobelight.compile_time_profiler import StrobelightCompileTimeProfiler
ModuleNotFoundError: No module named 'torch._strobelight'
Traceback (most recent call last):
  File "C:\Users\ALCYR\Documents\Códigos\EEG-MI-classification\experiments\hierarquico-8\_bench_montagens.py", line 66, in <module>
    import torch
  File "C:\Users\ALCYR\Documents\Códigos\EEG-MI-classification\.venv312\Lib\site-packages\torch\__init__.py", line 50, in <module>
    from torch._utils_internal import (
    ...<5 lines>...
    )
  File "C:\Users\ALCYR\Documents\Códigos\EEG-MI-classification\.venv312\Lib\site-packages\torch\_utils_internal.py", line 12, in <module>
    from torch._strobelight.compile_time_profiler import StrobelightCompileTimeProfiler
ModuleNotFoundError: No module named 'torch._strobelight'
Traceback (most recent call last):
  File "C:\Users\ALCYR\Documents\Códigos\EEG-MI-classification\experiments\hierarquico-8\_bench_montagens.py", line 66, in <module>
    import torch
  File "C:\Users\ALCYR\Documents\Códigos\EEG-MI-classification\.venv312\Lib\site-packages\torch\__init__.py", line 50, in <module>
    from torch._utils_internal import (
    ...<5 lines>...
    )
  File "C:\Users\ALCYR\Documents\Códigos\EEG-MI-classification\.venv312\Lib\site-packages\torch\_utils_internal.py", line 12, in <module>
    from torch._strobelight.compile_time_profiler import StrobelightCompileTimeProfiler
ModuleNotFoundError: No module named 'torch._strobelight'
Traceback (most recent call last):
  File "C:\Users\ALCYR\Documents\Códigos\EEG-MI-classification\experiments\hierarquico-8\_bench_montagens.py", line 66, in <module>
    import torch
  File "C:\Users\ALCYR\Documents\Códigos\EEG-MI-classification\.venv312\Lib\site-packages\torch\__init__.py", line 50, in <module>
    from torch._utils_internal import (
    ...<5 lines>...
    )
  File "C:\Users\ALCYR\Documents\Códigos\EEG-MI-classification\.venv312\Lib\site-packages\torch\_utils_internal.py", line 12, in <module>
    from torch._strobelight.compile_time_profiler import StrobelightCompileTimeProfiler
ModuleNotFoundError: No module named 'torch._strobelight'
Traceback (most recent call last):
  File "C:\Users\ALCYR\Documents\Códigos\EEG-MI-classification\experiments\hierarquico-8\_bench_montagens.py", line 66, in <module>
    import torch
  File "C:\Users\ALCYR\Documents\Códigos\EEG-MI-classification\.venv312\Lib\site-packages\torch\__init__.py", line 50, in <module>
    from torch._utils_internal import (
    ...<5 lines>...
    )
  File "C:\Users\ALCYR\Documents\Códigos\EEG-MI-classification\.venv312\Lib\site-packages\torch\_utils_internal.py", line 12, in <module>
    from torch._strobelight.compile_time_profiler import StrobelightCompileTimeProfiler
ModuleNotFoundError: No module named 'torch._strobelight'
Traceback (most recent call last):
  File "C:\Users\ALCYR\Documents\Códigos\EEG-MI-classification\experiments\hierarquico-8\_bench_montagens.py", line 66, in <module>
    import torch
  File "C:\Users\ALCYR\Documents\Códigos\EEG-MI-classification\.venv312\Lib\site-packages\torch\__init__.py", line 50, in <module>
    from torch._utils_internal import (
    ...<5 lines>...
    )
  File "C:\Users\ALCYR\Documents\Códigos\EEG-MI-classification\.venv312\Lib\site-packages\torch\_utils_internal.py", line 12, in <module>
    from torch._strobelight.compile_time_profiler import StrobelightCompileTimeProfiler
ModuleNotFoundError: No module named 'torch._strobelight'
Traceback (most recent call last):
  File "C:\Users\ALCYR\Documents\Códigos\EEG-MI-classification\experiments\hierarquico-8\_bench_montagens.py", line 66, in <module>
    import torch
  File "C:\Users\ALCYR\Documents\Códigos\EEG-MI-classification\.venv312\Lib\site-packages\torch\__init__.py", line 50, in <module>
    from torch._utils_internal import (
    ...<5 lines>...
    )
  File "C:\Users\ALCYR\Documents\Códigos\EEG-MI-classification\.venv312\Lib\site-packages\torch\_utils_internal.py", line 12, in <module>
    from torch._strobelight.compile_time_profiler import StrobelightCompileTimeProfiler
ModuleNotFoundError: No module named 'torch._strobelight'
Traceback (most recent call last):
  File "C:\Users\ALCYR\Documents\Códigos\EEG-MI-classification\experiments\hierarquico-8\_bench_montagens.py", line 66, in <module>
    import torch
  File "C:\Users\ALCYR\Documents\Códigos\EEG-MI-classification\.venv312\Lib\site-packages\torch\__init__.py", line 50, in <module>
    from torch._utils_internal import (
    ...<5 lines>...
    )
  File "C:\Users\ALCYR\Documents\Códigos\EEG-MI-classification\.venv312\Lib\site-packages\torch\_utils_internal.py", line 12, in <module>
    from torch._strobelight.compile_time_profiler import StrobelightCompileTimeProfiler
ModuleNotFoundError: No module named 'torch._strobelight'
Traceback (most recent call last):
  File "C:\Users\ALCYR\Documents\Códigos\EEG-MI-classification\experiments\hierarquico-8\_bench_montagens.py", line 66, in <module>
    import torch
  File "C:\Users\ALCYR\Documents\Códigos\EEG-MI-classification\.venv312\Lib\site-packages\torch\__init__.py", line 50, in <module>
    from torch._utils_internal import (
    ...<5 lines>...
    )
  File "C:\Users\ALCYR\Documents\Códigos\EEG-MI-classification\.venv312\Lib\site-packages\torch\_utils_internal.py", line 12, in <module>
    from torch._strobelight.compile_time_profiler import StrobelightCompileTimeProfiler
ModuleNotFoundError: No module named 'torch._strobelight'
Traceback (most recent call last):
  File "C:\Users\ALCYR\Documents\Códigos\EEG-MI-classification\experiments\hierarquico-8\_bench_montagens.py", line 66, in <module>
    import torch
  File "C:\Users\ALCYR\Documents\Códigos\EEG-MI-classification\.venv312\Lib\site-packages\torch\__init__.py", line 50, in <module>
    from torch._utils_internal import (
    ...<5 lines>...
    )
  File "C:\Users\ALCYR\Documents\Códigos\EEG-MI-classification\.venv312\Lib\site-packages\torch\_utils_internal.py", line 12, in <module>
    from torch._strobelight.compile_time_profiler import StrobelightCompileTimeProfiler
ModuleNotFoundError: No module named 'torch._strobelight'
Traceback (most recent call last):
  File "C:\Users\ALCYR\Documents\Códigos\EEG-MI-classification\experiments\hierarquico-8\_bench_montagens.py", line 66, in <module>
    import torch
  File "C:\Users\ALCYR\Documents\Códigos\EEG-MI-classification\.venv312\Lib\site-packages\torch\__init__.py", line 50, in <module>
    from torch._utils_internal import (
    ...<5 lines>...
    )
  File "C:\Users\ALCYR\Documents\Códigos\EEG-MI-classification\.venv312\Lib\site-packages\torch\_utils_internal.py", line 12, in <module>
    from torch._strobelight.compile_time_profiler import StrobelightCompileTimeProfiler
ModuleNotFoundError: No module named 'torch._strobelight'
Traceback (most recent call last):
  File "C:\Users\ALCYR\Documents\Códigos\EEG-MI-classification\experiments\hierarquico-8\_bench_montagens.py", line 66, in <module>
    import torch
  File "C:\Users\ALCYR\Documents\Códigos\EEG-MI-classification\.venv312\Lib\site-packages\torch\__init__.py", line 50, in <module>
    from torch._utils_internal import (
    ...<5 lines>...
    )
  File "C:\Users\ALCYR\Documents\Códigos\EEG-MI-classification\.venv312\Lib\site-packages\torch\_utils_internal.py", line 12, in <module>
    from torch._strobelight.compile_time_profiler import StrobelightCompileTimeProfiler
ModuleNotFoundError: No module named 'torch._strobelight'
Traceback (most recent call last):
  File "C:\Users\ALCYR\Documents\Códigos\EEG-MI-classification\experiments\hierarquico-8\_bench_montagens.py", line 66, in <module>
    import torch
  File "C:\Users\ALCYR\Documents\Códigos\EEG-MI-classification\.venv312\Lib\site-packages\torch\__init__.py", line 50, in <module>
    from torch._utils_internal import (
    ...<5 lines>...
    )
  File "C:\Users\ALCYR\Documents\Códigos\EEG-MI-classification\.venv312\Lib\site-packages\torch\_utils_internal.py", line 12, in <module>
    from torch._strobelight.compile_time_profiler import StrobelightCompileTimeProfiler
ModuleNotFoundError: No module named 'torch._strobelight'
Traceback (most recent call last):
  File "C:\Users\ALCYR\Documents\Códigos\EEG-MI-classification\experiments\hierarquico-8\_bench_montagens.py", line 66, in <module>
    import torch
  File "C:\Users\ALCYR\Documents\Códigos\EEG-MI-classification\.venv312\Lib\site-packages\torch\__init__.py", line 50, in <module>
    from torch._utils_internal import (
    ...<5 lines>...
    )
  File "C:\Users\ALCYR\Documents\Códigos\EEG-MI-classification\.venv312\Lib\site-packages\torch\_utils_internal.py", line 12, in <module>
    from torch._strobelight.compile_time_profiler import StrobelightCompileTimeProfiler
ModuleNotFoundError: No module named 'torch._strobelight'
Traceback (most recent call last):
  File "C:\Users\ALCYR\Documents\Códigos\EEG-MI-classification\experiments\hierarquico-8\_bench_montagens.py", line 66, in <module>
    import torch
  File "C:\Users\ALCYR\Documents\Códigos\EEG-MI-classification\.venv312\Lib\site-packages\torch\__init__.py", line 50, in <module>
    from torch._utils_internal import (
    ...<5 lines>...
    )
  File "C:\Users\ALCYR\Documents\Códigos\EEG-MI-classification\.venv312\Lib\site-packages\torch\_utils_internal.py", line 12, in <module>
    from torch._strobelight.compile_time_profiler import StrobelightCompileTimeProfiler
ModuleNotFoundError: No module named 'torch._strobelight'
Traceback (most recent call last):
  File "C:\Users\ALCYR\Documents\Códigos\EEG-MI-classification\experiments\hierarquico-8\_bench_montagens.py", line 66, in <module>
    import torch
  File "C:\Users\ALCYR\Documents\Códigos\EEG-MI-classification\.venv312\Lib\site-packages\torch\__init__.py", line 50, in <module>
    from torch._utils_internal import (
    ...<5 lines>...
    )
  File "C:\Users\ALCYR\Documents\Códigos\EEG-MI-classification\.venv312\Lib\site-packages\torch\_utils_internal.py", line 12, in <module>
    from torch._strobelight.compile_time_profiler import StrobelightCompileTimeProfiler
ModuleNotFoundError: No module named 'torch._strobelight'
Traceback (most recent call last):
  File "C:\Users\ALCYR\Documents\Códigos\EEG-MI-classification\experiments\hierarquico-8\_bench_montagens.py", line 66, in <module>
    import torch
  File "C:\Users\ALCYR\Documents\Códigos\EEG-MI-classification\.venv312\Lib\site-packages\torch\__init__.py", line 50, in <module>
    from torch._utils_internal import (
    ...<5 lines>...
    )
  File "C:\Users\ALCYR\Documents\Códigos\EEG-MI-classification\.venv312\Lib\site-packages\torch\_utils_internal.py", line 12, in <module>
    from torch._strobelight.compile_time_profiler import StrobelightCompileTimeProfiler
ModuleNotFoundError: No module named 'torch._strobelight'
Traceback (most recent call last):
  File "C:\Users\ALCYR\Documents\Códigos\EEG-MI-classification\experiments\hierarquico-8\_bench_montagens.py", line 66, in <module>
    import torch
  File "C:\Users\ALCYR\Documents\Códigos\EEG-MI-classification\.venv312\Lib\site-packages\torch\__init__.py", line 50, in <module>
    from torch._utils_internal import (
    ...<5 lines>...
    )
  File "C:\Users\ALCYR\Documents\Códigos\EEG-MI-classification\.venv312\Lib\site-packages\torch\_utils_internal.py", line 12, in <module>
    from torch._strobelight.compile_time_profiler import StrobelightCompileTimeProfiler
ModuleNotFoundError: No module named 'torch._strobelight'
Traceback (most recent call last):
  File "C:\Users\ALCYR\Documents\Códigos\EEG-MI-classification\experiments\hierarquico-8\_bench_montagens.py", line 66, in <module>
    import torch
  File "C:\Users\ALCYR\Documents\Códigos\EEG-MI-classification\.venv312\Lib\site-packages\torch\__init__.py", line 50, in <module>
    from torch._utils_internal import (
    ...<5 lines>...
    )
  File "C:\Users\ALCYR\Documents\Códigos\EEG-MI-classification\.venv312\Lib\site-packages\torch\_utils_internal.py", line 12, in <module>
    from torch._strobelight.compile_time_profiler import StrobelightCompileTimeProfiler
ModuleNotFoundError: No module named 'torch._strobelight'
CUDA=True | montagens=['posterior8'] | modelos=['csp_lda'] | alvos=30 | folds=3
  contrato 5cb6c6358c | banda 4-40 Hz ordem 5 | CAR on | IQR k=1.5 | calib 48 | fases mi
  aninhamento 2<4<8<16<21<32<64 verificado
  montagem      E  D centro  simetria
  64           27 27     10  sim
  32           14 14      4  sim
  21            9  8      4  NAO (aceita por decisao)
  16            6  6      4  sim
  8             3  3      2  sim
  4             2  2      0  sim
  2             1  1      0  sim
  3             1  1      1  sim
  sem_fz        4  3      1  NAO (aceita por decisao)
  posterior8    4  4      0  sim
  ocular4       2  2      0  sim
  6 grupos de alvos (semente 42), pool = 98 sujeitos:
    grupo 1: [3, 22, 57, 102, 107]
    grupo 2: [7, 52, 71, 79, 109]
    grupo 3: [12, 34, 60, 91, 95]
    grupo 4: [25, 31, 87, 106, 108]
    grupo 5: [41, 45, 63, 83, 105]
    grupo 6: [18, 49, 68, 76, 98]
  retomando: 330 celulas ja concluidas sob 5cb6c6358c

==============================================================
  MONTAGEM posterior8 (8 canais) | MODELO csp_lda | 0min
==============================================================

BENCH_MONTAGENS_DONE (0min)
CUDA=True | montagens=['posterior8'] | modelos=['fbcsp_svm'] | alvos=30 | folds=3
  contrato 5cb6c6358c | banda 4-40 Hz ordem 5 | CAR on | IQR k=1.5 | calib 48 | fases mi
  aninhamento 2<4<8<16<21<32<64 verificado
  montagem      E  D centro  simetria
  64           27 27     10  sim
  32           14 14      4  sim
  21            9  8      4  NAO (aceita por decisao)
  16            6  6      4  sim
  8             3  3      2  sim
  4             2  2      0  sim
  2             1  1      0  sim
  3             1  1      1  sim
  sem_fz        4  3      1  NAO (aceita por decisao)
  posterior8    4  4      0  sim
  ocular4       2  2      0  sim
  6 grupos de alvos (semente 42), pool = 98 sujeitos:
    grupo 1: [3, 22, 57, 102, 107]
    grupo 2: [7, 52, 71, 79, 109]
    grupo 3: [12, 34, 60, 91, 95]
    grupo 4: [25, 31, 87, 106, 108]
    grupo 5: [41, 45, 63, 83, 105]
    grupo 6: [18, 49, 68, 76, 98]
  retomando: 330 celulas ja concluidas sob 5cb6c6358c

==============================================================
  MONTAGEM posterior8 (8 canais) | MODELO fbcsp_svm | 0min
==============================================================
  grupo 5/6 | alvos [41, 45, 63, 83, 105] | pool=98 (0min)
Computing rank from data with rank=None
    Using tolerance 25 (2.2e-16 eps * 8 dim * 1.4e+16  max singular value)
    Estimated rank (data): 8
    data: rank 8 computed from 8 data channels with 0 projectors
Reducing data rank from 8 -> 8
Estimating class=0 covariance using LEDOIT_WOLF
Done.
Estimating class=1 covariance using LEDOIT_WOLF
Done.
Computing rank from data with rank=None
    Using tolerance 39 (2.2e-16 eps * 8 dim * 2.2e+16  max singular value)
    Estimated rank (data): 8
    data: rank 8 computed from 8 data channels with 0 projectors
Reducing data rank from 8 -> 8
Estimating class=0 covariance using LEDOIT_WOLF
Done.
Estimating class=1 covariance using LEDOIT_WOLF
Done.
Computing rank from data with rank=None
    Using tolerance 23 (2.2e-16 eps * 8 dim * 1.3e+16  max singular value)
    Estimated rank (data): 8
    data: rank 8 computed from 8 data channels with 0 projectors
Reducing data rank from 8 -> 8
Estimating class=0 covariance using LEDOIT_WOLF
Done.
Estimating class=1 covariance using LEDOIT_WOLF
Done.
Computing rank from data with rank=None
    Using tolerance 19 (2.2e-16 eps * 8 dim * 1.1e+16  max singular value)
    Estimated rank (data): 8
    data: rank 8 computed from 8 data channels with 0 projectors
Reducing data rank from 8 -> 8
Estimating class=0 covariance using LEDOIT_WOLF
Done.
Estimating class=1 covariance using LEDOIT_WOLF
Done.
Computing rank from data with rank=None
    Using tolerance 15 (2.2e-16 eps * 8 dim * 8.4e+15  max singular value)
    Estimated rank (data): 8
    data: rank 8 computed from 8 data channels with 0 projectors
Reducing data rank from 8 -> 8
Estimating class=0 covariance using LEDOIT_WOLF
Done.
Estimating class=1 covariance using LEDOIT_WOLF
Done.
Computing rank from data with rank=None
    Using tolerance 11 (2.2e-16 eps * 8 dim * 6.1e+15  max singular value)
    Estimated rank (data): 8
    data: rank 8 computed from 8 data channels with 0 projectors
Reducing data rank from 8 -> 8
Estimating class=0 covariance using LEDOIT_WOLF
Done.
Estimating class=1 covariance using LEDOIT_WOLF
Done.
Computing rank from data with rank=None
    Using tolerance 9.6 (2.2e-16 eps * 8 dim * 5.4e+15  max singular value)
    Estimated rank (data): 8
    data: rank 8 computed from 8 data channels with 0 projectors
Reducing data rank from 8 -> 8
Estimating class=0 covariance using LEDOIT_WOLF
Done.
Estimating class=1 covariance using LEDOIT_WOLF
Done.
Computing rank from data with rank=None
    Using tolerance 7.5 (2.2e-16 eps * 8 dim * 4.2e+15  max singular value)
    Estimated rank (data): 8
    data: rank 8 computed from 8 data channels with 0 projectors
Reducing data rank from 8 -> 8
Estimating class=0 covariance using LEDOIT_WOLF
Done.
Estimating class=1 covariance using LEDOIT_WOLF
Done.
Computing rank from data with rank=None
    Using tolerance 5.1 (2.2e-16 eps * 8 dim * 2.9e+15  max singular value)
    Estimated rank (data): 8
    data: rank 8 computed from 8 data channels with 0 projectors
Reducing data rank from 8 -> 8
Estimating class=0 covariance using LEDOIT_WOLF
Done.
Estimating class=1 covariance using LEDOIT_WOLF
Done.
Computing rank from data with rank=None
    Using tolerance 18 (2.2e-16 eps * 8 dim * 9.9e+15  max singular value)
    Estimated rank (data): 8
    data: rank 8 computed from 8 data channels with 0 projectors
Reducing data rank from 8 -> 8
Estimating class=0 covariance using LEDOIT_WOLF
Done.
Estimating class=1 covariance using LEDOIT_WOLF
Done.
Computing rank from data with rank=None
    Using tolerance 27 (2.2e-16 eps * 8 dim * 1.5e+16  max singular value)
    Estimated rank (data): 8
    data: rank 8 computed from 8 data channels with 0 projectors
Reducing data rank from 8 -> 8
Estimating class=0 covariance using LEDOIT_WOLF
Done.
Estimating class=1 covariance using LEDOIT_WOLF
Done.
Computing rank from data with rank=None
    Using tolerance 16 (2.2e-16 eps * 8 dim * 8.9e+15  max singular value)
    Estimated rank (data): 8
    data: rank 8 computed from 8 data channels with 0 projectors
Reducing data rank from 8 -> 8
Estimating class=0 covariance using LEDOIT_WOLF
Done.
Estimating class=1 covariance using LEDOIT_WOLF
Done.
Computing rank from data with rank=None
    Using tolerance 14 (2.2e-16 eps * 8 dim * 7.6e+15  max singular value)
    Estimated rank (data): 8
    data: rank 8 computed from 8 data channels with 0 projectors
Reducing data rank from 8 -> 8
Estimating class=0 covariance using LEDOIT_WOLF
Done.
Estimating class=1 covariance using LEDOIT_WOLF
Done.
Computing rank from data with rank=None
    Using tolerance 10 (2.2e-16 eps * 8 dim * 5.8e+15  max singular value)
    Estimated rank (data): 8
    data: rank 8 computed from 8 data channels with 0 projectors
Reducing data rank from 8 -> 8
Estimating class=0 covariance using LEDOIT_WOLF
Done.
Estimating class=1 covariance using LEDOIT_WOLF
Done.
Computing rank from data with rank=None
    Using tolerance 7.6 (2.2e-16 eps * 8 dim * 4.3e+15  max singular value)
    Estimated rank (data): 8
    data: rank 8 computed from 8 data channels with 0 projectors
Reducing data rank from 8 -> 8
Estimating class=0 covariance using LEDOIT_WOLF
Done.
Estimating class=1 covariance using LEDOIT_WOLF
Done.
Computing rank from data with rank=None
    Using tolerance 6.8 (2.2e-16 eps * 8 dim * 3.8e+15  max singular value)
    Estimated rank (data): 8
    data: rank 8 computed from 8 data channels with 0 projectors
Reducing data rank from 8 -> 8
Estimating class=0 covariance using LEDOIT_WOLF
Done.
Estimating class=1 covariance using LEDOIT_WOLF
Done.
Computing rank from data with rank=None
    Using tolerance 5.3 (2.2e-16 eps * 8 dim * 3e+15  max singular value)
    Estimated rank (data): 8
    data: rank 8 computed from 8 data channels with 0 projectors
Reducing data rank from 8 -> 8
Estimating class=0 covariance using LEDOIT_WOLF
Done.
Estimating class=1 covariance using LEDOIT_WOLF
Done.
Computing rank from data with rank=None
    Using tolerance 3.6 (2.2e-16 eps * 8 dim * 2e+15  max singular value)
    Estimated rank (data): 8
    data: rank 8 computed from 8 data channels with 0 projectors
Reducing data rank from 8 -> 8
Estimating class=0 covariance using LEDOIT_WOLF
Done.
Estimating class=1 covariance using LEDOIT_WOLF
Done.
      pool treinado (34s) — serve aos 5 alvos do grupo
      S041 fold 0: acc3=0.367
      S041 fold 1: acc3=0.500
      S041 fold 2: acc3=0.400
      S045 fold 0: acc3=0.367
      S045 fold 1: acc3=0.655
      S045 fold 2: acc3=0.517
      S063 fold 0: acc3=0.414
      S063 fold 1: acc3=0.464
      S063 fold 2: acc3=0.464
      S083 fold 0: acc3=0.500
      S083 fold 1: acc3=0.345
      S083 fold 2: acc3=0.379
      S105 fold 0: acc3=0.429
      S105 fold 1: acc3=0.429
      S105 fold 2: acc3=0.481
  grupo 6/6 | alvos [18, 49, 68, 76, 98] | pool=98 (1min)
Computing rank from data with rank=None
    Using tolerance 25 (2.2e-16 eps * 8 dim * 1.4e+16  max singular value)
    Estimated rank (data): 8
    data: rank 8 computed from 8 data channels with 0 projectors
Reducing data rank from 8 -> 8
Estimating class=0 covariance using LEDOIT_WOLF
Done.
Estimating class=1 covariance using LEDOIT_WOLF
Done.
Computing rank from data with rank=None
    Using tolerance 39 (2.2e-16 eps * 8 dim * 2.2e+16  max singular value)
    Estimated rank (data): 8
    data: rank 8 computed from 8 data channels with 0 projectors
Reducing data rank from 8 -> 8
Estimating class=0 covariance using LEDOIT_WOLF
Done.
Estimating class=1 covariance using LEDOIT_WOLF
Done.
Computing rank from data with rank=None
    Using tolerance 23 (2.2e-16 eps * 8 dim * 1.3e+16  max singular value)
    Estimated rank (data): 8
    data: rank 8 computed from 8 data channels with 0 projectors
Reducing data rank from 8 -> 8
Estimating class=0 covariance using LEDOIT_WOLF
Done.
Estimating class=1 covariance using LEDOIT_WOLF
Done.
Computing rank from data with rank=None
    Using tolerance 19 (2.2e-16 eps * 8 dim * 1.1e+16  max singular value)
    Estimated rank (data): 8
    data: rank 8 computed from 8 data channels with 0 projectors
Reducing data rank from 8 -> 8
Estimating class=0 covariance using LEDOIT_WOLF
Done.
Estimating class=1 covariance using LEDOIT_WOLF
Done.
Computing rank from data with rank=None
    Using tolerance 15 (2.2e-16 eps * 8 dim * 8.4e+15  max singular value)
    Estimated rank (data): 8
    data: rank 8 computed from 8 data channels with 0 projectors
Reducing data rank from 8 -> 8
Estimating class=0 covariance using LEDOIT_WOLF
Done.
Estimating class=1 covariance using LEDOIT_WOLF
Done.
Computing rank from data with rank=None
    Using tolerance 11 (2.2e-16 eps * 8 dim * 6.2e+15  max singular value)
    Estimated rank (data): 8
    data: rank 8 computed from 8 data channels with 0 projectors
Reducing data rank from 8 -> 8
Estimating class=0 covariance using LEDOIT_WOLF
Done.
Estimating class=1 covariance using LEDOIT_WOLF
Done.
Computing rank from data with rank=None
    Using tolerance 9.4 (2.2e-16 eps * 8 dim * 5.3e+15  max singular value)
    Estimated rank (data): 8
    data: rank 8 computed from 8 data channels with 0 projectors
Reducing data rank from 8 -> 8
Estimating class=0 covariance using LEDOIT_WOLF
Done.
Estimating class=1 covariance using LEDOIT_WOLF
Done.
Computing rank from data with rank=None
    Using tolerance 7.7 (2.2e-16 eps * 8 dim * 4.3e+15  max singular value)
    Estimated rank (data): 8
    data: rank 8 computed from 8 data channels with 0 projectors
Reducing data rank from 8 -> 8
Estimating class=0 covariance using LEDOIT_WOLF
Done.
Estimating class=1 covariance using LEDOIT_WOLF
Done.
Computing rank from data with rank=None
    Using tolerance 5.2 (2.2e-16 eps * 8 dim * 2.9e+15  max singular value)
    Estimated rank (data): 8
    data: rank 8 computed from 8 data channels with 0 projectors
Reducing data rank from 8 -> 8
Estimating class=0 covariance using LEDOIT_WOLF
Done.
Estimating class=1 covariance using LEDOIT_WOLF
Done.
Computing rank from data with rank=None
    Using tolerance 18 (2.2e-16 eps * 8 dim * 9.9e+15  max singular value)
    Estimated rank (data): 8
    data: rank 8 computed from 8 data channels with 0 projectors
Reducing data rank from 8 -> 8
Estimating class=0 covariance using LEDOIT_WOLF
Done.
Estimating class=1 covariance using LEDOIT_WOLF
Done.
Computing rank from data with rank=None
    Using tolerance 27 (2.2e-16 eps * 8 dim * 1.5e+16  max singular value)
    Estimated rank (data): 8
    data: rank 8 computed from 8 data channels with 0 projectors
Reducing data rank from 8 -> 8
Estimating class=0 covariance using LEDOIT_WOLF
Done.
Estimating class=1 covariance using LEDOIT_WOLF
Done.
Computing rank from data with rank=None
    Using tolerance 16 (2.2e-16 eps * 8 dim * 8.9e+15  max singular value)
    Estimated rank (data): 8
    data: rank 8 computed from 8 data channels with 0 projectors
Reducing data rank from 8 -> 8
Estimating class=0 covariance using LEDOIT_WOLF
Done.
Estimating class=1 covariance using LEDOIT_WOLF
Done.
Computing rank from data with rank=None
    Using tolerance 13 (2.2e-16 eps * 8 dim * 7.6e+15  max singular value)
    Estimated rank (data): 8
    data: rank 8 computed from 8 data channels with 0 projectors
Reducing data rank from 8 -> 8
Estimating class=0 covariance using LEDOIT_WOLF
Done.
Estimating class=1 covariance using LEDOIT_WOLF
Done.
Computing rank from data with rank=None
    Using tolerance 10 (2.2e-16 eps * 8 dim * 5.8e+15  max singular value)
    Estimated rank (data): 8
    data: rank 8 computed from 8 data channels with 0 projectors
Reducing data rank from 8 -> 8
Estimating class=0 covariance using LEDOIT_WOLF
Done.
Estimating class=1 covariance using LEDOIT_WOLF
Done.
Computing rank from data with rank=None
    Using tolerance 7.6 (2.2e-16 eps * 8 dim * 4.3e+15  max singular value)
    Estimated rank (data): 8
    data: rank 8 computed from 8 data channels with 0 projectors
Reducing data rank from 8 -> 8
Estimating class=0 covariance using LEDOIT_WOLF
Done.
Estimating class=1 covariance using LEDOIT_WOLF
Done.
Computing rank from data with rank=None
    Using tolerance 6.7 (2.2e-16 eps * 8 dim * 3.8e+15  max singular value)
    Estimated rank (data): 8
    data: rank 8 computed from 8 data channels with 0 projectors
Reducing data rank from 8 -> 8
Estimating class=0 covariance using LEDOIT_WOLF
Done.
Estimating class=1 covariance using LEDOIT_WOLF
Done.
Computing rank from data with rank=None
    Using tolerance 5.5 (2.2e-16 eps * 8 dim * 3.1e+15  max singular value)
    Estimated rank (data): 8
    data: rank 8 computed from 8 data channels with 0 projectors
Reducing data rank from 8 -> 8
Estimating class=0 covariance using LEDOIT_WOLF
Done.
Estimating class=1 covariance using LEDOIT_WOLF
Done.
Computing rank from data with rank=None
    Using tolerance 3.7 (2.2e-16 eps * 8 dim * 2.1e+15  max singular value)
    Estimated rank (data): 8
    data: rank 8 computed from 8 data channels with 0 projectors
Reducing data rank from 8 -> 8
Estimating class=0 covariance using LEDOIT_WOLF
Done.
Estimating class=1 covariance using LEDOIT_WOLF
Done.
      pool treinado (34s) — serve aos 5 alvos do grupo
      S018 fold 0: acc3=0.500
      S018 fold 1: acc3=0.517
      S018 fold 2: acc3=0.517
      S049 fold 0: acc3=0.345
      S049 fold 1: acc3=0.552
      S049 fold 2: acc3=0.448
      S068 fold 0: acc3=0.500
      S068 fold 1: acc3=0.643
      S068 fold 2: acc3=0.407
      S076 fold 0: acc3=0.414
      S076 fold 1: acc3=0.310
      S076 fold 2: acc3=0.393
      S098 fold 0: acc3=0.467
      S098 fold 1: acc3=0.533
      S098 fold 2: acc3=0.467

BENCH_MONTAGENS_DONE (1min)
CUDA=True | montagens=['posterior8'] | modelos=['riemannian'] | alvos=30 | folds=3
  contrato 5cb6c6358c | banda 4-40 Hz ordem 5 | CAR on | IQR k=1.5 | calib 48 | fases mi
  aninhamento 2<4<8<16<21<32<64 verificado
  montagem      E  D centro  simetria
  64           27 27     10  sim
  32           14 14      4  sim
  21            9  8      4  NAO (aceita por decisao)
  16            6  6      4  sim
  8             3  3      2  sim
  4             2  2      0  sim
  2             1  1      0  sim
  3             1  1      1  sim
  sem_fz        4  3      1  NAO (aceita por decisao)
  posterior8    4  4      0  sim
  ocular4       2  2      0  sim
  celulas gemeas pendentes: riemannian.banda_do_artigo (rodar de novo com --banda 8 30)
  6 grupos de alvos (semente 42), pool = 98 sujeitos:
    grupo 1: [3, 22, 57, 102, 107]
    grupo 2: [7, 52, 71, 79, 109]
    grupo 3: [12, 34, 60, 91, 95]
    grupo 4: [25, 31, 87, 106, 108]
    grupo 5: [41, 45, 63, 83, 105]
    grupo 6: [18, 49, 68, 76, 98]
  retomando: 360 celulas ja concluidas sob 5cb6c6358c

==============================================================
  MONTAGEM posterior8 (8 canais) | MODELO riemannian | 0min
==============================================================

BENCH_MONTAGENS_DONE (0min)
CUDA=True | montagens=['sem_fz'] | modelos=['csp_lda'] | alvos=30 | folds=3
  contrato 5cb6c6358c | banda 4-40 Hz ordem 5 | CAR on | IQR k=1.5 | calib 48 | fases mi
  aninhamento 2<4<8<16<21<32<64 verificado
  montagem      E  D centro  simetria
  64           27 27     10  sim
  32           14 14      4  sim
  21            9  8      4  NAO (aceita por decisao)
  16            6  6      4  sim
  8             3  3      2  sim
  4             2  2      0  sim
  2             1  1      0  sim
  3             1  1      1  sim
  sem_fz        4  3      1  NAO (aceita por decisao)
  posterior8    4  4      0  sim
  ocular4       2  2      0  sim
  6 grupos de alvos (semente 42), pool = 98 sujeitos:
    grupo 1: [3, 22, 57, 102, 107]
    grupo 2: [7, 52, 71, 79, 109]
    grupo 3: [12, 34, 60, 91, 95]
    grupo 4: [25, 31, 87, 106, 108]
    grupo 5: [41, 45, 63, 83, 105]
    grupo 6: [18, 49, 68, 76, 98]
  retomando: 360 celulas ja concluidas sob 5cb6c6358c

==============================================================
  MONTAGEM sem_fz (8 canais) | MODELO csp_lda | 0min
==============================================================

BENCH_MONTAGENS_DONE (0min)
CUDA=True | montagens=['sem_fz'] | modelos=['fbcsp_svm'] | alvos=30 | folds=3
  contrato 5cb6c6358c | banda 4-40 Hz ordem 5 | CAR on | IQR k=1.5 | calib 48 | fases mi
  aninhamento 2<4<8<16<21<32<64 verificado
  montagem      E  D centro  simetria
  64           27 27     10  sim
  32           14 14      4  sim
  21            9  8      4  NAO (aceita por decisao)
  16            6  6      4  sim
  8             3  3      2  sim
  4             2  2      0  sim
  2             1  1      0  sim
  3             1  1      1  sim
  sem_fz        4  3      1  NAO (aceita por decisao)
  posterior8    4  4      0  sim
  ocular4       2  2      0  sim
  6 grupos de alvos (semente 42), pool = 98 sujeitos:
    grupo 1: [3, 22, 57, 102, 107]
    grupo 2: [7, 52, 71, 79, 109]
    grupo 3: [12, 34, 60, 91, 95]
    grupo 4: [25, 31, 87, 106, 108]
    grupo 5: [41, 45, 63, 83, 105]
    grupo 6: [18, 49, 68, 76, 98]
  retomando: 360 celulas ja concluidas sob 5cb6c6358c

==============================================================
  MONTAGEM sem_fz (8 canais) | MODELO fbcsp_svm | 0min
==============================================================
  grupo 1/6 | alvos [3, 22, 57, 102, 107] | pool=98 (0min)
Computing rank from data with rank=None
    Using tolerance 32 (2.2e-16 eps * 8 dim * 1.8e+16  max singular value)
    Estimated rank (data): 8
    data: rank 8 computed from 8 data channels with 0 projectors
Reducing data rank from 8 -> 8
Estimating class=0 covariance using LEDOIT_WOLF
Done.
Estimating class=1 covariance using LEDOIT_WOLF
Done.
Computing rank from data with rank=None
    Using tolerance 33 (2.2e-16 eps * 8 dim * 1.9e+16  max singular value)
    Estimated rank (data): 8
    data: rank 8 computed from 8 data channels with 0 projectors
Reducing data rank from 8 -> 8
Estimating class=0 covariance using LEDOIT_WOLF
Done.
Estimating class=1 covariance using LEDOIT_WOLF
Done.
Computing rank from data with rank=None
    Using tolerance 23 (2.2e-16 eps * 8 dim * 1.3e+16  max singular value)
    Estimated rank (data): 8
    data: rank 8 computed from 8 data channels with 0 projectors
Reducing data rank from 8 -> 8
Estimating class=0 covariance using LEDOIT_WOLF
Done.
Estimating class=1 covariance using LEDOIT_WOLF
Done.
Computing rank from data with rank=None
    Using tolerance 19 (2.2e-16 eps * 8 dim * 1.1e+16  max singular value)
    Estimated rank (data): 8
    data: rank 8 computed from 8 data channels with 0 projectors
Reducing data rank from 8 -> 8
Estimating class=0 covariance using LEDOIT_WOLF
Done.
Estimating class=1 covariance using LEDOIT_WOLF
Done.
Computing rank from data with rank=None
    Using tolerance 18 (2.2e-16 eps * 8 dim * 9.9e+15  max singular value)
    Estimated rank (data): 8
    data: rank 8 computed from 8 data channels with 0 projectors
Reducing data rank from 8 -> 8
Estimating class=0 covariance using LEDOIT_WOLF
Done.
Estimating class=1 covariance using LEDOIT_WOLF
Done.
Computing rank from data with rank=None
    Using tolerance 15 (2.2e-16 eps * 8 dim * 8.2e+15  max singular value)
    Estimated rank (data): 8
    data: rank 8 computed from 8 data channels with 0 projectors
Reducing data rank from 8 -> 8
Estimating class=0 covariance using LEDOIT_WOLF
Done.
Estimating class=1 covariance using LEDOIT_WOLF
Done.
Computing rank from data with rank=None
    Using tolerance 13 (2.2e-16 eps * 8 dim * 7.2e+15  max singular value)
    Estimated rank (data): 8
    data: rank 8 computed from 8 data channels with 0 projectors
Reducing data rank from 8 -> 8
Estimating class=0 covariance using LEDOIT_WOLF
Done.
Estimating class=1 covariance using LEDOIT_WOLF
Done.
Computing rank from data with rank=None
    Using tolerance 11 (2.2e-16 eps * 8 dim * 6e+15  max singular value)
    Estimated rank (data): 8
    data: rank 8 computed from 8 data channels with 0 projectors
Reducing data rank from 8 -> 8
Estimating class=0 covariance using LEDOIT_WOLF
Done.
Estimating class=1 covariance using LEDOIT_WOLF
Done.
Computing rank from data with rank=None
    Using tolerance 7.5 (2.2e-16 eps * 8 dim * 4.2e+15  max singular value)
    Estimated rank (data): 8
    data: rank 8 computed from 8 data channels with 0 projectors
Reducing data rank from 8 -> 8
Estimating class=0 covariance using LEDOIT_WOLF
Done.
Estimating class=1 covariance using LEDOIT_WOLF
Done.
Computing rank from data with rank=None
    Using tolerance 23 (2.2e-16 eps * 8 dim * 1.3e+16  max singular value)
    Estimated rank (data): 8
    data: rank 8 computed from 8 data channels with 0 projectors
Reducing data rank from 8 -> 8
Estimating class=0 covariance using LEDOIT_WOLF
Done.
Estimating class=1 covariance using LEDOIT_WOLF
Done.
Computing rank from data with rank=None
    Using tolerance 22 (2.2e-16 eps * 8 dim * 1.2e+16  max singular value)
    Estimated rank (data): 8
    data: rank 8 computed from 8 data channels with 0 projectors
Reducing data rank from 8 -> 8
Estimating class=0 covariance using LEDOIT_WOLF
Done.
Estimating class=1 covariance using LEDOIT_WOLF
Done.
Computing rank from data with rank=None
    Using tolerance 15 (2.2e-16 eps * 8 dim * 8.6e+15  max singular value)
    Estimated rank (data): 8
    data: rank 8 computed from 8 data channels with 0 projectors
Reducing data rank from 8 -> 8
Estimating class=0 covariance using LEDOIT_WOLF
Done.
Estimating class=1 covariance using LEDOIT_WOLF
Done.
Computing rank from data with rank=None
    Using tolerance 13 (2.2e-16 eps * 8 dim * 7.2e+15  max singular value)
    Estimated rank (data): 8
    data: rank 8 computed from 8 data channels with 0 projectors
Reducing data rank from 8 -> 8
Estimating class=0 covariance using LEDOIT_WOLF
Done.
Estimating class=1 covariance using LEDOIT_WOLF
Done.
Computing rank from data with rank=None
    Using tolerance 12 (2.2e-16 eps * 8 dim * 6.7e+15  max singular value)
    Estimated rank (data): 8
    data: rank 8 computed from 8 data channels with 0 projectors
Reducing data rank from 8 -> 8
Estimating class=0 covariance using LEDOIT_WOLF
Done.
Estimating class=1 covariance using LEDOIT_WOLF
Done.
Computing rank from data with rank=None
    Using tolerance 10 (2.2e-16 eps * 8 dim * 5.6e+15  max singular value)
    Estimated rank (data): 8
    data: rank 8 computed from 8 data channels with 0 projectors
Reducing data rank from 8 -> 8
Estimating class=0 covariance using LEDOIT_WOLF
Done.
Estimating class=1 covariance using LEDOIT_WOLF
Done.
Computing rank from data with rank=None
    Using tolerance 8.9 (2.2e-16 eps * 8 dim * 5e+15  max singular value)
    Estimated rank (data): 8
    data: rank 8 computed from 8 data channels with 0 projectors
Reducing data rank from 8 -> 8
Estimating class=0 covariance using LEDOIT_WOLF
Done.
Estimating class=1 covariance using LEDOIT_WOLF
Done.
Computing rank from data with rank=None
    Using tolerance 7.5 (2.2e-16 eps * 8 dim * 4.2e+15  max singular value)
    Estimated rank (data): 8
    data: rank 8 computed from 8 data channels with 0 projectors
Reducing data rank from 8 -> 8
Estimating class=0 covariance using LEDOIT_WOLF
Done.
Estimating class=1 covariance using LEDOIT_WOLF
Done.
Computing rank from data with rank=None
    Using tolerance 5.3 (2.2e-16 eps * 8 dim * 3e+15  max singular value)
    Estimated rank (data): 8
    data: rank 8 computed from 8 data channels with 0 projectors
Reducing data rank from 8 -> 8
Estimating class=0 covariance using LEDOIT_WOLF
Done.
Estimating class=1 covariance using LEDOIT_WOLF
Done.
      pool treinado (40s) — serve aos 5 alvos do grupo
      S003 fold 0: acc3=0.379
      S003 fold 1: acc3=0.379
      S003 fold 2: acc3=0.276
      S022 fold 0: acc3=0.690
      S022 fold 1: acc3=0.690
      S022 fold 2: acc3=0.552
      S057 fold 0: acc3=0.621
      S057 fold 1: acc3=0.379
      S057 fold 2: acc3=0.552
      S102 fold 0: acc3=0.600
      S102 fold 1: acc3=0.600
      S102 fold 2: acc3=0.862
      S107 fold 0: acc3=0.345
      S107 fold 1: acc3=0.321
      S107 fold 2: acc3=0.286
  grupo 2/6 | alvos [7, 52, 71, 79, 109] | pool=98 (1min)
Computing rank from data with rank=None
    Using tolerance 24 (2.2e-16 eps * 8 dim * 1.3e+16  max singular value)
    Estimated rank (data): 8
    data: rank 8 computed from 8 data channels with 0 projectors
Reducing data rank from 8 -> 8
Estimating class=0 covariance using LEDOIT_WOLF
Done.
Estimating class=1 covariance using LEDOIT_WOLF
Done.
Computing rank from data with rank=None
    Using tolerance 30 (2.2e-16 eps * 8 dim * 1.7e+16  max singular value)
    Estimated rank (data): 8
    data: rank 8 computed from 8 data channels with 0 projectors
Reducing data rank from 8 -> 8
Estimating class=0 covariance using LEDOIT_WOLF
Done.
Estimating class=1 covariance using LEDOIT_WOLF
Done.
Computing rank from data with rank=None
    Using tolerance 19 (2.2e-16 eps * 8 dim * 1.1e+16  max singular value)
    Estimated rank (data): 8
    data: rank 8 computed from 8 data channels with 0 projectors
Reducing data rank from 8 -> 8
Estimating class=0 covariance using LEDOIT_WOLF
Done.
Estimating class=1 covariance using LEDOIT_WOLF
Done.
Computing rank from data with rank=None
    Using tolerance 17 (2.2e-16 eps * 8 dim * 9.7e+15  max singular value)
    Estimated rank (data): 8
    data: rank 8 computed from 8 data channels with 0 projectors
Reducing data rank from 8 -> 8
Estimating class=0 covariance using LEDOIT_WOLF
Done.
Estimating class=1 covariance using LEDOIT_WOLF
Done.
Computing rank from data with rank=None
    Using tolerance 16 (2.2e-16 eps * 8 dim * 9.2e+15  max singular value)
    Estimated rank (data): 8
    data: rank 8 computed from 8 data channels with 0 projectors
Reducing data rank from 8 -> 8
Estimating class=0 covariance using LEDOIT_WOLF
Done.
Estimating class=1 covariance using LEDOIT_WOLF
Done.
Computing rank from data with rank=None
    Using tolerance 14 (2.2e-16 eps * 8 dim * 7.8e+15  max singular value)
    Estimated rank (data): 8
    data: rank 8 computed from 8 data channels with 0 projectors
Reducing data rank from 8 -> 8
Estimating class=0 covariance using LEDOIT_WOLF
Done.
Estimating class=1 covariance using LEDOIT_WOLF
Done.
Computing rank from data with rank=None
    Using tolerance 12 (2.2e-16 eps * 8 dim * 6.9e+15  max singular value)
    Estimated rank (data): 8
    data: rank 8 computed from 8 data channels with 0 projectors
Reducing data rank from 8 -> 8
Estimating class=0 covariance using LEDOIT_WOLF
Done.
Estimating class=1 covariance using LEDOIT_WOLF
Done.
Computing rank from data with rank=None
    Using tolerance 10 (2.2e-16 eps * 8 dim * 5.7e+15  max singular value)
    Estimated rank (data): 8
    data: rank 8 computed from 8 data channels with 0 projectors
Reducing data rank from 8 -> 8
Estimating class=0 covariance using LEDOIT_WOLF
Done.
Estimating class=1 covariance using LEDOIT_WOLF
Done.
Computing rank from data with rank=None
    Using tolerance 7.3 (2.2e-16 eps * 8 dim * 4.1e+15  max singular value)
    Estimated rank (data): 8
    data: rank 8 computed from 8 data channels with 0 projectors
Reducing data rank from 8 -> 8
Estimating class=0 covariance using LEDOIT_WOLF
Done.
Estimating class=1 covariance using LEDOIT_WOLF
Done.
Computing rank from data with rank=None
    Using tolerance 16 (2.2e-16 eps * 8 dim * 9.2e+15  max singular value)
    Estimated rank (data): 8
    data: rank 8 computed from 8 data channels with 0 projectors
Reducing data rank from 8 -> 8
Estimating class=0 covariance using LEDOIT_WOLF
Done.
Estimating class=1 covariance using LEDOIT_WOLF
Done.
Computing rank from data with rank=None
    Using tolerance 19 (2.2e-16 eps * 8 dim * 1.1e+16  max singular value)
    Estimated rank (data): 8
    data: rank 8 computed from 8 data channels with 0 projectors
Reducing data rank from 8 -> 8
Estimating class=0 covariance using LEDOIT_WOLF
Done.
Estimating class=1 covariance using LEDOIT_WOLF
Done.
Computing rank from data with rank=None
    Using tolerance 13 (2.2e-16 eps * 8 dim * 7e+15  max singular value)
    Estimated rank (data): 8
    data: rank 8 computed from 8 data channels with 0 projectors
Reducing data rank from 8 -> 8
Estimating class=0 covariance using LEDOIT_WOLF
Done.
Estimating class=1 covariance using LEDOIT_WOLF
Done.
Computing rank from data with rank=None
    Using tolerance 11 (2.2e-16 eps * 8 dim * 6.4e+15  max singular value)
    Estimated rank (data): 8
    data: rank 8 computed from 8 data channels with 0 projectors
Reducing data rank from 8 -> 8
Estimating class=0 covariance using LEDOIT_WOLF
Done.
Estimating class=1 covariance using LEDOIT_WOLF
Done.
Computing rank from data with rank=None
    Using tolerance 11 (2.2e-16 eps * 8 dim * 6.1e+15  max singular value)
    Estimated rank (data): 8
    data: rank 8 computed from 8 data channels with 0 projectors
Reducing data rank from 8 -> 8
Estimating class=0 covariance using LEDOIT_WOLF
Done.
Estimating class=1 covariance using LEDOIT_WOLF
Done.
Computing rank from data with rank=None
    Using tolerance 9.4 (2.2e-16 eps * 8 dim * 5.3e+15  max singular value)
    Estimated rank (data): 8
    data: rank 8 computed from 8 data channels with 0 projectors
Reducing data rank from 8 -> 8
Estimating class=0 covariance using LEDOIT_WOLF
Done.
Estimating class=1 covariance using LEDOIT_WOLF
Done.
Computing rank from data with rank=None
    Using tolerance 8.5 (2.2e-16 eps * 8 dim * 4.8e+15  max singular value)
    Estimated rank (data): 8
    data: rank 8 computed from 8 data channels with 0 projectors
Reducing data rank from 8 -> 8
Estimating class=0 covariance using LEDOIT_WOLF
Done.
Estimating class=1 covariance using LEDOIT_WOLF
Done.
Computing rank from data with rank=None
    Using tolerance 7.2 (2.2e-16 eps * 8 dim * 4e+15  max singular value)
    Estimated rank (data): 8
    data: rank 8 computed from 8 data channels with 0 projectors
Reducing data rank from 8 -> 8
Estimating class=0 covariance using LEDOIT_WOLF
Done.
Estimating class=1 covariance using LEDOIT_WOLF
Done.
Computing rank from data with rank=None
    Using tolerance 5.1 (2.2e-16 eps * 8 dim * 2.9e+15  max singular value)
    Estimated rank (data): 8
    data: rank 8 computed from 8 data channels with 0 projectors
Reducing data rank from 8 -> 8
Estimating class=0 covariance using LEDOIT_WOLF
Done.
Estimating class=1 covariance using LEDOIT_WOLF
Done.
      pool treinado (40s) — serve aos 5 alvos do grupo
      S007 fold 0: acc3=0.800
      S007 fold 1: acc3=0.633
      S007 fold 2: acc3=0.690
      S052 fold 0: acc3=0.586
      S052 fold 1: acc3=0.379
      S052 fold 2: acc3=0.448
      S071 fold 0: acc3=0.448
      S071 fold 1: acc3=0.586
      S071 fold 2: acc3=0.483
      S079 fold 0: acc3=0.333
      S079 fold 1: acc3=0.517
      S079 fold 2: acc3=0.379
      S109 fold 0: acc3=0.467
      S109 fold 1: acc3=0.345
      S109 fold 2: acc3=0.276
  grupo 3/6 | alvos [12, 34, 60, 91, 95] | pool=98 (2min)
Computing rank from data with rank=None
    Using tolerance 32 (2.2e-16 eps * 8 dim * 1.8e+16  max singular value)
    Estimated rank (data): 8
    data: rank 8 computed from 8 data channels with 0 projectors
Reducing data rank from 8 -> 8
Estimating class=0 covariance using LEDOIT_WOLF
Done.
Estimating class=1 covariance using LEDOIT_WOLF
Done.
Computing rank from data with rank=None
    Using tolerance 33 (2.2e-16 eps * 8 dim * 1.9e+16  max singular value)
    Estimated rank (data): 8
    data: rank 8 computed from 8 data channels with 0 projectors
Reducing data rank from 8 -> 8
Estimating class=0 covariance using LEDOIT_WOLF
Done.
Estimating class=1 covariance using LEDOIT_WOLF
Done.
Computing rank from data with rank=None
    Using tolerance 22 (2.2e-16 eps * 8 dim * 1.3e+16  max singular value)
    Estimated rank (data): 8
    data: rank 8 computed from 8 data channels with 0 projectors
Reducing data rank from 8 -> 8
Estimating class=0 covariance using LEDOIT_WOLF
Done.
Estimating class=1 covariance using LEDOIT_WOLF
Done.
Computing rank from data with rank=None
    Using tolerance 19 (2.2e-16 eps * 8 dim * 1.1e+16  max singular value)
    Estimated rank (data): 8
    data: rank 8 computed from 8 data channels with 0 projectors
Reducing data rank from 8 -> 8
Estimating class=0 covariance using LEDOIT_WOLF
Done.
Estimating class=1 covariance using LEDOIT_WOLF
Done.
Computing rank from data with rank=None
    Using tolerance 17 (2.2e-16 eps * 8 dim * 9.8e+15  max singular value)
    Estimated rank (data): 8
    data: rank 8 computed from 8 data channels with 0 projectors
Reducing data rank from 8 -> 8
Estimating class=0 covariance using LEDOIT_WOLF
Done.
Estimating class=1 covariance using LEDOIT_WOLF
Done.
Computing rank from data with rank=None
    Using tolerance 15 (2.2e-16 eps * 8 dim * 8.2e+15  max singular value)
    Estimated rank (data): 8
    data: rank 8 computed from 8 data channels with 0 projectors
Reducing data rank from 8 -> 8
Estimating class=0 covariance using LEDOIT_WOLF
Done.
Estimating class=1 covariance using LEDOIT_WOLF
Done.
Computing rank from data with rank=None
    Using tolerance 13 (2.2e-16 eps * 8 dim * 7.1e+15  max singular value)
    Estimated rank (data): 8
    data: rank 8 computed from 8 data channels with 0 projectors
Reducing data rank from 8 -> 8
Estimating class=0 covariance using LEDOIT_WOLF
Done.
Estimating class=1 covariance using LEDOIT_WOLF
Done.
Computing rank from data with rank=None
    Using tolerance 11 (2.2e-16 eps * 8 dim * 5.9e+15  max singular value)
    Estimated rank (data): 8
    data: rank 8 computed from 8 data channels with 0 projectors
Reducing data rank from 8 -> 8
Estimating class=0 covariance using LEDOIT_WOLF
Done.
Estimating class=1 covariance using LEDOIT_WOLF
Done.
Computing rank from data with rank=None
    Using tolerance 7.5 (2.2e-16 eps * 8 dim * 4.2e+15  max singular value)
    Estimated rank (data): 8
    data: rank 8 computed from 8 data channels with 0 projectors
Reducing data rank from 8 -> 8
Estimating class=0 covariance using LEDOIT_WOLF
Done.
Estimating class=1 covariance using LEDOIT_WOLF
Done.
Computing rank from data with rank=None
    Using tolerance 23 (2.2e-16 eps * 8 dim * 1.3e+16  max singular value)
    Estimated rank (data): 8
    data: rank 8 computed from 8 data channels with 0 projectors
Reducing data rank from 8 -> 8
Estimating class=0 covariance using LEDOIT_WOLF
Done.
Estimating class=1 covariance using LEDOIT_WOLF
Done.
Computing rank from data with rank=None
    Using tolerance 22 (2.2e-16 eps * 8 dim * 1.2e+16  max singular value)
    Estimated rank (data): 8
    data: rank 8 computed from 8 data channels with 0 projectors
Reducing data rank from 8 -> 8
Estimating class=0 covariance using LEDOIT_WOLF
Done.
Estimating class=1 covariance using LEDOIT_WOLF
Done.
Computing rank from data with rank=None
    Using tolerance 15 (2.2e-16 eps * 8 dim * 8.5e+15  max singular value)
    Estimated rank (data): 8
    data: rank 8 computed from 8 data channels with 0 projectors
Reducing data rank from 8 -> 8
Estimating class=0 covariance using LEDOIT_WOLF
Done.
Estimating class=1 covariance using LEDOIT_WOLF
Done.
Computing rank from data with rank=None
    Using tolerance 13 (2.2e-16 eps * 8 dim * 7.2e+15  max singular value)
    Estimated rank (data): 8
    data: rank 8 computed from 8 data channels with 0 projectors
Reducing data rank from 8 -> 8
Estimating class=0 covariance using LEDOIT_WOLF
Done.
Estimating class=1 covariance using LEDOIT_WOLF
Done.
Computing rank from data with rank=None
    Using tolerance 12 (2.2e-16 eps * 8 dim * 6.7e+15  max singular value)
    Estimated rank (data): 8
    data: rank 8 computed from 8 data channels with 0 projectors
Reducing data rank from 8 -> 8
Estimating class=0 covariance using LEDOIT_WOLF
Done.
Estimating class=1 covariance using LEDOIT_WOLF
Done.
Computing rank from data with rank=None
    Using tolerance 9.9 (2.2e-16 eps * 8 dim * 5.6e+15  max singular value)
    Estimated rank (data): 8
    data: rank 8 computed from 8 data channels with 0 projectors
Reducing data rank from 8 -> 8
Estimating class=0 covariance using LEDOIT_WOLF
Done.
Estimating class=1 covariance using LEDOIT_WOLF
Done.
Computing rank from data with rank=None
    Using tolerance 8.8 (2.2e-16 eps * 8 dim * 5e+15  max singular value)
    Estimated rank (data): 8
    data: rank 8 computed from 8 data channels with 0 projectors
Reducing data rank from 8 -> 8
Estimating class=0 covariance using LEDOIT_WOLF
Done.
Estimating class=1 covariance using LEDOIT_WOLF
Done.
Computing rank from data with rank=None
    Using tolerance 7.4 (2.2e-16 eps * 8 dim * 4.2e+15  max singular value)
    Estimated rank (data): 8
    data: rank 8 computed from 8 data channels with 0 projectors
Reducing data rank from 8 -> 8
Estimating class=0 covariance using LEDOIT_WOLF
Done.
Estimating class=1 covariance using LEDOIT_WOLF
Done.
Computing rank from data with rank=None
    Using tolerance 5.3 (2.2e-16 eps * 8 dim * 3e+15  max singular value)
    Estimated rank (data): 8
    data: rank 8 computed from 8 data channels with 0 projectors
Reducing data rank from 8 -> 8
Estimating class=0 covariance using LEDOIT_WOLF
Done.
Estimating class=1 covariance using LEDOIT_WOLF
Done.
      pool treinado (35s) — serve aos 5 alvos do grupo
      S012 fold 0: acc3=0.433
      S012 fold 1: acc3=0.483
      S012 fold 2: acc3=0.448
      S034 fold 0: acc3=0.633
      S034 fold 1: acc3=0.655
      S034 fold 2: acc3=0.621
      S060 fold 0: acc3=0.393
      S060 fold 1: acc3=0.571
      S060 fold 2: acc3=0.464
      S091 fold 0: acc3=0.379
      S091 fold 1: acc3=0.310
      S091 fold 2: acc3=0.448
      S095 fold 0: acc3=0.379
      S095 fold 1: acc3=0.276
      S095 fold 2: acc3=0.448
  grupo 4/6 | alvos [25, 31, 87, 106, 108] | pool=98 (2min)
Computing rank from data with rank=None
    Using tolerance 32 (2.2e-16 eps * 8 dim * 1.8e+16  max singular value)
    Estimated rank (data): 8
    data: rank 8 computed from 8 data channels with 0 projectors
Reducing data rank from 8 -> 8
Estimating class=0 covariance using LEDOIT_WOLF
Done.
Estimating class=1 covariance using LEDOIT_WOLF
Done.
Computing rank from data with rank=None
    Using tolerance 33 (2.2e-16 eps * 8 dim * 1.9e+16  max singular value)
    Estimated rank (data): 8
    data: rank 8 computed from 8 data channels with 0 projectors
Reducing data rank from 8 -> 8
Estimating class=0 covariance using LEDOIT_WOLF
Done.
Estimating class=1 covariance using LEDOIT_WOLF
Done.
Computing rank from data with rank=None
    Using tolerance 22 (2.2e-16 eps * 8 dim * 1.3e+16  max singular value)
    Estimated rank (data): 8
    data: rank 8 computed from 8 data channels with 0 projectors
Reducing data rank from 8 -> 8
Estimating class=0 covariance using LEDOIT_WOLF
Done.
Estimating class=1 covariance using LEDOIT_WOLF
Done.
Computing rank from data with rank=None
    Using tolerance 19 (2.2e-16 eps * 8 dim * 1.1e+16  max singular value)
    Estimated rank (data): 8
    data: rank 8 computed from 8 data channels with 0 projectors
Reducing data rank from 8 -> 8
Estimating class=0 covariance using LEDOIT_WOLF
Done.
Estimating class=1 covariance using LEDOIT_WOLF
Done.
Computing rank from data with rank=None
    Using tolerance 18 (2.2e-16 eps * 8 dim * 9.9e+15  max singular value)
    Estimated rank (data): 8
    data: rank 8 computed from 8 data channels with 0 projectors
Reducing data rank from 8 -> 8
Estimating class=0 covariance using LEDOIT_WOLF
Done.
Estimating class=1 covariance using LEDOIT_WOLF
Done.
Computing rank from data with rank=None
    Using tolerance 15 (2.2e-16 eps * 8 dim * 8.2e+15  max singular value)
    Estimated rank (data): 8
    data: rank 8 computed from 8 data channels with 0 projectors
Reducing data rank from 8 -> 8
Estimating class=0 covariance using LEDOIT_WOLF
Done.
Estimating class=1 covariance using LEDOIT_WOLF
Done.
Computing rank from data with rank=None
    Using tolerance 13 (2.2e-16 eps * 8 dim * 7.2e+15  max singular value)
    Estimated rank (data): 8
    data: rank 8 computed from 8 data channels with 0 projectors
Reducing data rank from 8 -> 8
Estimating class=0 covariance using LEDOIT_WOLF
Done.
Estimating class=1 covariance using LEDOIT_WOLF
Done.
Computing rank from data with rank=None
    Using tolerance 11 (2.2e-16 eps * 8 dim * 5.9e+15  max singular value)
    Estimated rank (data): 8
    data: rank 8 computed from 8 data channels with 0 projectors
Reducing data rank from 8 -> 8
Estimating class=0 covariance using LEDOIT_WOLF
Done.
Estimating class=1 covariance using LEDOIT_WOLF
Done.
Computing rank from data with rank=None
    Using tolerance 7.5 (2.2e-16 eps * 8 dim * 4.2e+15  max singular value)
    Estimated rank (data): 8
    data: rank 8 computed from 8 data channels with 0 projectors
Reducing data rank from 8 -> 8
Estimating class=0 covariance using LEDOIT_WOLF
Done.
Estimating class=1 covariance using LEDOIT_WOLF
Done.
Computing rank from data with rank=None
    Using tolerance 23 (2.2e-16 eps * 8 dim * 1.3e+16  max singular value)
    Estimated rank (data): 8
    data: rank 8 computed from 8 data channels with 0 projectors
Reducing data rank from 8 -> 8
Estimating class=0 covariance using LEDOIT_WOLF
Done.
Estimating class=1 covariance using LEDOIT_WOLF
Done.
Computing rank from data with rank=None
    Using tolerance 22 (2.2e-16 eps * 8 dim * 1.2e+16  max singular value)
    Estimated rank (data): 8
    data: rank 8 computed from 8 data channels with 0 projectors
Reducing data rank from 8 -> 8
Estimating class=0 covariance using LEDOIT_WOLF
Done.
Estimating class=1 covariance using LEDOIT_WOLF
Done.
Computing rank from data with rank=None
    Using tolerance 15 (2.2e-16 eps * 8 dim * 8.5e+15  max singular value)
    Estimated rank (data): 8
    data: rank 8 computed from 8 data channels with 0 projectors
Reducing data rank from 8 -> 8
Estimating class=0 covariance using LEDOIT_WOLF
Done.
Estimating class=1 covariance using LEDOIT_WOLF
Done.
Computing rank from data with rank=None
    Using tolerance 13 (2.2e-16 eps * 8 dim * 7.2e+15  max singular value)
    Estimated rank (data): 8
    data: rank 8 computed from 8 data channels with 0 projectors
Reducing data rank from 8 -> 8
Estimating class=0 covariance using LEDOIT_WOLF
Done.
Estimating class=1 covariance using LEDOIT_WOLF
Done.
Computing rank from data with rank=None
    Using tolerance 12 (2.2e-16 eps * 8 dim * 6.7e+15  max singular value)
    Estimated rank (data): 8
    data: rank 8 computed from 8 data channels with 0 projectors
Reducing data rank from 8 -> 8
Estimating class=0 covariance using LEDOIT_WOLF
Done.
Estimating class=1 covariance using LEDOIT_WOLF
Done.
Computing rank from data with rank=None
    Using tolerance 9.9 (2.2e-16 eps * 8 dim * 5.6e+15  max singular value)
    Estimated rank (data): 8
    data: rank 8 computed from 8 data channels with 0 projectors
Reducing data rank from 8 -> 8
Estimating class=0 covariance using LEDOIT_WOLF
Done.
Estimating class=1 covariance using LEDOIT_WOLF
Done.
Computing rank from data with rank=None
    Using tolerance 8.9 (2.2e-16 eps * 8 dim * 5e+15  max singular value)
    Estimated rank (data): 8
    data: rank 8 computed from 8 data channels with 0 projectors
Reducing data rank from 8 -> 8
Estimating class=0 covariance using LEDOIT_WOLF
Done.
Estimating class=1 covariance using LEDOIT_WOLF
Done.
Computing rank from data with rank=None
    Using tolerance 7.5 (2.2e-16 eps * 8 dim * 4.2e+15  max singular value)
    Estimated rank (data): 8
    data: rank 8 computed from 8 data channels with 0 projectors
Reducing data rank from 8 -> 8
Estimating class=0 covariance using LEDOIT_WOLF
Done.
Estimating class=1 covariance using LEDOIT_WOLF
Done.
Computing rank from data with rank=None
    Using tolerance 5.3 (2.2e-16 eps * 8 dim * 3e+15  max singular value)
    Estimated rank (data): 8
    data: rank 8 computed from 8 data channels with 0 projectors
Reducing data rank from 8 -> 8
Estimating class=0 covariance using LEDOIT_WOLF
Done.
Estimating class=1 covariance using LEDOIT_WOLF
Done.
      pool treinado (37s) — serve aos 5 alvos do grupo
      S025 fold 0: acc3=0.655
      S025 fold 1: acc3=0.690
      S025 fold 2: acc3=0.621
      S031 fold 0: acc3=0.700
      S031 fold 1: acc3=0.621
      S031 fold 2: acc3=0.655
      S087 fold 0: acc3=0.379
      S087 fold 1: acc3=0.448
      S087 fold 2: acc3=0.357
      S106 fold 0: acc3=0.586
      S106 fold 1: acc3=0.759
      S106 fold 2: acc3=0.464
      S108 fold 0: acc3=0.536
      S108 fold 1: acc3=0.464
      S108 fold 2: acc3=0.429
  grupo 5/6 | alvos [41, 45, 63, 83, 105] | pool=98 (3min)
Computing rank from data with rank=None
    Using tolerance 32 (2.2e-16 eps * 8 dim * 1.8e+16  max singular value)
    Estimated rank (data): 8
    data: rank 8 computed from 8 data channels with 0 projectors
Reducing data rank from 8 -> 8
Estimating class=0 covariance using LEDOIT_WOLF
Done.
Estimating class=1 covariance using LEDOIT_WOLF
Done.
Computing rank from data with rank=None
    Using tolerance 33 (2.2e-16 eps * 8 dim * 1.9e+16  max singular value)
    Estimated rank (data): 8
    data: rank 8 computed from 8 data channels with 0 projectors
Reducing data rank from 8 -> 8
Estimating class=0 covariance using LEDOIT_WOLF
Done.
Estimating class=1 covariance using LEDOIT_WOLF
Done.
Computing rank from data with rank=None
    Using tolerance 22 (2.2e-16 eps * 8 dim * 1.3e+16  max singular value)
    Estimated rank (data): 8
    data: rank 8 computed from 8 data channels with 0 projectors
Reducing data rank from 8 -> 8
Estimating class=0 covariance using LEDOIT_WOLF
Done.
Estimating class=1 covariance using LEDOIT_WOLF
Done.
Computing rank from data with rank=None
    Using tolerance 19 (2.2e-16 eps * 8 dim * 1.1e+16  max singular value)
    Estimated rank (data): 8
    data: rank 8 computed from 8 data channels with 0 projectors
Reducing data rank from 8 -> 8
Estimating class=0 covariance using LEDOIT_WOLF
Done.
Estimating class=1 covariance using LEDOIT_WOLF
Done.
Computing rank from data with rank=None
    Using tolerance 17 (2.2e-16 eps * 8 dim * 9.8e+15  max singular value)
    Estimated rank (data): 8
    data: rank 8 computed from 8 data channels with 0 projectors
Reducing data rank from 8 -> 8
Estimating class=0 covariance using LEDOIT_WOLF
Done.
Estimating class=1 covariance using LEDOIT_WOLF
Done.
Computing rank from data with rank=None
    Using tolerance 15 (2.2e-16 eps * 8 dim * 8.2e+15  max singular value)
    Estimated rank (data): 8
    data: rank 8 computed from 8 data channels with 0 projectors
Reducing data rank from 8 -> 8
Estimating class=0 covariance using LEDOIT_WOLF
Done.
Estimating class=1 covariance using LEDOIT_WOLF
Done.
Computing rank from data with rank=None
    Using tolerance 13 (2.2e-16 eps * 8 dim * 7.2e+15  max singular value)
    Estimated rank (data): 8
    data: rank 8 computed from 8 data channels with 0 projectors
Reducing data rank from 8 -> 8
Estimating class=0 covariance using LEDOIT_WOLF
Done.
Estimating class=1 covariance using LEDOIT_WOLF
Done.
Computing rank from data with rank=None
    Using tolerance 11 (2.2e-16 eps * 8 dim * 5.9e+15  max singular value)
    Estimated rank (data): 8
    data: rank 8 computed from 8 data channels with 0 projectors
Reducing data rank from 8 -> 8
Estimating class=0 covariance using LEDOIT_WOLF
Done.
Estimating class=1 covariance using LEDOIT_WOLF
Done.
Computing rank from data with rank=None
    Using tolerance 7.5 (2.2e-16 eps * 8 dim * 4.2e+15  max singular value)
    Estimated rank (data): 8
    data: rank 8 computed from 8 data channels with 0 projectors
Reducing data rank from 8 -> 8
Estimating class=0 covariance using LEDOIT_WOLF
Done.
Estimating class=1 covariance using LEDOIT_WOLF
Done.
Computing rank from data with rank=None
    Using tolerance 23 (2.2e-16 eps * 8 dim * 1.3e+16  max singular value)
    Estimated rank (data): 8
    data: rank 8 computed from 8 data channels with 0 projectors
Reducing data rank from 8 -> 8
Estimating class=0 covariance using LEDOIT_WOLF
Done.
Estimating class=1 covariance using LEDOIT_WOLF
Done.
Computing rank from data with rank=None
    Using tolerance 22 (2.2e-16 eps * 8 dim * 1.2e+16  max singular value)
    Estimated rank (data): 8
    data: rank 8 computed from 8 data channels with 0 projectors
Reducing data rank from 8 -> 8
Estimating class=0 covariance using LEDOIT_WOLF
Done.
Estimating class=1 covariance using LEDOIT_WOLF
Done.
Computing rank from data with rank=None
    Using tolerance 15 (2.2e-16 eps * 8 dim * 8.6e+15  max singular value)
    Estimated rank (data): 8
    data: rank 8 computed from 8 data channels with 0 projectors
Reducing data rank from 8 -> 8
Estimating class=0 covariance using LEDOIT_WOLF
Done.
Estimating class=1 covariance using LEDOIT_WOLF
Done.
Computing rank from data with rank=None
    Using tolerance 13 (2.2e-16 eps * 8 dim * 7.2e+15  max singular value)
    Estimated rank (data): 8
    data: rank 8 computed from 8 data channels with 0 projectors
Reducing data rank from 8 -> 8
Estimating class=0 covariance using LEDOIT_WOLF
Done.
Estimating class=1 covariance using LEDOIT_WOLF
Done.
Computing rank from data with rank=None
    Using tolerance 12 (2.2e-16 eps * 8 dim * 6.6e+15  max singular value)
    Estimated rank (data): 8
    data: rank 8 computed from 8 data channels with 0 projectors
Reducing data rank from 8 -> 8
Estimating class=0 covariance using LEDOIT_WOLF
Done.
Estimating class=1 covariance using LEDOIT_WOLF
Done.
Computing rank from data with rank=None
    Using tolerance 9.9 (2.2e-16 eps * 8 dim * 5.6e+15  max singular value)
    Estimated rank (data): 8
    data: rank 8 computed from 8 data channels with 0 projectors
Reducing data rank from 8 -> 8
Estimating class=0 covariance using LEDOIT_WOLF
Done.
Estimating class=1 covariance using LEDOIT_WOLF
Done.
Computing rank from data with rank=None
    Using tolerance 8.9 (2.2e-16 eps * 8 dim * 5e+15  max singular value)
    Estimated rank (data): 8
    data: rank 8 computed from 8 data channels with 0 projectors
Reducing data rank from 8 -> 8
Estimating class=0 covariance using LEDOIT_WOLF
Done.
Estimating class=1 covariance using LEDOIT_WOLF
Done.
Computing rank from data with rank=None
    Using tolerance 7.5 (2.2e-16 eps * 8 dim * 4.2e+15  max singular value)
    Estimated rank (data): 8
    data: rank 8 computed from 8 data channels with 0 projectors
Reducing data rank from 8 -> 8
Estimating class=0 covariance using LEDOIT_WOLF
Done.
Estimating class=1 covariance using LEDOIT_WOLF
Done.
Computing rank from data with rank=None
    Using tolerance 5.3 (2.2e-16 eps * 8 dim * 3e+15  max singular value)
    Estimated rank (data): 8
    data: rank 8 computed from 8 data channels with 0 projectors
Reducing data rank from 8 -> 8
Estimating class=0 covariance using LEDOIT_WOLF
Done.
Estimating class=1 covariance using LEDOIT_WOLF
Done.
      pool treinado (36s) — serve aos 5 alvos do grupo
      S041 fold 0: acc3=0.586
      S041 fold 1: acc3=0.517
      S041 fold 2: acc3=0.517
      S045 fold 0: acc3=0.621
      S045 fold 1: acc3=0.655
      S045 fold 2: acc3=0.607
      S063 fold 0: acc3=0.433
      S063 fold 1: acc3=0.400
      S063 fold 2: acc3=0.241
      S083 fold 0: acc3=0.621
      S083 fold 1: acc3=0.357
      S083 fold 2: acc3=0.464
      S105 fold 0: acc3=0.733
      S105 fold 1: acc3=0.586
      S105 fold 2: acc3=0.379
  grupo 6/6 | alvos [18, 49, 68, 76, 98] | pool=98 (4min)
Computing rank from data with rank=None
    Using tolerance 32 (2.2e-16 eps * 8 dim * 1.8e+16  max singular value)
    Estimated rank (data): 8
    data: rank 8 computed from 8 data channels with 0 projectors
Reducing data rank from 8 -> 8
Estimating class=0 covariance using LEDOIT_WOLF
Done.
Estimating class=1 covariance using LEDOIT_WOLF
Done.
Computing rank from data with rank=None
    Using tolerance 33 (2.2e-16 eps * 8 dim * 1.9e+16  max singular value)
    Estimated rank (data): 8
    data: rank 8 computed from 8 data channels with 0 projectors
Reducing data rank from 8 -> 8
Estimating class=0 covariance using LEDOIT_WOLF
Done.
Estimating class=1 covariance using LEDOIT_WOLF
Done.
Computing rank from data with rank=None
    Using tolerance 23 (2.2e-16 eps * 8 dim * 1.3e+16  max singular value)
    Estimated rank (data): 8
    data: rank 8 computed from 8 data channels with 0 projectors
Reducing data rank from 8 -> 8
Estimating class=0 covariance using LEDOIT_WOLF
Done.
Estimating class=1 covariance using LEDOIT_WOLF
Done.
Computing rank from data with rank=None
    Using tolerance 19 (2.2e-16 eps * 8 dim * 1.1e+16  max singular value)
    Estimated rank (data): 8
    data: rank 8 computed from 8 data channels with 0 projectors
Reducing data rank from 8 -> 8
Estimating class=0 covariance using LEDOIT_WOLF
Done.
Estimating class=1 covariance using LEDOIT_WOLF
Done.
Computing rank from data with rank=None
    Using tolerance 17 (2.2e-16 eps * 8 dim * 9.8e+15  max singular value)
    Estimated rank (data): 8
    data: rank 8 computed from 8 data channels with 0 projectors
Reducing data rank from 8 -> 8
Estimating class=0 covariance using LEDOIT_WOLF
Done.
Estimating class=1 covariance using LEDOIT_WOLF
Done.
Computing rank from data with rank=None
    Using tolerance 15 (2.2e-16 eps * 8 dim * 8.3e+15  max singular value)
    Estimated rank (data): 8
    data: rank 8 computed from 8 data channels with 0 projectors
Reducing data rank from 8 -> 8
Estimating class=0 covariance using LEDOIT_WOLF
Done.
Estimating class=1 covariance using LEDOIT_WOLF
Done.
Computing rank from data with rank=None
    Using tolerance 13 (2.2e-16 eps * 8 dim * 7.2e+15  max singular value)
    Estimated rank (data): 8
    data: rank 8 computed from 8 data channels with 0 projectors
Reducing data rank from 8 -> 8
Estimating class=0 covariance using LEDOIT_WOLF
Done.
Estimating class=1 covariance using LEDOIT_WOLF
Done.
Computing rank from data with rank=None
    Using tolerance 11 (2.2e-16 eps * 8 dim * 6e+15  max singular value)
    Estimated rank (data): 8
    data: rank 8 computed from 8 data channels with 0 projectors
Reducing data rank from 8 -> 8
Estimating class=0 covariance using LEDOIT_WOLF
Done.
Estimating class=1 covariance using LEDOIT_WOLF
Done.
Computing rank from data with rank=None
    Using tolerance 7.6 (2.2e-16 eps * 8 dim * 4.3e+15  max singular value)
    Estimated rank (data): 8
    data: rank 8 computed from 8 data channels with 0 projectors
Reducing data rank from 8 -> 8
Estimating class=0 covariance using LEDOIT_WOLF
Done.
Estimating class=1 covariance using LEDOIT_WOLF
Done.
Computing rank from data with rank=None
    Using tolerance 23 (2.2e-16 eps * 8 dim * 1.3e+16  max singular value)
    Estimated rank (data): 8
    data: rank 8 computed from 8 data channels with 0 projectors
Reducing data rank from 8 -> 8
Estimating class=0 covariance using LEDOIT_WOLF
Done.
Estimating class=1 covariance using LEDOIT_WOLF
Done.
Computing rank from data with rank=None
    Using tolerance 22 (2.2e-16 eps * 8 dim * 1.2e+16  max singular value)
    Estimated rank (data): 8
    data: rank 8 computed from 8 data channels with 0 projectors
Reducing data rank from 8 -> 8
Estimating class=0 covariance using LEDOIT_WOLF
Done.
Estimating class=1 covariance using LEDOIT_WOLF
Done.
Computing rank from data with rank=None
    Using tolerance 15 (2.2e-16 eps * 8 dim * 8.6e+15  max singular value)
    Estimated rank (data): 8
    data: rank 8 computed from 8 data channels with 0 projectors
Reducing data rank from 8 -> 8
Estimating class=0 covariance using LEDOIT_WOLF
Done.
Estimating class=1 covariance using LEDOIT_WOLF
Done.
Computing rank from data with rank=None
    Using tolerance 13 (2.2e-16 eps * 8 dim * 7.2e+15  max singular value)
    Estimated rank (data): 8
    data: rank 8 computed from 8 data channels with 0 projectors
Reducing data rank from 8 -> 8
Estimating class=0 covariance using LEDOIT_WOLF
Done.
Estimating class=1 covariance using LEDOIT_WOLF
Done.
Computing rank from data with rank=None
    Using tolerance 12 (2.2e-16 eps * 8 dim * 6.6e+15  max singular value)
    Estimated rank (data): 8
    data: rank 8 computed from 8 data channels with 0 projectors
Reducing data rank from 8 -> 8
Estimating class=0 covariance using LEDOIT_WOLF
Done.
Estimating class=1 covariance using LEDOIT_WOLF
Done.
Computing rank from data with rank=None
    Using tolerance 10 (2.2e-16 eps * 8 dim * 5.6e+15  max singular value)
    Estimated rank (data): 8
    data: rank 8 computed from 8 data channels with 0 projectors
Reducing data rank from 8 -> 8
Estimating class=0 covariance using LEDOIT_WOLF
Done.
Estimating class=1 covariance using LEDOIT_WOLF
Done.
Computing rank from data with rank=None
    Using tolerance 8.9 (2.2e-16 eps * 8 dim * 5e+15  max singular value)
    Estimated rank (data): 8
    data: rank 8 computed from 8 data channels with 0 projectors
Reducing data rank from 8 -> 8
Estimating class=0 covariance using LEDOIT_WOLF
Done.
Estimating class=1 covariance using LEDOIT_WOLF
Done.
Computing rank from data with rank=None
    Using tolerance 7.6 (2.2e-16 eps * 8 dim * 4.3e+15  max singular value)
    Estimated rank (data): 8
    data: rank 8 computed from 8 data channels with 0 projectors
Reducing data rank from 8 -> 8
Estimating class=0 covariance using LEDOIT_WOLF
Done.
Estimating class=1 covariance using LEDOIT_WOLF
Done.
Computing rank from data with rank=None
    Using tolerance 5.3 (2.2e-16 eps * 8 dim * 3e+15  max singular value)
    Estimated rank (data): 8
    data: rank 8 computed from 8 data channels with 0 projectors
Reducing data rank from 8 -> 8
Estimating class=0 covariance using LEDOIT_WOLF
Done.
Estimating class=1 covariance using LEDOIT_WOLF
Done.
      pool treinado (38s) — serve aos 5 alvos do grupo
      S018 fold 0: acc3=0.500
      S018 fold 1: acc3=0.552
      S018 fold 2: acc3=0.621
      S049 fold 0: acc3=0.633
      S049 fold 1: acc3=0.400
      S049 fold 2: acc3=0.586
      S068 fold 0: acc3=0.467
      S068 fold 1: acc3=0.433
      S068 fold 2: acc3=0.400
      S076 fold 0: acc3=0.367
      S076 fold 1: acc3=0.333
      S076 fold 2: acc3=0.483
      S098 fold 0: acc3=0.367
      S098 fold 1: acc3=0.467
      S098 fold 2: acc3=0.414

BENCH_MONTAGENS_DONE (5min)
CUDA=True | montagens=['sem_fz'] | modelos=['riemannian'] | alvos=30 | folds=3
  contrato 5cb6c6358c | banda 4-40 Hz ordem 5 | CAR on | IQR k=1.5 | calib 48 | fases mi
  aninhamento 2<4<8<16<21<32<64 verificado
  montagem      E  D centro  simetria
  64           27 27     10  sim
  32           14 14      4  sim
  21            9  8      4  NAO (aceita por decisao)
  16            6  6      4  sim
  8             3  3      2  sim
  4             2  2      0  sim
  2             1  1      0  sim
  3             1  1      1  sim
  sem_fz        4  3      1  NAO (aceita por decisao)
  posterior8    4  4      0  sim
  ocular4       2  2      0  sim
  celulas gemeas pendentes: riemannian.banda_do_artigo (rodar de novo com --banda 8 30)
  6 grupos de alvos (semente 42), pool = 98 sujeitos:
    grupo 1: [3, 22, 57, 102, 107]
    grupo 2: [7, 52, 71, 79, 109]
    grupo 3: [12, 34, 60, 91, 95]
    grupo 4: [25, 31, 87, 106, 108]
    grupo 5: [41, 45, 63, 83, 105]
    grupo 6: [18, 49, 68, 76, 98]
  retomando: 450 celulas ja concluidas sob 5cb6c6358c

==============================================================
  MONTAGEM sem_fz (8 canais) | MODELO riemannian | 0min
==============================================================
  grupo 1/6 | alvos [3, 22, 57, 102, 107] | pool=98 (0min)
      pool treinado (2s) — serve aos 5 alvos do grupo
      S003 fold 0: acc3=0.345
      S003 fold 1: acc3=0.310
      S003 fold 2: acc3=0.483
      S022 fold 0: acc3=0.655
      S022 fold 1: acc3=0.483
      S022 fold 2: acc3=0.621
      S057 fold 0: acc3=0.552
      S057 fold 1: acc3=0.724
      S057 fold 2: acc3=0.414
      S102 fold 0: acc3=0.733
      S102 fold 1: acc3=0.633
      S102 fold 2: acc3=0.690
      S107 fold 0: acc3=0.241
      S107 fold 1: acc3=0.393
      S107 fold 2: acc3=0.357
  grupo 2/6 | alvos [7, 52, 71, 79, 109] | pool=98 (0min)
      pool treinado (2s) — serve aos 5 alvos do grupo
      S007 fold 0: acc3=0.800
      S007 fold 1: acc3=0.767
      S007 fold 2: acc3=0.793
      S052 fold 0: acc3=0.483
      S052 fold 1: acc3=0.621
      S052 fold 2: acc3=0.621
      S071 fold 0: acc3=0.517
      S071 fold 1: acc3=0.414
      S071 fold 2: acc3=0.517
      S079 fold 0: acc3=0.500
      S079 fold 1: acc3=0.517
      S079 fold 2: acc3=0.345
      S109 fold 0: acc3=0.433
      S109 fold 1: acc3=0.414
      S109 fold 2: acc3=0.414
  grupo 3/6 | alvos [12, 34, 60, 91, 95] | pool=98 (0min)
      pool treinado (2s) — serve aos 5 alvos do grupo
      S012 fold 0: acc3=0.567
      S012 fold 1: acc3=0.517
      S012 fold 2: acc3=0.621
      S034 fold 0: acc3=0.800
      S034 fold 1: acc3=0.793
      S034 fold 2: acc3=0.690
      S060 fold 0: acc3=0.500
      S060 fold 1: acc3=0.607
      S060 fold 2: acc3=0.679
      S091 fold 0: acc3=0.552
      S091 fold 1: acc3=0.414
      S091 fold 2: acc3=0.655
      S095 fold 0: acc3=0.414
      S095 fold 1: acc3=0.517
      S095 fold 2: acc3=0.414
  grupo 4/6 | alvos [25, 31, 87, 106, 108] | pool=98 (0min)
      pool treinado (2s) — serve aos 5 alvos do grupo
      S025 fold 0: acc3=0.793
      S025 fold 1: acc3=0.793
      S025 fold 2: acc3=0.793
      S031 fold 0: acc3=0.700
      S031 fold 1: acc3=0.724
      S031 fold 2: acc3=0.759
      S087 fold 0: acc3=0.345
      S087 fold 1: acc3=0.345
      S087 fold 2: acc3=0.357
      S106 fold 0: acc3=0.552
      S106 fold 1: acc3=0.517
      S106 fold 2: acc3=0.500
      S108 fold 0: acc3=0.429
      S108 fold 1: acc3=0.571
      S108 fold 2: acc3=0.393
  grupo 5/6 | alvos [41, 45, 63, 83, 105] | pool=98 (1min)
      pool treinado (2s) — serve aos 5 alvos do grupo
      S041 fold 0: acc3=0.621
      S041 fold 1: acc3=0.586
      S041 fold 2: acc3=0.552
      S045 fold 0: acc3=0.621
      S045 fold 1: acc3=0.483
      S045 fold 2: acc3=0.607
      S063 fold 0: acc3=0.500
      S063 fold 1: acc3=0.533
      S063 fold 2: acc3=0.483
      S083 fold 0: acc3=0.690
      S083 fold 1: acc3=0.571
      S083 fold 2: acc3=0.643
      S105 fold 0: acc3=0.567
      S105 fold 1: acc3=0.586
      S105 fold 2: acc3=0.552
  grupo 6/6 | alvos [18, 49, 68, 76, 98] | pool=98 (1min)
      pool treinado (2s) — serve aos 5 alvos do grupo
      S018 fold 0: acc3=0.600
      S018 fold 1: acc3=0.448
      S018 fold 2: acc3=0.517
      S049 fold 0: acc3=0.667
      S049 fold 1: acc3=0.667
      S049 fold 2: acc3=0.690
      S068 fold 0: acc3=0.500
      S068 fold 1: acc3=0.567
      S068 fold 2: acc3=0.367
      S076 fold 0: acc3=0.433
      S076 fold 1: acc3=0.567
      S076 fold 2: acc3=0.345
      S098 fold 0: acc3=0.400
      S098 fold 1: acc3=0.500
      S098 fold 2: acc3=0.345

BENCH_MONTAGENS_DONE (1min)
CUDA=True | montagens=['ocular4'] | modelos=['csp_lda'] | alvos=30 | folds=3
  contrato 5cb6c6358c | banda 4-40 Hz ordem 5 | CAR on | IQR k=1.5 | calib 48 | fases mi
  aninhamento 2<4<8<16<21<32<64 verificado
  montagem      E  D centro  simetria
  64           27 27     10  sim
  32           14 14      4  sim
  21            9  8      4  NAO (aceita por decisao)
  16            6  6      4  sim
  8             3  3      2  sim
  4             2  2      0  sim
  2             1  1      0  sim
  3             1  1      1  sim
  sem_fz        4  3      1  NAO (aceita por decisao)
  posterior8    4  4      0  sim
  ocular4       2  2      0  sim
  6 grupos de alvos (semente 42), pool = 98 sujeitos:
    grupo 1: [3, 22, 57, 102, 107]
    grupo 2: [7, 52, 71, 79, 109]
    grupo 3: [12, 34, 60, 91, 95]
    grupo 4: [25, 31, 87, 106, 108]
    grupo 5: [41, 45, 63, 83, 105]
    grupo 6: [18, 49, 68, 76, 98]
  retomando: 540 celulas ja concluidas sob 5cb6c6358c

==============================================================
  MONTAGEM ocular4 (4 canais) | MODELO csp_lda | 0min
==============================================================
  grupo 1/6 | alvos [3, 22, 57, 102, 107] | pool=98 (0min)
Computing rank from data with rank=None
    Using tolerance 36 (2.2e-16 eps * 4 dim * 4.1e+16  max singular value)
    Estimated rank (data): 4
    data: rank 4 computed from 4 data channels with 0 projectors
Reducing data rank from 4 -> 4
Estimating class=0 covariance using LEDOIT_WOLF
Done.
Estimating class=1 covariance using LEDOIT_WOLF
Done.
Computing rank from data with rank=None
    Using tolerance 25 (2.2e-16 eps * 4 dim * 2.8e+16  max singular value)
    Estimated rank (data): 4
    data: rank 4 computed from 4 data channels with 0 projectors
Reducing data rank from 4 -> 4
Estimating class=0 covariance using LEDOIT_WOLF
Done.
Estimating class=1 covariance using LEDOIT_WOLF
Done.
      pool treinado (1s) — serve aos 5 alvos do grupo
      S003 fold 0: acc3=0.533
      S003 fold 1: acc3=0.467
      S003 fold 2: acc3=0.500
      S022 fold 0: acc3=0.517
      S022 fold 1: acc3=0.517
      S022 fold 2: acc3=0.448
      S057 fold 0: acc3=0.433
      S057 fold 1: acc3=0.333
      S057 fold 2: acc3=0.500
      S102 fold 0: acc3=0.400
      S102 fold 1: acc3=0.500
      S102 fold 2: acc3=0.448
      S107 fold 0: acc3=0.500
      S107 fold 1: acc3=0.300
      S107 fold 2: acc3=0.467
  grupo 2/6 | alvos [7, 52, 71, 79, 109] | pool=98 (0min)
Computing rank from data with rank=None
    Using tolerance 37 (2.2e-16 eps * 4 dim * 4.1e+16  max singular value)
    Estimated rank (data): 4
    data: rank 4 computed from 4 data channels with 0 projectors
Reducing data rank from 4 -> 4
Estimating class=0 covariance using LEDOIT_WOLF
Done.
Estimating class=1 covariance using LEDOIT_WOLF
Done.
Computing rank from data with rank=None
    Using tolerance 26 (2.2e-16 eps * 4 dim * 2.9e+16  max singular value)
    Estimated rank (data): 4
    data: rank 4 computed from 4 data channels with 0 projectors
Reducing data rank from 4 -> 4
Estimating class=0 covariance using LEDOIT_WOLF
Done.
Estimating class=1 covariance using LEDOIT_WOLF
Done.
      pool treinado (1s) — serve aos 5 alvos do grupo
      S007 fold 0: acc3=0.367
      S007 fold 1: acc3=0.517
      S007 fold 2: acc3=0.517
      S052 fold 0: acc3=0.500
      S052 fold 1: acc3=0.333
      S052 fold 2: acc3=0.172
      S071 fold 0: acc3=0.300
      S071 fold 1: acc3=0.367
      S071 fold 2: acc3=0.414
      S079 fold 0: acc3=0.241
      S079 fold 1: acc3=0.276
      S079 fold 2: acc3=0.464
      S109 fold 0: acc3=0.379
      S109 fold 1: acc3=0.414
      S109 fold 2: acc3=0.345
  grupo 3/6 | alvos [12, 34, 60, 91, 95] | pool=98 (0min)
Computing rank from data with rank=None
    Using tolerance 36 (2.2e-16 eps * 4 dim * 4e+16  max singular value)
    Estimated rank (data): 4
    data: rank 4 computed from 4 data channels with 0 projectors
Reducing data rank from 4 -> 4
Estimating class=0 covariance using LEDOIT_WOLF
Done.
Estimating class=1 covariance using LEDOIT_WOLF
Done.
Computing rank from data with rank=None
    Using tolerance 25 (2.2e-16 eps * 4 dim * 2.8e+16  max singular value)
    Estimated rank (data): 4
    data: rank 4 computed from 4 data channels with 0 projectors
Reducing data rank from 4 -> 4
Estimating class=0 covariance using LEDOIT_WOLF
Done.
Estimating class=1 covariance using LEDOIT_WOLF
Done.
      pool treinado (1s) — serve aos 5 alvos do grupo
      S012 fold 0: acc3=0.379
      S012 fold 1: acc3=0.393
      S012 fold 2: acc3=0.536
      S034 fold 0: acc3=0.310
      S034 fold 1: acc3=0.276
      S034 fold 2: acc3=0.345
      S060 fold 0: acc3=0.310
      S060 fold 1: acc3=0.345
      S060 fold 2: acc3=0.414
      S091 fold 0: acc3=0.586
      S091 fold 1: acc3=0.448
      S091 fold 2: acc3=0.552
      S095 fold 0: acc3=0.345
      S095 fold 1: acc3=0.483
      S095 fold 2: acc3=0.448
  grupo 4/6 | alvos [25, 31, 87, 106, 108] | pool=98 (0min)
Computing rank from data with rank=None
    Using tolerance 36 (2.2e-16 eps * 4 dim * 4.1e+16  max singular value)
    Estimated rank (data): 4
    data: rank 4 computed from 4 data channels with 0 projectors
Reducing data rank from 4 -> 4
Estimating class=0 covariance using LEDOIT_WOLF
Done.
Estimating class=1 covariance using LEDOIT_WOLF
Done.
Computing rank from data with rank=None
    Using tolerance 25 (2.2e-16 eps * 4 dim * 2.9e+16  max singular value)
    Estimated rank (data): 4
    data: rank 4 computed from 4 data channels with 0 projectors
Reducing data rank from 4 -> 4
Estimating class=0 covariance using LEDOIT_WOLF
Done.
Estimating class=1 covariance using LEDOIT_WOLF
Done.
      pool treinado (1s) — serve aos 5 alvos do grupo
      S025 fold 0: acc3=0.400
      S025 fold 1: acc3=0.414
      S025 fold 2: acc3=0.379
      S031 fold 0: acc3=0.345
      S031 fold 1: acc3=0.483
      S031 fold 2: acc3=0.393
      S087 fold 0: acc3=0.321
      S087 fold 1: acc3=0.357
      S087 fold 2: acc3=0.429
      S106 fold 0: acc3=0.333
      S106 fold 1: acc3=0.367
      S106 fold 2: acc3=0.300
      S108 fold 0: acc3=0.448
      S108 fold 1: acc3=0.310
      S108 fold 2: acc3=0.276
  grupo 5/6 | alvos [41, 45, 63, 83, 105] | pool=98 (0min)
Computing rank from data with rank=None
    Using tolerance 36 (2.2e-16 eps * 4 dim * 4.1e+16  max singular value)
    Estimated rank (data): 4
    data: rank 4 computed from 4 data channels with 0 projectors
Reducing data rank from 4 -> 4
Estimating class=0 covariance using LEDOIT_WOLF
Done.
Estimating class=1 covariance using LEDOIT_WOLF
Done.
Computing rank from data with rank=None
    Using tolerance 25 (2.2e-16 eps * 4 dim * 2.8e+16  max singular value)
    Estimated rank (data): 4
    data: rank 4 computed from 4 data channels with 0 projectors
Reducing data rank from 4 -> 4
Estimating class=0 covariance using LEDOIT_WOLF
Done.
Estimating class=1 covariance using LEDOIT_WOLF
Done.
      pool treinado (1s) — serve aos 5 alvos do grupo
      S041 fold 0: acc3=0.552
      S041 fold 1: acc3=0.552
      S041 fold 2: acc3=0.414
      S045 fold 0: acc3=0.333
      S045 fold 1: acc3=0.467
      S045 fold 2: acc3=0.379
      S063 fold 0: acc3=0.357
      S063 fold 1: acc3=0.393
      S063 fold 2: acc3=0.333
      S083 fold 0: acc3=0.433
      S083 fold 1: acc3=0.414
      S083 fold 2: acc3=0.552
      S105 fold 0: acc3=0.414
      S105 fold 1: acc3=0.321
      S105 fold 2: acc3=0.321
  grupo 6/6 | alvos [18, 49, 68, 76, 98] | pool=98 (0min)
Computing rank from data with rank=None
    Using tolerance 37 (2.2e-16 eps * 4 dim * 4.1e+16  max singular value)
    Estimated rank (data): 4
    data: rank 4 computed from 4 data channels with 0 projectors
Reducing data rank from 4 -> 4
Estimating class=0 covariance using LEDOIT_WOLF
Done.
Estimating class=1 covariance using LEDOIT_WOLF
Done.
Computing rank from data with rank=None
    Using tolerance 26 (2.2e-16 eps * 4 dim * 2.9e+16  max singular value)
    Estimated rank (data): 4
    data: rank 4 computed from 4 data channels with 0 projectors
Reducing data rank from 4 -> 4
Estimating class=0 covariance using LEDOIT_WOLF
Done.
Estimating class=1 covariance using LEDOIT_WOLF
Done.
      pool treinado (1s) — serve aos 5 alvos do grupo
      S018 fold 0: acc3=0.633
      S018 fold 1: acc3=0.567
      S018 fold 2: acc3=0.586
      S049 fold 0: acc3=0.517
      S049 fold 1: acc3=0.414
      S049 fold 2: acc3=0.464
      S068 fold 0: acc3=0.433
      S068 fold 1: acc3=0.433
      S068 fold 2: acc3=0.533
      S076 fold 0: acc3=0.467
      S076 fold 1: acc3=0.667
      S076 fold 2: acc3=0.379
      S098 fold 0: acc3=0.300
      S098 fold 1: acc3=0.467
      S098 fold 2: acc3=0.241

BENCH_MONTAGENS_DONE (1min)
CUDA=True | montagens=['ocular4'] | modelos=['fbcsp_svm'] | alvos=30 | folds=3
  contrato 5cb6c6358c | banda 4-40 Hz ordem 5 | CAR on | IQR k=1.5 | calib 48 | fases mi
  aninhamento 2<4<8<16<21<32<64 verificado
  montagem      E  D centro  simetria
  64           27 27     10  sim
  32           14 14      4  sim
  21            9  8      4  NAO (aceita por decisao)
  16            6  6      4  sim
  8             3  3      2  sim
  4             2  2      0  sim
  2             1  1      0  sim
  3             1  1      1  sim
  sem_fz        4  3      1  NAO (aceita por decisao)
  posterior8    4  4      0  sim
  ocular4       2  2      0  sim
  6 grupos de alvos (semente 42), pool = 98 sujeitos:
    grupo 1: [3, 22, 57, 102, 107]
    grupo 2: [7, 52, 71, 79, 109]
    grupo 3: [12, 34, 60, 91, 95]
    grupo 4: [25, 31, 87, 106, 108]
    grupo 5: [41, 45, 63, 83, 105]
    grupo 6: [18, 49, 68, 76, 98]
  retomando: 630 celulas ja concluidas sob 5cb6c6358c

==============================================================
  MONTAGEM ocular4 (4 canais) | MODELO fbcsp_svm | 0min
==============================================================
  grupo 1/6 | alvos [3, 22, 57, 102, 107] | pool=98 (0min)
Computing rank from data with rank=None
    Using tolerance 12 (2.2e-16 eps * 4 dim * 1.3e+16  max singular value)
    Estimated rank (data): 4
    data: rank 4 computed from 4 data channels with 0 projectors
Reducing data rank from 4 -> 4
Estimating class=0 covariance using LEDOIT_WOLF
Done.
Estimating class=1 covariance using LEDOIT_WOLF
Done.
Computing rank from data with rank=None
    Using tolerance 8.6 (2.2e-16 eps * 4 dim * 9.7e+15  max singular value)
    Estimated rank (data): 4
    data: rank 4 computed from 4 data channels with 0 projectors
Reducing data rank from 4 -> 4
Estimating class=0 covariance using LEDOIT_WOLF
Done.
Estimating class=1 covariance using LEDOIT_WOLF
Done.
Computing rank from data with rank=None
    Using tolerance 8.2 (2.2e-16 eps * 4 dim * 9.3e+15  max singular value)
    Estimated rank (data): 4
    data: rank 4 computed from 4 data channels with 0 projectors
Reducing data rank from 4 -> 4
Estimating class=0 covariance using LEDOIT_WOLF
Done.
Estimating class=1 covariance using LEDOIT_WOLF
Done.
Computing rank from data with rank=None
    Using tolerance 11 (2.2e-16 eps * 4 dim * 1.3e+16  max singular value)
    Estimated rank (data): 4
    data: rank 4 computed from 4 data channels with 0 projectors
Reducing data rank from 4 -> 4
Estimating class=0 covariance using LEDOIT_WOLF
Done.
Estimating class=1 covariance using LEDOIT_WOLF
Done.
Computing rank from data with rank=None
    Using tolerance 13 (2.2e-16 eps * 4 dim * 1.5e+16  max singular value)
    Estimated rank (data): 4
    data: rank 4 computed from 4 data channels with 0 projectors
Reducing data rank from 4 -> 4
Estimating class=0 covariance using LEDOIT_WOLF
Done.
Estimating class=1 covariance using LEDOIT_WOLF
Done.
Computing rank from data with rank=None
    Using tolerance 13 (2.2e-16 eps * 4 dim * 1.5e+16  max singular value)
    Estimated rank (data): 4
    data: rank 4 computed from 4 data channels with 0 projectors
Reducing data rank from 4 -> 4
Estimating class=0 covariance using LEDOIT_WOLF
Done.
Estimating class=1 covariance using LEDOIT_WOLF
Done.
Computing rank from data with rank=None
    Using tolerance 12 (2.2e-16 eps * 4 dim * 1.4e+16  max singular value)
    Estimated rank (data): 4
    data: rank 4 computed from 4 data channels with 0 projectors
Reducing data rank from 4 -> 4
Estimating class=0 covariance using LEDOIT_WOLF
Done.
Estimating class=1 covariance using LEDOIT_WOLF
Done.
Computing rank from data with rank=None
    Using tolerance 11 (2.2e-16 eps * 4 dim * 1.2e+16  max singular value)
    Estimated rank (data): 4
    data: rank 4 computed from 4 data channels with 0 projectors
Reducing data rank from 4 -> 4
Estimating class=0 covariance using LEDOIT_WOLF
Done.
Estimating class=1 covariance using LEDOIT_WOLF
Done.
Computing rank from data with rank=None
    Using tolerance 7.8 (2.2e-16 eps * 4 dim * 8.8e+15  max singular value)
    Estimated rank (data): 4
    data: rank 4 computed from 4 data channels with 0 projectors
Reducing data rank from 4 -> 4
Estimating class=0 covariance using LEDOIT_WOLF
Done.
Estimating class=1 covariance using LEDOIT_WOLF
Done.
Computing rank from data with rank=None
    Using tolerance 8.1 (2.2e-16 eps * 4 dim * 9.1e+15  max singular value)
    Estimated rank (data): 4
    data: rank 4 computed from 4 data channels with 0 projectors
Reducing data rank from 4 -> 4
Estimating class=0 covariance using LEDOIT_WOLF
Done.
Estimating class=1 covariance using LEDOIT_WOLF
Done.
Computing rank from data with rank=None
    Using tolerance 6 (2.2e-16 eps * 4 dim * 6.7e+15  max singular value)
    Estimated rank (data): 4
    data: rank 4 computed from 4 data channels with 0 projectors
Reducing data rank from 4 -> 4
Estimating class=0 covariance using LEDOIT_WOLF
Done.
Estimating class=1 covariance using LEDOIT_WOLF
Done.
Computing rank from data with rank=None
    Using tolerance 5.8 (2.2e-16 eps * 4 dim * 6.5e+15  max singular value)
    Estimated rank (data): 4
    data: rank 4 computed from 4 data channels with 0 projectors
Reducing data rank from 4 -> 4
Estimating class=0 covariance using LEDOIT_WOLF
Done.
Estimating class=1 covariance using LEDOIT_WOLF
Done.
Computing rank from data with rank=None
    Using tolerance 7.9 (2.2e-16 eps * 4 dim * 8.9e+15  max singular value)
    Estimated rank (data): 4
    data: rank 4 computed from 4 data channels with 0 projectors
Reducing data rank from 4 -> 4
Estimating class=0 covariance using LEDOIT_WOLF
Done.
Estimating class=1 covariance using LEDOIT_WOLF
Done.
Computing rank from data with rank=None
    Using tolerance 9.3 (2.2e-16 eps * 4 dim * 1.1e+16  max singular value)
    Estimated rank (data): 4
    data: rank 4 computed from 4 data channels with 0 projectors
Reducing data rank from 4 -> 4
Estimating class=0 covariance using LEDOIT_WOLF
Done.
Estimating class=1 covariance using LEDOIT_WOLF
Done.
Computing rank from data with rank=None
    Using tolerance 9.4 (2.2e-16 eps * 4 dim * 1.1e+16  max singular value)
    Estimated rank (data): 4
    data: rank 4 computed from 4 data channels with 0 projectors
Reducing data rank from 4 -> 4
Estimating class=0 covariance using LEDOIT_WOLF
Done.
Estimating class=1 covariance using LEDOIT_WOLF
Done.
Computing rank from data with rank=None
    Using tolerance 8.6 (2.2e-16 eps * 4 dim * 9.6e+15  max singular value)
    Estimated rank (data): 4
    data: rank 4 computed from 4 data channels with 0 projectors
Reducing data rank from 4 -> 4
Estimating class=0 covariance using LEDOIT_WOLF
Done.
Estimating class=1 covariance using LEDOIT_WOLF
Done.
Computing rank from data with rank=None
    Using tolerance 7.5 (2.2e-16 eps * 4 dim * 8.4e+15  max singular value)
    Estimated rank (data): 4
    data: rank 4 computed from 4 data channels with 0 projectors
Reducing data rank from 4 -> 4
Estimating class=0 covariance using LEDOIT_WOLF
Done.
Estimating class=1 covariance using LEDOIT_WOLF
Done.
Computing rank from data with rank=None
    Using tolerance 5.5 (2.2e-16 eps * 4 dim * 6.2e+15  max singular value)
    Estimated rank (data): 4
    data: rank 4 computed from 4 data channels with 0 projectors
Reducing data rank from 4 -> 4
Estimating class=0 covariance using LEDOIT_WOLF
Done.
Estimating class=1 covariance using LEDOIT_WOLF
Done.
      pool treinado (31s) — serve aos 5 alvos do grupo
      S003 fold 0: acc3=0.400
      S003 fold 1: acc3=0.333
      S003 fold 2: acc3=0.533
      S022 fold 0: acc3=0.379
      S022 fold 1: acc3=0.483
      S022 fold 2: acc3=0.414
      S057 fold 0: acc3=0.467
      S057 fold 1: acc3=0.367
      S057 fold 2: acc3=0.500
      S102 fold 0: acc3=0.467
      S102 fold 1: acc3=0.433
      S102 fold 2: acc3=0.448
      S107 fold 0: acc3=0.433
      S107 fold 1: acc3=0.367
      S107 fold 2: acc3=0.333
  grupo 2/6 | alvos [7, 52, 71, 79, 109] | pool=98 (1min)
Computing rank from data with rank=None
    Using tolerance 12 (2.2e-16 eps * 4 dim * 1.3e+16  max singular value)
    Estimated rank (data): 4
    data: rank 4 computed from 4 data channels with 0 projectors
Reducing data rank from 4 -> 4
Estimating class=0 covariance using LEDOIT_WOLF
Done.
Estimating class=1 covariance using LEDOIT_WOLF
Done.
Computing rank from data with rank=None
    Using tolerance 8.7 (2.2e-16 eps * 4 dim * 9.7e+15  max singular value)
    Estimated rank (data): 4
    data: rank 4 computed from 4 data channels with 0 projectors
Reducing data rank from 4 -> 4
Estimating class=0 covariance using LEDOIT_WOLF
Done.
Estimating class=1 covariance using LEDOIT_WOLF
Done.
Computing rank from data with rank=None
    Using tolerance 8.3 (2.2e-16 eps * 4 dim * 9.3e+15  max singular value)
    Estimated rank (data): 4
    data: rank 4 computed from 4 data channels with 0 projectors
Reducing data rank from 4 -> 4
Estimating class=0 covariance using LEDOIT_WOLF
Done.
Estimating class=1 covariance using LEDOIT_WOLF
Done.
Computing rank from data with rank=None
    Using tolerance 11 (2.2e-16 eps * 4 dim * 1.3e+16  max singular value)
    Estimated rank (data): 4
    data: rank 4 computed from 4 data channels with 0 projectors
Reducing data rank from 4 -> 4
Estimating class=0 covariance using LEDOIT_WOLF
Done.
Estimating class=1 covariance using LEDOIT_WOLF
Done.
Computing rank from data with rank=None
    Using tolerance 14 (2.2e-16 eps * 4 dim * 1.5e+16  max singular value)
    Estimated rank (data): 4
    data: rank 4 computed from 4 data channels with 0 projectors
Reducing data rank from 4 -> 4
Estimating class=0 covariance using LEDOIT_WOLF
Done.
Estimating class=1 covariance using LEDOIT_WOLF
Done.
Computing rank from data with rank=None
    Using tolerance 14 (2.2e-16 eps * 4 dim * 1.5e+16  max singular value)
    Estimated rank (data): 4
    data: rank 4 computed from 4 data channels with 0 projectors
Reducing data rank from 4 -> 4
Estimating class=0 covariance using LEDOIT_WOLF
Done.
Estimating class=1 covariance using LEDOIT_WOLF
Done.
Computing rank from data with rank=None
    Using tolerance 12 (2.2e-16 eps * 4 dim * 1.4e+16  max singular value)
    Estimated rank (data): 4
    data: rank 4 computed from 4 data channels with 0 projectors
Reducing data rank from 4 -> 4
Estimating class=0 covariance using LEDOIT_WOLF
Done.
Estimating class=1 covariance using LEDOIT_WOLF
Done.
Computing rank from data with rank=None
    Using tolerance 11 (2.2e-16 eps * 4 dim * 1.2e+16  max singular value)
    Estimated rank (data): 4
    data: rank 4 computed from 4 data channels with 0 projectors
Reducing data rank from 4 -> 4
Estimating class=0 covariance using LEDOIT_WOLF
Done.
Estimating class=1 covariance using LEDOIT_WOLF
Done.
Computing rank from data with rank=None
    Using tolerance 8 (2.2e-16 eps * 4 dim * 9e+15  max singular value)
    Estimated rank (data): 4
    data: rank 4 computed from 4 data channels with 0 projectors
Reducing data rank from 4 -> 4
Estimating class=0 covariance using LEDOIT_WOLF
Done.
Estimating class=1 covariance using LEDOIT_WOLF
Done.
Computing rank from data with rank=None
    Using tolerance 8.1 (2.2e-16 eps * 4 dim * 9.1e+15  max singular value)
    Estimated rank (data): 4
    data: rank 4 computed from 4 data channels with 0 projectors
Reducing data rank from 4 -> 4
Estimating class=0 covariance using LEDOIT_WOLF
Done.
Estimating class=1 covariance using LEDOIT_WOLF
Done.
Computing rank from data with rank=None
    Using tolerance 6 (2.2e-16 eps * 4 dim * 6.8e+15  max singular value)
    Estimated rank (data): 4
    data: rank 4 computed from 4 data channels with 0 projectors
Reducing data rank from 4 -> 4
Estimating class=0 covariance using LEDOIT_WOLF
Done.
Estimating class=1 covariance using LEDOIT_WOLF
Done.
Computing rank from data with rank=None
    Using tolerance 5.8 (2.2e-16 eps * 4 dim * 6.5e+15  max singular value)
    Estimated rank (data): 4
    data: rank 4 computed from 4 data channels with 0 projectors
Reducing data rank from 4 -> 4
Estimating class=0 covariance using LEDOIT_WOLF
Done.
Estimating class=1 covariance using LEDOIT_WOLF
Done.
Computing rank from data with rank=None
    Using tolerance 8 (2.2e-16 eps * 4 dim * 9e+15  max singular value)
    Estimated rank (data): 4
    data: rank 4 computed from 4 data channels with 0 projectors
Reducing data rank from 4 -> 4
Estimating class=0 covariance using LEDOIT_WOLF
Done.
Estimating class=1 covariance using LEDOIT_WOLF
Done.
Computing rank from data with rank=None
    Using tolerance 9.4 (2.2e-16 eps * 4 dim * 1.1e+16  max singular value)
    Estimated rank (data): 4
    data: rank 4 computed from 4 data channels with 0 projectors
Reducing data rank from 4 -> 4
Estimating class=0 covariance using LEDOIT_WOLF
Done.
Estimating class=1 covariance using LEDOIT_WOLF
Done.
Computing rank from data with rank=None
    Using tolerance 9.5 (2.2e-16 eps * 4 dim * 1.1e+16  max singular value)
    Estimated rank (data): 4
    data: rank 4 computed from 4 data channels with 0 projectors
Reducing data rank from 4 -> 4
Estimating class=0 covariance using LEDOIT_WOLF
Done.
Estimating class=1 covariance using LEDOIT_WOLF
Done.
Computing rank from data with rank=None
    Using tolerance 8.8 (2.2e-16 eps * 4 dim * 9.9e+15  max singular value)
    Estimated rank (data): 4
    data: rank 4 computed from 4 data channels with 0 projectors
Reducing data rank from 4 -> 4
Estimating class=0 covariance using LEDOIT_WOLF
Done.
Estimating class=1 covariance using LEDOIT_WOLF
Done.
Computing rank from data with rank=None
    Using tolerance 7.7 (2.2e-16 eps * 4 dim * 8.6e+15  max singular value)
    Estimated rank (data): 4
    data: rank 4 computed from 4 data channels with 0 projectors
Reducing data rank from 4 -> 4
Estimating class=0 covariance using LEDOIT_WOLF
Done.
Estimating class=1 covariance using LEDOIT_WOLF
Done.
Computing rank from data with rank=None
    Using tolerance 5.7 (2.2e-16 eps * 4 dim * 6.4e+15  max singular value)
    Estimated rank (data): 4
    data: rank 4 computed from 4 data channels with 0 projectors
Reducing data rank from 4 -> 4
Estimating class=0 covariance using LEDOIT_WOLF
Done.
Estimating class=1 covariance using LEDOIT_WOLF
Done.
      pool treinado (25s) — serve aos 5 alvos do grupo
      S007 fold 0: acc3=0.600
      S007 fold 1: acc3=0.759
      S007 fold 2: acc3=0.448
      S052 fold 0: acc3=0.433
      S052 fold 1: acc3=0.467
      S052 fold 2: acc3=0.414
      S071 fold 0: acc3=0.400
      S071 fold 1: acc3=0.400
      S071 fold 2: acc3=0.379
      S079 fold 0: acc3=0.379
      S079 fold 1: acc3=0.379
      S079 fold 2: acc3=0.500
      S109 fold 0: acc3=0.310
      S109 fold 1: acc3=0.241
      S109 fold 2: acc3=0.345
  grupo 3/6 | alvos [12, 34, 60, 91, 95] | pool=98 (1min)
Computing rank from data with rank=None
    Using tolerance 12 (2.2e-16 eps * 4 dim * 1.3e+16  max singular value)
    Estimated rank (data): 4
    data: rank 4 computed from 4 data channels with 0 projectors
Reducing data rank from 4 -> 4
Estimating class=0 covariance using LEDOIT_WOLF
Done.
Estimating class=1 covariance using LEDOIT_WOLF
Done.
Computing rank from data with rank=None
    Using tolerance 8.5 (2.2e-16 eps * 4 dim * 9.6e+15  max singular value)
    Estimated rank (data): 4
    data: rank 4 computed from 4 data channels with 0 projectors
Reducing data rank from 4 -> 4
Estimating class=0 covariance using LEDOIT_WOLF
Done.
Estimating class=1 covariance using LEDOIT_WOLF
Done.
Computing rank from data with rank=None
    Using tolerance 8.1 (2.2e-16 eps * 4 dim * 9.1e+15  max singular value)
    Estimated rank (data): 4
    data: rank 4 computed from 4 data channels with 0 projectors
Reducing data rank from 4 -> 4
Estimating class=0 covariance using LEDOIT_WOLF
Done.
Estimating class=1 covariance using LEDOIT_WOLF
Done.
Computing rank from data with rank=None
    Using tolerance 11 (2.2e-16 eps * 4 dim * 1.2e+16  max singular value)
    Estimated rank (data): 4
    data: rank 4 computed from 4 data channels with 0 projectors
Reducing data rank from 4 -> 4
Estimating class=0 covariance using LEDOIT_WOLF
Done.
Estimating class=1 covariance using LEDOIT_WOLF
Done.
Computing rank from data with rank=None
    Using tolerance 13 (2.2e-16 eps * 4 dim * 1.5e+16  max singular value)
    Estimated rank (data): 4
    data: rank 4 computed from 4 data channels with 0 projectors
Reducing data rank from 4 -> 4
Estimating class=0 covariance using LEDOIT_WOLF
Done.
Estimating class=1 covariance using LEDOIT_WOLF
Done.
Computing rank from data with rank=None
    Using tolerance 13 (2.2e-16 eps * 4 dim * 1.5e+16  max singular value)
    Estimated rank (data): 4
    data: rank 4 computed from 4 data channels with 0 projectors
Reducing data rank from 4 -> 4
Estimating class=0 covariance using LEDOIT_WOLF
Done.
Estimating class=1 covariance using LEDOIT_WOLF
Done.
Computing rank from data with rank=None
    Using tolerance 12 (2.2e-16 eps * 4 dim * 1.4e+16  max singular value)
    Estimated rank (data): 4
    data: rank 4 computed from 4 data channels with 0 projectors
Reducing data rank from 4 -> 4
Estimating class=0 covariance using LEDOIT_WOLF
Done.
Estimating class=1 covariance using LEDOIT_WOLF
Done.
Computing rank from data with rank=None
    Using tolerance 11 (2.2e-16 eps * 4 dim * 1.2e+16  max singular value)
    Estimated rank (data): 4
    data: rank 4 computed from 4 data channels with 0 projectors
Reducing data rank from 4 -> 4
Estimating class=0 covariance using LEDOIT_WOLF
Done.
Estimating class=1 covariance using LEDOIT_WOLF
Done.
Computing rank from data with rank=None
    Using tolerance 7.8 (2.2e-16 eps * 4 dim * 8.8e+15  max singular value)
    Estimated rank (data): 4
    data: rank 4 computed from 4 data channels with 0 projectors
Reducing data rank from 4 -> 4
Estimating class=0 covariance using LEDOIT_WOLF
Done.
Estimating class=1 covariance using LEDOIT_WOLF
Done.
Computing rank from data with rank=None
    Using tolerance 8.1 (2.2e-16 eps * 4 dim * 9.1e+15  max singular value)
    Estimated rank (data): 4
    data: rank 4 computed from 4 data channels with 0 projectors
Reducing data rank from 4 -> 4
Estimating class=0 covariance using LEDOIT_WOLF
Done.
Estimating class=1 covariance using LEDOIT_WOLF
Done.
Computing rank from data with rank=None
    Using tolerance 6 (2.2e-16 eps * 4 dim * 6.7e+15  max singular value)
    Estimated rank (data): 4
    data: rank 4 computed from 4 data channels with 0 projectors
Reducing data rank from 4 -> 4
Estimating class=0 covariance using LEDOIT_WOLF
Done.
Estimating class=1 covariance using LEDOIT_WOLF
Done.
Computing rank from data with rank=None
    Using tolerance 5.7 (2.2e-16 eps * 4 dim * 6.4e+15  max singular value)
    Estimated rank (data): 4
    data: rank 4 computed from 4 data channels with 0 projectors
Reducing data rank from 4 -> 4
Estimating class=0 covariance using LEDOIT_WOLF
Done.
Estimating class=1 covariance using LEDOIT_WOLF
Done.
Computing rank from data with rank=None
    Using tolerance 7.7 (2.2e-16 eps * 4 dim * 8.6e+15  max singular value)
    Estimated rank (data): 4
    data: rank 4 computed from 4 data channels with 0 projectors
Reducing data rank from 4 -> 4
Estimating class=0 covariance using LEDOIT_WOLF
Done.
Estimating class=1 covariance using LEDOIT_WOLF
Done.
Computing rank from data with rank=None
    Using tolerance 9.2 (2.2e-16 eps * 4 dim * 1e+16  max singular value)
    Estimated rank (data): 4
    data: rank 4 computed from 4 data channels with 0 projectors
Reducing data rank from 4 -> 4
Estimating class=0 covariance using LEDOIT_WOLF
Done.
Estimating class=1 covariance using LEDOIT_WOLF
Done.
Computing rank from data with rank=None
    Using tolerance 9.4 (2.2e-16 eps * 4 dim * 1.1e+16  max singular value)
    Estimated rank (data): 4
    data: rank 4 computed from 4 data channels with 0 projectors
Reducing data rank from 4 -> 4
Estimating class=0 covariance using LEDOIT_WOLF
Done.
Estimating class=1 covariance using LEDOIT_WOLF
Done.
Computing rank from data with rank=None
    Using tolerance 8.6 (2.2e-16 eps * 4 dim * 9.7e+15  max singular value)
    Estimated rank (data): 4
    data: rank 4 computed from 4 data channels with 0 projectors
Reducing data rank from 4 -> 4
Estimating class=0 covariance using LEDOIT_WOLF
Done.
Estimating class=1 covariance using LEDOIT_WOLF
Done.
Computing rank from data with rank=None
    Using tolerance 7.5 (2.2e-16 eps * 4 dim * 8.5e+15  max singular value)
    Estimated rank (data): 4
    data: rank 4 computed from 4 data channels with 0 projectors
Reducing data rank from 4 -> 4
Estimating class=0 covariance using LEDOIT_WOLF
Done.
Estimating class=1 covariance using LEDOIT_WOLF
Done.
Computing rank from data with rank=None
    Using tolerance 5.5 (2.2e-16 eps * 4 dim * 6.2e+15  max singular value)
    Estimated rank (data): 4
    data: rank 4 computed from 4 data channels with 0 projectors
Reducing data rank from 4 -> 4
Estimating class=0 covariance using LEDOIT_WOLF
Done.
Estimating class=1 covariance using LEDOIT_WOLF
Done.
      pool treinado (26s) — serve aos 5 alvos do grupo
      S012 fold 0: acc3=0.448
      S012 fold 1: acc3=0.607
      S012 fold 2: acc3=0.500
      S034 fold 0: acc3=0.207
      S034 fold 1: acc3=0.310
      S034 fold 2: acc3=0.552
      S060 fold 0: acc3=0.448
      S060 fold 1: acc3=0.448
      S060 fold 2: acc3=0.448
      S091 fold 0: acc3=0.517
      S091 fold 1: acc3=0.552
      S091 fold 2: acc3=0.552
      S095 fold 0: acc3=0.483
      S095 fold 1: acc3=0.448
      S095 fold 2: acc3=0.483
  grupo 4/6 | alvos [25, 31, 87, 106, 108] | pool=98 (2min)
Computing rank from data with rank=None
    Using tolerance 12 (2.2e-16 eps * 4 dim * 1.3e+16  max singular value)
    Estimated rank (data): 4
    data: rank 4 computed from 4 data channels with 0 projectors
Reducing data rank from 4 -> 4
Estimating class=0 covariance using LEDOIT_WOLF
Done.
Estimating class=1 covariance using LEDOIT_WOLF
Done.
Computing rank from data with rank=None
    Using tolerance 8.6 (2.2e-16 eps * 4 dim * 9.7e+15  max singular value)
    Estimated rank (data): 4
    data: rank 4 computed from 4 data channels with 0 projectors
Reducing data rank from 4 -> 4
Estimating class=0 covariance using LEDOIT_WOLF
Done.
Estimating class=1 covariance using LEDOIT_WOLF
Done.
Computing rank from data with rank=None
    Using tolerance 8.2 (2.2e-16 eps * 4 dim * 9.2e+15  max singular value)
    Estimated rank (data): 4
    data: rank 4 computed from 4 data channels with 0 projectors
Reducing data rank from 4 -> 4
Estimating class=0 covariance using LEDOIT_WOLF
Done.
Estimating class=1 covariance using LEDOIT_WOLF
Done.
Computing rank from data with rank=None
    Using tolerance 11 (2.2e-16 eps * 4 dim * 1.2e+16  max singular value)
    Estimated rank (data): 4
    data: rank 4 computed from 4 data channels with 0 projectors
Reducing data rank from 4 -> 4
Estimating class=0 covariance using LEDOIT_WOLF
Done.
Estimating class=1 covariance using LEDOIT_WOLF
Done.
Computing rank from data with rank=None
    Using tolerance 13 (2.2e-16 eps * 4 dim * 1.5e+16  max singular value)
    Estimated rank (data): 4
    data: rank 4 computed from 4 data channels with 0 projectors
Reducing data rank from 4 -> 4
Estimating class=0 covariance using LEDOIT_WOLF
Done.
Estimating class=1 covariance using LEDOIT_WOLF
Done.
Computing rank from data with rank=None
    Using tolerance 13 (2.2e-16 eps * 4 dim * 1.5e+16  max singular value)
    Estimated rank (data): 4
    data: rank 4 computed from 4 data channels with 0 projectors
Reducing data rank from 4 -> 4
Estimating class=0 covariance using LEDOIT_WOLF
Done.
Estimating class=1 covariance using LEDOIT_WOLF
Done.
Computing rank from data with rank=None
    Using tolerance 12 (2.2e-16 eps * 4 dim * 1.4e+16  max singular value)
    Estimated rank (data): 4
    data: rank 4 computed from 4 data channels with 0 projectors
Reducing data rank from 4 -> 4
Estimating class=0 covariance using LEDOIT_WOLF
Done.
Estimating class=1 covariance using LEDOIT_WOLF
Done.
Computing rank from data with rank=None
    Using tolerance 11 (2.2e-16 eps * 4 dim * 1.2e+16  max singular value)
    Estimated rank (data): 4
    data: rank 4 computed from 4 data channels with 0 projectors
Reducing data rank from 4 -> 4
Estimating class=0 covariance using LEDOIT_WOLF
Done.
Estimating class=1 covariance using LEDOIT_WOLF
Done.
Computing rank from data with rank=None
    Using tolerance 7.9 (2.2e-16 eps * 4 dim * 8.9e+15  max singular value)
    Estimated rank (data): 4
    data: rank 4 computed from 4 data channels with 0 projectors
Reducing data rank from 4 -> 4
Estimating class=0 covariance using LEDOIT_WOLF
Done.
Estimating class=1 covariance using LEDOIT_WOLF
Done.
Computing rank from data with rank=None
    Using tolerance 8.1 (2.2e-16 eps * 4 dim * 9.1e+15  max singular value)
    Estimated rank (data): 4
    data: rank 4 computed from 4 data channels with 0 projectors
Reducing data rank from 4 -> 4
Estimating class=0 covariance using LEDOIT_WOLF
Done.
Estimating class=1 covariance using LEDOIT_WOLF
Done.
Computing rank from data with rank=None
    Using tolerance 6 (2.2e-16 eps * 4 dim * 6.8e+15  max singular value)
    Estimated rank (data): 4
    data: rank 4 computed from 4 data channels with 0 projectors
Reducing data rank from 4 -> 4
Estimating class=0 covariance using LEDOIT_WOLF
Done.
Estimating class=1 covariance using LEDOIT_WOLF
Done.
Computing rank from data with rank=None
    Using tolerance 5.7 (2.2e-16 eps * 4 dim * 6.5e+15  max singular value)
    Estimated rank (data): 4
    data: rank 4 computed from 4 data channels with 0 projectors
Reducing data rank from 4 -> 4
Estimating class=0 covariance using LEDOIT_WOLF
Done.
Estimating class=1 covariance using LEDOIT_WOLF
Done.
Computing rank from data with rank=None
    Using tolerance 7.9 (2.2e-16 eps * 4 dim * 8.9e+15  max singular value)
    Estimated rank (data): 4
    data: rank 4 computed from 4 data channels with 0 projectors
Reducing data rank from 4 -> 4
Estimating class=0 covariance using LEDOIT_WOLF
Done.
Estimating class=1 covariance using LEDOIT_WOLF
Done.
Computing rank from data with rank=None
    Using tolerance 9.3 (2.2e-16 eps * 4 dim * 1.1e+16  max singular value)
    Estimated rank (data): 4
    data: rank 4 computed from 4 data channels with 0 projectors
Reducing data rank from 4 -> 4
Estimating class=0 covariance using LEDOIT_WOLF
Done.
Estimating class=1 covariance using LEDOIT_WOLF
Done.
Computing rank from data with rank=None
    Using tolerance 9.4 (2.2e-16 eps * 4 dim * 1.1e+16  max singular value)
    Estimated rank (data): 4
    data: rank 4 computed from 4 data channels with 0 projectors
Reducing data rank from 4 -> 4
Estimating class=0 covariance using LEDOIT_WOLF
Done.
Estimating class=1 covariance using LEDOIT_WOLF
Done.
Computing rank from data with rank=None
    Using tolerance 8.7 (2.2e-16 eps * 4 dim * 9.7e+15  max singular value)
    Estimated rank (data): 4
    data: rank 4 computed from 4 data channels with 0 projectors
Reducing data rank from 4 -> 4
Estimating class=0 covariance using LEDOIT_WOLF
Done.
Estimating class=1 covariance using LEDOIT_WOLF
Done.
Computing rank from data with rank=None
    Using tolerance 7.6 (2.2e-16 eps * 4 dim * 8.5e+15  max singular value)
    Estimated rank (data): 4
    data: rank 4 computed from 4 data channels with 0 projectors
Reducing data rank from 4 -> 4
Estimating class=0 covariance using LEDOIT_WOLF
Done.
Estimating class=1 covariance using LEDOIT_WOLF
Done.
Computing rank from data with rank=None
    Using tolerance 5.6 (2.2e-16 eps * 4 dim * 6.3e+15  max singular value)
    Estimated rank (data): 4
    data: rank 4 computed from 4 data channels with 0 projectors
Reducing data rank from 4 -> 4
Estimating class=0 covariance using LEDOIT_WOLF
Done.
Estimating class=1 covariance using LEDOIT_WOLF
Done.
      pool treinado (25s) — serve aos 5 alvos do grupo
      S025 fold 0: acc3=0.400
      S025 fold 1: acc3=0.310
      S025 fold 2: acc3=0.448
      S031 fold 0: acc3=0.414
      S031 fold 1: acc3=0.207
      S031 fold 2: acc3=0.393
      S087 fold 0: acc3=0.321
      S087 fold 1: acc3=0.321
      S087 fold 2: acc3=0.321
      S106 fold 0: acc3=0.300
      S106 fold 1: acc3=0.333
      S106 fold 2: acc3=0.467
      S108 fold 0: acc3=0.310
      S108 fold 1: acc3=0.379
      S108 fold 2: acc3=0.414
  grupo 5/6 | alvos [41, 45, 63, 83, 105] | pool=98 (2min)
Computing rank from data with rank=None
    Using tolerance 12 (2.2e-16 eps * 4 dim * 1.3e+16  max singular value)
    Estimated rank (data): 4
    data: rank 4 computed from 4 data channels with 0 projectors
Reducing data rank from 4 -> 4
Estimating class=0 covariance using LEDOIT_WOLF
Done.
Estimating class=1 covariance using LEDOIT_WOLF
Done.
Computing rank from data with rank=None
    Using tolerance 8.7 (2.2e-16 eps * 4 dim * 9.8e+15  max singular value)
    Estimated rank (data): 4
    data: rank 4 computed from 4 data channels with 0 projectors
Reducing data rank from 4 -> 4
Estimating class=0 covariance using LEDOIT_WOLF
Done.
Estimating class=1 covariance using LEDOIT_WOLF
Done.
Computing rank from data with rank=None
    Using tolerance 8.3 (2.2e-16 eps * 4 dim * 9.3e+15  max singular value)
    Estimated rank (data): 4
    data: rank 4 computed from 4 data channels with 0 projectors
Reducing data rank from 4 -> 4
Estimating class=0 covariance using LEDOIT_WOLF
Done.
Estimating class=1 covariance using LEDOIT_WOLF
Done.
Computing rank from data with rank=None
    Using tolerance 11 (2.2e-16 eps * 4 dim * 1.3e+16  max singular value)
    Estimated rank (data): 4
    data: rank 4 computed from 4 data channels with 0 projectors
Reducing data rank from 4 -> 4
Estimating class=0 covariance using LEDOIT_WOLF
Done.
Estimating class=1 covariance using LEDOIT_WOLF
Done.
Computing rank from data with rank=None
    Using tolerance 13 (2.2e-16 eps * 4 dim * 1.5e+16  max singular value)
    Estimated rank (data): 4
    data: rank 4 computed from 4 data channels with 0 projectors
Reducing data rank from 4 -> 4
Estimating class=0 covariance using LEDOIT_WOLF
Done.
Estimating class=1 covariance using LEDOIT_WOLF
Done.
Computing rank from data with rank=None
    Using tolerance 13 (2.2e-16 eps * 4 dim * 1.5e+16  max singular value)
    Estimated rank (data): 4
    data: rank 4 computed from 4 data channels with 0 projectors
Reducing data rank from 4 -> 4
Estimating class=0 covariance using LEDOIT_WOLF
Done.
Estimating class=1 covariance using LEDOIT_WOLF
Done.
Computing rank from data with rank=None
    Using tolerance 12 (2.2e-16 eps * 4 dim * 1.4e+16  max singular value)
    Estimated rank (data): 4
    data: rank 4 computed from 4 data channels with 0 projectors
Reducing data rank from 4 -> 4
Estimating class=0 covariance using LEDOIT_WOLF
Done.
Estimating class=1 covariance using LEDOIT_WOLF
Done.
Computing rank from data with rank=None
    Using tolerance 11 (2.2e-16 eps * 4 dim * 1.2e+16  max singular value)
    Estimated rank (data): 4
    data: rank 4 computed from 4 data channels with 0 projectors
Reducing data rank from 4 -> 4
Estimating class=0 covariance using LEDOIT_WOLF
Done.
Estimating class=1 covariance using LEDOIT_WOLF
Done.
Computing rank from data with rank=None
    Using tolerance 7.9 (2.2e-16 eps * 4 dim * 8.9e+15  max singular value)
    Estimated rank (data): 4
    data: rank 4 computed from 4 data channels with 0 projectors
Reducing data rank from 4 -> 4
Estimating class=0 covariance using LEDOIT_WOLF
Done.
Estimating class=1 covariance using LEDOIT_WOLF
Done.
Computing rank from data with rank=None
    Using tolerance 8.2 (2.2e-16 eps * 4 dim * 9.2e+15  max singular value)
    Estimated rank (data): 4
    data: rank 4 computed from 4 data channels with 0 projectors
Reducing data rank from 4 -> 4
Estimating class=0 covariance using LEDOIT_WOLF
Done.
Estimating class=1 covariance using LEDOIT_WOLF
Done.
Computing rank from data with rank=None
    Using tolerance 6 (2.2e-16 eps * 4 dim * 6.8e+15  max singular value)
    Estimated rank (data): 4
    data: rank 4 computed from 4 data channels with 0 projectors
Reducing data rank from 4 -> 4
Estimating class=0 covariance using LEDOIT_WOLF
Done.
Estimating class=1 covariance using LEDOIT_WOLF
Done.
Computing rank from data with rank=None
    Using tolerance 5.8 (2.2e-16 eps * 4 dim * 6.5e+15  max singular value)
    Estimated rank (data): 4
    data: rank 4 computed from 4 data channels with 0 projectors
Reducing data rank from 4 -> 4
Estimating class=0 covariance using LEDOIT_WOLF
Done.
Estimating class=1 covariance using LEDOIT_WOLF
Done.
Computing rank from data with rank=None
    Using tolerance 7.9 (2.2e-16 eps * 4 dim * 8.9e+15  max singular value)
    Estimated rank (data): 4
    data: rank 4 computed from 4 data channels with 0 projectors
Reducing data rank from 4 -> 4
Estimating class=0 covariance using LEDOIT_WOLF
Done.
Estimating class=1 covariance using LEDOIT_WOLF
Done.
Computing rank from data with rank=None
    Using tolerance 9.4 (2.2e-16 eps * 4 dim * 1.1e+16  max singular value)
    Estimated rank (data): 4
    data: rank 4 computed from 4 data channels with 0 projectors
Reducing data rank from 4 -> 4
Estimating class=0 covariance using LEDOIT_WOLF
Done.
Estimating class=1 covariance using LEDOIT_WOLF
Done.
Computing rank from data with rank=None
    Using tolerance 9.3 (2.2e-16 eps * 4 dim * 1.1e+16  max singular value)
    Estimated rank (data): 4
    data: rank 4 computed from 4 data channels with 0 projectors
Reducing data rank from 4 -> 4
Estimating class=0 covariance using LEDOIT_WOLF
Done.
Estimating class=1 covariance using LEDOIT_WOLF
Done.
Computing rank from data with rank=None
    Using tolerance 8.5 (2.2e-16 eps * 4 dim * 9.6e+15  max singular value)
    Estimated rank (data): 4
    data: rank 4 computed from 4 data channels with 0 projectors
Reducing data rank from 4 -> 4
Estimating class=0 covariance using LEDOIT_WOLF
Done.
Estimating class=1 covariance using LEDOIT_WOLF
Done.
Computing rank from data with rank=None
    Using tolerance 7.5 (2.2e-16 eps * 4 dim * 8.4e+15  max singular value)
    Estimated rank (data): 4
    data: rank 4 computed from 4 data channels with 0 projectors
Reducing data rank from 4 -> 4
Estimating class=0 covariance using LEDOIT_WOLF
Done.
Estimating class=1 covariance using LEDOIT_WOLF
Done.
Computing rank from data with rank=None
    Using tolerance 5.6 (2.2e-16 eps * 4 dim * 6.3e+15  max singular value)
    Estimated rank (data): 4
    data: rank 4 computed from 4 data channels with 0 projectors
Reducing data rank from 4 -> 4
Estimating class=0 covariance using LEDOIT_WOLF
Done.
Estimating class=1 covariance using LEDOIT_WOLF
Done.
      pool treinado (26s) — serve aos 5 alvos do grupo
      S041 fold 0: acc3=0.310
      S041 fold 1: acc3=0.276
      S041 fold 2: acc3=0.345
      S045 fold 0: acc3=0.500
      S045 fold 1: acc3=0.333
      S045 fold 2: acc3=0.310
      S063 fold 0: acc3=0.536
      S063 fold 1: acc3=0.500
      S063 fold 2: acc3=0.556
      S083 fold 0: acc3=0.500
      S083 fold 1: acc3=0.414
      S083 fold 2: acc3=0.379
      S105 fold 0: acc3=0.379
      S105 fold 1: acc3=0.357
      S105 fold 2: acc3=0.286
  grupo 6/6 | alvos [18, 49, 68, 76, 98] | pool=98 (3min)
Computing rank from data with rank=None
    Using tolerance 12 (2.2e-16 eps * 4 dim * 1.3e+16  max singular value)
    Estimated rank (data): 4
    data: rank 4 computed from 4 data channels with 0 projectors
Reducing data rank from 4 -> 4
Estimating class=0 covariance using LEDOIT_WOLF
Done.
Estimating class=1 covariance using LEDOIT_WOLF
Done.
Computing rank from data with rank=None
    Using tolerance 8.7 (2.2e-16 eps * 4 dim * 9.8e+15  max singular value)
    Estimated rank (data): 4
    data: rank 4 computed from 4 data channels with 0 projectors
Reducing data rank from 4 -> 4
Estimating class=0 covariance using LEDOIT_WOLF
Done.
Estimating class=1 covariance using LEDOIT_WOLF
Done.
Computing rank from data with rank=None
    Using tolerance 8.3 (2.2e-16 eps * 4 dim * 9.4e+15  max singular value)
    Estimated rank (data): 4
    data: rank 4 computed from 4 data channels with 0 projectors
Reducing data rank from 4 -> 4
Estimating class=0 covariance using LEDOIT_WOLF
Done.
Estimating class=1 covariance using LEDOIT_WOLF
Done.
Computing rank from data with rank=None
    Using tolerance 11 (2.2e-16 eps * 4 dim * 1.3e+16  max singular value)
    Estimated rank (data): 4
    data: rank 4 computed from 4 data channels with 0 projectors
Reducing data rank from 4 -> 4
Estimating class=0 covariance using LEDOIT_WOLF
Done.
Estimating class=1 covariance using LEDOIT_WOLF
Done.
Computing rank from data with rank=None
    Using tolerance 14 (2.2e-16 eps * 4 dim * 1.5e+16  max singular value)
    Estimated rank (data): 4
    data: rank 4 computed from 4 data channels with 0 projectors
Reducing data rank from 4 -> 4
Estimating class=0 covariance using LEDOIT_WOLF
Done.
Estimating class=1 covariance using LEDOIT_WOLF
Done.
Computing rank from data with rank=None
    Using tolerance 13 (2.2e-16 eps * 4 dim * 1.5e+16  max singular value)
    Estimated rank (data): 4
    data: rank 4 computed from 4 data channels with 0 projectors
Reducing data rank from 4 -> 4
Estimating class=0 covariance using LEDOIT_WOLF
Done.
Estimating class=1 covariance using LEDOIT_WOLF
Done.
Computing rank from data with rank=None
    Using tolerance 12 (2.2e-16 eps * 4 dim * 1.4e+16  max singular value)
    Estimated rank (data): 4
    data: rank 4 computed from 4 data channels with 0 projectors
Reducing data rank from 4 -> 4
Estimating class=0 covariance using LEDOIT_WOLF
Done.
Estimating class=1 covariance using LEDOIT_WOLF
Done.
Computing rank from data with rank=None
    Using tolerance 11 (2.2e-16 eps * 4 dim * 1.2e+16  max singular value)
    Estimated rank (data): 4
    data: rank 4 computed from 4 data channels with 0 projectors
Reducing data rank from 4 -> 4
Estimating class=0 covariance using LEDOIT_WOLF
Done.
Estimating class=1 covariance using LEDOIT_WOLF
Done.
Computing rank from data with rank=None
    Using tolerance 8 (2.2e-16 eps * 4 dim * 9e+15  max singular value)
    Estimated rank (data): 4
    data: rank 4 computed from 4 data channels with 0 projectors
Reducing data rank from 4 -> 4
Estimating class=0 covariance using LEDOIT_WOLF
Done.
Estimating class=1 covariance using LEDOIT_WOLF
Done.
Computing rank from data with rank=None
    Using tolerance 8.2 (2.2e-16 eps * 4 dim * 9.2e+15  max singular value)
    Estimated rank (data): 4
    data: rank 4 computed from 4 data channels with 0 projectors
Reducing data rank from 4 -> 4
Estimating class=0 covariance using LEDOIT_WOLF
Done.
Estimating class=1 covariance using LEDOIT_WOLF
Done.
Computing rank from data with rank=None
    Using tolerance 6.1 (2.2e-16 eps * 4 dim * 6.8e+15  max singular value)
    Estimated rank (data): 4
    data: rank 4 computed from 4 data channels with 0 projectors
Reducing data rank from 4 -> 4
Estimating class=0 covariance using LEDOIT_WOLF
Done.
Estimating class=1 covariance using LEDOIT_WOLF
Done.
Computing rank from data with rank=None
    Using tolerance 5.8 (2.2e-16 eps * 4 dim * 6.6e+15  max singular value)
    Estimated rank (data): 4
    data: rank 4 computed from 4 data channels with 0 projectors
Reducing data rank from 4 -> 4
Estimating class=0 covariance using LEDOIT_WOLF
Done.
Estimating class=1 covariance using LEDOIT_WOLF
Done.
Computing rank from data with rank=None
    Using tolerance 8 (2.2e-16 eps * 4 dim * 9e+15  max singular value)
    Estimated rank (data): 4
    data: rank 4 computed from 4 data channels with 0 projectors
Reducing data rank from 4 -> 4
Estimating class=0 covariance using LEDOIT_WOLF
Done.
Estimating class=1 covariance using LEDOIT_WOLF
Done.
Computing rank from data with rank=None
    Using tolerance 9.5 (2.2e-16 eps * 4 dim * 1.1e+16  max singular value)
    Estimated rank (data): 4
    data: rank 4 computed from 4 data channels with 0 projectors
Reducing data rank from 4 -> 4
Estimating class=0 covariance using LEDOIT_WOLF
Done.
Estimating class=1 covariance using LEDOIT_WOLF
Done.
Computing rank from data with rank=None
    Using tolerance 9.5 (2.2e-16 eps * 4 dim * 1.1e+16  max singular value)
    Estimated rank (data): 4
    data: rank 4 computed from 4 data channels with 0 projectors
Reducing data rank from 4 -> 4
Estimating class=0 covariance using LEDOIT_WOLF
Done.
Estimating class=1 covariance using LEDOIT_WOLF
Done.
Computing rank from data with rank=None
    Using tolerance 8.7 (2.2e-16 eps * 4 dim * 9.8e+15  max singular value)
    Estimated rank (data): 4
    data: rank 4 computed from 4 data channels with 0 projectors
Reducing data rank from 4 -> 4
Estimating class=0 covariance using LEDOIT_WOLF
Done.
Estimating class=1 covariance using LEDOIT_WOLF
Done.
Computing rank from data with rank=None
    Using tolerance 7.7 (2.2e-16 eps * 4 dim * 8.6e+15  max singular value)
    Estimated rank (data): 4
    data: rank 4 computed from 4 data channels with 0 projectors
Reducing data rank from 4 -> 4
Estimating class=0 covariance using LEDOIT_WOLF
Done.
Estimating class=1 covariance using LEDOIT_WOLF
Done.
Computing rank from data with rank=None
    Using tolerance 5.7 (2.2e-16 eps * 4 dim * 6.4e+15  max singular value)
    Estimated rank (data): 4
    data: rank 4 computed from 4 data channels with 0 projectors
Reducing data rank from 4 -> 4
Estimating class=0 covariance using LEDOIT_WOLF
Done.
Estimating class=1 covariance using LEDOIT_WOLF
Done.
      pool treinado (26s) — serve aos 5 alvos do grupo
      S018 fold 0: acc3=0.533
      S018 fold 1: acc3=0.600
      S018 fold 2: acc3=0.621
      S049 fold 0: acc3=0.552
      S049 fold 1: acc3=0.241
      S049 fold 2: acc3=0.571
      S068 fold 0: acc3=0.367
      S068 fold 1: acc3=0.633
      S068 fold 2: acc3=0.667
      S076 fold 0: acc3=0.300
      S076 fold 1: acc3=0.300
      S076 fold 2: acc3=0.448
      S098 fold 0: acc3=0.400
      S098 fold 1: acc3=0.367
      S098 fold 2: acc3=0.517

BENCH_MONTAGENS_DONE (3min)
CUDA=True | montagens=['ocular4'] | modelos=['riemannian'] | alvos=30 | folds=3
  contrato 5cb6c6358c | banda 4-40 Hz ordem 5 | CAR on | IQR k=1.5 | calib 48 | fases mi
  aninhamento 2<4<8<16<21<32<64 verificado
  montagem      E  D centro  simetria
  64           27 27     10  sim
  32           14 14      4  sim
  21            9  8      4  NAO (aceita por decisao)
  16            6  6      4  sim
  8             3  3      2  sim
  4             2  2      0  sim
  2             1  1      0  sim
  3             1  1      1  sim
  sem_fz        4  3      1  NAO (aceita por decisao)
  posterior8    4  4      0  sim
  ocular4       2  2      0  sim
  celulas gemeas pendentes: riemannian.banda_do_artigo (rodar de novo com --banda 8 30)
  6 grupos de alvos (semente 42), pool = 98 sujeitos:
    grupo 1: [3, 22, 57, 102, 107]
    grupo 2: [7, 52, 71, 79, 109]
    grupo 3: [12, 34, 60, 91, 95]
    grupo 4: [25, 31, 87, 106, 108]
    grupo 5: [41, 45, 63, 83, 105]
    grupo 6: [18, 49, 68, 76, 98]
  retomando: 720 celulas ja concluidas sob 5cb6c6358c

==============================================================
  MONTAGEM ocular4 (4 canais) | MODELO riemannian | 0min
==============================================================
  grupo 1/6 | alvos [3, 22, 57, 102, 107] | pool=98 (0min)
      pool treinado (2s) — serve aos 5 alvos do grupo
      S003 fold 0: acc3=0.433
      S003 fold 1: acc3=0.533
      S003 fold 2: acc3=0.467
      S022 fold 0: acc3=0.517
      S022 fold 1: acc3=0.517
      S022 fold 2: acc3=0.621
      S057 fold 0: acc3=0.467
      S057 fold 1: acc3=0.467
      S057 fold 2: acc3=0.400
      S102 fold 0: acc3=0.467
      S102 fold 1: acc3=0.433
      S102 fold 2: acc3=0.379
      S107 fold 0: acc3=0.333
      S107 fold 1: acc3=0.400
      S107 fold 2: acc3=0.400
  grupo 2/6 | alvos [7, 52, 71, 79, 109] | pool=98 (0min)
      pool treinado (2s) — serve aos 5 alvos do grupo
      S007 fold 0: acc3=0.500
      S007 fold 1: acc3=0.586
      S007 fold 2: acc3=0.552
      S052 fold 0: acc3=0.567
      S052 fold 1: acc3=0.567
      S052 fold 2: acc3=0.414
      S071 fold 0: acc3=0.333
      S071 fold 1: acc3=0.333
      S071 fold 2: acc3=0.345
      S079 fold 0: acc3=0.310
      S079 fold 1: acc3=0.448
      S079 fold 2: acc3=0.464
      S109 fold 0: acc3=0.414
      S109 fold 1: acc3=0.414
      S109 fold 2: acc3=0.310
  grupo 3/6 | alvos [12, 34, 60, 91, 95] | pool=98 (0min)
      pool treinado (2s) — serve aos 5 alvos do grupo
      S012 fold 0: acc3=0.414
      S012 fold 1: acc3=0.536
      S012 fold 2: acc3=0.464
      S034 fold 0: acc3=0.345
      S034 fold 1: acc3=0.379
      S034 fold 2: acc3=0.379
      S060 fold 0: acc3=0.448
      S060 fold 1: acc3=0.379
      S060 fold 2: acc3=0.448
      S091 fold 0: acc3=0.414
      S091 fold 1: acc3=0.586
      S091 fold 2: acc3=0.586
      S095 fold 0: acc3=0.310
      S095 fold 1: acc3=0.483
      S095 fold 2: acc3=0.448
  grupo 4/6 | alvos [25, 31, 87, 106, 108] | pool=98 (0min)
      pool treinado (2s) — serve aos 5 alvos do grupo
      S025 fold 0: acc3=0.500
      S025 fold 1: acc3=0.483
      S025 fold 2: acc3=0.517
      S031 fold 0: acc3=0.517
      S031 fold 1: acc3=0.379
      S031 fold 2: acc3=0.464
      S087 fold 0: acc3=0.357
      S087 fold 1: acc3=0.214
      S087 fold 2: acc3=0.357
      S106 fold 0: acc3=0.400
      S106 fold 1: acc3=0.533
      S106 fold 2: acc3=0.400
      S108 fold 0: acc3=0.414
      S108 fold 1: acc3=0.483
      S108 fold 2: acc3=0.517
  grupo 5/6 | alvos [41, 45, 63, 83, 105] | pool=98 (0min)
      pool treinado (2s) — serve aos 5 alvos do grupo
      S041 fold 0: acc3=0.517
      S041 fold 1: acc3=0.345
      S041 fold 2: acc3=0.345
      S045 fold 0: acc3=0.400
      S045 fold 1: acc3=0.500
      S045 fold 2: acc3=0.379
      S063 fold 0: acc3=0.393
      S063 fold 1: acc3=0.393
      S063 fold 2: acc3=0.519
      S083 fold 0: acc3=0.367
      S083 fold 1: acc3=0.414
      S083 fold 2: acc3=0.448
      S105 fold 0: acc3=0.448
      S105 fold 1: acc3=0.357
      S105 fold 2: acc3=0.429
  grupo 6/6 | alvos [18, 49, 68, 76, 98] | pool=98 (1min)
      pool treinado (2s) — serve aos 5 alvos do grupo
      S018 fold 0: acc3=0.600
      S018 fold 1: acc3=0.633
      S018 fold 2: acc3=0.586
      S049 fold 0: acc3=0.379
      S049 fold 1: acc3=0.414
      S049 fold 2: acc3=0.429
      S068 fold 0: acc3=0.433
      S068 fold 1: acc3=0.467
      S068 fold 2: acc3=0.500
      S076 fold 0: acc3=0.500
      S076 fold 1: acc3=0.567
      S076 fold 2: acc3=0.448
      S098 fold 0: acc3=0.200
      S098 fold 1: acc3=0.333
      S098 fold 2: acc3=0.310

BENCH_MONTAGENS_DONE (1min)
CUDA=True | montagens=['8'] | modelos=['csp_lda'] | alvos=30 | folds=3
  contrato 5cb6c6358c | banda 4-40 Hz ordem 5 | CAR on | IQR k=1.5 | calib 48 | fases mi
  aninhamento 2<4<8<16<21<32<64 verificado
  montagem      E  D centro  simetria
  64           27 27     10  sim
  32           14 14      4  sim
  21            9  8      4  NAO (aceita por decisao)
  16            6  6      4  sim
  8             3  3      2  sim
  4             2  2      0  sim
  2             1  1      0  sim
  3             1  1      1  sim
  sem_fz        4  3      1  NAO (aceita por decisao)
  posterior8    4  4      0  sim
  ocular4       2  2      0  sim
  6 grupos de alvos (semente 42), pool = 98 sujeitos:
    grupo 1: [3, 22, 57, 102, 107]
    grupo 2: [7, 52, 71, 79, 109]
    grupo 3: [12, 34, 60, 91, 95]
    grupo 4: [25, 31, 87, 106, 108]
    grupo 5: [41, 45, 63, 83, 105]
    grupo 6: [18, 49, 68, 76, 98]
  retomando: 810 celulas ja concluidas sob 5cb6c6358c

==============================================================
  MONTAGEM 8 (8 canais) | MODELO csp_lda | 0min
==============================================================
  grupo 1/6 | alvos [3, 22, 57, 102, 107] | pool=98 (0min)
Computing rank from data with rank=None
    Using tolerance 65 (2.2e-16 eps * 8 dim * 3.7e+16  max singular value)
    Estimated rank (data): 8
    data: rank 8 computed from 8 data channels with 0 projectors
Reducing data rank from 8 -> 8
Estimating class=0 covariance using LEDOIT_WOLF
Done.
Estimating class=1 covariance using LEDOIT_WOLF
Done.
Computing rank from data with rank=None
    Using tolerance 45 (2.2e-16 eps * 8 dim * 2.5e+16  max singular value)
    Estimated rank (data): 8
    data: rank 8 computed from 8 data channels with 0 projectors
Reducing data rank from 8 -> 8
Estimating class=0 covariance using LEDOIT_WOLF
Done.
Estimating class=1 covariance using LEDOIT_WOLF
Done.
      pool treinado (2s) — serve aos 5 alvos do grupo
      S003 fold 0: acc3=0.414
      S003 fold 1: acc3=0.310
      S003 fold 2: acc3=0.464
      S022 fold 0: acc3=0.517
      S022 fold 1: acc3=0.517
      S022 fold 2: acc3=0.607
      S057 fold 0: acc3=0.414
      S057 fold 1: acc3=0.483
      S057 fold 2: acc3=0.321
      S102 fold 0: acc3=0.633
      S102 fold 1: acc3=0.400
      S102 fold 2: acc3=0.655
      S107 fold 0: acc3=0.379
      S107 fold 1: acc3=0.536
      S107 fold 2: acc3=0.429
  grupo 2/6 | alvos [7, 52, 71, 79, 109] | pool=98 (0min)
Computing rank from data with rank=None
    Using tolerance 56 (2.2e-16 eps * 8 dim * 3.2e+16  max singular value)
    Estimated rank (data): 8
    data: rank 8 computed from 8 data channels with 0 projectors
Reducing data rank from 8 -> 8
Estimating class=0 covariance using LEDOIT_WOLF
Done.
Estimating class=1 covariance using LEDOIT_WOLF
Done.
Computing rank from data with rank=None
    Using tolerance 38 (2.2e-16 eps * 8 dim * 2.1e+16  max singular value)
    Estimated rank (data): 8
    data: rank 8 computed from 8 data channels with 0 projectors
Reducing data rank from 8 -> 8
Estimating class=0 covariance using LEDOIT_WOLF
Done.
Estimating class=1 covariance using LEDOIT_WOLF
Done.
      pool treinado (2s) — serve aos 5 alvos do grupo
      S007 fold 0: acc3=0.767
      S007 fold 1: acc3=0.793
      S007 fold 2: acc3=0.724
      S052 fold 0: acc3=0.690
      S052 fold 1: acc3=0.586
      S052 fold 2: acc3=0.655
      S071 fold 0: acc3=0.483
      S071 fold 1: acc3=0.586
      S071 fold 2: acc3=0.552
      S079 fold 0: acc3=0.345
      S079 fold 1: acc3=0.276
      S079 fold 2: acc3=0.464
      S109 fold 0: acc3=0.333
      S109 fold 1: acc3=0.448
      S109 fold 2: acc3=0.310
  grupo 3/6 | alvos [12, 34, 60, 91, 95] | pool=98 (0min)
Computing rank from data with rank=None
    Using tolerance 65 (2.2e-16 eps * 8 dim * 3.7e+16  max singular value)
    Estimated rank (data): 8
    data: rank 8 computed from 8 data channels with 0 projectors
Reducing data rank from 8 -> 8
Estimating class=0 covariance using LEDOIT_WOLF
Done.
Estimating class=1 covariance using LEDOIT_WOLF
Done.
Computing rank from data with rank=None
    Using tolerance 44 (2.2e-16 eps * 8 dim * 2.5e+16  max singular value)
    Estimated rank (data): 8
    data: rank 8 computed from 8 data channels with 0 projectors
Reducing data rank from 8 -> 8
Estimating class=0 covariance using LEDOIT_WOLF
Done.
Estimating class=1 covariance using LEDOIT_WOLF
Done.
      pool treinado (1s) — serve aos 5 alvos do grupo
      S012 fold 0: acc3=0.500
      S012 fold 1: acc3=0.467
      S012 fold 2: acc3=0.379
      S034 fold 0: acc3=0.733
      S034 fold 1: acc3=0.800
      S034 fold 2: acc3=0.690
      S060 fold 0: acc3=0.483
      S060 fold 1: acc3=0.379
      S060 fold 2: acc3=0.464
      S091 fold 0: acc3=0.467
      S091 fold 1: acc3=0.367
      S091 fold 2: acc3=0.567
      S095 fold 0: acc3=0.448
      S095 fold 1: acc3=0.345
      S095 fold 2: acc3=0.276
  grupo 4/6 | alvos [25, 31, 87, 106, 108] | pool=98 (0min)
Computing rank from data with rank=None
    Using tolerance 65 (2.2e-16 eps * 8 dim * 3.7e+16  max singular value)
    Estimated rank (data): 8
    data: rank 8 computed from 8 data channels with 0 projectors
Reducing data rank from 8 -> 8
Estimating class=0 covariance using LEDOIT_WOLF
Done.
Estimating class=1 covariance using LEDOIT_WOLF
Done.
Computing rank from data with rank=None
    Using tolerance 44 (2.2e-16 eps * 8 dim * 2.5e+16  max singular value)
    Estimated rank (data): 8
    data: rank 8 computed from 8 data channels with 0 projectors
Reducing data rank from 8 -> 8
Estimating class=0 covariance using LEDOIT_WOLF
Done.
Estimating class=1 covariance using LEDOIT_WOLF
Done.
      pool treinado (1s) — serve aos 5 alvos do grupo
      S025 fold 0: acc3=0.552
      S025 fold 1: acc3=0.643
      S025 fold 2: acc3=0.643
      S031 fold 0: acc3=0.567
      S031 fold 1: acc3=0.600
      S031 fold 2: acc3=0.667
      S087 fold 0: acc3=0.379
      S087 fold 1: acc3=0.429
      S087 fold 2: acc3=0.357
      S106 fold 0: acc3=0.276
      S106 fold 1: acc3=0.464
      S106 fold 2: acc3=0.286
      S108 fold 0: acc3=0.310
      S108 fold 1: acc3=0.536
      S108 fold 2: acc3=0.429
  grupo 5/6 | alvos [41, 45, 63, 83, 105] | pool=98 (0min)
Computing rank from data with rank=None
    Using tolerance 65 (2.2e-16 eps * 8 dim * 3.7e+16  max singular value)
    Estimated rank (data): 8
    data: rank 8 computed from 8 data channels with 0 projectors
Reducing data rank from 8 -> 8
Estimating class=0 covariance using LEDOIT_WOLF
Done.
Estimating class=1 covariance using LEDOIT_WOLF
Done.
Computing rank from data with rank=None
    Using tolerance 45 (2.2e-16 eps * 8 dim * 2.5e+16  max singular value)
    Estimated rank (data): 8
    data: rank 8 computed from 8 data channels with 0 projectors
Reducing data rank from 8 -> 8
Estimating class=0 covariance using LEDOIT_WOLF
Done.
Estimating class=1 covariance using LEDOIT_WOLF
Done.
      pool treinado (1s) — serve aos 5 alvos do grupo
      S041 fold 0: acc3=0.500
      S041 fold 1: acc3=0.655
      S041 fold 2: acc3=0.414
      S045 fold 0: acc3=0.567
      S045 fold 1: acc3=0.667
      S045 fold 2: acc3=0.655
      S063 fold 0: acc3=0.567
      S063 fold 1: acc3=0.400
      S063 fold 2: acc3=0.448
      S083 fold 0: acc3=0.607
      S083 fold 1: acc3=0.571
      S083 fold 2: acc3=0.607
      S105 fold 0: acc3=0.379
      S105 fold 1: acc3=0.483
      S105 fold 2: acc3=0.517
  grupo 6/6 | alvos [18, 49, 68, 76, 98] | pool=98 (1min)
Computing rank from data with rank=None
    Using tolerance 65 (2.2e-16 eps * 8 dim * 3.7e+16  max singular value)
    Estimated rank (data): 8
    data: rank 8 computed from 8 data channels with 0 projectors
Reducing data rank from 8 -> 8
Estimating class=0 covariance using LEDOIT_WOLF
Done.
Estimating class=1 covariance using LEDOIT_WOLF
Done.
Computing rank from data with rank=None
    Using tolerance 45 (2.2e-16 eps * 8 dim * 2.5e+16  max singular value)
    Estimated rank (data): 8
    data: rank 8 computed from 8 data channels with 0 projectors
Reducing data rank from 8 -> 8
Estimating class=0 covariance using LEDOIT_WOLF
Done.
Estimating class=1 covariance using LEDOIT_WOLF
Done.
      pool treinado (1s) — serve aos 5 alvos do grupo
      S018 fold 0: acc3=0.483
      S018 fold 1: acc3=0.483
      S018 fold 2: acc3=0.379
      S049 fold 0: acc3=0.600
      S049 fold 1: acc3=0.621
      S049 fold 2: acc3=0.586
      S068 fold 0: acc3=0.500
      S068 fold 1: acc3=0.433
      S068 fold 2: acc3=0.400
      S076 fold 0: acc3=0.433
      S076 fold 1: acc3=0.379
      S076 fold 2: acc3=0.448
      S098 fold 0: acc3=0.586
      S098 fold 1: acc3=0.483
      S098 fold 2: acc3=0.500

BENCH_MONTAGENS_DONE (1min)
CUDA=True | montagens=['8'] | modelos=['fbcsp_svm'] | alvos=30 | folds=3
  contrato 5cb6c6358c | banda 4-40 Hz ordem 5 | CAR on | IQR k=1.5 | calib 48 | fases mi
  aninhamento 2<4<8<16<21<32<64 verificado
  montagem      E  D centro  simetria
  64           27 27     10  sim
  32           14 14      4  sim
  21            9  8      4  NAO (aceita por decisao)
  16            6  6      4  sim
  8             3  3      2  sim
  4             2  2      0  sim
  2             1  1      0  sim
  3             1  1      1  sim
  sem_fz        4  3      1  NAO (aceita por decisao)
  posterior8    4  4      0  sim
  ocular4       2  2      0  sim
  6 grupos de alvos (semente 42), pool = 98 sujeitos:
    grupo 1: [3, 22, 57, 102, 107]
    grupo 2: [7, 52, 71, 79, 109]
    grupo 3: [12, 34, 60, 91, 95]
    grupo 4: [25, 31, 87, 106, 108]
    grupo 5: [41, 45, 63, 83, 105]
    grupo 6: [18, 49, 68, 76, 98]
  retomando: 900 celulas ja concluidas sob 5cb6c6358c

==============================================================
  MONTAGEM 8 (8 canais) | MODELO fbcsp_svm | 0min
==============================================================
  grupo 1/6 | alvos [3, 22, 57, 102, 107] | pool=98 (0min)
Computing rank from data with rank=None
    Using tolerance 32 (2.2e-16 eps * 8 dim * 1.8e+16  max singular value)
    Estimated rank (data): 8
    data: rank 8 computed from 8 data channels with 0 projectors
Reducing data rank from 8 -> 8
Estimating class=0 covariance using LEDOIT_WOLF
Done.
Estimating class=1 covariance using LEDOIT_WOLF
Done.
Computing rank from data with rank=None
    Using tolerance 33 (2.2e-16 eps * 8 dim * 1.8e+16  max singular value)
    Estimated rank (data): 8
    data: rank 8 computed from 8 data channels with 0 projectors
Reducing data rank from 8 -> 8
Estimating class=0 covariance using LEDOIT_WOLF
Done.
Estimating class=1 covariance using LEDOIT_WOLF
Done.
Computing rank from data with rank=None
    Using tolerance 22 (2.2e-16 eps * 8 dim * 1.2e+16  max singular value)
    Estimated rank (data): 8
    data: rank 8 computed from 8 data channels with 0 projectors
Reducing data rank from 8 -> 8
Estimating class=0 covariance using LEDOIT_WOLF
Done.
Estimating class=1 covariance using LEDOIT_WOLF
Done.
Computing rank from data with rank=None
    Using tolerance 19 (2.2e-16 eps * 8 dim * 1.1e+16  max singular value)
    Estimated rank (data): 8
    data: rank 8 computed from 8 data channels with 0 projectors
Reducing data rank from 8 -> 8
Estimating class=0 covariance using LEDOIT_WOLF
Done.
Estimating class=1 covariance using LEDOIT_WOLF
Done.
Computing rank from data with rank=None
    Using tolerance 17 (2.2e-16 eps * 8 dim * 9.6e+15  max singular value)
    Estimated rank (data): 8
    data: rank 8 computed from 8 data channels with 0 projectors
Reducing data rank from 8 -> 8
Estimating class=0 covariance using LEDOIT_WOLF
Done.
Estimating class=1 covariance using LEDOIT_WOLF
Done.
Computing rank from data with rank=None
    Using tolerance 14 (2.2e-16 eps * 8 dim * 8e+15  max singular value)
    Estimated rank (data): 8
    data: rank 8 computed from 8 data channels with 0 projectors
Reducing data rank from 8 -> 8
Estimating class=0 covariance using LEDOIT_WOLF
Done.
Estimating class=1 covariance using LEDOIT_WOLF
Done.
Computing rank from data with rank=None
    Using tolerance 13 (2.2e-16 eps * 8 dim * 7.1e+15  max singular value)
    Estimated rank (data): 8
    data: rank 8 computed from 8 data channels with 0 projectors
Reducing data rank from 8 -> 8
Estimating class=0 covariance using LEDOIT_WOLF
Done.
Estimating class=1 covariance using LEDOIT_WOLF
Done.
Computing rank from data with rank=None
    Using tolerance 10 (2.2e-16 eps * 8 dim * 5.9e+15  max singular value)
    Estimated rank (data): 8
    data: rank 8 computed from 8 data channels with 0 projectors
Reducing data rank from 8 -> 8
Estimating class=0 covariance using LEDOIT_WOLF
Done.
Estimating class=1 covariance using LEDOIT_WOLF
Done.
Computing rank from data with rank=None
    Using tolerance 7.4 (2.2e-16 eps * 8 dim * 4.2e+15  max singular value)
    Estimated rank (data): 8
    data: rank 8 computed from 8 data channels with 0 projectors
Reducing data rank from 8 -> 8
Estimating class=0 covariance using LEDOIT_WOLF
Done.
Estimating class=1 covariance using LEDOIT_WOLF
Done.
Computing rank from data with rank=None
    Using tolerance 23 (2.2e-16 eps * 8 dim * 1.3e+16  max singular value)
    Estimated rank (data): 8
    data: rank 8 computed from 8 data channels with 0 projectors
Reducing data rank from 8 -> 8
Estimating class=0 covariance using LEDOIT_WOLF
Done.
Estimating class=1 covariance using LEDOIT_WOLF
Done.
Computing rank from data with rank=None
    Using tolerance 22 (2.2e-16 eps * 8 dim * 1.2e+16  max singular value)
    Estimated rank (data): 8
    data: rank 8 computed from 8 data channels with 0 projectors
Reducing data rank from 8 -> 8
Estimating class=0 covariance using LEDOIT_WOLF
Done.
Estimating class=1 covariance using LEDOIT_WOLF
Done.
Computing rank from data with rank=None
    Using tolerance 15 (2.2e-16 eps * 8 dim * 8.4e+15  max singular value)
    Estimated rank (data): 8
    data: rank 8 computed from 8 data channels with 0 projectors
Reducing data rank from 8 -> 8
Estimating class=0 covariance using LEDOIT_WOLF
Done.
Estimating class=1 covariance using LEDOIT_WOLF
Done.
Computing rank from data with rank=None
    Using tolerance 13 (2.2e-16 eps * 8 dim * 7.1e+15  max singular value)
    Estimated rank (data): 8
    data: rank 8 computed from 8 data channels with 0 projectors
Reducing data rank from 8 -> 8
Estimating class=0 covariance using LEDOIT_WOLF
Done.
Estimating class=1 covariance using LEDOIT_WOLF
Done.
Computing rank from data with rank=None
    Using tolerance 12 (2.2e-16 eps * 8 dim * 6.5e+15  max singular value)
    Estimated rank (data): 8
    data: rank 8 computed from 8 data channels with 0 projectors
Reducing data rank from 8 -> 8
Estimating class=0 covariance using LEDOIT_WOLF
Done.
Estimating class=1 covariance using LEDOIT_WOLF
Done.
Computing rank from data with rank=None
    Using tolerance 9.7 (2.2e-16 eps * 8 dim * 5.5e+15  max singular value)
    Estimated rank (data): 8
    data: rank 8 computed from 8 data channels with 0 projectors
Reducing data rank from 8 -> 8
Estimating class=0 covariance using LEDOIT_WOLF
Done.
Estimating class=1 covariance using LEDOIT_WOLF
Done.
Computing rank from data with rank=None
    Using tolerance 8.7 (2.2e-16 eps * 8 dim * 4.9e+15  max singular value)
    Estimated rank (data): 8
    data: rank 8 computed from 8 data channels with 0 projectors
Reducing data rank from 8 -> 8
Estimating class=0 covariance using LEDOIT_WOLF
Done.
Estimating class=1 covariance using LEDOIT_WOLF
Done.
Computing rank from data with rank=None
    Using tolerance 7.4 (2.2e-16 eps * 8 dim * 4.1e+15  max singular value)
    Estimated rank (data): 8
    data: rank 8 computed from 8 data channels with 0 projectors
Reducing data rank from 8 -> 8
Estimating class=0 covariance using LEDOIT_WOLF
Done.
Estimating class=1 covariance using LEDOIT_WOLF
Done.
Computing rank from data with rank=None
    Using tolerance 5.2 (2.2e-16 eps * 8 dim * 2.9e+15  max singular value)
    Estimated rank (data): 8
    data: rank 8 computed from 8 data channels with 0 projectors
Reducing data rank from 8 -> 8
Estimating class=0 covariance using LEDOIT_WOLF
Done.
Estimating class=1 covariance using LEDOIT_WOLF
Done.
      pool treinado (42s) — serve aos 5 alvos do grupo
      S003 fold 0: acc3=0.310
      S003 fold 1: acc3=0.345
      S003 fold 2: acc3=0.464
      S022 fold 0: acc3=0.690
      S022 fold 1: acc3=0.483
      S022 fold 2: acc3=0.643
      S057 fold 0: acc3=0.345
      S057 fold 1: acc3=0.172
      S057 fold 2: acc3=0.393
      S102 fold 0: acc3=0.633
      S102 fold 1: acc3=0.667
      S102 fold 2: acc3=0.862
      S107 fold 0: acc3=0.207
      S107 fold 1: acc3=0.357
      S107 fold 2: acc3=0.393
  grupo 2/6 | alvos [7, 52, 71, 79, 109] | pool=98 (1min)
Computing rank from data with rank=None
    Using tolerance 26 (2.2e-16 eps * 8 dim * 1.5e+16  max singular value)
    Estimated rank (data): 8
    data: rank 8 computed from 8 data channels with 0 projectors
Reducing data rank from 8 -> 8
Estimating class=0 covariance using LEDOIT_WOLF
Done.
Estimating class=1 covariance using LEDOIT_WOLF
Done.
Computing rank from data with rank=None
    Using tolerance 29 (2.2e-16 eps * 8 dim * 1.6e+16  max singular value)
    Estimated rank (data): 8
    data: rank 8 computed from 8 data channels with 0 projectors
Reducing data rank from 8 -> 8
Estimating class=0 covariance using LEDOIT_WOLF
Done.
Estimating class=1 covariance using LEDOIT_WOLF
Done.
Computing rank from data with rank=None
    Using tolerance 18 (2.2e-16 eps * 8 dim * 1e+16  max singular value)
    Estimated rank (data): 8
    data: rank 8 computed from 8 data channels with 0 projectors
Reducing data rank from 8 -> 8
Estimating class=0 covariance using LEDOIT_WOLF
Done.
Estimating class=1 covariance using LEDOIT_WOLF
Done.
Computing rank from data with rank=None
    Using tolerance 17 (2.2e-16 eps * 8 dim * 9.5e+15  max singular value)
    Estimated rank (data): 8
    data: rank 8 computed from 8 data channels with 0 projectors
Reducing data rank from 8 -> 8
Estimating class=0 covariance using LEDOIT_WOLF
Done.
Estimating class=1 covariance using LEDOIT_WOLF
Done.
Computing rank from data with rank=None
    Using tolerance 16 (2.2e-16 eps * 8 dim * 9e+15  max singular value)
    Estimated rank (data): 8
    data: rank 8 computed from 8 data channels with 0 projectors
Reducing data rank from 8 -> 8
Estimating class=0 covariance using LEDOIT_WOLF
Done.
Estimating class=1 covariance using LEDOIT_WOLF
Done.
Computing rank from data with rank=None
    Using tolerance 14 (2.2e-16 eps * 8 dim * 7.6e+15  max singular value)
    Estimated rank (data): 8
    data: rank 8 computed from 8 data channels with 0 projectors
Reducing data rank from 8 -> 8
Estimating class=0 covariance using LEDOIT_WOLF
Done.
Estimating class=1 covariance using LEDOIT_WOLF
Done.
Computing rank from data with rank=None
    Using tolerance 12 (2.2e-16 eps * 8 dim * 6.8e+15  max singular value)
    Estimated rank (data): 8
    data: rank 8 computed from 8 data channels with 0 projectors
Reducing data rank from 8 -> 8
Estimating class=0 covariance using LEDOIT_WOLF
Done.
Estimating class=1 covariance using LEDOIT_WOLF
Done.
Computing rank from data with rank=None
    Using tolerance 10 (2.2e-16 eps * 8 dim * 5.7e+15  max singular value)
    Estimated rank (data): 8
    data: rank 8 computed from 8 data channels with 0 projectors
Reducing data rank from 8 -> 8
Estimating class=0 covariance using LEDOIT_WOLF
Done.
Estimating class=1 covariance using LEDOIT_WOLF
Done.
Computing rank from data with rank=None
    Using tolerance 7.2 (2.2e-16 eps * 8 dim * 4e+15  max singular value)
    Estimated rank (data): 8
    data: rank 8 computed from 8 data channels with 0 projectors
Reducing data rank from 8 -> 8
Estimating class=0 covariance using LEDOIT_WOLF
Done.
Estimating class=1 covariance using LEDOIT_WOLF
Done.
Computing rank from data with rank=None
    Using tolerance 18 (2.2e-16 eps * 8 dim * 1e+16  max singular value)
    Estimated rank (data): 8
    data: rank 8 computed from 8 data channels with 0 projectors
Reducing data rank from 8 -> 8
Estimating class=0 covariance using LEDOIT_WOLF
Done.
Estimating class=1 covariance using LEDOIT_WOLF
Done.
Computing rank from data with rank=None
    Using tolerance 19 (2.2e-16 eps * 8 dim * 1.1e+16  max singular value)
    Estimated rank (data): 8
    data: rank 8 computed from 8 data channels with 0 projectors
Reducing data rank from 8 -> 8
Estimating class=0 covariance using LEDOIT_WOLF
Done.
Estimating class=1 covariance using LEDOIT_WOLF
Done.
Computing rank from data with rank=None
    Using tolerance 12 (2.2e-16 eps * 8 dim * 6.9e+15  max singular value)
    Estimated rank (data): 8
    data: rank 8 computed from 8 data channels with 0 projectors
Reducing data rank from 8 -> 8
Estimating class=0 covariance using LEDOIT_WOLF
Done.
Estimating class=1 covariance using LEDOIT_WOLF
Done.
Computing rank from data with rank=None
    Using tolerance 11 (2.2e-16 eps * 8 dim * 6.2e+15  max singular value)
    Estimated rank (data): 8
    data: rank 8 computed from 8 data channels with 0 projectors
Reducing data rank from 8 -> 8
Estimating class=0 covariance using LEDOIT_WOLF
Done.
Estimating class=1 covariance using LEDOIT_WOLF
Done.
Computing rank from data with rank=None
    Using tolerance 11 (2.2e-16 eps * 8 dim * 6e+15  max singular value)
    Estimated rank (data): 8
    data: rank 8 computed from 8 data channels with 0 projectors
Reducing data rank from 8 -> 8
Estimating class=0 covariance using LEDOIT_WOLF
Done.
Estimating class=1 covariance using LEDOIT_WOLF
Done.
Computing rank from data with rank=None
    Using tolerance 9.2 (2.2e-16 eps * 8 dim * 5.2e+15  max singular value)
    Estimated rank (data): 8
    data: rank 8 computed from 8 data channels with 0 projectors
Reducing data rank from 8 -> 8
Estimating class=0 covariance using LEDOIT_WOLF
Done.
Estimating class=1 covariance using LEDOIT_WOLF
Done.
Computing rank from data with rank=None
    Using tolerance 8.3 (2.2e-16 eps * 8 dim * 4.7e+15  max singular value)
    Estimated rank (data): 8
    data: rank 8 computed from 8 data channels with 0 projectors
Reducing data rank from 8 -> 8
Estimating class=0 covariance using LEDOIT_WOLF
Done.
Estimating class=1 covariance using LEDOIT_WOLF
Done.
Computing rank from data with rank=None
    Using tolerance 7 (2.2e-16 eps * 8 dim * 4e+15  max singular value)
    Estimated rank (data): 8
    data: rank 8 computed from 8 data channels with 0 projectors
Reducing data rank from 8 -> 8
Estimating class=0 covariance using LEDOIT_WOLF
Done.
Estimating class=1 covariance using LEDOIT_WOLF
Done.
Computing rank from data with rank=None
    Using tolerance 5 (2.2e-16 eps * 8 dim * 2.8e+15  max singular value)
    Estimated rank (data): 8
    data: rank 8 computed from 8 data channels with 0 projectors
Reducing data rank from 8 -> 8
Estimating class=0 covariance using LEDOIT_WOLF
Done.
Estimating class=1 covariance using LEDOIT_WOLF
Done.
      pool treinado (34s) — serve aos 5 alvos do grupo
      S007 fold 0: acc3=0.767
      S007 fold 1: acc3=0.862
      S007 fold 2: acc3=0.621
      S052 fold 0: acc3=0.483
      S052 fold 1: acc3=0.448
      S052 fold 2: acc3=0.483
      S071 fold 0: acc3=0.310
      S071 fold 1: acc3=0.483
      S071 fold 2: acc3=0.414
      S079 fold 0: acc3=0.448
      S079 fold 1: acc3=0.310
      S079 fold 2: acc3=0.321
      S109 fold 0: acc3=0.267
      S109 fold 1: acc3=0.379
      S109 fold 2: acc3=0.345
  grupo 3/6 | alvos [12, 34, 60, 91, 95] | pool=98 (2min)
Computing rank from data with rank=None
    Using tolerance 32 (2.2e-16 eps * 8 dim * 1.8e+16  max singular value)
    Estimated rank (data): 8
    data: rank 8 computed from 8 data channels with 0 projectors
Reducing data rank from 8 -> 8
Estimating class=0 covariance using LEDOIT_WOLF
Done.
Estimating class=1 covariance using LEDOIT_WOLF
Done.
Computing rank from data with rank=None
    Using tolerance 33 (2.2e-16 eps * 8 dim * 1.8e+16  max singular value)
    Estimated rank (data): 8
    data: rank 8 computed from 8 data channels with 0 projectors
Reducing data rank from 8 -> 8
Estimating class=0 covariance using LEDOIT_WOLF
Done.
Estimating class=1 covariance using LEDOIT_WOLF
Done.
Computing rank from data with rank=None
    Using tolerance 22 (2.2e-16 eps * 8 dim * 1.2e+16  max singular value)
    Estimated rank (data): 8
    data: rank 8 computed from 8 data channels with 0 projectors
Reducing data rank from 8 -> 8
Estimating class=0 covariance using LEDOIT_WOLF
Done.
Estimating class=1 covariance using LEDOIT_WOLF
Done.
Computing rank from data with rank=None
    Using tolerance 19 (2.2e-16 eps * 8 dim * 1.1e+16  max singular value)
    Estimated rank (data): 8
    data: rank 8 computed from 8 data channels with 0 projectors
Reducing data rank from 8 -> 8
Estimating class=0 covariance using LEDOIT_WOLF
Done.
Estimating class=1 covariance using LEDOIT_WOLF
Done.
Computing rank from data with rank=None
    Using tolerance 17 (2.2e-16 eps * 8 dim * 9.6e+15  max singular value)
    Estimated rank (data): 8
    data: rank 8 computed from 8 data channels with 0 projectors
Reducing data rank from 8 -> 8
Estimating class=0 covariance using LEDOIT_WOLF
Done.
Estimating class=1 covariance using LEDOIT_WOLF
Done.
Computing rank from data with rank=None
    Using tolerance 14 (2.2e-16 eps * 8 dim * 8e+15  max singular value)
    Estimated rank (data): 8
    data: rank 8 computed from 8 data channels with 0 projectors
Reducing data rank from 8 -> 8
Estimating class=0 covariance using LEDOIT_WOLF
Done.
Estimating class=1 covariance using LEDOIT_WOLF
Done.
Computing rank from data with rank=None
    Using tolerance 12 (2.2e-16 eps * 8 dim * 7e+15  max singular value)
    Estimated rank (data): 8
    data: rank 8 computed from 8 data channels with 0 projectors
Reducing data rank from 8 -> 8
Estimating class=0 covariance using LEDOIT_WOLF
Done.
Estimating class=1 covariance using LEDOIT_WOLF
Done.
Computing rank from data with rank=None
    Using tolerance 10 (2.2e-16 eps * 8 dim * 5.8e+15  max singular value)
    Estimated rank (data): 8
    data: rank 8 computed from 8 data channels with 0 projectors
Reducing data rank from 8 -> 8
Estimating class=0 covariance using LEDOIT_WOLF
Done.
Estimating class=1 covariance using LEDOIT_WOLF
Done.
Computing rank from data with rank=None
    Using tolerance 7.4 (2.2e-16 eps * 8 dim * 4.1e+15  max singular value)
    Estimated rank (data): 8
    data: rank 8 computed from 8 data channels with 0 projectors
Reducing data rank from 8 -> 8
Estimating class=0 covariance using LEDOIT_WOLF
Done.
Estimating class=1 covariance using LEDOIT_WOLF
Done.
Computing rank from data with rank=None
    Using tolerance 23 (2.2e-16 eps * 8 dim * 1.3e+16  max singular value)
    Estimated rank (data): 8
    data: rank 8 computed from 8 data channels with 0 projectors
Reducing data rank from 8 -> 8
Estimating class=0 covariance using LEDOIT_WOLF
Done.
Estimating class=1 covariance using LEDOIT_WOLF
Done.
Computing rank from data with rank=None
    Using tolerance 22 (2.2e-16 eps * 8 dim * 1.2e+16  max singular value)
    Estimated rank (data): 8
    data: rank 8 computed from 8 data channels with 0 projectors
Reducing data rank from 8 -> 8
Estimating class=0 covariance using LEDOIT_WOLF
Done.
Estimating class=1 covariance using LEDOIT_WOLF
Done.
Computing rank from data with rank=None
    Using tolerance 15 (2.2e-16 eps * 8 dim * 8.4e+15  max singular value)
    Estimated rank (data): 8
    data: rank 8 computed from 8 data channels with 0 projectors
Reducing data rank from 8 -> 8
Estimating class=0 covariance using LEDOIT_WOLF
Done.
Estimating class=1 covariance using LEDOIT_WOLF
Done.
Computing rank from data with rank=None
    Using tolerance 13 (2.2e-16 eps * 8 dim * 7.1e+15  max singular value)
    Estimated rank (data): 8
    data: rank 8 computed from 8 data channels with 0 projectors
Reducing data rank from 8 -> 8
Estimating class=0 covariance using LEDOIT_WOLF
Done.
Estimating class=1 covariance using LEDOIT_WOLF
Done.
Computing rank from data with rank=None
    Using tolerance 12 (2.2e-16 eps * 8 dim * 6.5e+15  max singular value)
    Estimated rank (data): 8
    data: rank 8 computed from 8 data channels with 0 projectors
Reducing data rank from 8 -> 8
Estimating class=0 covariance using LEDOIT_WOLF
Done.
Estimating class=1 covariance using LEDOIT_WOLF
Done.
Computing rank from data with rank=None
    Using tolerance 9.7 (2.2e-16 eps * 8 dim * 5.4e+15  max singular value)
    Estimated rank (data): 8
    data: rank 8 computed from 8 data channels with 0 projectors
Reducing data rank from 8 -> 8
Estimating class=0 covariance using LEDOIT_WOLF
Done.
Estimating class=1 covariance using LEDOIT_WOLF
Done.
Computing rank from data with rank=None
    Using tolerance 8.6 (2.2e-16 eps * 8 dim * 4.9e+15  max singular value)
    Estimated rank (data): 8
    data: rank 8 computed from 8 data channels with 0 projectors
Reducing data rank from 8 -> 8
Estimating class=0 covariance using LEDOIT_WOLF
Done.
Estimating class=1 covariance using LEDOIT_WOLF
Done.
Computing rank from data with rank=None
    Using tolerance 7.3 (2.2e-16 eps * 8 dim * 4.1e+15  max singular value)
    Estimated rank (data): 8
    data: rank 8 computed from 8 data channels with 0 projectors
Reducing data rank from 8 -> 8
Estimating class=0 covariance using LEDOIT_WOLF
Done.
Estimating class=1 covariance using LEDOIT_WOLF
Done.
Computing rank from data with rank=None
    Using tolerance 5.2 (2.2e-16 eps * 8 dim * 2.9e+15  max singular value)
    Estimated rank (data): 8
    data: rank 8 computed from 8 data channels with 0 projectors
Reducing data rank from 8 -> 8
Estimating class=0 covariance using LEDOIT_WOLF
Done.
Estimating class=1 covariance using LEDOIT_WOLF
Done.
      pool treinado (36s) — serve aos 5 alvos do grupo
      S012 fold 0: acc3=0.467
      S012 fold 1: acc3=0.500
      S012 fold 2: acc3=0.483
      S034 fold 0: acc3=0.633
      S034 fold 1: acc3=0.600
      S034 fold 2: acc3=0.586
      S060 fold 0: acc3=0.414
      S060 fold 1: acc3=0.517
      S060 fold 2: acc3=0.750
      S091 fold 0: acc3=0.467
      S091 fold 1: acc3=0.467
      S091 fold 2: acc3=0.367
      S095 fold 0: acc3=0.345
      S095 fold 1: acc3=0.310
      S095 fold 2: acc3=0.517
  grupo 4/6 | alvos [25, 31, 87, 106, 108] | pool=98 (2min)
Computing rank from data with rank=None
    Using tolerance 32 (2.2e-16 eps * 8 dim * 1.8e+16  max singular value)
    Estimated rank (data): 8
    data: rank 8 computed from 8 data channels with 0 projectors
Reducing data rank from 8 -> 8
Estimating class=0 covariance using LEDOIT_WOLF
Done.
Estimating class=1 covariance using LEDOIT_WOLF
Done.
Computing rank from data with rank=None
    Using tolerance 32 (2.2e-16 eps * 8 dim * 1.8e+16  max singular value)
    Estimated rank (data): 8
    data: rank 8 computed from 8 data channels with 0 projectors
Reducing data rank from 8 -> 8
Estimating class=0 covariance using LEDOIT_WOLF
Done.
Estimating class=1 covariance using LEDOIT_WOLF
Done.
Computing rank from data with rank=None
    Using tolerance 22 (2.2e-16 eps * 8 dim * 1.2e+16  max singular value)
    Estimated rank (data): 8
    data: rank 8 computed from 8 data channels with 0 projectors
Reducing data rank from 8 -> 8
Estimating class=0 covariance using LEDOIT_WOLF
Done.
Estimating class=1 covariance using LEDOIT_WOLF
Done.
Computing rank from data with rank=None
    Using tolerance 19 (2.2e-16 eps * 8 dim * 1.1e+16  max singular value)
    Estimated rank (data): 8
    data: rank 8 computed from 8 data channels with 0 projectors
Reducing data rank from 8 -> 8
Estimating class=0 covariance using LEDOIT_WOLF
Done.
Estimating class=1 covariance using LEDOIT_WOLF
Done.
Computing rank from data with rank=None
    Using tolerance 17 (2.2e-16 eps * 8 dim * 9.6e+15  max singular value)
    Estimated rank (data): 8
    data: rank 8 computed from 8 data channels with 0 projectors
Reducing data rank from 8 -> 8
Estimating class=0 covariance using LEDOIT_WOLF
Done.
Estimating class=1 covariance using LEDOIT_WOLF
Done.
Computing rank from data with rank=None
    Using tolerance 14 (2.2e-16 eps * 8 dim * 8e+15  max singular value)
    Estimated rank (data): 8
    data: rank 8 computed from 8 data channels with 0 projectors
Reducing data rank from 8 -> 8
Estimating class=0 covariance using LEDOIT_WOLF
Done.
Estimating class=1 covariance using LEDOIT_WOLF
Done.
Computing rank from data with rank=None
    Using tolerance 13 (2.2e-16 eps * 8 dim * 7e+15  max singular value)
    Estimated rank (data): 8
    data: rank 8 computed from 8 data channels with 0 projectors
Reducing data rank from 8 -> 8
Estimating class=0 covariance using LEDOIT_WOLF
Done.
Estimating class=1 covariance using LEDOIT_WOLF
Done.
Computing rank from data with rank=None
    Using tolerance 10 (2.2e-16 eps * 8 dim * 5.8e+15  max singular value)
    Estimated rank (data): 8
    data: rank 8 computed from 8 data channels with 0 projectors
Reducing data rank from 8 -> 8
Estimating class=0 covariance using LEDOIT_WOLF
Done.
Estimating class=1 covariance using LEDOIT_WOLF
Done.
Computing rank from data with rank=None
    Using tolerance 7.4 (2.2e-16 eps * 8 dim * 4.1e+15  max singular value)
    Estimated rank (data): 8
    data: rank 8 computed from 8 data channels with 0 projectors
Reducing data rank from 8 -> 8
Estimating class=0 covariance using LEDOIT_WOLF
Done.
Estimating class=1 covariance using LEDOIT_WOLF
Done.
Computing rank from data with rank=None
    Using tolerance 23 (2.2e-16 eps * 8 dim * 1.3e+16  max singular value)
    Estimated rank (data): 8
    data: rank 8 computed from 8 data channels with 0 projectors
Reducing data rank from 8 -> 8
Estimating class=0 covariance using LEDOIT_WOLF
Done.
Estimating class=1 covariance using LEDOIT_WOLF
Done.
Computing rank from data with rank=None
    Using tolerance 21 (2.2e-16 eps * 8 dim * 1.2e+16  max singular value)
    Estimated rank (data): 8
    data: rank 8 computed from 8 data channels with 0 projectors
Reducing data rank from 8 -> 8
Estimating class=0 covariance using LEDOIT_WOLF
Done.
Estimating class=1 covariance using LEDOIT_WOLF
Done.
Computing rank from data with rank=None
    Using tolerance 15 (2.2e-16 eps * 8 dim * 8.4e+15  max singular value)
    Estimated rank (data): 8
    data: rank 8 computed from 8 data channels with 0 projectors
Reducing data rank from 8 -> 8
Estimating class=0 covariance using LEDOIT_WOLF
Done.
Estimating class=1 covariance using LEDOIT_WOLF
Done.
Computing rank from data with rank=None
    Using tolerance 13 (2.2e-16 eps * 8 dim * 7.1e+15  max singular value)
    Estimated rank (data): 8
    data: rank 8 computed from 8 data channels with 0 projectors
Reducing data rank from 8 -> 8
Estimating class=0 covariance using LEDOIT_WOLF
Done.
Estimating class=1 covariance using LEDOIT_WOLF
Done.
Computing rank from data with rank=None
    Using tolerance 12 (2.2e-16 eps * 8 dim * 6.5e+15  max singular value)
    Estimated rank (data): 8
    data: rank 8 computed from 8 data channels with 0 projectors
Reducing data rank from 8 -> 8
Estimating class=0 covariance using LEDOIT_WOLF
Done.
Estimating class=1 covariance using LEDOIT_WOLF
Done.
Computing rank from data with rank=None
    Using tolerance 9.7 (2.2e-16 eps * 8 dim * 5.5e+15  max singular value)
    Estimated rank (data): 8
    data: rank 8 computed from 8 data channels with 0 projectors
Reducing data rank from 8 -> 8
Estimating class=0 covariance using LEDOIT_WOLF
Done.
Estimating class=1 covariance using LEDOIT_WOLF
Done.
Computing rank from data with rank=None
    Using tolerance 8.7 (2.2e-16 eps * 8 dim * 4.9e+15  max singular value)
    Estimated rank (data): 8
    data: rank 8 computed from 8 data channels with 0 projectors
Reducing data rank from 8 -> 8
Estimating class=0 covariance using LEDOIT_WOLF
Done.
Estimating class=1 covariance using LEDOIT_WOLF
Done.
Computing rank from data with rank=None
    Using tolerance 7.3 (2.2e-16 eps * 8 dim * 4.1e+15  max singular value)
    Estimated rank (data): 8
    data: rank 8 computed from 8 data channels with 0 projectors
Reducing data rank from 8 -> 8
Estimating class=0 covariance using LEDOIT_WOLF
Done.
Estimating class=1 covariance using LEDOIT_WOLF
Done.
Computing rank from data with rank=None
    Using tolerance 5.2 (2.2e-16 eps * 8 dim * 2.9e+15  max singular value)
    Estimated rank (data): 8
    data: rank 8 computed from 8 data channels with 0 projectors
Reducing data rank from 8 -> 8
Estimating class=0 covariance using LEDOIT_WOLF
Done.
Estimating class=1 covariance using LEDOIT_WOLF
Done.
      pool treinado (36s) — serve aos 5 alvos do grupo
      S025 fold 0: acc3=0.552
      S025 fold 1: acc3=0.750
      S025 fold 2: acc3=0.714
      S031 fold 0: acc3=0.633
      S031 fold 1: acc3=0.467
      S031 fold 2: acc3=0.600
      S087 fold 0: acc3=0.276
      S087 fold 1: acc3=0.429
      S087 fold 2: acc3=0.286
      S106 fold 0: acc3=0.621
      S106 fold 1: acc3=0.607
      S106 fold 2: acc3=0.643
      S108 fold 0: acc3=0.483
      S108 fold 1: acc3=0.250
      S108 fold 2: acc3=0.536
  grupo 5/6 | alvos [41, 45, 63, 83, 105] | pool=98 (3min)
Computing rank from data with rank=None
    Using tolerance 32 (2.2e-16 eps * 8 dim * 1.8e+16  max singular value)
    Estimated rank (data): 8
    data: rank 8 computed from 8 data channels with 0 projectors
Reducing data rank from 8 -> 8
Estimating class=0 covariance using LEDOIT_WOLF
Done.
Estimating class=1 covariance using LEDOIT_WOLF
Done.
Computing rank from data with rank=None
    Using tolerance 33 (2.2e-16 eps * 8 dim * 1.8e+16  max singular value)
    Estimated rank (data): 8
    data: rank 8 computed from 8 data channels with 0 projectors
Reducing data rank from 8 -> 8
Estimating class=0 covariance using LEDOIT_WOLF
Done.
Estimating class=1 covariance using LEDOIT_WOLF
Done.
Computing rank from data with rank=None
    Using tolerance 22 (2.2e-16 eps * 8 dim * 1.2e+16  max singular value)
    Estimated rank (data): 8
    data: rank 8 computed from 8 data channels with 0 projectors
Reducing data rank from 8 -> 8
Estimating class=0 covariance using LEDOIT_WOLF
Done.
Estimating class=1 covariance using LEDOIT_WOLF
Done.
Computing rank from data with rank=None
    Using tolerance 19 (2.2e-16 eps * 8 dim * 1e+16  max singular value)
    Estimated rank (data): 8
    data: rank 8 computed from 8 data channels with 0 projectors
Reducing data rank from 8 -> 8
Estimating class=0 covariance using LEDOIT_WOLF
Done.
Estimating class=1 covariance using LEDOIT_WOLF
Done.
Computing rank from data with rank=None
    Using tolerance 17 (2.2e-16 eps * 8 dim * 9.6e+15  max singular value)
    Estimated rank (data): 8
    data: rank 8 computed from 8 data channels with 0 projectors
Reducing data rank from 8 -> 8
Estimating class=0 covariance using LEDOIT_WOLF
Done.
Estimating class=1 covariance using LEDOIT_WOLF
Done.
Computing rank from data with rank=None
    Using tolerance 14 (2.2e-16 eps * 8 dim * 8e+15  max singular value)
    Estimated rank (data): 8
    data: rank 8 computed from 8 data channels with 0 projectors
Reducing data rank from 8 -> 8
Estimating class=0 covariance using LEDOIT_WOLF
Done.
Estimating class=1 covariance using LEDOIT_WOLF
Done.
Computing rank from data with rank=None
    Using tolerance 12 (2.2e-16 eps * 8 dim * 7e+15  max singular value)
    Estimated rank (data): 8
    data: rank 8 computed from 8 data channels with 0 projectors
Reducing data rank from 8 -> 8
Estimating class=0 covariance using LEDOIT_WOLF
Done.
Estimating class=1 covariance using LEDOIT_WOLF
Done.
Computing rank from data with rank=None
    Using tolerance 10 (2.2e-16 eps * 8 dim * 5.8e+15  max singular value)
    Estimated rank (data): 8
    data: rank 8 computed from 8 data channels with 0 projectors
Reducing data rank from 8 -> 8
Estimating class=0 covariance using LEDOIT_WOLF
Done.
Estimating class=1 covariance using LEDOIT_WOLF
Done.
Computing rank from data with rank=None
    Using tolerance 7.4 (2.2e-16 eps * 8 dim * 4.1e+15  max singular value)
    Estimated rank (data): 8
    data: rank 8 computed from 8 data channels with 0 projectors
Reducing data rank from 8 -> 8
Estimating class=0 covariance using LEDOIT_WOLF
Done.
Estimating class=1 covariance using LEDOIT_WOLF
Done.
Computing rank from data with rank=None
    Using tolerance 23 (2.2e-16 eps * 8 dim * 1.3e+16  max singular value)
    Estimated rank (data): 8
    data: rank 8 computed from 8 data channels with 0 projectors
Reducing data rank from 8 -> 8
Estimating class=0 covariance using LEDOIT_WOLF
Done.
Estimating class=1 covariance using LEDOIT_WOLF
Done.
Computing rank from data with rank=None
    Using tolerance 22 (2.2e-16 eps * 8 dim * 1.2e+16  max singular value)
    Estimated rank (data): 8
    data: rank 8 computed from 8 data channels with 0 projectors
Reducing data rank from 8 -> 8
Estimating class=0 covariance using LEDOIT_WOLF
Done.
Estimating class=1 covariance using LEDOIT_WOLF
Done.
Computing rank from data with rank=None
    Using tolerance 15 (2.2e-16 eps * 8 dim * 8.4e+15  max singular value)
    Estimated rank (data): 8
    data: rank 8 computed from 8 data channels with 0 projectors
Reducing data rank from 8 -> 8
Estimating class=0 covariance using LEDOIT_WOLF
Done.
Estimating class=1 covariance using LEDOIT_WOLF
Done.
Computing rank from data with rank=None
    Using tolerance 13 (2.2e-16 eps * 8 dim * 7e+15  max singular value)
    Estimated rank (data): 8
    data: rank 8 computed from 8 data channels with 0 projectors
Reducing data rank from 8 -> 8
Estimating class=0 covariance using LEDOIT_WOLF
Done.
Estimating class=1 covariance using LEDOIT_WOLF
Done.
Computing rank from data with rank=None
    Using tolerance 11 (2.2e-16 eps * 8 dim * 6.5e+15  max singular value)
    Estimated rank (data): 8
    data: rank 8 computed from 8 data channels with 0 projectors
Reducing data rank from 8 -> 8
Estimating class=0 covariance using LEDOIT_WOLF
Done.
Estimating class=1 covariance using LEDOIT_WOLF
Done.
Computing rank from data with rank=None
    Using tolerance 9.7 (2.2e-16 eps * 8 dim * 5.5e+15  max singular value)
    Estimated rank (data): 8
    data: rank 8 computed from 8 data channels with 0 projectors
Reducing data rank from 8 -> 8
Estimating class=0 covariance using LEDOIT_WOLF
Done.
Estimating class=1 covariance using LEDOIT_WOLF
Done.
Computing rank from data with rank=None
    Using tolerance 8.7 (2.2e-16 eps * 8 dim * 4.9e+15  max singular value)
    Estimated rank (data): 8
    data: rank 8 computed from 8 data channels with 0 projectors
Reducing data rank from 8 -> 8
Estimating class=0 covariance using LEDOIT_WOLF
Done.
Estimating class=1 covariance using LEDOIT_WOLF
Done.
Computing rank from data with rank=None
    Using tolerance 7.3 (2.2e-16 eps * 8 dim * 4.1e+15  max singular value)
    Estimated rank (data): 8
    data: rank 8 computed from 8 data channels with 0 projectors
Reducing data rank from 8 -> 8
Estimating class=0 covariance using LEDOIT_WOLF
Done.
Estimating class=1 covariance using LEDOIT_WOLF
Done.
Computing rank from data with rank=None
    Using tolerance 5.2 (2.2e-16 eps * 8 dim * 2.9e+15  max singular value)
    Estimated rank (data): 8
    data: rank 8 computed from 8 data channels with 0 projectors
Reducing data rank from 8 -> 8
Estimating class=0 covariance using LEDOIT_WOLF
Done.
Estimating class=1 covariance using LEDOIT_WOLF
Done.
      pool treinado (36s) — serve aos 5 alvos do grupo
      S041 fold 0: acc3=0.467
      S041 fold 1: acc3=0.586
      S041 fold 2: acc3=0.379
      S045 fold 0: acc3=0.533
      S045 fold 1: acc3=0.467
      S045 fold 2: acc3=0.621
      S063 fold 0: acc3=0.367
      S063 fold 1: acc3=0.500
      S063 fold 2: acc3=0.276
      S083 fold 0: acc3=0.571
      S083 fold 1: acc3=0.607
      S083 fold 2: acc3=0.464
      S105 fold 0: acc3=0.586
      S105 fold 1: acc3=0.414
      S105 fold 2: acc3=0.517
  grupo 6/6 | alvos [18, 49, 68, 76, 98] | pool=98 (4min)
Computing rank from data with rank=None
    Using tolerance 32 (2.2e-16 eps * 8 dim * 1.8e+16  max singular value)
    Estimated rank (data): 8
    data: rank 8 computed from 8 data channels with 0 projectors
Reducing data rank from 8 -> 8
Estimating class=0 covariance using LEDOIT_WOLF
Done.
Estimating class=1 covariance using LEDOIT_WOLF
Done.
Computing rank from data with rank=None
    Using tolerance 33 (2.2e-16 eps * 8 dim * 1.9e+16  max singular value)
    Estimated rank (data): 8
    data: rank 8 computed from 8 data channels with 0 projectors
Reducing data rank from 8 -> 8
Estimating class=0 covariance using LEDOIT_WOLF
Done.
Estimating class=1 covariance using LEDOIT_WOLF
Done.
Computing rank from data with rank=None
    Using tolerance 22 (2.2e-16 eps * 8 dim * 1.2e+16  max singular value)
    Estimated rank (data): 8
    data: rank 8 computed from 8 data channels with 0 projectors
Reducing data rank from 8 -> 8
Estimating class=0 covariance using LEDOIT_WOLF
Done.
Estimating class=1 covariance using LEDOIT_WOLF
Done.
Computing rank from data with rank=None
    Using tolerance 19 (2.2e-16 eps * 8 dim * 1.1e+16  max singular value)
    Estimated rank (data): 8
    data: rank 8 computed from 8 data channels with 0 projectors
Reducing data rank from 8 -> 8
Estimating class=0 covariance using LEDOIT_WOLF
Done.
Estimating class=1 covariance using LEDOIT_WOLF
Done.
Computing rank from data with rank=None
    Using tolerance 17 (2.2e-16 eps * 8 dim * 9.5e+15  max singular value)
    Estimated rank (data): 8
    data: rank 8 computed from 8 data channels with 0 projectors
Reducing data rank from 8 -> 8
Estimating class=0 covariance using LEDOIT_WOLF
Done.
Estimating class=1 covariance using LEDOIT_WOLF
Done.
Computing rank from data with rank=None
    Using tolerance 14 (2.2e-16 eps * 8 dim * 8.1e+15  max singular value)
    Estimated rank (data): 8
    data: rank 8 computed from 8 data channels with 0 projectors
Reducing data rank from 8 -> 8
Estimating class=0 covariance using LEDOIT_WOLF
Done.
Estimating class=1 covariance using LEDOIT_WOLF
Done.
Computing rank from data with rank=None
    Using tolerance 12 (2.2e-16 eps * 8 dim * 7e+15  max singular value)
    Estimated rank (data): 8
    data: rank 8 computed from 8 data channels with 0 projectors
Reducing data rank from 8 -> 8
Estimating class=0 covariance using LEDOIT_WOLF
Done.
Estimating class=1 covariance using LEDOIT_WOLF
Done.
Computing rank from data with rank=None
    Using tolerance 11 (2.2e-16 eps * 8 dim * 5.9e+15  max singular value)
    Estimated rank (data): 8
    data: rank 8 computed from 8 data channels with 0 projectors
Reducing data rank from 8 -> 8
Estimating class=0 covariance using LEDOIT_WOLF
Done.
Estimating class=1 covariance using LEDOIT_WOLF
Done.
Computing rank from data with rank=None
    Using tolerance 7.5 (2.2e-16 eps * 8 dim * 4.2e+15  max singular value)
    Estimated rank (data): 8
    data: rank 8 computed from 8 data channels with 0 projectors
Reducing data rank from 8 -> 8
Estimating class=0 covariance using LEDOIT_WOLF
Done.
Estimating class=1 covariance using LEDOIT_WOLF
Done.
Computing rank from data with rank=None
    Using tolerance 23 (2.2e-16 eps * 8 dim * 1.3e+16  max singular value)
    Estimated rank (data): 8
    data: rank 8 computed from 8 data channels with 0 projectors
Reducing data rank from 8 -> 8
Estimating class=0 covariance using LEDOIT_WOLF
Done.
Estimating class=1 covariance using LEDOIT_WOLF
Done.
Computing rank from data with rank=None
    Using tolerance 22 (2.2e-16 eps * 8 dim * 1.2e+16  max singular value)
    Estimated rank (data): 8
    data: rank 8 computed from 8 data channels with 0 projectors
Reducing data rank from 8 -> 8
Estimating class=0 covariance using LEDOIT_WOLF
Done.
Estimating class=1 covariance using LEDOIT_WOLF
Done.
Computing rank from data with rank=None
    Using tolerance 15 (2.2e-16 eps * 8 dim * 8.5e+15  max singular value)
    Estimated rank (data): 8
    data: rank 8 computed from 8 data channels with 0 projectors
Reducing data rank from 8 -> 8
Estimating class=0 covariance using LEDOIT_WOLF
Done.
Estimating class=1 covariance using LEDOIT_WOLF
Done.
Computing rank from data with rank=None
    Using tolerance 13 (2.2e-16 eps * 8 dim * 7.1e+15  max singular value)
    Estimated rank (data): 8
    data: rank 8 computed from 8 data channels with 0 projectors
Reducing data rank from 8 -> 8
Estimating class=0 covariance using LEDOIT_WOLF
Done.
Estimating class=1 covariance using LEDOIT_WOLF
Done.
Computing rank from data with rank=None
    Using tolerance 11 (2.2e-16 eps * 8 dim * 6.4e+15  max singular value)
    Estimated rank (data): 8
    data: rank 8 computed from 8 data channels with 0 projectors
Reducing data rank from 8 -> 8
Estimating class=0 covariance using LEDOIT_WOLF
Done.
Estimating class=1 covariance using LEDOIT_WOLF
Done.
Computing rank from data with rank=None
    Using tolerance 9.8 (2.2e-16 eps * 8 dim * 5.5e+15  max singular value)
    Estimated rank (data): 8
    data: rank 8 computed from 8 data channels with 0 projectors
Reducing data rank from 8 -> 8
Estimating class=0 covariance using LEDOIT_WOLF
Done.
Estimating class=1 covariance using LEDOIT_WOLF
Done.
Computing rank from data with rank=None
    Using tolerance 8.7 (2.2e-16 eps * 8 dim * 4.9e+15  max singular value)
    Estimated rank (data): 8
    data: rank 8 computed from 8 data channels with 0 projectors
Reducing data rank from 8 -> 8
Estimating class=0 covariance using LEDOIT_WOLF
Done.
Estimating class=1 covariance using LEDOIT_WOLF
Done.
Computing rank from data with rank=None
    Using tolerance 7.4 (2.2e-16 eps * 8 dim * 4.2e+15  max singular value)
    Estimated rank (data): 8
    data: rank 8 computed from 8 data channels with 0 projectors
Reducing data rank from 8 -> 8
Estimating class=0 covariance using LEDOIT_WOLF
Done.
Estimating class=1 covariance using LEDOIT_WOLF
Done.
Computing rank from data with rank=None
    Using tolerance 5.2 (2.2e-16 eps * 8 dim * 3e+15  max singular value)
    Estimated rank (data): 8
    data: rank 8 computed from 8 data channels with 0 projectors
Reducing data rank from 8 -> 8
Estimating class=0 covariance using LEDOIT_WOLF
Done.
Estimating class=1 covariance using LEDOIT_WOLF
Done.
      pool treinado (37s) — serve aos 5 alvos do grupo
      S018 fold 0: acc3=0.448
      S018 fold 1: acc3=0.448
      S018 fold 2: acc3=0.483
      S049 fold 0: acc3=0.567
      S049 fold 1: acc3=0.655
      S049 fold 2: acc3=0.483
      S068 fold 0: acc3=0.467
      S068 fold 1: acc3=0.467
      S068 fold 2: acc3=0.400
      S076 fold 0: acc3=0.333
      S076 fold 1: acc3=0.379
      S076 fold 2: acc3=0.552
      S098 fold 0: acc3=0.517
      S098 fold 1: acc3=0.552
      S098 fold 2: acc3=0.357

BENCH_MONTAGENS_DONE (5min)
CUDA=True | montagens=['8'] | modelos=['riemannian'] | alvos=30 | folds=3
  contrato 5cb6c6358c | banda 4-40 Hz ordem 5 | CAR on | IQR k=1.5 | calib 48 | fases mi
  aninhamento 2<4<8<16<21<32<64 verificado
  montagem      E  D centro  simetria
  64           27 27     10  sim
  32           14 14      4  sim
  21            9  8      4  NAO (aceita por decisao)
  16            6  6      4  sim
  8             3  3      2  sim
  4             2  2      0  sim
  2             1  1      0  sim
  3             1  1      1  sim
  sem_fz        4  3      1  NAO (aceita por decisao)
  posterior8    4  4      0  sim
  ocular4       2  2      0  sim
  celulas gemeas pendentes: riemannian.banda_do_artigo (rodar de novo com --banda 8 30)
  6 grupos de alvos (semente 42), pool = 98 sujeitos:
    grupo 1: [3, 22, 57, 102, 107]
    grupo 2: [7, 52, 71, 79, 109]
    grupo 3: [12, 34, 60, 91, 95]
    grupo 4: [25, 31, 87, 106, 108]
    grupo 5: [41, 45, 63, 83, 105]
    grupo 6: [18, 49, 68, 76, 98]
  retomando: 990 celulas ja concluidas sob 5cb6c6358c

==============================================================
  MONTAGEM 8 (8 canais) | MODELO riemannian | 0min
==============================================================
  grupo 1/6 | alvos [3, 22, 57, 102, 107] | pool=98 (0min)
      pool treinado (2s) — serve aos 5 alvos do grupo
      S003 fold 0: acc3=0.172
      S003 fold 1: acc3=0.379
      S003 fold 2: acc3=0.429
      S022 fold 0: acc3=0.586
      S022 fold 1: acc3=0.483
      S022 fold 2: acc3=0.607
      S057 fold 0: acc3=0.448
      S057 fold 1: acc3=0.690
      S057 fold 2: acc3=0.429
      S102 fold 0: acc3=0.700
      S102 fold 1: acc3=0.700
      S102 fold 2: acc3=0.759
      S107 fold 0: acc3=0.276
      S107 fold 1: acc3=0.429
      S107 fold 2: acc3=0.393
  grupo 2/6 | alvos [7, 52, 71, 79, 109] | pool=98 (0min)
      pool treinado (2s) — serve aos 5 alvos do grupo
      S007 fold 0: acc3=0.800
      S007 fold 1: acc3=0.862
      S007 fold 2: acc3=0.690
      S052 fold 0: acc3=0.586
      S052 fold 1: acc3=0.655
      S052 fold 2: acc3=0.690
      S071 fold 0: acc3=0.517
      S071 fold 1: acc3=0.448
      S071 fold 2: acc3=0.483
      S079 fold 0: acc3=0.414
      S079 fold 1: acc3=0.310
      S079 fold 2: acc3=0.357
      S109 fold 0: acc3=0.400
      S109 fold 1: acc3=0.172
      S109 fold 2: acc3=0.379
  grupo 3/6 | alvos [12, 34, 60, 91, 95] | pool=98 (0min)
      pool treinado (2s) — serve aos 5 alvos do grupo
      S012 fold 0: acc3=0.533
      S012 fold 1: acc3=0.467
      S012 fold 2: acc3=0.586
      S034 fold 0: acc3=0.733
      S034 fold 1: acc3=0.833
      S034 fold 2: acc3=0.724
      S060 fold 0: acc3=0.586
      S060 fold 1: acc3=0.690
      S060 fold 2: acc3=0.607
      S091 fold 0: acc3=0.400
      S091 fold 1: acc3=0.533
      S091 fold 2: acc3=0.600
      S095 fold 0: acc3=0.310
      S095 fold 1: acc3=0.517
      S095 fold 2: acc3=0.414
  grupo 4/6 | alvos [25, 31, 87, 106, 108] | pool=98 (0min)
      pool treinado (2s) — serve aos 5 alvos do grupo
      S025 fold 0: acc3=0.793
      S025 fold 1: acc3=0.786
      S025 fold 2: acc3=0.786
      S031 fold 0: acc3=0.667
      S031 fold 1: acc3=0.767
      S031 fold 2: acc3=0.700
      S087 fold 0: acc3=0.310
      S087 fold 1: acc3=0.393
      S087 fold 2: acc3=0.500
      S106 fold 0: acc3=0.586
      S106 fold 1: acc3=0.643
      S106 fold 2: acc3=0.500
      S108 fold 0: acc3=0.517
      S108 fold 1: acc3=0.536
      S108 fold 2: acc3=0.643
  grupo 5/6 | alvos [41, 45, 63, 83, 105] | pool=98 (1min)
      pool treinado (2s) — serve aos 5 alvos do grupo
      S041 fold 0: acc3=0.467
      S041 fold 1: acc3=0.655
      S041 fold 2: acc3=0.414
      S045 fold 0: acc3=0.600
      S045 fold 1: acc3=0.700
      S045 fold 2: acc3=0.552
      S063 fold 0: acc3=0.633
      S063 fold 1: acc3=0.533
      S063 fold 2: acc3=0.517
      S083 fold 0: acc3=0.714
      S083 fold 1: acc3=0.643
      S083 fold 2: acc3=0.536
      S105 fold 0: acc3=0.379
      S105 fold 1: acc3=0.379
      S105 fold 2: acc3=0.586
  grupo 6/6 | alvos [18, 49, 68, 76, 98] | pool=98 (1min)
      pool treinado (2s) — serve aos 5 alvos do grupo
      S018 fold 0: acc3=0.621
      S018 fold 1: acc3=0.414
      S018 fold 2: acc3=0.586
      S049 fold 0: acc3=0.567
      S049 fold 1: acc3=0.552
      S049 fold 2: acc3=0.759
      S068 fold 0: acc3=0.500
      S068 fold 1: acc3=0.567
      S068 fold 2: acc3=0.400
      S076 fold 0: acc3=0.367
      S076 fold 1: acc3=0.517
      S076 fold 2: acc3=0.448
      S098 fold 0: acc3=0.379
      S098 fold 1: acc3=0.483
      S098 fold 2: acc3=0.357

BENCH_MONTAGENS_DONE (1min)
CUDA=True | montagens=['64'] | modelos=['csp_lda'] | alvos=30 | folds=3
  contrato 5cb6c6358c | banda 4-40 Hz ordem 5 | CAR on | IQR k=1.5 | calib 48 | fases mi
  aninhamento 2<4<8<16<21<32<64 verificado
  montagem      E  D centro  simetria
  64           27 27     10  sim
  32           14 14      4  sim
  21            9  8      4  NAO (aceita por decisao)
  16            6  6      4  sim
  8             3  3      2  sim
  4             2  2      0  sim
  2             1  1      0  sim
  3             1  1      1  sim
  sem_fz        4  3      1  NAO (aceita por decisao)
  posterior8    4  4      0  sim
  ocular4       2  2      0  sim
  6 grupos de alvos (semente 42), pool = 98 sujeitos:
    grupo 1: [3, 22, 57, 102, 107]
    grupo 2: [7, 52, 71, 79, 109]
    grupo 3: [12, 34, 60, 91, 95]
    grupo 4: [25, 31, 87, 106, 108]
    grupo 5: [41, 45, 63, 83, 105]
    grupo 6: [18, 49, 68, 76, 98]
  retomando: 1080 celulas ja concluidas sob 5cb6c6358c

==============================================================
  MONTAGEM 64 (64 canais) | MODELO csp_lda | 0min
==============================================================
  grupo 1/6 | alvos [3, 22, 57, 102, 107] | pool=98 (0min)
Computing rank from data with rank=None
    Using tolerance 1.9e+03 (2.2e-16 eps * 64 dim * 1.3e+17  max singular value)
    Estimated rank (data): 64
    data: rank 64 computed from 64 data channels with 0 projectors
Reducing data rank from 64 -> 64
Estimating class=0 covariance using LEDOIT_WOLF
Done.
Estimating class=1 covariance using LEDOIT_WOLF
Done.
Computing rank from data with rank=None
    Using tolerance 1.2e+03 (2.2e-16 eps * 64 dim * 8.8e+16  max singular value)
    Estimated rank (data): 64
    data: rank 64 computed from 64 data channels with 0 projectors
Reducing data rank from 64 -> 64
Estimating class=0 covariance using LEDOIT_WOLF
Done.
Estimating class=1 covariance using LEDOIT_WOLF
Done.
      pool treinado (21s) — serve aos 5 alvos do grupo
      S003 fold 0: acc3=0.433
      S003 fold 1: acc3=0.433
      S003 fold 2: acc3=0.433
      S022 fold 0: acc3=0.567
      S022 fold 1: acc3=0.500
      S022 fold 2: acc3=0.467
      S057 fold 0: acc3=0.500
      S057 fold 1: acc3=0.500
      S057 fold 2: acc3=0.500
      S102 fold 0: acc3=0.690
      S102 fold 1: acc3=0.793
      S102 fold 2: acc3=0.679
      S107 fold 0: acc3=0.333
      S107 fold 1: acc3=0.433
      S107 fold 2: acc3=0.433
  grupo 2/6 | alvos [7, 52, 71, 79, 109] | pool=98 (0min)
Computing rank from data with rank=None
    Using tolerance 1.9e+03 (2.2e-16 eps * 64 dim * 1.3e+17  max singular value)
    Estimated rank (data): 64
    data: rank 64 computed from 64 data channels with 0 projectors
Reducing data rank from 64 -> 64
Estimating class=0 covariance using LEDOIT_WOLF
Done.
Estimating class=1 covariance using LEDOIT_WOLF
Done.
Computing rank from data with rank=None
    Using tolerance 1.3e+03 (2.2e-16 eps * 64 dim * 8.8e+16  max singular value)
    Estimated rank (data): 64
    data: rank 64 computed from 64 data channels with 0 projectors
Reducing data rank from 64 -> 64
Estimating class=0 covariance using LEDOIT_WOLF
Done.
Estimating class=1 covariance using LEDOIT_WOLF
Done.
      pool treinado (17s) — serve aos 5 alvos do grupo
      S007 fold 0: acc3=0.967
      S007 fold 1: acc3=0.833
      S007 fold 2: acc3=0.966
      S052 fold 0: acc3=0.600
      S052 fold 1: acc3=0.667
      S052 fold 2: acc3=0.500
      S071 fold 0: acc3=0.600
      S071 fold 1: acc3=0.567
      S071 fold 2: acc3=0.467
      S079 fold 0: acc3=0.467
      S079 fold 1: acc3=0.333
      S079 fold 2: acc3=0.233
      S109 fold 0: acc3=0.333
      S109 fold 1: acc3=0.310
      S109 fold 2: acc3=0.310
  grupo 3/6 | alvos [12, 34, 60, 91, 95] | pool=98 (1min)
Computing rank from data with rank=None
    Using tolerance 1.8e+03 (2.2e-16 eps * 64 dim * 1.3e+17  max singular value)
    Estimated rank (data): 64
    data: rank 64 computed from 64 data channels with 0 projectors
Reducing data rank from 64 -> 64
Estimating class=0 covariance using LEDOIT_WOLF
Done.
Estimating class=1 covariance using LEDOIT_WOLF
Done.
Computing rank from data with rank=None
    Using tolerance 1.2e+03 (2.2e-16 eps * 64 dim * 8.7e+16  max singular value)
    Estimated rank (data): 64
    data: rank 64 computed from 64 data channels with 0 projectors
Reducing data rank from 64 -> 64
Estimating class=0 covariance using LEDOIT_WOLF
Done.
Estimating class=1 covariance using LEDOIT_WOLF
Done.
      pool treinado (17s) — serve aos 5 alvos do grupo
      S012 fold 0: acc3=0.414
      S012 fold 1: acc3=0.448
      S012 fold 2: acc3=0.241
      S034 fold 0: acc3=0.793
      S034 fold 1: acc3=0.759
      S034 fold 2: acc3=0.759
      S060 fold 0: acc3=0.690
      S060 fold 1: acc3=0.690
      S060 fold 2: acc3=0.621
      S091 fold 0: acc3=0.500
      S091 fold 1: acc3=0.533
      S091 fold 2: acc3=0.533
      S095 fold 0: acc3=0.321
      S095 fold 1: acc3=0.370
      S095 fold 2: acc3=0.296
  grupo 4/6 | alvos [25, 31, 87, 106, 108] | pool=98 (1min)
Computing rank from data with rank=None
    Using tolerance 1.9e+03 (2.2e-16 eps * 64 dim * 1.3e+17  max singular value)
    Estimated rank (data): 64
    data: rank 64 computed from 64 data channels with 0 projectors
Reducing data rank from 64 -> 64
Estimating class=0 covariance using LEDOIT_WOLF
Done.
Estimating class=1 covariance using LEDOIT_WOLF
Done.
Computing rank from data with rank=None
    Using tolerance 1.2e+03 (2.2e-16 eps * 64 dim * 8.8e+16  max singular value)
    Estimated rank (data): 64
    data: rank 64 computed from 64 data channels with 0 projectors
Reducing data rank from 64 -> 64
Estimating class=0 covariance using LEDOIT_WOLF
Done.
Estimating class=1 covariance using LEDOIT_WOLF
Done.
      pool treinado (18s) — serve aos 5 alvos do grupo
      S025 fold 0: acc3=0.724
      S025 fold 1: acc3=0.759
      S025 fold 2: acc3=0.621
      S031 fold 0: acc3=0.552
      S031 fold 1: acc3=0.621
      S031 fold 2: acc3=0.897
      S087 fold 0: acc3=0.345
      S087 fold 1: acc3=0.429
      S087 fold 2: acc3=0.357
      S106 fold 0: acc3=0.500
      S106 fold 1: acc3=0.333
      S106 fold 2: acc3=0.367
      S108 fold 0: acc3=0.500
      S108 fold 1: acc3=0.571
      S108 fold 2: acc3=0.481
  grupo 5/6 | alvos [41, 45, 63, 83, 105] | pool=98 (2min)
Computing rank from data with rank=None
    Using tolerance 1.9e+03 (2.2e-16 eps * 64 dim * 1.3e+17  max singular value)
    Estimated rank (data): 64
    data: rank 64 computed from 64 data channels with 0 projectors
Reducing data rank from 64 -> 64
Estimating class=0 covariance using LEDOIT_WOLF
Done.
Estimating class=1 covariance using LEDOIT_WOLF
Done.
Computing rank from data with rank=None
    Using tolerance 1.3e+03 (2.2e-16 eps * 64 dim * 8.9e+16  max singular value)
    Estimated rank (data): 64
    data: rank 64 computed from 64 data channels with 0 projectors
Reducing data rank from 64 -> 64
Estimating class=0 covariance using LEDOIT_WOLF
Done.
Estimating class=1 covariance using LEDOIT_WOLF
Done.
      pool treinado (17s) — serve aos 5 alvos do grupo
      S041 fold 0: acc3=0.500
      S041 fold 1: acc3=0.724
      S041 fold 2: acc3=0.586
      S045 fold 0: acc3=0.533
      S045 fold 1: acc3=0.433
      S045 fold 2: acc3=0.483
      S063 fold 0: acc3=0.483
      S063 fold 1: acc3=0.448
      S063 fold 2: acc3=0.379
      S083 fold 0: acc3=0.667
      S083 fold 1: acc3=0.517
      S083 fold 2: acc3=0.621
      S105 fold 0: acc3=0.433
      S105 fold 1: acc3=0.533
      S105 fold 2: acc3=0.267
  grupo 6/6 | alvos [18, 49, 68, 76, 98] | pool=98 (2min)
Computing rank from data with rank=None
    Using tolerance 1.9e+03 (2.2e-16 eps * 64 dim * 1.3e+17  max singular value)
    Estimated rank (data): 64
    data: rank 64 computed from 64 data channels with 0 projectors
Reducing data rank from 64 -> 64
Estimating class=0 covariance using LEDOIT_WOLF
Done.
Estimating class=1 covariance using LEDOIT_WOLF
Done.
Computing rank from data with rank=None
    Using tolerance 1.3e+03 (2.2e-16 eps * 64 dim * 8.9e+16  max singular value)
    Estimated rank (data): 64
    data: rank 64 computed from 64 data channels with 0 projectors
Reducing data rank from 64 -> 64
Estimating class=0 covariance using LEDOIT_WOLF
Done.
Estimating class=1 covariance using LEDOIT_WOLF
Done.
      pool treinado (17s) — serve aos 5 alvos do grupo
      S018 fold 0: acc3=0.700
      S018 fold 1: acc3=0.667
      S018 fold 2: acc3=0.600
      S049 fold 0: acc3=0.690
      S049 fold 1: acc3=0.655
      S049 fold 2: acc3=0.607
      S068 fold 0: acc3=0.433
      S068 fold 1: acc3=0.414
      S068 fold 2: acc3=0.448
      S076 fold 0: acc3=0.448
      S076 fold 1: acc3=0.379
      S076 fold 2: acc3=0.310
      S098 fold 0: acc3=0.533
      S098 fold 1: acc3=0.633
      S098 fold 2: acc3=0.533

BENCH_MONTAGENS_DONE (3min)
CUDA=True | montagens=['64'] | modelos=['fbcsp_svm'] | alvos=30 | folds=3
  contrato 5cb6c6358c | banda 4-40 Hz ordem 5 | CAR on | IQR k=1.5 | calib 48 | fases mi
  aninhamento 2<4<8<16<21<32<64 verificado
  montagem      E  D centro  simetria
  64           27 27     10  sim
  32           14 14      4  sim
  21            9  8      4  NAO (aceita por decisao)
  16            6  6      4  sim
  8             3  3      2  sim
  4             2  2      0  sim
  2             1  1      0  sim
  3             1  1      1  sim
  sem_fz        4  3      1  NAO (aceita por decisao)
  posterior8    4  4      0  sim
  ocular4       2  2      0  sim
  6 grupos de alvos (semente 42), pool = 98 sujeitos:
    grupo 1: [3, 22, 57, 102, 107]
    grupo 2: [7, 52, 71, 79, 109]
    grupo 3: [12, 34, 60, 91, 95]
    grupo 4: [25, 31, 87, 106, 108]
    grupo 5: [41, 45, 63, 83, 105]
    grupo 6: [18, 49, 68, 76, 98]
  retomando: 1170 celulas ja concluidas sob 5cb6c6358c

==============================================================
  MONTAGEM 64 (64 canais) | MODELO fbcsp_svm | 0min
==============================================================
  grupo 1/6 | alvos [3, 22, 57, 102, 107] | pool=98 (0min)
Computing rank from data with rank=None
    Using tolerance 1.1e+03 (2.2e-16 eps * 64 dim * 7.9e+16  max singular value)
    Estimated rank (data): 64
    data: rank 64 computed from 64 data channels with 0 projectors
Reducing data rank from 64 -> 64
Estimating class=0 covariance using LEDOIT_WOLF
Done.
Estimating class=1 covariance using LEDOIT_WOLF
Done.
Computing rank from data with rank=None
    Using tolerance 9.9e+02 (2.2e-16 eps * 64 dim * 6.9e+16  max singular value)
    Estimated rank (data): 64
    data: rank 64 computed from 64 data channels with 0 projectors
Reducing data rank from 64 -> 64
Estimating class=0 covariance using LEDOIT_WOLF
Done.
Estimating class=1 covariance using LEDOIT_WOLF
Done.
Computing rank from data with rank=None
    Using tolerance 5e+02 (2.2e-16 eps * 64 dim * 3.5e+16  max singular value)
    Estimated rank (data): 64
    data: rank 64 computed from 64 data channels with 0 projectors
Reducing data rank from 64 -> 64
Estimating class=0 covariance using LEDOIT_WOLF
Done.
Estimating class=1 covariance using LEDOIT_WOLF
Done.
Computing rank from data with rank=None
    Using tolerance 4.2e+02 (2.2e-16 eps * 64 dim * 3e+16  max singular value)
    Estimated rank (data): 64
    data: rank 64 computed from 64 data channels with 0 projectors
Reducing data rank from 64 -> 64
Estimating class=0 covariance using LEDOIT_WOLF
Done.
Estimating class=1 covariance using LEDOIT_WOLF
Done.
Computing rank from data with rank=None
    Using tolerance 4.2e+02 (2.2e-16 eps * 64 dim * 3e+16  max singular value)
    Estimated rank (data): 64
    data: rank 64 computed from 64 data channels with 0 projectors
Reducing data rank from 64 -> 64
Estimating class=0 covariance using LEDOIT_WOLF
Done.
Estimating class=1 covariance using LEDOIT_WOLF
Done.
Computing rank from data with rank=None
    Using tolerance 4.1e+02 (2.2e-16 eps * 64 dim * 2.9e+16  max singular value)
    Estimated rank (data): 64
    data: rank 64 computed from 64 data channels with 0 projectors
Reducing data rank from 64 -> 64
Estimating class=0 covariance using LEDOIT_WOLF
Done.
Estimating class=1 covariance using LEDOIT_WOLF
Done.
Computing rank from data with rank=None
    Using tolerance 3.6e+02 (2.2e-16 eps * 64 dim * 2.6e+16  max singular value)
    Estimated rank (data): 64
    data: rank 64 computed from 64 data channels with 0 projectors
Reducing data rank from 64 -> 64
Estimating class=0 covariance using LEDOIT_WOLF
Done.
Estimating class=1 covariance using LEDOIT_WOLF
Done.
Computing rank from data with rank=None
    Using tolerance 3e+02 (2.2e-16 eps * 64 dim * 2.1e+16  max singular value)
    Estimated rank (data): 64
    data: rank 64 computed from 64 data channels with 0 projectors
Reducing data rank from 64 -> 64
Estimating class=0 covariance using LEDOIT_WOLF
Done.
Estimating class=1 covariance using LEDOIT_WOLF
Done.
Computing rank from data with rank=None
    Using tolerance 2.1e+02 (2.2e-16 eps * 64 dim * 1.5e+16  max singular value)
    Estimated rank (data): 64
    data: rank 64 computed from 64 data channels with 0 projectors
Reducing data rank from 64 -> 64
Estimating class=0 covariance using LEDOIT_WOLF
Done.
Estimating class=1 covariance using LEDOIT_WOLF
Done.
Computing rank from data with rank=None
    Using tolerance 7.4e+02 (2.2e-16 eps * 64 dim * 5.2e+16  max singular value)
    Estimated rank (data): 64
    data: rank 64 computed from 64 data channels with 0 projectors
Reducing data rank from 64 -> 64
Estimating class=0 covariance using LEDOIT_WOLF
Done.
Estimating class=1 covariance using LEDOIT_WOLF
Done.
Computing rank from data with rank=None
    Using tolerance 6.6e+02 (2.2e-16 eps * 64 dim * 4.6e+16  max singular value)
    Estimated rank (data): 64
    data: rank 64 computed from 64 data channels with 0 projectors
Reducing data rank from 64 -> 64
Estimating class=0 covariance using LEDOIT_WOLF
Done.
Estimating class=1 covariance using LEDOIT_WOLF
Done.
Computing rank from data with rank=None
    Using tolerance 3.4e+02 (2.2e-16 eps * 64 dim * 2.4e+16  max singular value)
    Estimated rank (data): 64
    data: rank 64 computed from 64 data channels with 0 projectors
Reducing data rank from 64 -> 64
Estimating class=0 covariance using LEDOIT_WOLF
Done.
Estimating class=1 covariance using LEDOIT_WOLF
Done.
Computing rank from data with rank=None
    Using tolerance 2.9e+02 (2.2e-16 eps * 64 dim * 2e+16  max singular value)
    Estimated rank (data): 64
    data: rank 64 computed from 64 data channels with 0 projectors
Reducing data rank from 64 -> 64
Estimating class=0 covariance using LEDOIT_WOLF
Done.
Estimating class=1 covariance using LEDOIT_WOLF
Done.
Computing rank from data with rank=None
    Using tolerance 2.9e+02 (2.2e-16 eps * 64 dim * 2e+16  max singular value)
    Estimated rank (data): 64
    data: rank 64 computed from 64 data channels with 0 projectors
Reducing data rank from 64 -> 64
Estimating class=0 covariance using LEDOIT_WOLF
Done.
Estimating class=1 covariance using LEDOIT_WOLF
Done.
Computing rank from data with rank=None
    Using tolerance 2.9e+02 (2.2e-16 eps * 64 dim * 2e+16  max singular value)
    Estimated rank (data): 64
    data: rank 64 computed from 64 data channels with 0 projectors
Reducing data rank from 64 -> 64
Estimating class=0 covariance using LEDOIT_WOLF
Done.
Estimating class=1 covariance using LEDOIT_WOLF
Done.
Computing rank from data with rank=None
    Using tolerance 2.6e+02 (2.2e-16 eps * 64 dim * 1.8e+16  max singular value)
    Estimated rank (data): 64
    data: rank 64 computed from 64 data channels with 0 projectors
Reducing data rank from 64 -> 64
Estimating class=0 covariance using LEDOIT_WOLF
Done.
Estimating class=1 covariance using LEDOIT_WOLF
Done.
Computing rank from data with rank=None
    Using tolerance 2.1e+02 (2.2e-16 eps * 64 dim * 1.5e+16  max singular value)
    Estimated rank (data): 64
    data: rank 64 computed from 64 data channels with 0 projectors
Reducing data rank from 64 -> 64
Estimating class=0 covariance using LEDOIT_WOLF
Done.
Estimating class=1 covariance using LEDOIT_WOLF
Done.
Computing rank from data with rank=None
    Using tolerance 1.5e+02 (2.2e-16 eps * 64 dim * 1e+16  max singular value)
    Estimated rank (data): 64
    data: rank 64 computed from 64 data channels with 0 projectors
Reducing data rank from 64 -> 64
Estimating class=0 covariance using LEDOIT_WOLF
Done.
Estimating class=1 covariance using LEDOIT_WOLF
Done.
      pool treinado (262s) — serve aos 5 alvos do grupo
      S003 fold 0: acc3=0.633
      S003 fold 1: acc3=0.700
      S003 fold 2: acc3=0.467
      S022 fold 0: acc3=0.600
      S022 fold 1: acc3=0.700
      S022 fold 2: acc3=0.700
      S057 fold 0: acc3=0.433
      S057 fold 1: acc3=0.533
      S057 fold 2: acc3=0.467
      S102 fold 0: acc3=0.586
      S102 fold 1: acc3=0.759
      S102 fold 2: acc3=0.679
      S107 fold 0: acc3=0.333
      S107 fold 1: acc3=0.433
      S107 fold 2: acc3=0.467
  grupo 2/6 | alvos [7, 52, 71, 79, 109] | pool=98 (5min)
Computing rank from data with rank=None
    Using tolerance 1.1e+03 (2.2e-16 eps * 64 dim * 8.1e+16  max singular value)
    Estimated rank (data): 64
    data: rank 64 computed from 64 data channels with 0 projectors
Reducing data rank from 64 -> 64
Estimating class=0 covariance using LEDOIT_WOLF
Done.
Estimating class=1 covariance using LEDOIT_WOLF
Done.
Computing rank from data with rank=None
    Using tolerance 9.7e+02 (2.2e-16 eps * 64 dim * 6.8e+16  max singular value)
    Estimated rank (data): 64
    data: rank 64 computed from 64 data channels with 0 projectors
Reducing data rank from 64 -> 64
Estimating class=0 covariance using LEDOIT_WOLF
Done.
Estimating class=1 covariance using LEDOIT_WOLF
Done.
Computing rank from data with rank=None
    Using tolerance 5e+02 (2.2e-16 eps * 64 dim * 3.5e+16  max singular value)
    Estimated rank (data): 64
    data: rank 64 computed from 64 data channels with 0 projectors
Reducing data rank from 64 -> 64
Estimating class=0 covariance using LEDOIT_WOLF
Done.
Estimating class=1 covariance using LEDOIT_WOLF
Done.
Computing rank from data with rank=None
    Using tolerance 4.2e+02 (2.2e-16 eps * 64 dim * 2.9e+16  max singular value)
    Estimated rank (data): 64
    data: rank 64 computed from 64 data channels with 0 projectors
Reducing data rank from 64 -> 64
Estimating class=0 covariance using LEDOIT_WOLF
Done.
Estimating class=1 covariance using LEDOIT_WOLF
Done.
Computing rank from data with rank=None
    Using tolerance 4.2e+02 (2.2e-16 eps * 64 dim * 3e+16  max singular value)
    Estimated rank (data): 64
    data: rank 64 computed from 64 data channels with 0 projectors
Reducing data rank from 64 -> 64
Estimating class=0 covariance using LEDOIT_WOLF
Done.
Estimating class=1 covariance using LEDOIT_WOLF
Done.
Computing rank from data with rank=None
    Using tolerance 4.2e+02 (2.2e-16 eps * 64 dim * 2.9e+16  max singular value)
    Estimated rank (data): 64
    data: rank 64 computed from 64 data channels with 0 projectors
Reducing data rank from 64 -> 64
Estimating class=0 covariance using LEDOIT_WOLF
Done.
Estimating class=1 covariance using LEDOIT_WOLF
Done.
Computing rank from data with rank=None
    Using tolerance 3.7e+02 (2.2e-16 eps * 64 dim * 2.6e+16  max singular value)
    Estimated rank (data): 64
    data: rank 64 computed from 64 data channels with 0 projectors
Reducing data rank from 64 -> 64
Estimating class=0 covariance using LEDOIT_WOLF
Done.
Estimating class=1 covariance using LEDOIT_WOLF
Done.
Computing rank from data with rank=None
    Using tolerance 3.1e+02 (2.2e-16 eps * 64 dim * 2.1e+16  max singular value)
    Estimated rank (data): 64
    data: rank 64 computed from 64 data channels with 0 projectors
Reducing data rank from 64 -> 64
Estimating class=0 covariance using LEDOIT_WOLF
Done.
Estimating class=1 covariance using LEDOIT_WOLF
Done.
Computing rank from data with rank=None
    Using tolerance 2.2e+02 (2.2e-16 eps * 64 dim * 1.5e+16  max singular value)
    Estimated rank (data): 64
    data: rank 64 computed from 64 data channels with 0 projectors
Reducing data rank from 64 -> 64
Estimating class=0 covariance using LEDOIT_WOLF
Done.
Estimating class=1 covariance using LEDOIT_WOLF
Done.
Computing rank from data with rank=None
    Using tolerance 7.6e+02 (2.2e-16 eps * 64 dim * 5.3e+16  max singular value)
    Estimated rank (data): 64
    data: rank 64 computed from 64 data channels with 0 projectors
Reducing data rank from 64 -> 64
Estimating class=0 covariance using LEDOIT_WOLF
Done.
Estimating class=1 covariance using LEDOIT_WOLF
Done.
Computing rank from data with rank=None
    Using tolerance 6.5e+02 (2.2e-16 eps * 64 dim * 4.6e+16  max singular value)
    Estimated rank (data): 64
    data: rank 64 computed from 64 data channels with 0 projectors
Reducing data rank from 64 -> 64
Estimating class=0 covariance using LEDOIT_WOLF
Done.
Estimating class=1 covariance using LEDOIT_WOLF
Done.
Computing rank from data with rank=None
    Using tolerance 3.4e+02 (2.2e-16 eps * 64 dim * 2.4e+16  max singular value)
    Estimated rank (data): 64
    data: rank 64 computed from 64 data channels with 0 projectors
Reducing data rank from 64 -> 64
Estimating class=0 covariance using LEDOIT_WOLF
Done.
Estimating class=1 covariance using LEDOIT_WOLF
Done.
Computing rank from data with rank=None
    Using tolerance 2.9e+02 (2.2e-16 eps * 64 dim * 2e+16  max singular value)
    Estimated rank (data): 64
    data: rank 64 computed from 64 data channels with 0 projectors
Reducing data rank from 64 -> 64
Estimating class=0 covariance using LEDOIT_WOLF
Done.
Estimating class=1 covariance using LEDOIT_WOLF
Done.
Computing rank from data with rank=None
    Using tolerance 2.9e+02 (2.2e-16 eps * 64 dim * 2.1e+16  max singular value)
    Estimated rank (data): 64
    data: rank 64 computed from 64 data channels with 0 projectors
Reducing data rank from 64 -> 64
Estimating class=0 covariance using LEDOIT_WOLF
Done.
Estimating class=1 covariance using LEDOIT_WOLF
Done.
Computing rank from data with rank=None
    Using tolerance 3e+02 (2.2e-16 eps * 64 dim * 2.1e+16  max singular value)
    Estimated rank (data): 64
    data: rank 64 computed from 64 data channels with 0 projectors
Reducing data rank from 64 -> 64
Estimating class=0 covariance using LEDOIT_WOLF
Done.
Estimating class=1 covariance using LEDOIT_WOLF
Done.
Computing rank from data with rank=None
    Using tolerance 2.6e+02 (2.2e-16 eps * 64 dim * 1.8e+16  max singular value)
    Estimated rank (data): 64
    data: rank 64 computed from 64 data channels with 0 projectors
Reducing data rank from 64 -> 64
Estimating class=0 covariance using LEDOIT_WOLF
Done.
Estimating class=1 covariance using LEDOIT_WOLF
Done.
Computing rank from data with rank=None
    Using tolerance 2.1e+02 (2.2e-16 eps * 64 dim * 1.5e+16  max singular value)
    Estimated rank (data): 64
    data: rank 64 computed from 64 data channels with 0 projectors
Reducing data rank from 64 -> 64
Estimating class=0 covariance using LEDOIT_WOLF
Done.
Estimating class=1 covariance using LEDOIT_WOLF
Done.
Computing rank from data with rank=None
    Using tolerance 1.5e+02 (2.2e-16 eps * 64 dim * 1.1e+16  max singular value)
    Estimated rank (data): 64
    data: rank 64 computed from 64 data channels with 0 projectors
Reducing data rank from 64 -> 64
Estimating class=0 covariance using LEDOIT_WOLF
Done.
Estimating class=1 covariance using LEDOIT_WOLF
Done.
      pool treinado (386s) — serve aos 5 alvos do grupo
      S007 fold 0: acc3=0.567
      S007 fold 1: acc3=0.767
      S007 fold 2: acc3=0.586
      S052 fold 0: acc3=0.667
      S052 fold 1: acc3=0.533
      S052 fold 2: acc3=0.600
      S071 fold 0: acc3=0.400
      S071 fold 1: acc3=0.633
      S071 fold 2: acc3=0.400
      S079 fold 0: acc3=0.400
      S079 fold 1: acc3=0.467
      S079 fold 2: acc3=0.533
      S109 fold 0: acc3=0.267
      S109 fold 1: acc3=0.483
      S109 fold 2: acc3=0.276
  grupo 3/6 | alvos [12, 34, 60, 91, 95] | pool=98 (11min)
Computing rank from data with rank=None
    Using tolerance 1.1e+03 (2.2e-16 eps * 64 dim * 7.7e+16  max singular value)
    Estimated rank (data): 64
    data: rank 64 computed from 64 data channels with 0 projectors
Reducing data rank from 64 -> 64
Estimating class=0 covariance using LEDOIT_WOLF
Done.
Estimating class=1 covariance using LEDOIT_WOLF
Done.
Computing rank from data with rank=None
    Using tolerance 9.9e+02 (2.2e-16 eps * 64 dim * 6.9e+16  max singular value)
    Estimated rank (data): 64
    data: rank 64 computed from 64 data channels with 0 projectors
Reducing data rank from 64 -> 64
Estimating class=0 covariance using LEDOIT_WOLF
Done.
Estimating class=1 covariance using LEDOIT_WOLF
Done.
Computing rank from data with rank=None
    Using tolerance 5e+02 (2.2e-16 eps * 64 dim * 3.5e+16  max singular value)
    Estimated rank (data): 64
    data: rank 64 computed from 64 data channels with 0 projectors
Reducing data rank from 64 -> 64
Estimating class=0 covariance using LEDOIT_WOLF
Done.
Estimating class=1 covariance using LEDOIT_WOLF
Done.
Computing rank from data with rank=None
    Using tolerance 4.2e+02 (2.2e-16 eps * 64 dim * 2.9e+16  max singular value)
    Estimated rank (data): 64
    data: rank 64 computed from 64 data channels with 0 projectors
Reducing data rank from 64 -> 64
Estimating class=0 covariance using LEDOIT_WOLF
Done.
Estimating class=1 covariance using LEDOIT_WOLF
Done.
Computing rank from data with rank=None
    Using tolerance 4.2e+02 (2.2e-16 eps * 64 dim * 3e+16  max singular value)
    Estimated rank (data): 64
    data: rank 64 computed from 64 data channels with 0 projectors
Reducing data rank from 64 -> 64
Estimating class=0 covariance using LEDOIT_WOLF
Done.
Estimating class=1 covariance using LEDOIT_WOLF
Done.
Computing rank from data with rank=None
    Using tolerance 4.2e+02 (2.2e-16 eps * 64 dim * 2.9e+16  max singular value)
    Estimated rank (data): 64
    data: rank 64 computed from 64 data channels with 0 projectors
Reducing data rank from 64 -> 64
Estimating class=0 covariance using LEDOIT_WOLF
Done.
Estimating class=1 covariance using LEDOIT_WOLF
Done.
Computing rank from data with rank=None
    Using tolerance 3.7e+02 (2.2e-16 eps * 64 dim * 2.6e+16  max singular value)
    Estimated rank (data): 64
    data: rank 64 computed from 64 data channels with 0 projectors
Reducing data rank from 64 -> 64
Estimating class=0 covariance using LEDOIT_WOLF
Done.
Estimating class=1 covariance using LEDOIT_WOLF
Done.
Computing rank from data with rank=None
    Using tolerance 3e+02 (2.2e-16 eps * 64 dim * 2.1e+16  max singular value)
    Estimated rank (data): 64
    data: rank 64 computed from 64 data channels with 0 projectors
Reducing data rank from 64 -> 64
Estimating class=0 covariance using LEDOIT_WOLF
Done.
Estimating class=1 covariance using LEDOIT_WOLF
Done.
Computing rank from data with rank=None
    Using tolerance 2.2e+02 (2.2e-16 eps * 64 dim * 1.5e+16  max singular value)
    Estimated rank (data): 64
    data: rank 64 computed from 64 data channels with 0 projectors
Reducing data rank from 64 -> 64
Estimating class=0 covariance using LEDOIT_WOLF
Done.
Estimating class=1 covariance using LEDOIT_WOLF
Done.
Computing rank from data with rank=None
    Using tolerance 7.3e+02 (2.2e-16 eps * 64 dim * 5.1e+16  max singular value)
    Estimated rank (data): 64
    data: rank 64 computed from 64 data channels with 0 projectors
Reducing data rank from 64 -> 64
Estimating class=0 covariance using LEDOIT_WOLF
Done.
Estimating class=1 covariance using LEDOIT_WOLF
Done.
Computing rank from data with rank=None
    Using tolerance 6.6e+02 (2.2e-16 eps * 64 dim * 4.6e+16  max singular value)
    Estimated rank (data): 64
    data: rank 64 computed from 64 data channels with 0 projectors
Reducing data rank from 64 -> 64
Estimating class=0 covariance using LEDOIT_WOLF
Done.
Estimating class=1 covariance using LEDOIT_WOLF
Done.
Computing rank from data with rank=None
    Using tolerance 3.4e+02 (2.2e-16 eps * 64 dim * 2.4e+16  max singular value)
    Estimated rank (data): 64
    data: rank 64 computed from 64 data channels with 0 projectors
Reducing data rank from 64 -> 64
Estimating class=0 covariance using LEDOIT_WOLF
Done.
Estimating class=1 covariance using LEDOIT_WOLF
Done.
Computing rank from data with rank=None
    Using tolerance 2.9e+02 (2.2e-16 eps * 64 dim * 2e+16  max singular value)
    Estimated rank (data): 64
    data: rank 64 computed from 64 data channels with 0 projectors
Reducing data rank from 64 -> 64
Estimating class=0 covariance using LEDOIT_WOLF
Done.
Estimating class=1 covariance using LEDOIT_WOLF
Done.
Computing rank from data with rank=None
    Using tolerance 2.9e+02 (2.2e-16 eps * 64 dim * 2.1e+16  max singular value)
    Estimated rank (data): 64
    data: rank 64 computed from 64 data channels with 0 projectors
Reducing data rank from 64 -> 64
Estimating class=0 covariance using LEDOIT_WOLF
Done.
Estimating class=1 covariance using LEDOIT_WOLF
Done.
Computing rank from data with rank=None
    Using tolerance 3e+02 (2.2e-16 eps * 64 dim * 2.1e+16  max singular value)
    Estimated rank (data): 64
    data: rank 64 computed from 64 data channels with 0 projectors
Reducing data rank from 64 -> 64
Estimating class=0 covariance using LEDOIT_WOLF
Done.
Estimating class=1 covariance using LEDOIT_WOLF
Done.
Computing rank from data with rank=None
    Using tolerance 2.6e+02 (2.2e-16 eps * 64 dim * 1.8e+16  max singular value)
    Estimated rank (data): 64
    data: rank 64 computed from 64 data channels with 0 projectors
Reducing data rank from 64 -> 64
Estimating class=0 covariance using LEDOIT_WOLF
Done.
Estimating class=1 covariance using LEDOIT_WOLF
Done.
Computing rank from data with rank=None
    Using tolerance 2.1e+02 (2.2e-16 eps * 64 dim * 1.5e+16  max singular value)
    Estimated rank (data): 64
    data: rank 64 computed from 64 data channels with 0 projectors
Reducing data rank from 64 -> 64
Estimating class=0 covariance using LEDOIT_WOLF
Done.
Estimating class=1 covariance using LEDOIT_WOLF
Done.
Computing rank from data with rank=None
    Using tolerance 1.5e+02 (2.2e-16 eps * 64 dim * 1.1e+16  max singular value)
    Estimated rank (data): 64
    data: rank 64 computed from 64 data channels with 0 projectors
Reducing data rank from 64 -> 64
Estimating class=0 covariance using LEDOIT_WOLF
Done.
Estimating class=1 covariance using LEDOIT_WOLF
Done.
      pool treinado (236s) — serve aos 5 alvos do grupo
      S012 fold 0: acc3=0.379
      S012 fold 1: acc3=0.483
      S012 fold 2: acc3=0.517
      S034 fold 0: acc3=0.759
      S034 fold 1: acc3=0.862
      S034 fold 2: acc3=0.724
      S060 fold 0: acc3=0.414
      S060 fold 1: acc3=0.517
      S060 fold 2: acc3=0.552
      S091 fold 0: acc3=0.500
      S091 fold 1: acc3=0.600
      S091 fold 2: acc3=0.633
      S095 fold 0: acc3=0.536
      S095 fold 1: acc3=0.481
      S095 fold 2: acc3=0.370
  grupo 4/6 | alvos [25, 31, 87, 106, 108] | pool=98 (16min)
Computing rank from data with rank=None
    Using tolerance 1.1e+03 (2.2e-16 eps * 64 dim * 8e+16  max singular value)
    Estimated rank (data): 64
    data: rank 64 computed from 64 data channels with 0 projectors
Reducing data rank from 64 -> 64
Estimating class=0 covariance using LEDOIT_WOLF
Done.
Estimating class=1 covariance using LEDOIT_WOLF
Done.
Computing rank from data with rank=None
    Using tolerance 9.7e+02 (2.2e-16 eps * 64 dim * 6.8e+16  max singular value)
    Estimated rank (data): 64
    data: rank 64 computed from 64 data channels with 0 projectors
Reducing data rank from 64 -> 64
Estimating class=0 covariance using LEDOIT_WOLF
Done.
Estimating class=1 covariance using LEDOIT_WOLF
Done.
Computing rank from data with rank=None
    Using tolerance 5e+02 (2.2e-16 eps * 64 dim * 3.5e+16  max singular value)
    Estimated rank (data): 64
    data: rank 64 computed from 64 data channels with 0 projectors
Reducing data rank from 64 -> 64
Estimating class=0 covariance using LEDOIT_WOLF
Done.
Estimating class=1 covariance using LEDOIT_WOLF
Done.
Computing rank from data with rank=None
    Using tolerance 4.2e+02 (2.2e-16 eps * 64 dim * 2.9e+16  max singular value)
    Estimated rank (data): 64
    data: rank 64 computed from 64 data channels with 0 projectors
Reducing data rank from 64 -> 64
Estimating class=0 covariance using LEDOIT_WOLF
Done.
Estimating class=1 covariance using LEDOIT_WOLF
Done.
Computing rank from data with rank=None
    Using tolerance 4.2e+02 (2.2e-16 eps * 64 dim * 3e+16  max singular value)
    Estimated rank (data): 64
    data: rank 64 computed from 64 data channels with 0 projectors
Reducing data rank from 64 -> 64
Estimating class=0 covariance using LEDOIT_WOLF
Done.
Estimating class=1 covariance using LEDOIT_WOLF
Done.
Computing rank from data with rank=None
    Using tolerance 4.1e+02 (2.2e-16 eps * 64 dim * 2.9e+16  max singular value)
    Estimated rank (data): 64
    data: rank 64 computed from 64 data channels with 0 projectors
Reducing data rank from 64 -> 64
Estimating class=0 covariance using LEDOIT_WOLF
Done.
Estimating class=1 covariance using LEDOIT_WOLF
Done.
Computing rank from data with rank=None
    Using tolerance 3.7e+02 (2.2e-16 eps * 64 dim * 2.6e+16  max singular value)
    Estimated rank (data): 64
    data: rank 64 computed from 64 data channels with 0 projectors
Reducing data rank from 64 -> 64
Estimating class=0 covariance using LEDOIT_WOLF
Done.
Estimating class=1 covariance using LEDOIT_WOLF
Done.
Computing rank from data with rank=None
    Using tolerance 3e+02 (2.2e-16 eps * 64 dim * 2.1e+16  max singular value)
    Estimated rank (data): 64
    data: rank 64 computed from 64 data channels with 0 projectors
Reducing data rank from 64 -> 64
Estimating class=0 covariance using LEDOIT_WOLF
Done.
Estimating class=1 covariance using LEDOIT_WOLF
Done.
Computing rank from data with rank=None
    Using tolerance 2.1e+02 (2.2e-16 eps * 64 dim * 1.5e+16  max singular value)
    Estimated rank (data): 64
    data: rank 64 computed from 64 data channels with 0 projectors
Reducing data rank from 64 -> 64
Estimating class=0 covariance using LEDOIT_WOLF
Done.
Estimating class=1 covariance using LEDOIT_WOLF
Done.
Computing rank from data with rank=None
    Using tolerance 7.5e+02 (2.2e-16 eps * 64 dim * 5.3e+16  max singular value)
    Estimated rank (data): 64
    data: rank 64 computed from 64 data channels with 0 projectors
Reducing data rank from 64 -> 64
Estimating class=0 covariance using LEDOIT_WOLF
Done.
Estimating class=1 covariance using LEDOIT_WOLF
Done.
Computing rank from data with rank=None
    Using tolerance 6.4e+02 (2.2e-16 eps * 64 dim * 4.5e+16  max singular value)
    Estimated rank (data): 64
    data: rank 64 computed from 64 data channels with 0 projectors
Reducing data rank from 64 -> 64
Estimating class=0 covariance using LEDOIT_WOLF
Done.
Estimating class=1 covariance using LEDOIT_WOLF
Done.
Computing rank from data with rank=None
    Using tolerance 3.4e+02 (2.2e-16 eps * 64 dim * 2.4e+16  max singular value)
    Estimated rank (data): 64
    data: rank 64 computed from 64 data channels with 0 projectors
Reducing data rank from 64 -> 64
Estimating class=0 covariance using LEDOIT_WOLF
Done.
Estimating class=1 covariance using LEDOIT_WOLF
Done.
Computing rank from data with rank=None
    Using tolerance 2.9e+02 (2.2e-16 eps * 64 dim * 2e+16  max singular value)
    Estimated rank (data): 64
    data: rank 64 computed from 64 data channels with 0 projectors
Reducing data rank from 64 -> 64
Estimating class=0 covariance using LEDOIT_WOLF
Done.
Estimating class=1 covariance using LEDOIT_WOLF
Done.
Computing rank from data with rank=None
    Using tolerance 2.9e+02 (2.2e-16 eps * 64 dim * 2e+16  max singular value)
    Estimated rank (data): 64
    data: rank 64 computed from 64 data channels with 0 projectors
Reducing data rank from 64 -> 64
Estimating class=0 covariance using LEDOIT_WOLF
Done.
Estimating class=1 covariance using LEDOIT_WOLF
Done.
Computing rank from data with rank=None
    Using tolerance 2.9e+02 (2.2e-16 eps * 64 dim * 2e+16  max singular value)
    Estimated rank (data): 64
    data: rank 64 computed from 64 data channels with 0 projectors
Reducing data rank from 64 -> 64
Estimating class=0 covariance using LEDOIT_WOLF
Done.
Estimating class=1 covariance using LEDOIT_WOLF
Done.
Computing rank from data with rank=None
    Using tolerance 2.6e+02 (2.2e-16 eps * 64 dim * 1.8e+16  max singular value)
    Estimated rank (data): 64
    data: rank 64 computed from 64 data channels with 0 projectors
Reducing data rank from 64 -> 64
Estimating class=0 covariance using LEDOIT_WOLF
Done.
Estimating class=1 covariance using LEDOIT_WOLF
Done.
Computing rank from data with rank=None
    Using tolerance 2.1e+02 (2.2e-16 eps * 64 dim * 1.5e+16  max singular value)
    Estimated rank (data): 64
    data: rank 64 computed from 64 data channels with 0 projectors
Reducing data rank from 64 -> 64
Estimating class=0 covariance using LEDOIT_WOLF
Done.
Estimating class=1 covariance using LEDOIT_WOLF
Done.
Computing rank from data with rank=None
    Using tolerance 1.5e+02 (2.2e-16 eps * 64 dim * 1.1e+16  max singular value)
    Estimated rank (data): 64
    data: rank 64 computed from 64 data channels with 0 projectors
Reducing data rank from 64 -> 64
Estimating class=0 covariance using LEDOIT_WOLF
Done.
Estimating class=1 covariance using LEDOIT_WOLF
Done.
      pool treinado (236s) — serve aos 5 alvos do grupo
      S025 fold 0: acc3=0.759
      S025 fold 1: acc3=0.828
      S025 fold 2: acc3=0.552
      S031 fold 0: acc3=0.552
      S031 fold 1: acc3=0.690
      S031 fold 2: acc3=0.621
      S087 fold 0: acc3=0.414
      S087 fold 1: acc3=0.571
      S087 fold 2: acc3=0.321
      S106 fold 0: acc3=0.667
      S106 fold 1: acc3=0.567
      S106 fold 2: acc3=0.600
      S108 fold 0: acc3=0.393
      S108 fold 1: acc3=0.536
      S108 fold 2: acc3=0.370
  grupo 5/6 | alvos [41, 45, 63, 83, 105] | pool=98 (20min)
Computing rank from data with rank=None
    Using tolerance 1.1e+03 (2.2e-16 eps * 64 dim * 8.1e+16  max singular value)
    Estimated rank (data): 64
    data: rank 64 computed from 64 data channels with 0 projectors
Reducing data rank from 64 -> 64
Estimating class=0 covariance using LEDOIT_WOLF
Done.
Estimating class=1 covariance using LEDOIT_WOLF
Done.
Computing rank from data with rank=None
    Using tolerance 9.9e+02 (2.2e-16 eps * 64 dim * 7e+16  max singular value)
    Estimated rank (data): 64
    data: rank 64 computed from 64 data channels with 0 projectors
Reducing data rank from 64 -> 64
Estimating class=0 covariance using LEDOIT_WOLF
Done.
Estimating class=1 covariance using LEDOIT_WOLF
Done.
Computing rank from data with rank=None
    Using tolerance 5.1e+02 (2.2e-16 eps * 64 dim * 3.6e+16  max singular value)
    Estimated rank (data): 64
    data: rank 64 computed from 64 data channels with 0 projectors
Reducing data rank from 64 -> 64
Estimating class=0 covariance using LEDOIT_WOLF
Done.
Estimating class=1 covariance using LEDOIT_WOLF
Done.
Computing rank from data with rank=None
    Using tolerance 4.2e+02 (2.2e-16 eps * 64 dim * 3e+16  max singular value)
    Estimated rank (data): 64
    data: rank 64 computed from 64 data channels with 0 projectors
Reducing data rank from 64 -> 64
Estimating class=0 covariance using LEDOIT_WOLF
Done.
Estimating class=1 covariance using LEDOIT_WOLF
Done.
Computing rank from data with rank=None
    Using tolerance 4.2e+02 (2.2e-16 eps * 64 dim * 3e+16  max singular value)
    Estimated rank (data): 64
    data: rank 64 computed from 64 data channels with 0 projectors
Reducing data rank from 64 -> 64
Estimating class=0 covariance using LEDOIT_WOLF
Done.
Estimating class=1 covariance using LEDOIT_WOLF
Done.
Computing rank from data with rank=None
    Using tolerance 4.2e+02 (2.2e-16 eps * 64 dim * 2.9e+16  max singular value)
    Estimated rank (data): 64
    data: rank 64 computed from 64 data channels with 0 projectors
Reducing data rank from 64 -> 64
Estimating class=0 covariance using LEDOIT_WOLF
Done.
Estimating class=1 covariance using LEDOIT_WOLF
Done.
Computing rank from data with rank=None
    Using tolerance 3.7e+02 (2.2e-16 eps * 64 dim * 2.6e+16  max singular value)
    Estimated rank (data): 64
    data: rank 64 computed from 64 data channels with 0 projectors
Reducing data rank from 64 -> 64
Estimating class=0 covariance using LEDOIT_WOLF
Done.
Estimating class=1 covariance using LEDOIT_WOLF
Done.
Computing rank from data with rank=None
    Using tolerance 3e+02 (2.2e-16 eps * 64 dim * 2.1e+16  max singular value)
    Estimated rank (data): 64
    data: rank 64 computed from 64 data channels with 0 projectors
Reducing data rank from 64 -> 64
Estimating class=0 covariance using LEDOIT_WOLF
Done.
Estimating class=1 covariance using LEDOIT_WOLF
Done.
Computing rank from data with rank=None
    Using tolerance 2.2e+02 (2.2e-16 eps * 64 dim * 1.5e+16  max singular value)
    Estimated rank (data): 64
    data: rank 64 computed from 64 data channels with 0 projectors
Reducing data rank from 64 -> 64
Estimating class=0 covariance using LEDOIT_WOLF
Done.
Estimating class=1 covariance using LEDOIT_WOLF
Done.
Computing rank from data with rank=None
    Using tolerance 7.6e+02 (2.2e-16 eps * 64 dim * 5.4e+16  max singular value)
    Estimated rank (data): 64
    data: rank 64 computed from 64 data channels with 0 projectors
Reducing data rank from 64 -> 64
Estimating class=0 covariance using LEDOIT_WOLF
Done.
Estimating class=1 covariance using LEDOIT_WOLF
Done.
Computing rank from data with rank=None
    Using tolerance 6.6e+02 (2.2e-16 eps * 64 dim * 4.7e+16  max singular value)
    Estimated rank (data): 64
    data: rank 64 computed from 64 data channels with 0 projectors
Reducing data rank from 64 -> 64
Estimating class=0 covariance using LEDOIT_WOLF
Done.
Estimating class=1 covariance using LEDOIT_WOLF
Done.
Computing rank from data with rank=None
    Using tolerance 3.5e+02 (2.2e-16 eps * 64 dim * 2.4e+16  max singular value)
    Estimated rank (data): 64
    data: rank 64 computed from 64 data channels with 0 projectors
Reducing data rank from 64 -> 64
Estimating class=0 covariance using LEDOIT_WOLF
Done.
Estimating class=1 covariance using LEDOIT_WOLF
Done.
Computing rank from data with rank=None
    Using tolerance 2.9e+02 (2.2e-16 eps * 64 dim * 2.1e+16  max singular value)
    Estimated rank (data): 64
    data: rank 64 computed from 64 data channels with 0 projectors
Reducing data rank from 64 -> 64
Estimating class=0 covariance using LEDOIT_WOLF
Done.
Estimating class=1 covariance using LEDOIT_WOLF
Done.
Computing rank from data with rank=None
    Using tolerance 2.9e+02 (2.2e-16 eps * 64 dim * 2.1e+16  max singular value)
    Estimated rank (data): 64
    data: rank 64 computed from 64 data channels with 0 projectors
Reducing data rank from 64 -> 64
Estimating class=0 covariance using LEDOIT_WOLF
Done.
Estimating class=1 covariance using LEDOIT_WOLF
Done.
Computing rank from data with rank=None
    Using tolerance 2.9e+02 (2.2e-16 eps * 64 dim * 2.1e+16  max singular value)
    Estimated rank (data): 64
    data: rank 64 computed from 64 data channels with 0 projectors
Reducing data rank from 64 -> 64
Estimating class=0 covariance using LEDOIT_WOLF
Done.
Estimating class=1 covariance using LEDOIT_WOLF
Done.
Computing rank from data with rank=None
    Using tolerance 2.6e+02 (2.2e-16 eps * 64 dim * 1.8e+16  max singular value)
    Estimated rank (data): 64
    data: rank 64 computed from 64 data channels with 0 projectors
Reducing data rank from 64 -> 64
Estimating class=0 covariance using LEDOIT_WOLF
Done.
Estimating class=1 covariance using LEDOIT_WOLF
Done.
Computing rank from data with rank=None
    Using tolerance 2.1e+02 (2.2e-16 eps * 64 dim * 1.5e+16  max singular value)
    Estimated rank (data): 64
    data: rank 64 computed from 64 data channels with 0 projectors
Reducing data rank from 64 -> 64
Estimating class=0 covariance using LEDOIT_WOLF
Done.
Estimating class=1 covariance using LEDOIT_WOLF
Done.
Computing rank from data with rank=None
    Using tolerance 1.5e+02 (2.2e-16 eps * 64 dim * 1.1e+16  max singular value)
    Estimated rank (data): 64
    data: rank 64 computed from 64 data channels with 0 projectors
Reducing data rank from 64 -> 64
Estimating class=0 covariance using LEDOIT_WOLF
Done.
Estimating class=1 covariance using LEDOIT_WOLF
Done.
      pool treinado (418s) — serve aos 5 alvos do grupo
      S041 fold 0: acc3=0.533
      S041 fold 1: acc3=0.621
      S041 fold 2: acc3=0.655
      S045 fold 0: acc3=0.600
      S045 fold 1: acc3=0.667
      S045 fold 2: acc3=0.690
      S063 fold 0: acc3=0.448
      S063 fold 1: acc3=0.621
      S063 fold 2: acc3=0.621
      S083 fold 0: acc3=0.267
      S083 fold 1: acc3=0.586
      S083 fold 2: acc3=0.517
      S105 fold 0: acc3=0.600
      S105 fold 1: acc3=0.500
      S105 fold 2: acc3=0.433
  grupo 6/6 | alvos [18, 49, 68, 76, 98] | pool=98 (27min)
Computing rank from data with rank=None
    Using tolerance 1.1e+03 (2.2e-16 eps * 64 dim * 8e+16  max singular value)
    Estimated rank (data): 64
    data: rank 64 computed from 64 data channels with 0 projectors
Reducing data rank from 64 -> 64
Estimating class=0 covariance using LEDOIT_WOLF
Done.
Estimating class=1 covariance using LEDOIT_WOLF
Done.
Computing rank from data with rank=None
    Using tolerance 1e+03 (2.2e-16 eps * 64 dim * 7e+16  max singular value)
    Estimated rank (data): 64
    data: rank 64 computed from 64 data channels with 0 projectors
Reducing data rank from 64 -> 64
Estimating class=0 covariance using LEDOIT_WOLF
Done.
Estimating class=1 covariance using LEDOIT_WOLF
Done.
Computing rank from data with rank=None
    Using tolerance 5.1e+02 (2.2e-16 eps * 64 dim * 3.6e+16  max singular value)
    Estimated rank (data): 64
    data: rank 64 computed from 64 data channels with 0 projectors
Reducing data rank from 64 -> 64
Estimating class=0 covariance using LEDOIT_WOLF
Done.
Estimating class=1 covariance using LEDOIT_WOLF
Done.
Computing rank from data with rank=None
    Using tolerance 4.2e+02 (2.2e-16 eps * 64 dim * 3e+16  max singular value)
    Estimated rank (data): 64
    data: rank 64 computed from 64 data channels with 0 projectors
Reducing data rank from 64 -> 64
Estimating class=0 covariance using LEDOIT_WOLF
Done.
Estimating class=1 covariance using LEDOIT_WOLF
Done.
Computing rank from data with rank=None
    Using tolerance 4.2e+02 (2.2e-16 eps * 64 dim * 3e+16  max singular value)
    Estimated rank (data): 64
    data: rank 64 computed from 64 data channels with 0 projectors
Reducing data rank from 64 -> 64
Estimating class=0 covariance using LEDOIT_WOLF
Done.
Estimating class=1 covariance using LEDOIT_WOLF
Done.
Computing rank from data with rank=None
    Using tolerance 4.2e+02 (2.2e-16 eps * 64 dim * 2.9e+16  max singular value)
    Estimated rank (data): 64
    data: rank 64 computed from 64 data channels with 0 projectors
Reducing data rank from 64 -> 64
Estimating class=0 covariance using LEDOIT_WOLF
Done.
Estimating class=1 covariance using LEDOIT_WOLF
Done.
Computing rank from data with rank=None
    Using tolerance 3.7e+02 (2.2e-16 eps * 64 dim * 2.6e+16  max singular value)
    Estimated rank (data): 64
    data: rank 64 computed from 64 data channels with 0 projectors
Reducing data rank from 64 -> 64
Estimating class=0 covariance using LEDOIT_WOLF
Done.
Estimating class=1 covariance using LEDOIT_WOLF
Done.
Computing rank from data with rank=None
    Using tolerance 3.1e+02 (2.2e-16 eps * 64 dim * 2.2e+16  max singular value)
    Estimated rank (data): 64
    data: rank 64 computed from 64 data channels with 0 projectors
Reducing data rank from 64 -> 64
Estimating class=0 covariance using LEDOIT_WOLF
Done.
Estimating class=1 covariance using LEDOIT_WOLF
Done.
Computing rank from data with rank=None
    Using tolerance 2.2e+02 (2.2e-16 eps * 64 dim * 1.5e+16  max singular value)
    Estimated rank (data): 64
    data: rank 64 computed from 64 data channels with 0 projectors
Reducing data rank from 64 -> 64
Estimating class=0 covariance using LEDOIT_WOLF
Done.
Estimating class=1 covariance using LEDOIT_WOLF
Done.
Computing rank from data with rank=None
    Using tolerance 7.6e+02 (2.2e-16 eps * 64 dim * 5.3e+16  max singular value)
    Estimated rank (data): 64
    data: rank 64 computed from 64 data channels with 0 projectors
Reducing data rank from 64 -> 64
Estimating class=0 covariance using LEDOIT_WOLF
Done.
Estimating class=1 covariance using LEDOIT_WOLF
Done.
Computing rank from data with rank=None
    Using tolerance 6.7e+02 (2.2e-16 eps * 64 dim * 4.7e+16  max singular value)
    Estimated rank (data): 64
    data: rank 64 computed from 64 data channels with 0 projectors
Reducing data rank from 64 -> 64
Estimating class=0 covariance using LEDOIT_WOLF
Done.
Estimating class=1 covariance using LEDOIT_WOLF
Done.
Computing rank from data with rank=None
    Using tolerance 3.5e+02 (2.2e-16 eps * 64 dim * 2.4e+16  max singular value)
    Estimated rank (data): 64
    data: rank 64 computed from 64 data channels with 0 projectors
Reducing data rank from 64 -> 64
Estimating class=0 covariance using LEDOIT_WOLF
Done.
Estimating class=1 covariance using LEDOIT_WOLF
Done.
Computing rank from data with rank=None
    Using tolerance 2.9e+02 (2.2e-16 eps * 64 dim * 2e+16  max singular value)
    Estimated rank (data): 64
    data: rank 64 computed from 64 data channels with 0 projectors
Reducing data rank from 64 -> 64
Estimating class=0 covariance using LEDOIT_WOLF
Done.
Estimating class=1 covariance using LEDOIT_WOLF
Done.
Computing rank from data with rank=None
    Using tolerance 2.9e+02 (2.2e-16 eps * 64 dim * 2.1e+16  max singular value)
    Estimated rank (data): 64
    data: rank 64 computed from 64 data channels with 0 projectors
Reducing data rank from 64 -> 64
Estimating class=0 covariance using LEDOIT_WOLF
Done.
Estimating class=1 covariance using LEDOIT_WOLF
Done.
Computing rank from data with rank=None
    Using tolerance 3e+02 (2.2e-16 eps * 64 dim * 2.1e+16  max singular value)
    Estimated rank (data): 64
    data: rank 64 computed from 64 data channels with 0 projectors
Reducing data rank from 64 -> 64
Estimating class=0 covariance using LEDOIT_WOLF
Done.
Estimating class=1 covariance using LEDOIT_WOLF
Done.
Computing rank from data with rank=None
    Using tolerance 2.6e+02 (2.2e-16 eps * 64 dim * 1.8e+16  max singular value)
    Estimated rank (data): 64
    data: rank 64 computed from 64 data channels with 0 projectors
Reducing data rank from 64 -> 64
Estimating class=0 covariance using LEDOIT_WOLF
Done.
Estimating class=1 covariance using LEDOIT_WOLF
Done.
Computing rank from data with rank=None
    Using tolerance 2.2e+02 (2.2e-16 eps * 64 dim * 1.5e+16  max singular value)
    Estimated rank (data): 64
    data: rank 64 computed from 64 data channels with 0 projectors
Reducing data rank from 64 -> 64
Estimating class=0 covariance using LEDOIT_WOLF
Done.
Estimating class=1 covariance using LEDOIT_WOLF
Done.
Computing rank from data with rank=None
    Using tolerance 1.5e+02 (2.2e-16 eps * 64 dim * 1.1e+16  max singular value)
    Estimated rank (data): 64
    data: rank 64 computed from 64 data channels with 0 projectors
Reducing data rank from 64 -> 64
Estimating class=0 covariance using LEDOIT_WOLF
Done.
Estimating class=1 covariance using LEDOIT_WOLF
Done.
      pool treinado (271s) — serve aos 5 alvos do grupo
      S018 fold 0: acc3=0.767
      S018 fold 1: acc3=0.467
      S018 fold 2: acc3=0.500
      S049 fold 0: acc3=0.621
      S049 fold 1: acc3=0.483
      S049 fold 2: acc3=0.679
      S068 fold 0: acc3=0.600
      S068 fold 1: acc3=0.483
      S068 fold 2: acc3=0.414
      S076 fold 0: acc3=0.448
      S076 fold 1: acc3=0.414
      S076 fold 2: acc3=0.586
      S098 fold 0: acc3=0.500
      S098 fold 1: acc3=0.567
      S098 fold 2: acc3=0.500

BENCH_MONTAGENS_DONE (32min)
CUDA=True | montagens=['64'] | modelos=['riemannian'] | alvos=30 | folds=3
  contrato 5cb6c6358c | banda 4-40 Hz ordem 5 | CAR on | IQR k=1.5 | calib 48 | fases mi
  aninhamento 2<4<8<16<21<32<64 verificado
  montagem      E  D centro  simetria
  64           27 27     10  sim
  32           14 14      4  sim
  21            9  8      4  NAO (aceita por decisao)
  16            6  6      4  sim
  8             3  3      2  sim
  4             2  2      0  sim
  2             1  1      0  sim
  3             1  1      1  sim
  sem_fz        4  3      1  NAO (aceita por decisao)
  posterior8    4  4      0  sim
  ocular4       2  2      0  sim
  celulas gemeas pendentes: riemannian.banda_do_artigo (rodar de novo com --banda 8 30)
  6 grupos de alvos (semente 42), pool = 98 sujeitos:
    grupo 1: [3, 22, 57, 102, 107]
    grupo 2: [7, 52, 71, 79, 109]
    grupo 3: [12, 34, 60, 91, 95]
    grupo 4: [25, 31, 87, 106, 108]
    grupo 5: [41, 45, 63, 83, 105]
    grupo 6: [18, 49, 68, 76, 98]
  retomando: 1260 celulas ja concluidas sob 5cb6c6358c

==============================================================
  MONTAGEM 64 (64 canais) | MODELO riemannian | 0min
==============================================================
  grupo 1/6 | alvos [3, 22, 57, 102, 107] | pool=98 (0min)
      pool treinado (40s) — serve aos 5 alvos do grupo
      S003 fold 0: acc3=0.567
      S003 fold 1: acc3=0.600
      S003 fold 2: acc3=0.633
      S022 fold 0: acc3=0.567
      S022 fold 1: acc3=0.567
      S022 fold 2: acc3=0.667
      S057 fold 0: acc3=0.633
      S057 fold 1: acc3=0.500
      S057 fold 2: acc3=0.667
      S102 fold 0: acc3=0.793
      S102 fold 1: acc3=0.759
      S102 fold 2: acc3=0.786
      S107 fold 0: acc3=0.333
      S107 fold 1: acc3=0.433
      S107 fold 2: acc3=0.533
  grupo 2/6 | alvos [7, 52, 71, 79, 109] | pool=98 (1min)
      pool treinado (40s) — serve aos 5 alvos do grupo
      S007 fold 0: acc3=0.733
      S007 fold 1: acc3=0.933
      S007 fold 2: acc3=0.828
      S052 fold 0: acc3=0.700
      S052 fold 1: acc3=0.767
      S052 fold 2: acc3=0.700
      S071 fold 0: acc3=0.533
      S071 fold 1: acc3=0.600
      S071 fold 2: acc3=0.733
      S079 fold 0: acc3=0.367
      S079 fold 1: acc3=0.767
      S079 fold 2: acc3=0.433
      S109 fold 0: acc3=0.500
      S109 fold 1: acc3=0.379
      S109 fold 2: acc3=0.552
  grupo 3/6 | alvos [12, 34, 60, 91, 95] | pool=98 (2min)
      pool treinado (42s) — serve aos 5 alvos do grupo
      S012 fold 0: acc3=0.621
      S012 fold 1: acc3=0.621
      S012 fold 2: acc3=0.793
      S034 fold 0: acc3=0.828
      S034 fold 1: acc3=0.793
      S034 fold 2: acc3=0.690
      S060 fold 0: acc3=0.586
      S060 fold 1: acc3=0.621
      S060 fold 2: acc3=0.655
      S091 fold 0: acc3=0.400
      S091 fold 1: acc3=0.633
      S091 fold 2: acc3=0.567
      S095 fold 0: acc3=0.286
      S095 fold 1: acc3=0.519
      S095 fold 2: acc3=0.444
  grupo 4/6 | alvos [25, 31, 87, 106, 108] | pool=98 (3min)
      pool treinado (41s) — serve aos 5 alvos do grupo
      S025 fold 0: acc3=0.724
      S025 fold 1: acc3=0.586
      S025 fold 2: acc3=0.724
      S031 fold 0: acc3=0.828
      S031 fold 1: acc3=0.793
      S031 fold 2: acc3=0.828
      S087 fold 0: acc3=0.414
      S087 fold 1: acc3=0.429
      S087 fold 2: acc3=0.393
      S106 fold 0: acc3=0.500
      S106 fold 1: acc3=0.467
      S106 fold 2: acc3=0.433
      S108 fold 0: acc3=0.464
      S108 fold 1: acc3=0.643
      S108 fold 2: acc3=0.593
  grupo 5/6 | alvos [41, 45, 63, 83, 105] | pool=98 (4min)
      pool treinado (42s) — serve aos 5 alvos do grupo
      S041 fold 0: acc3=0.467
      S041 fold 1: acc3=0.655
      S041 fold 2: acc3=0.621
      S045 fold 0: acc3=0.600
      S045 fold 1: acc3=0.567
      S045 fold 2: acc3=0.586
      S063 fold 0: acc3=0.621
      S063 fold 1: acc3=0.586
      S063 fold 2: acc3=0.586
      S083 fold 0: acc3=0.567
      S083 fold 1: acc3=0.655
      S083 fold 2: acc3=0.724
      S105 fold 0: acc3=0.567
      S105 fold 1: acc3=0.500
      S105 fold 2: acc3=0.500
  grupo 6/6 | alvos [18, 49, 68, 76, 98] | pool=98 (4min)
      pool treinado (42s) — serve aos 5 alvos do grupo
      S018 fold 0: acc3=0.567
      S018 fold 1: acc3=0.700
      S018 fold 2: acc3=0.633
      S049 fold 0: acc3=0.724
      S049 fold 1: acc3=0.552
      S049 fold 2: acc3=0.786
      S068 fold 0: acc3=0.667
      S068 fold 1: acc3=0.517
      S068 fold 2: acc3=0.552
      S076 fold 0: acc3=0.621
      S076 fold 1: acc3=0.586
      S076 fold 2: acc3=0.483
      S098 fold 0: acc3=0.567
      S098 fold 1: acc3=0.667
      S098 fold 2: acc3=0.600

BENCH_MONTAGENS_DONE (5min)
CUDA=True | montagens=['2'] | modelos=['csp_lda'] | alvos=30 | folds=3
  contrato 5cb6c6358c | banda 4-40 Hz ordem 5 | CAR on | IQR k=1.5 | calib 48 | fases mi
  aninhamento 2<4<8<16<21<32<64 verificado
  montagem      E  D centro  simetria
  64           27 27     10  sim
  32           14 14      4  sim
  21            9  8      4  NAO (aceita por decisao)
  16            6  6      4  sim
  8             3  3      2  sim
  4             2  2      0  sim
  2             1  1      0  sim
  3             1  1      1  sim
  sem_fz        4  3      1  NAO (aceita por decisao)
  posterior8    4  4      0  sim
  ocular4       2  2      0  sim
  6 grupos de alvos (semente 42), pool = 98 sujeitos:
    grupo 1: [3, 22, 57, 102, 107]
    grupo 2: [7, 52, 71, 79, 109]
    grupo 3: [12, 34, 60, 91, 95]
    grupo 4: [25, 31, 87, 106, 108]
    grupo 5: [41, 45, 63, 83, 105]
    grupo 6: [18, 49, 68, 76, 98]
  retomando: 1350 celulas ja concluidas sob 5cb6c6358c

==============================================================
  MONTAGEM 2 (2 canais) | MODELO csp_lda | 0min
==============================================================
  grupo 1/6 | alvos [3, 22, 57, 102, 107] | pool=98 (0min)
Computing rank from data with rank=None
    Using tolerance 13 (2.2e-16 eps * 2 dim * 2.9e+16  max singular value)
    Estimated rank (data): 2
    data: rank 2 computed from 2 data channels with 0 projectors
Reducing data rank from 2 -> 2
Estimating class=0 covariance using LEDOIT_WOLF
Done.
Estimating class=1 covariance using LEDOIT_WOLF
Done.
Computing rank from data with rank=None
    Using tolerance 9 (2.2e-16 eps * 2 dim * 2e+16  max singular value)
    Estimated rank (data): 2
    data: rank 2 computed from 2 data channels with 0 projectors
Reducing data rank from 2 -> 2
Estimating class=0 covariance using LEDOIT_WOLF
Done.
Estimating class=1 covariance using LEDOIT_WOLF
Done.
      pool treinado (0s) — serve aos 5 alvos do grupo
      S003 fold 0: acc3=0.500
      S003 fold 1: acc3=0.536
      S003 fold 2: acc3=0.429
      S022 fold 0: acc3=0.621
      S022 fold 1: acc3=0.429
      S022 fold 2: acc3=0.536
      S057 fold 0: acc3=0.400
      S057 fold 1: acc3=0.367
      S057 fold 2: acc3=0.345
      S102 fold 0: acc3=0.500
      S102 fold 1: acc3=0.414
      S102 fold 2: acc3=0.379
      S107 fold 0: acc3=0.400
      S107 fold 1: acc3=0.276
      S107 fold 2: acc3=0.414
  grupo 2/6 | alvos [7, 52, 71, 79, 109] | pool=98 (0min)
Computing rank from data with rank=None
    Using tolerance 8.9 (2.2e-16 eps * 2 dim * 2e+16  max singular value)
    Estimated rank (data): 2
    data: rank 2 computed from 2 data channels with 0 projectors
Reducing data rank from 2 -> 2
Estimating class=0 covariance using LEDOIT_WOLF
Done.
Estimating class=1 covariance using LEDOIT_WOLF
Done.
Computing rank from data with rank=None
    Using tolerance 6 (2.2e-16 eps * 2 dim * 1.4e+16  max singular value)
    Estimated rank (data): 2
    data: rank 2 computed from 2 data channels with 0 projectors
Reducing data rank from 2 -> 2
Estimating class=0 covariance using LEDOIT_WOLF
Done.
Estimating class=1 covariance using LEDOIT_WOLF
Done.
      pool treinado (0s) — serve aos 5 alvos do grupo
      S007 fold 0: acc3=0.586
      S007 fold 1: acc3=0.379
      S007 fold 2: acc3=0.517
      S052 fold 0: acc3=0.600
      S052 fold 1: acc3=0.733
      S052 fold 2: acc3=0.467
      S071 fold 0: acc3=0.400
      S071 fold 1: acc3=0.483
      S071 fold 2: acc3=0.414
      S079 fold 0: acc3=0.207
      S079 fold 1: acc3=0.345
      S079 fold 2: acc3=0.379
      S109 fold 0: acc3=0.367
      S109 fold 1: acc3=0.448
      S109 fold 2: acc3=0.414
  grupo 3/6 | alvos [12, 34, 60, 91, 95] | pool=98 (0min)
Computing rank from data with rank=None
    Using tolerance 13 (2.2e-16 eps * 2 dim * 2.9e+16  max singular value)
    Estimated rank (data): 2
    data: rank 2 computed from 2 data channels with 0 projectors
Reducing data rank from 2 -> 2
Estimating class=0 covariance using LEDOIT_WOLF
Done.
Estimating class=1 covariance using LEDOIT_WOLF
Done.
Computing rank from data with rank=None
    Using tolerance 8.9 (2.2e-16 eps * 2 dim * 2e+16  max singular value)
    Estimated rank (data): 2
    data: rank 2 computed from 2 data channels with 0 projectors
Reducing data rank from 2 -> 2
Estimating class=0 covariance using LEDOIT_WOLF
Done.
Estimating class=1 covariance using LEDOIT_WOLF
Done.
      pool treinado (0s) — serve aos 5 alvos do grupo
      S012 fold 0: acc3=0.414
      S012 fold 1: acc3=0.214
      S012 fold 2: acc3=0.286
      S034 fold 0: acc3=0.633
      S034 fold 1: acc3=0.733
      S034 fold 2: acc3=0.517
      S060 fold 0: acc3=0.433
      S060 fold 1: acc3=0.483
      S060 fold 2: acc3=0.483
      S091 fold 0: acc3=0.267
      S091 fold 1: acc3=0.367
      S091 fold 2: acc3=0.310
      S095 fold 0: acc3=0.467
      S095 fold 1: acc3=0.448
      S095 fold 2: acc3=0.448
  grupo 4/6 | alvos [25, 31, 87, 106, 108] | pool=98 (0min)
Computing rank from data with rank=None
    Using tolerance 13 (2.2e-16 eps * 2 dim * 2.9e+16  max singular value)
    Estimated rank (data): 2
    data: rank 2 computed from 2 data channels with 0 projectors
Reducing data rank from 2 -> 2
Estimating class=0 covariance using LEDOIT_WOLF
Done.
Estimating class=1 covariance using LEDOIT_WOLF
Done.
Computing rank from data with rank=None
    Using tolerance 8.9 (2.2e-16 eps * 2 dim * 2e+16  max singular value)
    Estimated rank (data): 2
    data: rank 2 computed from 2 data channels with 0 projectors
Reducing data rank from 2 -> 2
Estimating class=0 covariance using LEDOIT_WOLF
Done.
Estimating class=1 covariance using LEDOIT_WOLF
Done.
      pool treinado (0s) — serve aos 5 alvos do grupo
      S025 fold 0: acc3=0.467
      S025 fold 1: acc3=0.483
      S025 fold 2: acc3=0.483
      S031 fold 0: acc3=0.379
      S031 fold 1: acc3=0.276
      S031 fold 2: acc3=0.500
      S087 fold 0: acc3=0.276
      S087 fold 1: acc3=0.414
      S087 fold 2: acc3=0.286
      S106 fold 0: acc3=0.448
      S106 fold 1: acc3=0.552
      S106 fold 2: acc3=0.393
      S108 fold 0: acc3=0.167
      S108 fold 1: acc3=0.207
      S108 fold 2: acc3=0.310
  grupo 5/6 | alvos [41, 45, 63, 83, 105] | pool=98 (0min)
Computing rank from data with rank=None
    Using tolerance 13 (2.2e-16 eps * 2 dim * 2.9e+16  max singular value)
    Estimated rank (data): 2
    data: rank 2 computed from 2 data channels with 0 projectors
Reducing data rank from 2 -> 2
Estimating class=0 covariance using LEDOIT_WOLF
Done.
Estimating class=1 covariance using LEDOIT_WOLF
Done.
Computing rank from data with rank=None
    Using tolerance 9 (2.2e-16 eps * 2 dim * 2e+16  max singular value)
    Estimated rank (data): 2
    data: rank 2 computed from 2 data channels with 0 projectors
Reducing data rank from 2 -> 2
Estimating class=0 covariance using LEDOIT_WOLF
Done.
Estimating class=1 covariance using LEDOIT_WOLF
Done.
      pool treinado (0s) — serve aos 5 alvos do grupo
      S041 fold 0: acc3=0.467
      S041 fold 1: acc3=0.367
      S041 fold 2: acc3=0.483
      S045 fold 0: acc3=0.333
      S045 fold 1: acc3=0.517
      S045 fold 2: acc3=0.414
      S063 fold 0: acc3=0.393
      S063 fold 1: acc3=0.286
      S063 fold 2: acc3=0.357
      S083 fold 0: acc3=0.414
      S083 fold 1: acc3=0.483
      S083 fold 2: acc3=0.310
      S105 fold 0: acc3=0.500
      S105 fold 1: acc3=0.517
      S105 fold 2: acc3=0.517
  grupo 6/6 | alvos [18, 49, 68, 76, 98] | pool=98 (1min)
Computing rank from data with rank=None
    Using tolerance 13 (2.2e-16 eps * 2 dim * 2.9e+16  max singular value)
    Estimated rank (data): 2
    data: rank 2 computed from 2 data channels with 0 projectors
Reducing data rank from 2 -> 2
Estimating class=0 covariance using LEDOIT_WOLF
Done.
Estimating class=1 covariance using LEDOIT_WOLF
Done.
Computing rank from data with rank=None
    Using tolerance 9 (2.2e-16 eps * 2 dim * 2e+16  max singular value)
    Estimated rank (data): 2
    data: rank 2 computed from 2 data channels with 0 projectors
Reducing data rank from 2 -> 2
Estimating class=0 covariance using LEDOIT_WOLF
Done.
Estimating class=1 covariance using LEDOIT_WOLF
Done.
      pool treinado (0s) — serve aos 5 alvos do grupo
      S018 fold 0: acc3=0.333
      S018 fold 1: acc3=0.300
      S018 fold 2: acc3=0.310
      S049 fold 0: acc3=0.367
      S049 fold 1: acc3=0.467
      S049 fold 2: acc3=0.483
      S068 fold 0: acc3=0.433
      S068 fold 1: acc3=0.267
      S068 fold 2: acc3=0.483
      S076 fold 0: acc3=0.500
      S076 fold 1: acc3=0.433
      S076 fold 2: acc3=0.414
      S098 fold 0: acc3=0.367
      S098 fold 1: acc3=0.367
      S098 fold 2: acc3=0.414

BENCH_MONTAGENS_DONE (1min)
CUDA=True | montagens=['2'] | modelos=['fbcsp_svm'] | alvos=30 | folds=3
  contrato 5cb6c6358c | banda 4-40 Hz ordem 5 | CAR on | IQR k=1.5 | calib 48 | fases mi
  aninhamento 2<4<8<16<21<32<64 verificado
  montagem      E  D centro  simetria
  64           27 27     10  sim
  32           14 14      4  sim
  21            9  8      4  NAO (aceita por decisao)
  16            6  6      4  sim
  8             3  3      2  sim
  4             2  2      0  sim
  2             1  1      0  sim
  3             1  1      1  sim
  sem_fz        4  3      1  NAO (aceita por decisao)
  posterior8    4  4      0  sim
  ocular4       2  2      0  sim
  6 grupos de alvos (semente 42), pool = 98 sujeitos:
    grupo 1: [3, 22, 57, 102, 107]
    grupo 2: [7, 52, 71, 79, 109]
    grupo 3: [12, 34, 60, 91, 95]
    grupo 4: [25, 31, 87, 106, 108]
    grupo 5: [41, 45, 63, 83, 105]
    grupo 6: [18, 49, 68, 76, 98]
  retomando: 1440 celulas ja concluidas sob 5cb6c6358c

==============================================================
  MONTAGEM 2 (2 canais) | MODELO fbcsp_svm | 0min
==============================================================
  grupo 1/6 | alvos [3, 22, 57, 102, 107] | pool=98 (0min)
Computing rank from data with rank=None
    Using tolerance 6.5 (2.2e-16 eps * 2 dim * 1.5e+16  max singular value)
    Estimated rank (data): 1
    data: rank 1 computed from 2 data channels with 0 projectors
    Setting small data eigenvalues to zero (without PCA)
Reducing data rank from 2 -> 1
Estimating class=0 covariance using LEDOIT_WOLF
Done.
Estimating class=1 covariance using LEDOIT_WOLF
Done.
    Setting small data eigenvalues to zero (without PCA)
Computing rank from data with rank=None
    Using tolerance 6.3 (2.2e-16 eps * 2 dim * 1.4e+16  max singular value)
    Estimated rank (data): 2
    data: rank 2 computed from 2 data channels with 0 projectors
Reducing data rank from 2 -> 2
Estimating class=0 covariance using LEDOIT_WOLF
Done.
Estimating class=1 covariance using LEDOIT_WOLF
Done.
Computing rank from data with rank=None
    Using tolerance 4.4 (2.2e-16 eps * 2 dim * 1e+16  max singular value)
    Estimated rank (data): 1
    data: rank 1 computed from 2 data channels with 0 projectors
    Setting small data eigenvalues to zero (without PCA)
Reducing data rank from 2 -> 1
Estimating class=0 covariance using LEDOIT_WOLF
Done.
Estimating class=1 covariance using LEDOIT_WOLF
Done.
    Setting small data eigenvalues to zero (without PCA)
Computing rank from data with rank=None
    Using tolerance 3.7 (2.2e-16 eps * 2 dim * 8.3e+15  max singular value)
    Estimated rank (data): 2
    data: rank 2 computed from 2 data channels with 0 projectors
Reducing data rank from 2 -> 2
Estimating class=0 covariance using LEDOIT_WOLF
Done.
Estimating class=1 covariance using LEDOIT_WOLF
Done.
Computing rank from data with rank=None
    Using tolerance 3.3 (2.2e-16 eps * 2 dim * 7.3e+15  max singular value)
    Estimated rank (data): 2
    data: rank 2 computed from 2 data channels with 0 projectors
Reducing data rank from 2 -> 2
Estimating class=0 covariance using LEDOIT_WOLF
Done.
Estimating class=1 covariance using LEDOIT_WOLF
Done.
Computing rank from data with rank=None
    Using tolerance 2.7 (2.2e-16 eps * 2 dim * 6e+15  max singular value)
    Estimated rank (data): 2
    data: rank 2 computed from 2 data channels with 0 projectors
Reducing data rank from 2 -> 2
Estimating class=0 covariance using LEDOIT_WOLF
Done.
Estimating class=1 covariance using LEDOIT_WOLF
Done.
Computing rank from data with rank=None
    Using tolerance 2.3 (2.2e-16 eps * 2 dim * 5.2e+15  max singular value)
    Estimated rank (data): 2
    data: rank 2 computed from 2 data channels with 0 projectors
Reducing data rank from 2 -> 2
Estimating class=0 covariance using LEDOIT_WOLF
Done.
Estimating class=1 covariance using LEDOIT_WOLF
Done.
Computing rank from data with rank=None
    Using tolerance 1.9 (2.2e-16 eps * 2 dim * 4.2e+15  max singular value)
    Estimated rank (data): 2
    data: rank 2 computed from 2 data channels with 0 projectors
Reducing data rank from 2 -> 2
Estimating class=0 covariance using LEDOIT_WOLF
Done.
Estimating class=1 covariance using LEDOIT_WOLF
Done.
Computing rank from data with rank=None
    Using tolerance 1.3 (2.2e-16 eps * 2 dim * 2.9e+15  max singular value)
    Estimated rank (data): 1
    data: rank 1 computed from 2 data channels with 0 projectors
    Setting small data eigenvalues to zero (without PCA)
Reducing data rank from 2 -> 1
Estimating class=0 covariance using LEDOIT_WOLF
Done.
Estimating class=1 covariance using LEDOIT_WOLF
Done.
    Setting small data eigenvalues to zero (without PCA)
Computing rank from data with rank=None
    Using tolerance 4.6 (2.2e-16 eps * 2 dim * 1e+16  max singular value)
    Estimated rank (data): 2
    data: rank 2 computed from 2 data channels with 0 projectors
Reducing data rank from 2 -> 2
Estimating class=0 covariance using LEDOIT_WOLF
Done.
Estimating class=1 covariance using LEDOIT_WOLF
Done.
Computing rank from data with rank=None
    Using tolerance 4.2 (2.2e-16 eps * 2 dim * 9.6e+15  max singular value)
    Estimated rank (data): 2
    data: rank 2 computed from 2 data channels with 0 projectors
Reducing data rank from 2 -> 2
Estimating class=0 covariance using LEDOIT_WOLF
Done.
Estimating class=1 covariance using LEDOIT_WOLF
Done.
Computing rank from data with rank=None
    Using tolerance 3 (2.2e-16 eps * 2 dim * 6.8e+15  max singular value)
    Estimated rank (data): 2
    data: rank 2 computed from 2 data channels with 0 projectors
Reducing data rank from 2 -> 2
Estimating class=0 covariance using LEDOIT_WOLF
Done.
Estimating class=1 covariance using LEDOIT_WOLF
Done.
Computing rank from data with rank=None
    Using tolerance 2.5 (2.2e-16 eps * 2 dim * 5.6e+15  max singular value)
    Estimated rank (data): 2
    data: rank 2 computed from 2 data channels with 0 projectors
Reducing data rank from 2 -> 2
Estimating class=0 covariance using LEDOIT_WOLF
Done.
Estimating class=1 covariance using LEDOIT_WOLF
Done.
Computing rank from data with rank=None
    Using tolerance 2.2 (2.2e-16 eps * 2 dim * 5.1e+15  max singular value)
    Estimated rank (data): 2
    data: rank 2 computed from 2 data channels with 0 projectors
Reducing data rank from 2 -> 2
Estimating class=0 covariance using LEDOIT_WOLF
Done.
Estimating class=1 covariance using LEDOIT_WOLF
Done.
Computing rank from data with rank=None
    Using tolerance 1.8 (2.2e-16 eps * 2 dim * 4.1e+15  max singular value)
    Estimated rank (data): 2
    data: rank 2 computed from 2 data channels with 0 projectors
Reducing data rank from 2 -> 2
Estimating class=0 covariance using LEDOIT_WOLF
Done.
Estimating class=1 covariance using LEDOIT_WOLF
Done.
Computing rank from data with rank=None
    Using tolerance 1.6 (2.2e-16 eps * 2 dim * 3.6e+15  max singular value)
    Estimated rank (data): 1
    data: rank 1 computed from 2 data channels with 0 projectors
    Setting small data eigenvalues to zero (without PCA)
Reducing data rank from 2 -> 1
Estimating class=0 covariance using LEDOIT_WOLF
Done.
Estimating class=1 covariance using LEDOIT_WOLF
Done.
    Setting small data eigenvalues to zero (without PCA)
Computing rank from data with rank=None
    Using tolerance 1.3 (2.2e-16 eps * 2 dim * 3e+15  max singular value)
    Estimated rank (data): 2
    data: rank 2 computed from 2 data channels with 0 projectors
Reducing data rank from 2 -> 2
Estimating class=0 covariance using LEDOIT_WOLF
Done.
Estimating class=1 covariance using LEDOIT_WOLF
Done.
Computing rank from data with rank=None
    Using tolerance 0.93 (2.2e-16 eps * 2 dim * 2.1e+15  max singular value)
    Estimated rank (data): 2
    data: rank 2 computed from 2 data channels with 0 projectors
Reducing data rank from 2 -> 2
Estimating class=0 covariance using LEDOIT_WOLF
Done.
Estimating class=1 covariance using LEDOIT_WOLF
Done.
      pool treinado (26s) — serve aos 5 alvos do grupo
      S003 fold 0: acc3=0.464
      S003 fold 1: acc3=0.571
      S003 fold 2: acc3=0.357
      S022 fold 0: acc3=0.690
      S022 fold 1: acc3=0.536
      S022 fold 2: acc3=0.536
      S057 fold 0: acc3=0.300
      S057 fold 1: acc3=0.367
      S057 fold 2: acc3=0.345
      S102 fold 0: acc3=0.667
      S102 fold 1: acc3=0.552
      S102 fold 2: acc3=0.655
      S107 fold 0: acc3=0.367
      S107 fold 1: acc3=0.379
      S107 fold 2: acc3=0.379
  grupo 2/6 | alvos [7, 52, 71, 79, 109] | pool=98 (1min)
Computing rank from data with rank=None
    Using tolerance 3.7 (2.2e-16 eps * 2 dim * 8.2e+15  max singular value)
    Estimated rank (data): 2
    data: rank 2 computed from 2 data channels with 0 projectors
Reducing data rank from 2 -> 2
Estimating class=0 covariance using LEDOIT_WOLF
Done.
Estimating class=1 covariance using LEDOIT_WOLF
Done.
Computing rank from data with rank=None
    Using tolerance 4.5 (2.2e-16 eps * 2 dim * 1e+16  max singular value)
    Estimated rank (data): 2
    data: rank 2 computed from 2 data channels with 0 projectors
Reducing data rank from 2 -> 2
Estimating class=0 covariance using LEDOIT_WOLF
Done.
Estimating class=1 covariance using LEDOIT_WOLF
Done.
Computing rank from data with rank=None
    Using tolerance 3 (2.2e-16 eps * 2 dim * 6.7e+15  max singular value)
    Estimated rank (data): 2
    data: rank 2 computed from 2 data channels with 0 projectors
Reducing data rank from 2 -> 2
Estimating class=0 covariance using LEDOIT_WOLF
Done.
Estimating class=1 covariance using LEDOIT_WOLF
Done.
Computing rank from data with rank=None
    Using tolerance 2.7 (2.2e-16 eps * 2 dim * 6e+15  max singular value)
    Estimated rank (data): 2
    data: rank 2 computed from 2 data channels with 0 projectors
Reducing data rank from 2 -> 2
Estimating class=0 covariance using LEDOIT_WOLF
Done.
Estimating class=1 covariance using LEDOIT_WOLF
Done.
Computing rank from data with rank=None
    Using tolerance 2.6 (2.2e-16 eps * 2 dim * 5.7e+15  max singular value)
    Estimated rank (data): 2
    data: rank 2 computed from 2 data channels with 0 projectors
Reducing data rank from 2 -> 2
Estimating class=0 covariance using LEDOIT_WOLF
Done.
Estimating class=1 covariance using LEDOIT_WOLF
Done.
Computing rank from data with rank=None
    Using tolerance 2.1 (2.2e-16 eps * 2 dim * 4.7e+15  max singular value)
    Estimated rank (data): 2
    data: rank 2 computed from 2 data channels with 0 projectors
Reducing data rank from 2 -> 2
Estimating class=0 covariance using LEDOIT_WOLF
Done.
Estimating class=1 covariance using LEDOIT_WOLF
Done.
Computing rank from data with rank=None
    Using tolerance 1.8 (2.2e-16 eps * 2 dim * 4.1e+15  max singular value)
    Estimated rank (data): 2
    data: rank 2 computed from 2 data channels with 0 projectors
Reducing data rank from 2 -> 2
Estimating class=0 covariance using LEDOIT_WOLF
Done.
Estimating class=1 covariance using LEDOIT_WOLF
Done.
Computing rank from data with rank=None
    Using tolerance 1.5 (2.2e-16 eps * 2 dim * 3.4e+15  max singular value)
    Estimated rank (data): 2
    data: rank 2 computed from 2 data channels with 0 projectors
Reducing data rank from 2 -> 2
Estimating class=0 covariance using LEDOIT_WOLF
Done.
Estimating class=1 covariance using LEDOIT_WOLF
Done.
Computing rank from data with rank=None
    Using tolerance 1.1 (2.2e-16 eps * 2 dim * 2.4e+15  max singular value)
    Estimated rank (data): 2
    data: rank 2 computed from 2 data channels with 0 projectors
Reducing data rank from 2 -> 2
Estimating class=0 covariance using LEDOIT_WOLF
Done.
Estimating class=1 covariance using LEDOIT_WOLF
Done.
Computing rank from data with rank=None
    Using tolerance 2.5 (2.2e-16 eps * 2 dim * 5.7e+15  max singular value)
    Estimated rank (data): 2
    data: rank 2 computed from 2 data channels with 0 projectors
Reducing data rank from 2 -> 2
Estimating class=0 covariance using LEDOIT_WOLF
Done.
Estimating class=1 covariance using LEDOIT_WOLF
Done.
Computing rank from data with rank=None
    Using tolerance 2.9 (2.2e-16 eps * 2 dim * 6.6e+15  max singular value)
    Estimated rank (data): 1
    data: rank 1 computed from 2 data channels with 0 projectors
    Setting small data eigenvalues to zero (without PCA)
Reducing data rank from 2 -> 1
Estimating class=0 covariance using LEDOIT_WOLF
Done.
Estimating class=1 covariance using LEDOIT_WOLF
Done.
    Setting small data eigenvalues to zero (without PCA)
Computing rank from data with rank=None
    Using tolerance 2 (2.2e-16 eps * 2 dim * 4.4e+15  max singular value)
    Estimated rank (data): 2
    data: rank 2 computed from 2 data channels with 0 projectors
Reducing data rank from 2 -> 2
Estimating class=0 covariance using LEDOIT_WOLF
Done.
Estimating class=1 covariance using LEDOIT_WOLF
Done.
Computing rank from data with rank=None
    Using tolerance 1.8 (2.2e-16 eps * 2 dim * 4e+15  max singular value)
    Estimated rank (data): 2
    data: rank 2 computed from 2 data channels with 0 projectors
Reducing data rank from 2 -> 2
Estimating class=0 covariance using LEDOIT_WOLF
Done.
Estimating class=1 covariance using LEDOIT_WOLF
Done.
Computing rank from data with rank=None
    Using tolerance 1.7 (2.2e-16 eps * 2 dim * 3.8e+15  max singular value)
    Estimated rank (data): 2
    data: rank 2 computed from 2 data channels with 0 projectors
Reducing data rank from 2 -> 2
Estimating class=0 covariance using LEDOIT_WOLF
Done.
Estimating class=1 covariance using LEDOIT_WOLF
Done.
Computing rank from data with rank=None
    Using tolerance 1.4 (2.2e-16 eps * 2 dim * 3.2e+15  max singular value)
    Estimated rank (data): 2
    data: rank 2 computed from 2 data channels with 0 projectors
Reducing data rank from 2 -> 2
Estimating class=0 covariance using LEDOIT_WOLF
Done.
Estimating class=1 covariance using LEDOIT_WOLF
Done.
Computing rank from data with rank=None
    Using tolerance 1.3 (2.2e-16 eps * 2 dim * 2.9e+15  max singular value)
    Estimated rank (data): 2
    data: rank 2 computed from 2 data channels with 0 projectors
Reducing data rank from 2 -> 2
Estimating class=0 covariance using LEDOIT_WOLF
Done.
Estimating class=1 covariance using LEDOIT_WOLF
Done.
Computing rank from data with rank=None
    Using tolerance 1.1 (2.2e-16 eps * 2 dim * 2.4e+15  max singular value)
    Estimated rank (data): 2
    data: rank 2 computed from 2 data channels with 0 projectors
Reducing data rank from 2 -> 2
Estimating class=0 covariance using LEDOIT_WOLF
Done.
Estimating class=1 covariance using LEDOIT_WOLF
Done.
Computing rank from data with rank=None
    Using tolerance 0.76 (2.2e-16 eps * 2 dim * 1.7e+15  max singular value)
    Estimated rank (data): 2
    data: rank 2 computed from 2 data channels with 0 projectors
Reducing data rank from 2 -> 2
Estimating class=0 covariance using LEDOIT_WOLF
Done.
Estimating class=1 covariance using LEDOIT_WOLF
Done.
      pool treinado (26s) — serve aos 5 alvos do grupo
      S007 fold 0: acc3=0.552
      S007 fold 1: acc3=0.655
      S007 fold 2: acc3=0.483
      S052 fold 0: acc3=0.533
      S052 fold 1: acc3=0.533
      S052 fold 2: acc3=0.367
      S071 fold 0: acc3=0.500
      S071 fold 1: acc3=0.552
      S071 fold 2: acc3=0.379
      S079 fold 0: acc3=0.379
      S079 fold 1: acc3=0.276
      S079 fold 2: acc3=0.310
      S109 fold 0: acc3=0.233
      S109 fold 1: acc3=0.448
      S109 fold 2: acc3=0.379
  grupo 3/6 | alvos [12, 34, 60, 91, 95] | pool=98 (1min)
Computing rank from data with rank=None
    Using tolerance 6.5 (2.2e-16 eps * 2 dim * 1.5e+16  max singular value)
    Estimated rank (data): 2
    data: rank 2 computed from 2 data channels with 0 projectors
Reducing data rank from 2 -> 2
Estimating class=0 covariance using LEDOIT_WOLF
Done.
Estimating class=1 covariance using LEDOIT_WOLF
Done.
Computing rank from data with rank=None
    Using tolerance 6.3 (2.2e-16 eps * 2 dim * 1.4e+16  max singular value)
    Estimated rank (data): 2
    data: rank 2 computed from 2 data channels with 0 projectors
Reducing data rank from 2 -> 2
Estimating class=0 covariance using LEDOIT_WOLF
Done.
Estimating class=1 covariance using LEDOIT_WOLF
Done.
Computing rank from data with rank=None
    Using tolerance 4.4 (2.2e-16 eps * 2 dim * 1e+16  max singular value)
    Estimated rank (data): 2
    data: rank 2 computed from 2 data channels with 0 projectors
Reducing data rank from 2 -> 2
Estimating class=0 covariance using LEDOIT_WOLF
Done.
Estimating class=1 covariance using LEDOIT_WOLF
Done.
Computing rank from data with rank=None
    Using tolerance 3.7 (2.2e-16 eps * 2 dim * 8.3e+15  max singular value)
    Estimated rank (data): 2
    data: rank 2 computed from 2 data channels with 0 projectors
Reducing data rank from 2 -> 2
Estimating class=0 covariance using LEDOIT_WOLF
Done.
Estimating class=1 covariance using LEDOIT_WOLF
Done.
Computing rank from data with rank=None
    Using tolerance 3.3 (2.2e-16 eps * 2 dim * 7.3e+15  max singular value)
    Estimated rank (data): 2
    data: rank 2 computed from 2 data channels with 0 projectors
Reducing data rank from 2 -> 2
Estimating class=0 covariance using LEDOIT_WOLF
Done.
Estimating class=1 covariance using LEDOIT_WOLF
Done.
Computing rank from data with rank=None
    Using tolerance 2.6 (2.2e-16 eps * 2 dim * 6e+15  max singular value)
    Estimated rank (data): 2
    data: rank 2 computed from 2 data channels with 0 projectors
Reducing data rank from 2 -> 2
Estimating class=0 covariance using LEDOIT_WOLF
Done.
Estimating class=1 covariance using LEDOIT_WOLF
Done.
Computing rank from data with rank=None
    Using tolerance 2.3 (2.2e-16 eps * 2 dim * 5.1e+15  max singular value)
    Estimated rank (data): 2
    data: rank 2 computed from 2 data channels with 0 projectors
Reducing data rank from 2 -> 2
Estimating class=0 covariance using LEDOIT_WOLF
Done.
Estimating class=1 covariance using LEDOIT_WOLF
Done.
Computing rank from data with rank=None
    Using tolerance 1.9 (2.2e-16 eps * 2 dim * 4.2e+15  max singular value)
    Estimated rank (data): 2
    data: rank 2 computed from 2 data channels with 0 projectors
Reducing data rank from 2 -> 2
Estimating class=0 covariance using LEDOIT_WOLF
Done.
Estimating class=1 covariance using LEDOIT_WOLF
Done.
Computing rank from data with rank=None
    Using tolerance 1.3 (2.2e-16 eps * 2 dim * 2.9e+15  max singular value)
    Estimated rank (data): 2
    data: rank 2 computed from 2 data channels with 0 projectors
Reducing data rank from 2 -> 2
Estimating class=0 covariance using LEDOIT_WOLF
Done.
Estimating class=1 covariance using LEDOIT_WOLF
Done.
Computing rank from data with rank=None
    Using tolerance 4.6 (2.2e-16 eps * 2 dim * 1e+16  max singular value)
    Estimated rank (data): 1
    data: rank 1 computed from 2 data channels with 0 projectors
    Setting small data eigenvalues to zero (without PCA)
Reducing data rank from 2 -> 1
Estimating class=0 covariance using LEDOIT_WOLF
Done.
Estimating class=1 covariance using LEDOIT_WOLF
Done.
    Setting small data eigenvalues to zero (without PCA)
Computing rank from data with rank=None
    Using tolerance 4.2 (2.2e-16 eps * 2 dim * 9.5e+15  max singular value)
    Estimated rank (data): 2
    data: rank 2 computed from 2 data channels with 0 projectors
Reducing data rank from 2 -> 2
Estimating class=0 covariance using LEDOIT_WOLF
Done.
Estimating class=1 covariance using LEDOIT_WOLF
Done.
Computing rank from data with rank=None
    Using tolerance 3 (2.2e-16 eps * 2 dim * 6.8e+15  max singular value)
    Estimated rank (data): 2
    data: rank 2 computed from 2 data channels with 0 projectors
Reducing data rank from 2 -> 2
Estimating class=0 covariance using LEDOIT_WOLF
Done.
Estimating class=1 covariance using LEDOIT_WOLF
Done.
Computing rank from data with rank=None
    Using tolerance 2.5 (2.2e-16 eps * 2 dim * 5.6e+15  max singular value)
    Estimated rank (data): 2
    data: rank 2 computed from 2 data channels with 0 projectors
Reducing data rank from 2 -> 2
Estimating class=0 covariance using LEDOIT_WOLF
Done.
Estimating class=1 covariance using LEDOIT_WOLF
Done.
Computing rank from data with rank=None
    Using tolerance 2.2 (2.2e-16 eps * 2 dim * 5.1e+15  max singular value)
    Estimated rank (data): 2
    data: rank 2 computed from 2 data channels with 0 projectors
Reducing data rank from 2 -> 2
Estimating class=0 covariance using LEDOIT_WOLF
Done.
Estimating class=1 covariance using LEDOIT_WOLF
Done.
Computing rank from data with rank=None
    Using tolerance 1.8 (2.2e-16 eps * 2 dim * 4.1e+15  max singular value)
    Estimated rank (data): 1
    data: rank 1 computed from 2 data channels with 0 projectors
    Setting small data eigenvalues to zero (without PCA)
Reducing data rank from 2 -> 1
Estimating class=0 covariance using LEDOIT_WOLF
Done.
Estimating class=1 covariance using LEDOIT_WOLF
Done.
    Setting small data eigenvalues to zero (without PCA)
Computing rank from data with rank=None
    Using tolerance 1.6 (2.2e-16 eps * 2 dim * 3.6e+15  max singular value)
    Estimated rank (data): 2
    data: rank 2 computed from 2 data channels with 0 projectors
Reducing data rank from 2 -> 2
Estimating class=0 covariance using LEDOIT_WOLF
Done.
Estimating class=1 covariance using LEDOIT_WOLF
Done.
Computing rank from data with rank=None
    Using tolerance 1.3 (2.2e-16 eps * 2 dim * 3e+15  max singular value)
    Estimated rank (data): 2
    data: rank 2 computed from 2 data channels with 0 projectors
Reducing data rank from 2 -> 2
Estimating class=0 covariance using LEDOIT_WOLF
Done.
Estimating class=1 covariance using LEDOIT_WOLF
Done.
Computing rank from data with rank=None
    Using tolerance 0.92 (2.2e-16 eps * 2 dim * 2.1e+15  max singular value)
    Estimated rank (data): 2
    data: rank 2 computed from 2 data channels with 0 projectors
Reducing data rank from 2 -> 2
Estimating class=0 covariance using LEDOIT_WOLF
Done.
Estimating class=1 covariance using LEDOIT_WOLF
Done.
      pool treinado (26s) — serve aos 5 alvos do grupo
      S012 fold 0: acc3=0.379
      S012 fold 1: acc3=0.429
      S012 fold 2: acc3=0.536
      S034 fold 0: acc3=0.500
      S034 fold 1: acc3=0.633
      S034 fold 2: acc3=0.552
      S060 fold 0: acc3=0.533
      S060 fold 1: acc3=0.483
      S060 fold 2: acc3=0.586
      S091 fold 0: acc3=0.500
      S091 fold 1: acc3=0.433
      S091 fold 2: acc3=0.483
      S095 fold 0: acc3=0.433
      S095 fold 1: acc3=0.655
      S095 fold 2: acc3=0.483
  grupo 4/6 | alvos [25, 31, 87, 106, 108] | pool=98 (2min)
Computing rank from data with rank=None
    Using tolerance 6.4 (2.2e-16 eps * 2 dim * 1.4e+16  max singular value)
    Estimated rank (data): 2
    data: rank 2 computed from 2 data channels with 0 projectors
Reducing data rank from 2 -> 2
Estimating class=0 covariance using LEDOIT_WOLF
Done.
Estimating class=1 covariance using LEDOIT_WOLF
Done.
Computing rank from data with rank=None
    Using tolerance 6.3 (2.2e-16 eps * 2 dim * 1.4e+16  max singular value)
    Estimated rank (data): 2
    data: rank 2 computed from 2 data channels with 0 projectors
Reducing data rank from 2 -> 2
Estimating class=0 covariance using LEDOIT_WOLF
Done.
Estimating class=1 covariance using LEDOIT_WOLF
Done.
Computing rank from data with rank=None
    Using tolerance 4.4 (2.2e-16 eps * 2 dim * 1e+16  max singular value)
    Estimated rank (data): 2
    data: rank 2 computed from 2 data channels with 0 projectors
Reducing data rank from 2 -> 2
Estimating class=0 covariance using LEDOIT_WOLF
Done.
Estimating class=1 covariance using LEDOIT_WOLF
Done.
Computing rank from data with rank=None
    Using tolerance 3.7 (2.2e-16 eps * 2 dim * 8.3e+15  max singular value)
    Estimated rank (data): 2
    data: rank 2 computed from 2 data channels with 0 projectors
Reducing data rank from 2 -> 2
Estimating class=0 covariance using LEDOIT_WOLF
Done.
Estimating class=1 covariance using LEDOIT_WOLF
Done.
Computing rank from data with rank=None
    Using tolerance 3.3 (2.2e-16 eps * 2 dim * 7.3e+15  max singular value)
    Estimated rank (data): 2
    data: rank 2 computed from 2 data channels with 0 projectors
Reducing data rank from 2 -> 2
Estimating class=0 covariance using LEDOIT_WOLF
Done.
Estimating class=1 covariance using LEDOIT_WOLF
Done.
Computing rank from data with rank=None
    Using tolerance 2.7 (2.2e-16 eps * 2 dim * 6e+15  max singular value)
    Estimated rank (data): 2
    data: rank 2 computed from 2 data channels with 0 projectors
Reducing data rank from 2 -> 2
Estimating class=0 covariance using LEDOIT_WOLF
Done.
Estimating class=1 covariance using LEDOIT_WOLF
Done.
Computing rank from data with rank=None
    Using tolerance 2.3 (2.2e-16 eps * 2 dim * 5.2e+15  max singular value)
    Estimated rank (data): 2
    data: rank 2 computed from 2 data channels with 0 projectors
Reducing data rank from 2 -> 2
Estimating class=0 covariance using LEDOIT_WOLF
Done.
Estimating class=1 covariance using LEDOIT_WOLF
Done.
Computing rank from data with rank=None
    Using tolerance 1.9 (2.2e-16 eps * 2 dim * 4.2e+15  max singular value)
    Estimated rank (data): 2
    data: rank 2 computed from 2 data channels with 0 projectors
Reducing data rank from 2 -> 2
Estimating class=0 covariance using LEDOIT_WOLF
Done.
Estimating class=1 covariance using LEDOIT_WOLF
Done.
Computing rank from data with rank=None
    Using tolerance 1.3 (2.2e-16 eps * 2 dim * 2.9e+15  max singular value)
    Estimated rank (data): 2
    data: rank 2 computed from 2 data channels with 0 projectors
Reducing data rank from 2 -> 2
Estimating class=0 covariance using LEDOIT_WOLF
Done.
Estimating class=1 covariance using LEDOIT_WOLF
Done.
Computing rank from data with rank=None
    Using tolerance 4.6 (2.2e-16 eps * 2 dim * 1e+16  max singular value)
    Estimated rank (data): 1
    data: rank 1 computed from 2 data channels with 0 projectors
    Setting small data eigenvalues to zero (without PCA)
Reducing data rank from 2 -> 1
Estimating class=0 covariance using LEDOIT_WOLF
Done.
Estimating class=1 covariance using LEDOIT_WOLF
Done.
    Setting small data eigenvalues to zero (without PCA)
Computing rank from data with rank=None
    Using tolerance 4.2 (2.2e-16 eps * 2 dim * 9.5e+15  max singular value)
    Estimated rank (data): 2
    data: rank 2 computed from 2 data channels with 0 projectors
Reducing data rank from 2 -> 2
Estimating class=0 covariance using LEDOIT_WOLF
Done.
Estimating class=1 covariance using LEDOIT_WOLF
Done.
Computing rank from data with rank=None
    Using tolerance 3 (2.2e-16 eps * 2 dim * 6.8e+15  max singular value)
    Estimated rank (data): 2
    data: rank 2 computed from 2 data channels with 0 projectors
Reducing data rank from 2 -> 2
Estimating class=0 covariance using LEDOIT_WOLF
Done.
Estimating class=1 covariance using LEDOIT_WOLF
Done.
Computing rank from data with rank=None
    Using tolerance 2.5 (2.2e-16 eps * 2 dim * 5.6e+15  max singular value)
    Estimated rank (data): 2
    data: rank 2 computed from 2 data channels with 0 projectors
Reducing data rank from 2 -> 2
Estimating class=0 covariance using LEDOIT_WOLF
Done.
Estimating class=1 covariance using LEDOIT_WOLF
Done.
Computing rank from data with rank=None
    Using tolerance 2.2 (2.2e-16 eps * 2 dim * 5.1e+15  max singular value)
    Estimated rank (data): 2
    data: rank 2 computed from 2 data channels with 0 projectors
Reducing data rank from 2 -> 2
Estimating class=0 covariance using LEDOIT_WOLF
Done.
Estimating class=1 covariance using LEDOIT_WOLF
Done.
Computing rank from data with rank=None
    Using tolerance 1.8 (2.2e-16 eps * 2 dim * 4.1e+15  max singular value)
    Estimated rank (data): 2
    data: rank 2 computed from 2 data channels with 0 projectors
Reducing data rank from 2 -> 2
Estimating class=0 covariance using LEDOIT_WOLF
Done.
Estimating class=1 covariance using LEDOIT_WOLF
Done.
Computing rank from data with rank=None
    Using tolerance 1.6 (2.2e-16 eps * 2 dim * 3.6e+15  max singular value)
    Estimated rank (data): 2
    data: rank 2 computed from 2 data channels with 0 projectors
Reducing data rank from 2 -> 2
Estimating class=0 covariance using LEDOIT_WOLF
Done.
Estimating class=1 covariance using LEDOIT_WOLF
Done.
Computing rank from data with rank=None
    Using tolerance 1.3 (2.2e-16 eps * 2 dim * 3e+15  max singular value)
    Estimated rank (data): 2
    data: rank 2 computed from 2 data channels with 0 projectors
Reducing data rank from 2 -> 2
Estimating class=0 covariance using LEDOIT_WOLF
Done.
Estimating class=1 covariance using LEDOIT_WOLF
Done.
Computing rank from data with rank=None
    Using tolerance 0.93 (2.2e-16 eps * 2 dim * 2.1e+15  max singular value)
    Estimated rank (data): 2
    data: rank 2 computed from 2 data channels with 0 projectors
Reducing data rank from 2 -> 2
Estimating class=0 covariance using LEDOIT_WOLF
Done.
Estimating class=1 covariance using LEDOIT_WOLF
Done.
      pool treinado (26s) — serve aos 5 alvos do grupo
      S025 fold 0: acc3=0.700
      S025 fold 1: acc3=0.655
      S025 fold 2: acc3=0.517
      S031 fold 0: acc3=0.310
      S031 fold 1: acc3=0.483
      S031 fold 2: acc3=0.464
      S087 fold 0: acc3=0.345
      S087 fold 1: acc3=0.414
      S087 fold 2: acc3=0.286
      S106 fold 0: acc3=0.621
      S106 fold 1: acc3=0.483
      S106 fold 2: acc3=0.571
      S108 fold 0: acc3=0.167
      S108 fold 1: acc3=0.414
      S108 fold 2: acc3=0.414
  grupo 5/6 | alvos [41, 45, 63, 83, 105] | pool=98 (2min)
Computing rank from data with rank=None
    Using tolerance 6.5 (2.2e-16 eps * 2 dim * 1.5e+16  max singular value)
    Estimated rank (data): 2
    data: rank 2 computed from 2 data channels with 0 projectors
Reducing data rank from 2 -> 2
Estimating class=0 covariance using LEDOIT_WOLF
Done.
Estimating class=1 covariance using LEDOIT_WOLF
Done.
Computing rank from data with rank=None
    Using tolerance 6.3 (2.2e-16 eps * 2 dim * 1.4e+16  max singular value)
    Estimated rank (data): 2
    data: rank 2 computed from 2 data channels with 0 projectors
Reducing data rank from 2 -> 2
Estimating class=0 covariance using LEDOIT_WOLF
Done.
Estimating class=1 covariance using LEDOIT_WOLF
Done.
Computing rank from data with rank=None
    Using tolerance 4.4 (2.2e-16 eps * 2 dim * 1e+16  max singular value)
    Estimated rank (data): 2
    data: rank 2 computed from 2 data channels with 0 projectors
Reducing data rank from 2 -> 2
Estimating class=0 covariance using LEDOIT_WOLF
Done.
Estimating class=1 covariance using LEDOIT_WOLF
Done.
Computing rank from data with rank=None
    Using tolerance 3.6 (2.2e-16 eps * 2 dim * 8.2e+15  max singular value)
    Estimated rank (data): 2
    data: rank 2 computed from 2 data channels with 0 projectors
Reducing data rank from 2 -> 2
Estimating class=0 covariance using LEDOIT_WOLF
Done.
Estimating class=1 covariance using LEDOIT_WOLF
Done.
Computing rank from data with rank=None
    Using tolerance 3.2 (2.2e-16 eps * 2 dim * 7.3e+15  max singular value)
    Estimated rank (data): 2
    data: rank 2 computed from 2 data channels with 0 projectors
Reducing data rank from 2 -> 2
Estimating class=0 covariance using LEDOIT_WOLF
Done.
Estimating class=1 covariance using LEDOIT_WOLF
Done.
Computing rank from data with rank=None
    Using tolerance 2.6 (2.2e-16 eps * 2 dim * 6e+15  max singular value)
    Estimated rank (data): 2
    data: rank 2 computed from 2 data channels with 0 projectors
Reducing data rank from 2 -> 2
Estimating class=0 covariance using LEDOIT_WOLF
Done.
Estimating class=1 covariance using LEDOIT_WOLF
Done.
Computing rank from data with rank=None
    Using tolerance 2.3 (2.2e-16 eps * 2 dim * 5.1e+15  max singular value)
    Estimated rank (data): 2
    data: rank 2 computed from 2 data channels with 0 projectors
Reducing data rank from 2 -> 2
Estimating class=0 covariance using LEDOIT_WOLF
Done.
Estimating class=1 covariance using LEDOIT_WOLF
Done.
Computing rank from data with rank=None
    Using tolerance 1.8 (2.2e-16 eps * 2 dim * 4.2e+15  max singular value)
    Estimated rank (data): 2
    data: rank 2 computed from 2 data channels with 0 projectors
Reducing data rank from 2 -> 2
Estimating class=0 covariance using LEDOIT_WOLF
Done.
Estimating class=1 covariance using LEDOIT_WOLF
Done.
Computing rank from data with rank=None
    Using tolerance 1.3 (2.2e-16 eps * 2 dim * 2.9e+15  max singular value)
    Estimated rank (data): 2
    data: rank 2 computed from 2 data channels with 0 projectors
Reducing data rank from 2 -> 2
Estimating class=0 covariance using LEDOIT_WOLF
Done.
Estimating class=1 covariance using LEDOIT_WOLF
Done.
Computing rank from data with rank=None
    Using tolerance 4.6 (2.2e-16 eps * 2 dim * 1e+16  max singular value)
    Estimated rank (data): 1
    data: rank 1 computed from 2 data channels with 0 projectors
    Setting small data eigenvalues to zero (without PCA)
Reducing data rank from 2 -> 1
Estimating class=0 covariance using LEDOIT_WOLF
Done.
Estimating class=1 covariance using LEDOIT_WOLF
Done.
    Setting small data eigenvalues to zero (without PCA)
Computing rank from data with rank=None
    Using tolerance 4.2 (2.2e-16 eps * 2 dim * 9.6e+15  max singular value)
    Estimated rank (data): 1
    data: rank 1 computed from 2 data channels with 0 projectors
    Setting small data eigenvalues to zero (without PCA)
Reducing data rank from 2 -> 1
Estimating class=0 covariance using LEDOIT_WOLF
Done.
Estimating class=1 covariance using LEDOIT_WOLF
Done.
    Setting small data eigenvalues to zero (without PCA)
Computing rank from data with rank=None
    Using tolerance 3 (2.2e-16 eps * 2 dim * 6.8e+15  max singular value)
    Estimated rank (data): 2
    data: rank 2 computed from 2 data channels with 0 projectors
Reducing data rank from 2 -> 2
Estimating class=0 covariance using LEDOIT_WOLF
Done.
Estimating class=1 covariance using LEDOIT_WOLF
Done.
Computing rank from data with rank=None
    Using tolerance 2.5 (2.2e-16 eps * 2 dim * 5.6e+15  max singular value)
    Estimated rank (data): 2
    data: rank 2 computed from 2 data channels with 0 projectors
Reducing data rank from 2 -> 2
Estimating class=0 covariance using LEDOIT_WOLF
Done.
Estimating class=1 covariance using LEDOIT_WOLF
Done.
Computing rank from data with rank=None
    Using tolerance 2.2 (2.2e-16 eps * 2 dim * 5e+15  max singular value)
    Estimated rank (data): 2
    data: rank 2 computed from 2 data channels with 0 projectors
Reducing data rank from 2 -> 2
Estimating class=0 covariance using LEDOIT_WOLF
Done.
Estimating class=1 covariance using LEDOIT_WOLF
Done.
Computing rank from data with rank=None
    Using tolerance 1.8 (2.2e-16 eps * 2 dim * 4.1e+15  max singular value)
    Estimated rank (data): 2
    data: rank 2 computed from 2 data channels with 0 projectors
Reducing data rank from 2 -> 2
Estimating class=0 covariance using LEDOIT_WOLF
Done.
Estimating class=1 covariance using LEDOIT_WOLF
Done.
Computing rank from data with rank=None
    Using tolerance 1.6 (2.2e-16 eps * 2 dim * 3.6e+15  max singular value)
    Estimated rank (data): 2
    data: rank 2 computed from 2 data channels with 0 projectors
Reducing data rank from 2 -> 2
Estimating class=0 covariance using LEDOIT_WOLF
Done.
Estimating class=1 covariance using LEDOIT_WOLF
Done.
Computing rank from data with rank=None
    Using tolerance 1.3 (2.2e-16 eps * 2 dim * 3e+15  max singular value)
    Estimated rank (data): 1
    data: rank 1 computed from 2 data channels with 0 projectors
    Setting small data eigenvalues to zero (without PCA)
Reducing data rank from 2 -> 1
Estimating class=0 covariance using LEDOIT_WOLF
Done.
Estimating class=1 covariance using LEDOIT_WOLF
Done.
    Setting small data eigenvalues to zero (without PCA)
Computing rank from data with rank=None
    Using tolerance 0.92 (2.2e-16 eps * 2 dim * 2.1e+15  max singular value)
    Estimated rank (data): 2
    data: rank 2 computed from 2 data channels with 0 projectors
Reducing data rank from 2 -> 2
Estimating class=0 covariance using LEDOIT_WOLF
Done.
Estimating class=1 covariance using LEDOIT_WOLF
Done.
      pool treinado (27s) — serve aos 5 alvos do grupo
      S041 fold 0: acc3=0.500
      S041 fold 1: acc3=0.400
      S041 fold 2: acc3=0.414
      S045 fold 0: acc3=0.433
      S045 fold 1: acc3=0.483
      S045 fold 2: acc3=0.621
      S063 fold 0: acc3=0.357
      S063 fold 1: acc3=0.321
      S063 fold 2: acc3=0.357
      S083 fold 0: acc3=0.345
      S083 fold 1: acc3=0.379
      S083 fold 2: acc3=0.414
      S105 fold 0: acc3=0.600
      S105 fold 1: acc3=0.690
      S105 fold 2: acc3=0.586
  grupo 6/6 | alvos [18, 49, 68, 76, 98] | pool=98 (3min)
Computing rank from data with rank=None
    Using tolerance 6.5 (2.2e-16 eps * 2 dim * 1.5e+16  max singular value)
    Estimated rank (data): 2
    data: rank 2 computed from 2 data channels with 0 projectors
Reducing data rank from 2 -> 2
Estimating class=0 covariance using LEDOIT_WOLF
Done.
Estimating class=1 covariance using LEDOIT_WOLF
Done.
Computing rank from data with rank=None
    Using tolerance 6.3 (2.2e-16 eps * 2 dim * 1.4e+16  max singular value)
    Estimated rank (data): 2
    data: rank 2 computed from 2 data channels with 0 projectors
Reducing data rank from 2 -> 2
Estimating class=0 covariance using LEDOIT_WOLF
Done.
Estimating class=1 covariance using LEDOIT_WOLF
Done.
Computing rank from data with rank=None
    Using tolerance 4.5 (2.2e-16 eps * 2 dim * 1e+16  max singular value)
    Estimated rank (data): 1
    data: rank 1 computed from 2 data channels with 0 projectors
    Setting small data eigenvalues to zero (without PCA)
Reducing data rank from 2 -> 1
Estimating class=0 covariance using LEDOIT_WOLF
Done.
Estimating class=1 covariance using LEDOIT_WOLF
Done.
    Setting small data eigenvalues to zero (without PCA)
Computing rank from data with rank=None
    Using tolerance 3.6 (2.2e-16 eps * 2 dim * 8.2e+15  max singular value)
    Estimated rank (data): 2
    data: rank 2 computed from 2 data channels with 0 projectors
Reducing data rank from 2 -> 2
Estimating class=0 covariance using LEDOIT_WOLF
Done.
Estimating class=1 covariance using LEDOIT_WOLF
Done.
Computing rank from data with rank=None
    Using tolerance 3.2 (2.2e-16 eps * 2 dim * 7.2e+15  max singular value)
    Estimated rank (data): 2
    data: rank 2 computed from 2 data channels with 0 projectors
Reducing data rank from 2 -> 2
Estimating class=0 covariance using LEDOIT_WOLF
Done.
Estimating class=1 covariance using LEDOIT_WOLF
Done.
Computing rank from data with rank=None
    Using tolerance 2.7 (2.2e-16 eps * 2 dim * 6e+15  max singular value)
    Estimated rank (data): 2
    data: rank 2 computed from 2 data channels with 0 projectors
Reducing data rank from 2 -> 2
Estimating class=0 covariance using LEDOIT_WOLF
Done.
Estimating class=1 covariance using LEDOIT_WOLF
Done.
Computing rank from data with rank=None
    Using tolerance 2.3 (2.2e-16 eps * 2 dim * 5.1e+15  max singular value)
    Estimated rank (data): 2
    data: rank 2 computed from 2 data channels with 0 projectors
Reducing data rank from 2 -> 2
Estimating class=0 covariance using LEDOIT_WOLF
Done.
Estimating class=1 covariance using LEDOIT_WOLF
Done.
Computing rank from data with rank=None
    Using tolerance 1.9 (2.2e-16 eps * 2 dim * 4.2e+15  max singular value)
    Estimated rank (data): 2
    data: rank 2 computed from 2 data channels with 0 projectors
Reducing data rank from 2 -> 2
Estimating class=0 covariance using LEDOIT_WOLF
Done.
Estimating class=1 covariance using LEDOIT_WOLF
Done.
Computing rank from data with rank=None
    Using tolerance 1.3 (2.2e-16 eps * 2 dim * 2.9e+15  max singular value)
    Estimated rank (data): 2
    data: rank 2 computed from 2 data channels with 0 projectors
Reducing data rank from 2 -> 2
Estimating class=0 covariance using LEDOIT_WOLF
Done.
Estimating class=1 covariance using LEDOIT_WOLF
Done.
Computing rank from data with rank=None
    Using tolerance 4.6 (2.2e-16 eps * 2 dim * 1e+16  max singular value)
    Estimated rank (data): 1
    data: rank 1 computed from 2 data channels with 0 projectors
    Setting small data eigenvalues to zero (without PCA)
Reducing data rank from 2 -> 1
Estimating class=0 covariance using LEDOIT_WOLF
Done.
Estimating class=1 covariance using LEDOIT_WOLF
Done.
    Setting small data eigenvalues to zero (without PCA)
Computing rank from data with rank=None
    Using tolerance 4.3 (2.2e-16 eps * 2 dim * 9.6e+15  max singular value)
    Estimated rank (data): 2
    data: rank 2 computed from 2 data channels with 0 projectors
Reducing data rank from 2 -> 2
Estimating class=0 covariance using LEDOIT_WOLF
Done.
Estimating class=1 covariance using LEDOIT_WOLF
Done.
Computing rank from data with rank=None
    Using tolerance 3 (2.2e-16 eps * 2 dim * 6.8e+15  max singular value)
    Estimated rank (data): 1
    data: rank 1 computed from 2 data channels with 0 projectors
    Setting small data eigenvalues to zero (without PCA)
Reducing data rank from 2 -> 1
Estimating class=0 covariance using LEDOIT_WOLF
Done.
Estimating class=1 covariance using LEDOIT_WOLF
Done.
    Setting small data eigenvalues to zero (without PCA)
Computing rank from data with rank=None
    Using tolerance 2.5 (2.2e-16 eps * 2 dim * 5.6e+15  max singular value)
    Estimated rank (data): 2
    data: rank 2 computed from 2 data channels with 0 projectors
Reducing data rank from 2 -> 2
Estimating class=0 covariance using LEDOIT_WOLF
Done.
Estimating class=1 covariance using LEDOIT_WOLF
Done.
Computing rank from data with rank=None
    Using tolerance 2.2 (2.2e-16 eps * 2 dim * 5e+15  max singular value)
    Estimated rank (data): 2
    data: rank 2 computed from 2 data channels with 0 projectors
Reducing data rank from 2 -> 2
Estimating class=0 covariance using LEDOIT_WOLF
Done.
Estimating class=1 covariance using LEDOIT_WOLF
Done.
Computing rank from data with rank=None
    Using tolerance 1.8 (2.2e-16 eps * 2 dim * 4.1e+15  max singular value)
    Estimated rank (data): 2
    data: rank 2 computed from 2 data channels with 0 projectors
Reducing data rank from 2 -> 2
Estimating class=0 covariance using LEDOIT_WOLF
Done.
Estimating class=1 covariance using LEDOIT_WOLF
Done.
Computing rank from data with rank=None
    Using tolerance 1.6 (2.2e-16 eps * 2 dim * 3.6e+15  max singular value)
    Estimated rank (data): 2
    data: rank 2 computed from 2 data channels with 0 projectors
Reducing data rank from 2 -> 2
Estimating class=0 covariance using LEDOIT_WOLF
Done.
Estimating class=1 covariance using LEDOIT_WOLF
Done.
Computing rank from data with rank=None
    Using tolerance 1.4 (2.2e-16 eps * 2 dim * 3e+15  max singular value)
    Estimated rank (data): 2
    data: rank 2 computed from 2 data channels with 0 projectors
Reducing data rank from 2 -> 2
Estimating class=0 covariance using LEDOIT_WOLF
Done.
Estimating class=1 covariance using LEDOIT_WOLF
Done.
Computing rank from data with rank=None
    Using tolerance 0.93 (2.2e-16 eps * 2 dim * 2.1e+15  max singular value)
    Estimated rank (data): 2
    data: rank 2 computed from 2 data channels with 0 projectors
Reducing data rank from 2 -> 2
Estimating class=0 covariance using LEDOIT_WOLF
Done.
Estimating class=1 covariance using LEDOIT_WOLF
Done.
      pool treinado (26s) — serve aos 5 alvos do grupo
      S018 fold 0: acc3=0.500
      S018 fold 1: acc3=0.333
      S018 fold 2: acc3=0.517
      S049 fold 0: acc3=0.533
      S049 fold 1: acc3=0.400
      S049 fold 2: acc3=0.552
      S068 fold 0: acc3=0.500
      S068 fold 1: acc3=0.533
      S068 fold 2: acc3=0.448
      S076 fold 0: acc3=0.200
      S076 fold 1: acc3=0.367
      S076 fold 2: acc3=0.345
      S098 fold 0: acc3=0.400
      S098 fold 1: acc3=0.533
      S098 fold 2: acc3=0.517

BENCH_MONTAGENS_DONE (3min)
CUDA=True | montagens=['2'] | modelos=['riemannian'] | alvos=30 | folds=3
  contrato 5cb6c6358c | banda 4-40 Hz ordem 5 | CAR on | IQR k=1.5 | calib 48 | fases mi
  aninhamento 2<4<8<16<21<32<64 verificado
  montagem      E  D centro  simetria
  64           27 27     10  sim
  32           14 14      4  sim
  21            9  8      4  NAO (aceita por decisao)
  16            6  6      4  sim
  8             3  3      2  sim
  4             2  2      0  sim
  2             1  1      0  sim
  3             1  1      1  sim
  sem_fz        4  3      1  NAO (aceita por decisao)
  posterior8    4  4      0  sim
  ocular4       2  2      0  sim
  celulas gemeas pendentes: riemannian.banda_do_artigo (rodar de novo com --banda 8 30)
  6 grupos de alvos (semente 42), pool = 98 sujeitos:
    grupo 1: [3, 22, 57, 102, 107]
    grupo 2: [7, 52, 71, 79, 109]
    grupo 3: [12, 34, 60, 91, 95]
    grupo 4: [25, 31, 87, 106, 108]
    grupo 5: [41, 45, 63, 83, 105]
    grupo 6: [18, 49, 68, 76, 98]
  retomando: 1530 celulas ja concluidas sob 5cb6c6358c

==============================================================
  MONTAGEM 2 (2 canais) | MODELO riemannian | 0min
==============================================================
  grupo 1/6 | alvos [3, 22, 57, 102, 107] | pool=98 (0min)
      pool treinado (2s) — serve aos 5 alvos do grupo
      S003 fold 0: acc3=0.286
      S003 fold 1: acc3=0.429
      S003 fold 2: acc3=0.571
      S022 fold 0: acc3=0.379
      S022 fold 1: acc3=0.536
      S022 fold 2: acc3=0.429
      S057 fold 0: acc3=0.433
      S057 fold 1: acc3=0.300
      S057 fold 2: acc3=0.379
      S102 fold 0: acc3=0.533
      S102 fold 1: acc3=0.517
      S102 fold 2: acc3=0.552
      S107 fold 0: acc3=0.267
      S107 fold 1: acc3=0.310
      S107 fold 2: acc3=0.483
  grupo 2/6 | alvos [7, 52, 71, 79, 109] | pool=98 (0min)
      pool treinado (2s) — serve aos 5 alvos do grupo
      S007 fold 0: acc3=0.448
      S007 fold 1: acc3=0.552
      S007 fold 2: acc3=0.586
      S052 fold 0: acc3=0.533
      S052 fold 1: acc3=0.800
      S052 fold 2: acc3=0.467
      S071 fold 0: acc3=0.400
      S071 fold 1: acc3=0.448
      S071 fold 2: acc3=0.517
      S079 fold 0: acc3=0.379
      S079 fold 1: acc3=0.379
      S079 fold 2: acc3=0.310
      S109 fold 0: acc3=0.267
      S109 fold 1: acc3=0.379
      S109 fold 2: acc3=0.276
  grupo 3/6 | alvos [12, 34, 60, 91, 95] | pool=98 (0min)
      pool treinado (2s) — serve aos 5 alvos do grupo
      S012 fold 0: acc3=0.483
      S012 fold 1: acc3=0.286
      S012 fold 2: acc3=0.214
      S034 fold 0: acc3=0.567
      S034 fold 1: acc3=0.833
      S034 fold 2: acc3=0.621
      S060 fold 0: acc3=0.433
      S060 fold 1: acc3=0.483
      S060 fold 2: acc3=0.414
      S091 fold 0: acc3=0.300
      S091 fold 1: acc3=0.367
      S091 fold 2: acc3=0.379
      S095 fold 0: acc3=0.433
      S095 fold 1: acc3=0.448
      S095 fold 2: acc3=0.483
  grupo 4/6 | alvos [25, 31, 87, 106, 108] | pool=98 (0min)
      pool treinado (2s) — serve aos 5 alvos do grupo
      S025 fold 0: acc3=0.667
      S025 fold 1: acc3=0.655
      S025 fold 2: acc3=0.552
      S031 fold 0: acc3=0.483
      S031 fold 1: acc3=0.345
      S031 fold 2: acc3=0.357
      S087 fold 0: acc3=0.276
      S087 fold 1: acc3=0.345
      S087 fold 2: acc3=0.429
      S106 fold 0: acc3=0.414
      S106 fold 1: acc3=0.517
      S106 fold 2: acc3=0.536
      S108 fold 0: acc3=0.200
      S108 fold 1: acc3=0.172
      S108 fold 2: acc3=0.345
  grupo 5/6 | alvos [41, 45, 63, 83, 105] | pool=98 (1min)
      pool treinado (2s) — serve aos 5 alvos do grupo
      S041 fold 0: acc3=0.567
      S041 fold 1: acc3=0.500
      S041 fold 2: acc3=0.448
      S045 fold 0: acc3=0.467
      S045 fold 1: acc3=0.483
      S045 fold 2: acc3=0.379
      S063 fold 0: acc3=0.429
      S063 fold 1: acc3=0.286
      S063 fold 2: acc3=0.357
      S083 fold 0: acc3=0.310
      S083 fold 1: acc3=0.483
      S083 fold 2: acc3=0.276
      S105 fold 0: acc3=0.467
      S105 fold 1: acc3=0.517
      S105 fold 2: acc3=0.414
  grupo 6/6 | alvos [18, 49, 68, 76, 98] | pool=98 (1min)
      pool treinado (2s) — serve aos 5 alvos do grupo
      S018 fold 0: acc3=0.333
      S018 fold 1: acc3=0.300
      S018 fold 2: acc3=0.276
      S049 fold 0: acc3=0.600
      S049 fold 1: acc3=0.600
      S049 fold 2: acc3=0.552
      S068 fold 0: acc3=0.500
      S068 fold 1: acc3=0.467
      S068 fold 2: acc3=0.517
      S076 fold 0: acc3=0.367
      S076 fold 1: acc3=0.567
      S076 fold 2: acc3=0.483
      S098 fold 0: acc3=0.467
      S098 fold 1: acc3=0.533
      S098 fold 2: acc3=0.310

BENCH_MONTAGENS_DONE (1min)
CUDA=True | montagens=['4'] | modelos=['csp_lda'] | alvos=30 | folds=3
  contrato 5cb6c6358c | banda 4-40 Hz ordem 5 | CAR on | IQR k=1.5 | calib 48 | fases mi
  aninhamento 2<4<8<16<21<32<64 verificado
  montagem      E  D centro  simetria
  64           27 27     10  sim
  32           14 14      4  sim
  21            9  8      4  NAO (aceita por decisao)
  16            6  6      4  sim
  8             3  3      2  sim
  4             2  2      0  sim
  2             1  1      0  sim
  3             1  1      1  sim
  sem_fz        4  3      1  NAO (aceita por decisao)
  posterior8    4  4      0  sim
  ocular4       2  2      0  sim
  6 grupos de alvos (semente 42), pool = 98 sujeitos:
    grupo 1: [3, 22, 57, 102, 107]
    grupo 2: [7, 52, 71, 79, 109]
    grupo 3: [12, 34, 60, 91, 95]
    grupo 4: [25, 31, 87, 106, 108]
    grupo 5: [41, 45, 63, 83, 105]
    grupo 6: [18, 49, 68, 76, 98]
  retomando: 1620 celulas ja concluidas sob 5cb6c6358c

==============================================================
  MONTAGEM 4 (4 canais) | MODELO csp_lda | 0min
==============================================================
  grupo 1/6 | alvos [3, 22, 57, 102, 107] | pool=98 (0min)
Computing rank from data with rank=None
    Using tolerance 30 (2.2e-16 eps * 4 dim * 3.4e+16  max singular value)
    Estimated rank (data): 4
    data: rank 4 computed from 4 data channels with 0 projectors
Reducing data rank from 4 -> 4
Estimating class=0 covariance using LEDOIT_WOLF
Done.
Estimating class=1 covariance using LEDOIT_WOLF
Done.
Computing rank from data with rank=None
    Using tolerance 21 (2.2e-16 eps * 4 dim * 2.3e+16  max singular value)
    Estimated rank (data): 4
    data: rank 4 computed from 4 data channels with 0 projectors
Reducing data rank from 4 -> 4
Estimating class=0 covariance using LEDOIT_WOLF
Done.
Estimating class=1 covariance using LEDOIT_WOLF
Done.
      pool treinado (1s) — serve aos 5 alvos do grupo
      S003 fold 0: acc3=0.464
      S003 fold 1: acc3=0.536
      S003 fold 2: acc3=0.556
      S022 fold 0: acc3=0.621
      S022 fold 1: acc3=0.345
      S022 fold 2: acc3=0.483
      S057 fold 0: acc3=0.300
      S057 fold 1: acc3=0.345
      S057 fold 2: acc3=0.276
      S102 fold 0: acc3=0.633
      S102 fold 1: acc3=0.467
      S102 fold 2: acc3=0.552
      S107 fold 0: acc3=0.533
      S107 fold 1: acc3=0.533
      S107 fold 2: acc3=0.379
  grupo 2/6 | alvos [7, 52, 71, 79, 109] | pool=98 (0min)
Computing rank from data with rank=None
    Using tolerance 24 (2.2e-16 eps * 4 dim * 2.7e+16  max singular value)
    Estimated rank (data): 4
    data: rank 4 computed from 4 data channels with 0 projectors
Reducing data rank from 4 -> 4
Estimating class=0 covariance using LEDOIT_WOLF
Done.
Estimating class=1 covariance using LEDOIT_WOLF
Done.
Computing rank from data with rank=None
    Using tolerance 16 (2.2e-16 eps * 4 dim * 1.8e+16  max singular value)
    Estimated rank (data): 4
    data: rank 4 computed from 4 data channels with 0 projectors
Reducing data rank from 4 -> 4
Estimating class=0 covariance using LEDOIT_WOLF
Done.
Estimating class=1 covariance using LEDOIT_WOLF
Done.
      pool treinado (1s) — serve aos 5 alvos do grupo
      S007 fold 0: acc3=0.667
      S007 fold 1: acc3=0.724
      S007 fold 2: acc3=0.552
      S052 fold 0: acc3=0.500
      S052 fold 1: acc3=0.433
      S052 fold 2: acc3=0.621
      S071 fold 0: acc3=0.367
      S071 fold 1: acc3=0.448
      S071 fold 2: acc3=0.414
      S079 fold 0: acc3=0.321
      S079 fold 1: acc3=0.464
      S079 fold 2: acc3=0.296
      S109 fold 0: acc3=0.367
      S109 fold 1: acc3=0.367
      S109 fold 2: acc3=0.379
  grupo 3/6 | alvos [12, 34, 60, 91, 95] | pool=98 (0min)
Computing rank from data with rank=None
    Using tolerance 30 (2.2e-16 eps * 4 dim * 3.4e+16  max singular value)
    Estimated rank (data): 4
    data: rank 4 computed from 4 data channels with 0 projectors
Reducing data rank from 4 -> 4
Estimating class=0 covariance using LEDOIT_WOLF
Done.
Estimating class=1 covariance using LEDOIT_WOLF
Done.
Computing rank from data with rank=None
    Using tolerance 20 (2.2e-16 eps * 4 dim * 2.3e+16  max singular value)
    Estimated rank (data): 4
    data: rank 4 computed from 4 data channels with 0 projectors
Reducing data rank from 4 -> 4
Estimating class=0 covariance using LEDOIT_WOLF
Done.
Estimating class=1 covariance using LEDOIT_WOLF
Done.
      pool treinado (1s) — serve aos 5 alvos do grupo
      S012 fold 0: acc3=0.414
      S012 fold 1: acc3=0.517
      S012 fold 2: acc3=0.607
      S034 fold 0: acc3=0.567
      S034 fold 1: acc3=0.667
      S034 fold 2: acc3=0.621
      S060 fold 0: acc3=0.500
      S060 fold 1: acc3=0.586
      S060 fold 2: acc3=0.483
      S091 fold 0: acc3=0.200
      S091 fold 1: acc3=0.448
      S091 fold 2: acc3=0.207
      S095 fold 0: acc3=0.433
      S095 fold 1: acc3=0.483
      S095 fold 2: acc3=0.655
  grupo 4/6 | alvos [25, 31, 87, 106, 108] | pool=98 (0min)
Computing rank from data with rank=None
    Using tolerance 30 (2.2e-16 eps * 4 dim * 3.4e+16  max singular value)
    Estimated rank (data): 4
    data: rank 4 computed from 4 data channels with 0 projectors
Reducing data rank from 4 -> 4
Estimating class=0 covariance using LEDOIT_WOLF
Done.
Estimating class=1 covariance using LEDOIT_WOLF
Done.
Computing rank from data with rank=None
    Using tolerance 20 (2.2e-16 eps * 4 dim * 2.3e+16  max singular value)
    Estimated rank (data): 4
    data: rank 4 computed from 4 data channels with 0 projectors
Reducing data rank from 4 -> 4
Estimating class=0 covariance using LEDOIT_WOLF
Done.
Estimating class=1 covariance using LEDOIT_WOLF
Done.
      pool treinado (1s) — serve aos 5 alvos do grupo
      S025 fold 0: acc3=0.533
      S025 fold 1: acc3=0.414
      S025 fold 2: acc3=0.517
      S031 fold 0: acc3=0.500
      S031 fold 1: acc3=0.552
      S031 fold 2: acc3=0.655
      S087 fold 0: acc3=0.400
      S087 fold 1: acc3=0.448
      S087 fold 2: acc3=0.483
      S106 fold 0: acc3=0.414
      S106 fold 1: acc3=0.448
      S106 fold 2: acc3=0.379
      S108 fold 0: acc3=0.267
      S108 fold 1: acc3=0.310
      S108 fold 2: acc3=0.379
  grupo 5/6 | alvos [41, 45, 63, 83, 105] | pool=98 (0min)
Computing rank from data with rank=None
    Using tolerance 30 (2.2e-16 eps * 4 dim * 3.4e+16  max singular value)
    Estimated rank (data): 4
    data: rank 4 computed from 4 data channels with 0 projectors
Reducing data rank from 4 -> 4
Estimating class=0 covariance using LEDOIT_WOLF
Done.
Estimating class=1 covariance using LEDOIT_WOLF
Done.
Computing rank from data with rank=None
    Using tolerance 21 (2.2e-16 eps * 4 dim * 2.3e+16  max singular value)
    Estimated rank (data): 4
    data: rank 4 computed from 4 data channels with 0 projectors
Reducing data rank from 4 -> 4
Estimating class=0 covariance using LEDOIT_WOLF
Done.
Estimating class=1 covariance using LEDOIT_WOLF
Done.
      pool treinado (1s) — serve aos 5 alvos do grupo
      S041 fold 0: acc3=0.467
      S041 fold 1: acc3=0.567
      S041 fold 2: acc3=0.483
      S045 fold 0: acc3=0.433
      S045 fold 1: acc3=0.586
      S045 fold 2: acc3=0.483
      S063 fold 0: acc3=0.483
      S063 fold 1: acc3=0.429
      S063 fold 2: acc3=0.286
      S083 fold 0: acc3=0.655
      S083 fold 1: acc3=0.379
      S083 fold 2: acc3=0.448
      S105 fold 0: acc3=0.310
      S105 fold 1: acc3=0.241
      S105 fold 2: acc3=0.517
  grupo 6/6 | alvos [18, 49, 68, 76, 98] | pool=98 (1min)
Computing rank from data with rank=None
    Using tolerance 30 (2.2e-16 eps * 4 dim * 3.4e+16  max singular value)
    Estimated rank (data): 4
    data: rank 4 computed from 4 data channels with 0 projectors
Reducing data rank from 4 -> 4
Estimating class=0 covariance using LEDOIT_WOLF
Done.
Estimating class=1 covariance using LEDOIT_WOLF
Done.
Computing rank from data with rank=None
    Using tolerance 21 (2.2e-16 eps * 4 dim * 2.3e+16  max singular value)
    Estimated rank (data): 4
    data: rank 4 computed from 4 data channels with 0 projectors
Reducing data rank from 4 -> 4
Estimating class=0 covariance using LEDOIT_WOLF
Done.
Estimating class=1 covariance using LEDOIT_WOLF
Done.
      pool treinado (1s) — serve aos 5 alvos do grupo
      S018 fold 0: acc3=0.310
      S018 fold 1: acc3=0.414
      S018 fold 2: acc3=0.345
      S049 fold 0: acc3=0.500
      S049 fold 1: acc3=0.600
      S049 fold 2: acc3=0.552
      S068 fold 0: acc3=0.467
      S068 fold 1: acc3=0.500
      S068 fold 2: acc3=0.333
      S076 fold 0: acc3=0.333
      S076 fold 1: acc3=0.467
      S076 fold 2: acc3=0.276
      S098 fold 0: acc3=0.333
      S098 fold 1: acc3=0.533
      S098 fold 2: acc3=0.367

BENCH_MONTAGENS_DONE (1min)
CUDA=True | montagens=['4'] | modelos=['fbcsp_svm'] | alvos=30 | folds=3
  contrato 5cb6c6358c | banda 4-40 Hz ordem 5 | CAR on | IQR k=1.5 | calib 48 | fases mi
  aninhamento 2<4<8<16<21<32<64 verificado
  montagem      E  D centro  simetria
  64           27 27     10  sim
  32           14 14      4  sim
  21            9  8      4  NAO (aceita por decisao)
  16            6  6      4  sim
  8             3  3      2  sim
  4             2  2      0  sim
  2             1  1      0  sim
  3             1  1      1  sim
  sem_fz        4  3      1  NAO (aceita por decisao)
  posterior8    4  4      0  sim
  ocular4       2  2      0  sim
  6 grupos de alvos (semente 42), pool = 98 sujeitos:
    grupo 1: [3, 22, 57, 102, 107]
    grupo 2: [7, 52, 71, 79, 109]
    grupo 3: [12, 34, 60, 91, 95]
    grupo 4: [25, 31, 87, 106, 108]
    grupo 5: [41, 45, 63, 83, 105]
    grupo 6: [18, 49, 68, 76, 98]
  retomando: 1710 celulas ja concluidas sob 5cb6c6358c

==============================================================
  MONTAGEM 4 (4 canais) | MODELO fbcsp_svm | 0min
==============================================================
  grupo 1/6 | alvos [3, 22, 57, 102, 107] | pool=98 (0min)
Computing rank from data with rank=None
    Using tolerance 15 (2.2e-16 eps * 4 dim * 1.7e+16  max singular value)
    Estimated rank (data): 4
    data: rank 4 computed from 4 data channels with 0 projectors
Reducing data rank from 4 -> 4
Estimating class=0 covariance using LEDOIT_WOLF
Done.
Estimating class=1 covariance using LEDOIT_WOLF
Done.
Computing rank from data with rank=None
    Using tolerance 15 (2.2e-16 eps * 4 dim * 1.7e+16  max singular value)
    Estimated rank (data): 4
    data: rank 4 computed from 4 data channels with 0 projectors
Reducing data rank from 4 -> 4
Estimating class=0 covariance using LEDOIT_WOLF
Done.
Estimating class=1 covariance using LEDOIT_WOLF
Done.
Computing rank from data with rank=None
    Using tolerance 10 (2.2e-16 eps * 4 dim * 1.2e+16  max singular value)
    Estimated rank (data): 4
    data: rank 4 computed from 4 data channels with 0 projectors
Reducing data rank from 4 -> 4
Estimating class=0 covariance using LEDOIT_WOLF
Done.
Estimating class=1 covariance using LEDOIT_WOLF
Done.
Computing rank from data with rank=None
    Using tolerance 8.6 (2.2e-16 eps * 4 dim * 9.7e+15  max singular value)
    Estimated rank (data): 4
    data: rank 4 computed from 4 data channels with 0 projectors
Reducing data rank from 4 -> 4
Estimating class=0 covariance using LEDOIT_WOLF
Done.
Estimating class=1 covariance using LEDOIT_WOLF
Done.
Computing rank from data with rank=None
    Using tolerance 7.6 (2.2e-16 eps * 4 dim * 8.5e+15  max singular value)
    Estimated rank (data): 4
    data: rank 4 computed from 4 data channels with 0 projectors
Reducing data rank from 4 -> 4
Estimating class=0 covariance using LEDOIT_WOLF
Done.
Estimating class=1 covariance using LEDOIT_WOLF
Done.
Computing rank from data with rank=None
    Using tolerance 6 (2.2e-16 eps * 4 dim * 6.8e+15  max singular value)
    Estimated rank (data): 4
    data: rank 4 computed from 4 data channels with 0 projectors
Reducing data rank from 4 -> 4
Estimating class=0 covariance using LEDOIT_WOLF
Done.
Estimating class=1 covariance using LEDOIT_WOLF
Done.
Computing rank from data with rank=None
    Using tolerance 5.2 (2.2e-16 eps * 4 dim * 5.8e+15  max singular value)
    Estimated rank (data): 4
    data: rank 4 computed from 4 data channels with 0 projectors
Reducing data rank from 4 -> 4
Estimating class=0 covariance using LEDOIT_WOLF
Done.
Estimating class=1 covariance using LEDOIT_WOLF
Done.
Computing rank from data with rank=None
    Using tolerance 4.2 (2.2e-16 eps * 4 dim * 4.7e+15  max singular value)
    Estimated rank (data): 4
    data: rank 4 computed from 4 data channels with 0 projectors
Reducing data rank from 4 -> 4
Estimating class=0 covariance using LEDOIT_WOLF
Done.
Estimating class=1 covariance using LEDOIT_WOLF
Done.
Computing rank from data with rank=None
    Using tolerance 2.9 (2.2e-16 eps * 4 dim * 3.2e+15  max singular value)
    Estimated rank (data): 4
    data: rank 4 computed from 4 data channels with 0 projectors
Reducing data rank from 4 -> 4
Estimating class=0 covariance using LEDOIT_WOLF
Done.
Estimating class=1 covariance using LEDOIT_WOLF
Done.
Computing rank from data with rank=None
    Using tolerance 11 (2.2e-16 eps * 4 dim * 1.2e+16  max singular value)
    Estimated rank (data): 4
    data: rank 4 computed from 4 data channels with 0 projectors
Reducing data rank from 4 -> 4
Estimating class=0 covariance using LEDOIT_WOLF
Done.
Estimating class=1 covariance using LEDOIT_WOLF
Done.
Computing rank from data with rank=None
    Using tolerance 10 (2.2e-16 eps * 4 dim * 1.1e+16  max singular value)
    Estimated rank (data): 4
    data: rank 4 computed from 4 data channels with 0 projectors
Reducing data rank from 4 -> 4
Estimating class=0 covariance using LEDOIT_WOLF
Done.
Estimating class=1 covariance using LEDOIT_WOLF
Done.
Computing rank from data with rank=None
    Using tolerance 7 (2.2e-16 eps * 4 dim * 7.9e+15  max singular value)
    Estimated rank (data): 4
    data: rank 4 computed from 4 data channels with 0 projectors
Reducing data rank from 4 -> 4
Estimating class=0 covariance using LEDOIT_WOLF
Done.
Estimating class=1 covariance using LEDOIT_WOLF
Done.
Computing rank from data with rank=None
    Using tolerance 5.8 (2.2e-16 eps * 4 dim * 6.5e+15  max singular value)
    Estimated rank (data): 4
    data: rank 4 computed from 4 data channels with 0 projectors
Reducing data rank from 4 -> 4
Estimating class=0 covariance using LEDOIT_WOLF
Done.
Estimating class=1 covariance using LEDOIT_WOLF
Done.
Computing rank from data with rank=None
    Using tolerance 5.2 (2.2e-16 eps * 4 dim * 5.8e+15  max singular value)
    Estimated rank (data): 4
    data: rank 4 computed from 4 data channels with 0 projectors
Reducing data rank from 4 -> 4
Estimating class=0 covariance using LEDOIT_WOLF
Done.
Estimating class=1 covariance using LEDOIT_WOLF
Done.
Computing rank from data with rank=None
    Using tolerance 4.1 (2.2e-16 eps * 4 dim * 4.6e+15  max singular value)
    Estimated rank (data): 4
    data: rank 4 computed from 4 data channels with 0 projectors
Reducing data rank from 4 -> 4
Estimating class=0 covariance using LEDOIT_WOLF
Done.
Estimating class=1 covariance using LEDOIT_WOLF
Done.
Computing rank from data with rank=None
    Using tolerance 3.6 (2.2e-16 eps * 4 dim * 4.1e+15  max singular value)
    Estimated rank (data): 4
    data: rank 4 computed from 4 data channels with 0 projectors
Reducing data rank from 4 -> 4
Estimating class=0 covariance using LEDOIT_WOLF
Done.
Estimating class=1 covariance using LEDOIT_WOLF
Done.
Computing rank from data with rank=None
    Using tolerance 3 (2.2e-16 eps * 4 dim * 3.4e+15  max singular value)
    Estimated rank (data): 4
    data: rank 4 computed from 4 data channels with 0 projectors
Reducing data rank from 4 -> 4
Estimating class=0 covariance using LEDOIT_WOLF
Done.
Estimating class=1 covariance using LEDOIT_WOLF
Done.
Computing rank from data with rank=None
    Using tolerance 2 (2.2e-16 eps * 4 dim * 2.3e+15  max singular value)
    Estimated rank (data): 4
    data: rank 4 computed from 4 data channels with 0 projectors
Reducing data rank from 4 -> 4
Estimating class=0 covariance using LEDOIT_WOLF
Done.
Estimating class=1 covariance using LEDOIT_WOLF
Done.
      pool treinado (32s) — serve aos 5 alvos do grupo
      S003 fold 0: acc3=0.464
      S003 fold 1: acc3=0.321
      S003 fold 2: acc3=0.556
      S022 fold 0: acc3=0.414
      S022 fold 1: acc3=0.414
      S022 fold 2: acc3=0.483
      S057 fold 0: acc3=0.467
      S057 fold 1: acc3=0.414
      S057 fold 2: acc3=0.483
      S102 fold 0: acc3=0.567
      S102 fold 1: acc3=0.500
      S102 fold 2: acc3=0.552
      S107 fold 0: acc3=0.367
      S107 fold 1: acc3=0.433
      S107 fold 2: acc3=0.448
  grupo 2/6 | alvos [7, 52, 71, 79, 109] | pool=98 (1min)
Computing rank from data with rank=None
    Using tolerance 9.6 (2.2e-16 eps * 4 dim * 1.1e+16  max singular value)
    Estimated rank (data): 4
    data: rank 4 computed from 4 data channels with 0 projectors
Reducing data rank from 4 -> 4
Estimating class=0 covariance using LEDOIT_WOLF
Done.
Estimating class=1 covariance using LEDOIT_WOLF
Done.
Computing rank from data with rank=None
    Using tolerance 13 (2.2e-16 eps * 4 dim * 1.5e+16  max singular value)
    Estimated rank (data): 4
    data: rank 4 computed from 4 data channels with 0 projectors
Reducing data rank from 4 -> 4
Estimating class=0 covariance using LEDOIT_WOLF
Done.
Estimating class=1 covariance using LEDOIT_WOLF
Done.
Computing rank from data with rank=None
    Using tolerance 8.2 (2.2e-16 eps * 4 dim * 9.2e+15  max singular value)
    Estimated rank (data): 4
    data: rank 4 computed from 4 data channels with 0 projectors
Reducing data rank from 4 -> 4
Estimating class=0 covariance using LEDOIT_WOLF
Done.
Estimating class=1 covariance using LEDOIT_WOLF
Done.
Computing rank from data with rank=None
    Using tolerance 7.3 (2.2e-16 eps * 4 dim * 8.2e+15  max singular value)
    Estimated rank (data): 4
    data: rank 4 computed from 4 data channels with 0 projectors
Reducing data rank from 4 -> 4
Estimating class=0 covariance using LEDOIT_WOLF
Done.
Estimating class=1 covariance using LEDOIT_WOLF
Done.
Computing rank from data with rank=None
    Using tolerance 6.7 (2.2e-16 eps * 4 dim * 7.5e+15  max singular value)
    Estimated rank (data): 4
    data: rank 4 computed from 4 data channels with 0 projectors
Reducing data rank from 4 -> 4
Estimating class=0 covariance using LEDOIT_WOLF
Done.
Estimating class=1 covariance using LEDOIT_WOLF
Done.
Computing rank from data with rank=None
    Using tolerance 5.2 (2.2e-16 eps * 4 dim * 5.9e+15  max singular value)
    Estimated rank (data): 4
    data: rank 4 computed from 4 data channels with 0 projectors
Reducing data rank from 4 -> 4
Estimating class=0 covariance using LEDOIT_WOLF
Done.
Estimating class=1 covariance using LEDOIT_WOLF
Done.
Computing rank from data with rank=None
    Using tolerance 4.5 (2.2e-16 eps * 4 dim * 5.1e+15  max singular value)
    Estimated rank (data): 4
    data: rank 4 computed from 4 data channels with 0 projectors
Reducing data rank from 4 -> 4
Estimating class=0 covariance using LEDOIT_WOLF
Done.
Estimating class=1 covariance using LEDOIT_WOLF
Done.
Computing rank from data with rank=None
    Using tolerance 3.6 (2.2e-16 eps * 4 dim * 4.1e+15  max singular value)
    Estimated rank (data): 4
    data: rank 4 computed from 4 data channels with 0 projectors
Reducing data rank from 4 -> 4
Estimating class=0 covariance using LEDOIT_WOLF
Done.
Estimating class=1 covariance using LEDOIT_WOLF
Done.
Computing rank from data with rank=None
    Using tolerance 2.5 (2.2e-16 eps * 4 dim * 2.8e+15  max singular value)
    Estimated rank (data): 4
    data: rank 4 computed from 4 data channels with 0 projectors
Reducing data rank from 4 -> 4
Estimating class=0 covariance using LEDOIT_WOLF
Done.
Estimating class=1 covariance using LEDOIT_WOLF
Done.
Computing rank from data with rank=None
    Using tolerance 6.6 (2.2e-16 eps * 4 dim * 7.5e+15  max singular value)
    Estimated rank (data): 4
    data: rank 4 computed from 4 data channels with 0 projectors
Reducing data rank from 4 -> 4
Estimating class=0 covariance using LEDOIT_WOLF
Done.
Estimating class=1 covariance using LEDOIT_WOLF
Done.
Computing rank from data with rank=None
    Using tolerance 8.4 (2.2e-16 eps * 4 dim * 9.5e+15  max singular value)
    Estimated rank (data): 4
    data: rank 4 computed from 4 data channels with 0 projectors
Reducing data rank from 4 -> 4
Estimating class=0 covariance using LEDOIT_WOLF
Done.
Estimating class=1 covariance using LEDOIT_WOLF
Done.
Computing rank from data with rank=None
    Using tolerance 5.4 (2.2e-16 eps * 4 dim * 6.1e+15  max singular value)
    Estimated rank (data): 4
    data: rank 4 computed from 4 data channels with 0 projectors
Reducing data rank from 4 -> 4
Estimating class=0 covariance using LEDOIT_WOLF
Done.
Estimating class=1 covariance using LEDOIT_WOLF
Done.
Computing rank from data with rank=None
    Using tolerance 4.8 (2.2e-16 eps * 4 dim * 5.4e+15  max singular value)
    Estimated rank (data): 4
    data: rank 4 computed from 4 data channels with 0 projectors
Reducing data rank from 4 -> 4
Estimating class=0 covariance using LEDOIT_WOLF
Done.
Estimating class=1 covariance using LEDOIT_WOLF
Done.
Computing rank from data with rank=None
    Using tolerance 4.4 (2.2e-16 eps * 4 dim * 5e+15  max singular value)
    Estimated rank (data): 4
    data: rank 4 computed from 4 data channels with 0 projectors
Reducing data rank from 4 -> 4
Estimating class=0 covariance using LEDOIT_WOLF
Done.
Estimating class=1 covariance using LEDOIT_WOLF
Done.
Computing rank from data with rank=None
    Using tolerance 3.5 (2.2e-16 eps * 4 dim * 4e+15  max singular value)
    Estimated rank (data): 4
    data: rank 4 computed from 4 data channels with 0 projectors
Reducing data rank from 4 -> 4
Estimating class=0 covariance using LEDOIT_WOLF
Done.
Estimating class=1 covariance using LEDOIT_WOLF
Done.
Computing rank from data with rank=None
    Using tolerance 3.1 (2.2e-16 eps * 4 dim * 3.5e+15  max singular value)
    Estimated rank (data): 4
    data: rank 4 computed from 4 data channels with 0 projectors
Reducing data rank from 4 -> 4
Estimating class=0 covariance using LEDOIT_WOLF
Done.
Estimating class=1 covariance using LEDOIT_WOLF
Done.
Computing rank from data with rank=None
    Using tolerance 2.5 (2.2e-16 eps * 4 dim * 2.9e+15  max singular value)
    Estimated rank (data): 4
    data: rank 4 computed from 4 data channels with 0 projectors
Reducing data rank from 4 -> 4
Estimating class=0 covariance using LEDOIT_WOLF
Done.
Estimating class=1 covariance using LEDOIT_WOLF
Done.
Computing rank from data with rank=None
    Using tolerance 1.8 (2.2e-16 eps * 4 dim * 2e+15  max singular value)
    Estimated rank (data): 4
    data: rank 4 computed from 4 data channels with 0 projectors
Reducing data rank from 4 -> 4
Estimating class=0 covariance using LEDOIT_WOLF
Done.
Estimating class=1 covariance using LEDOIT_WOLF
Done.
      pool treinado (33s) — serve aos 5 alvos do grupo
      S007 fold 0: acc3=0.533
      S007 fold 1: acc3=0.552
      S007 fold 2: acc3=0.586
      S052 fold 0: acc3=0.633
      S052 fold 1: acc3=0.567
      S052 fold 2: acc3=0.552
      S071 fold 0: acc3=0.333
      S071 fold 1: acc3=0.483
      S071 fold 2: acc3=0.483
      S079 fold 0: acc3=0.357
      S079 fold 1: acc3=0.500
      S079 fold 2: acc3=0.296
      S109 fold 0: acc3=0.433
      S109 fold 1: acc3=0.367
      S109 fold 2: acc3=0.207
  grupo 3/6 | alvos [12, 34, 60, 91, 95] | pool=98 (1min)
Computing rank from data with rank=None
    Using tolerance 15 (2.2e-16 eps * 4 dim * 1.7e+16  max singular value)
    Estimated rank (data): 4
    data: rank 4 computed from 4 data channels with 0 projectors
Reducing data rank from 4 -> 4
Estimating class=0 covariance using LEDOIT_WOLF
Done.
Estimating class=1 covariance using LEDOIT_WOLF
Done.
Computing rank from data with rank=None
    Using tolerance 15 (2.2e-16 eps * 4 dim * 1.7e+16  max singular value)
    Estimated rank (data): 4
    data: rank 4 computed from 4 data channels with 0 projectors
Reducing data rank from 4 -> 4
Estimating class=0 covariance using LEDOIT_WOLF
Done.
Estimating class=1 covariance using LEDOIT_WOLF
Done.
Computing rank from data with rank=None
    Using tolerance 10 (2.2e-16 eps * 4 dim * 1.2e+16  max singular value)
    Estimated rank (data): 4
    data: rank 4 computed from 4 data channels with 0 projectors
Reducing data rank from 4 -> 4
Estimating class=0 covariance using LEDOIT_WOLF
Done.
Estimating class=1 covariance using LEDOIT_WOLF
Done.
Computing rank from data with rank=None
    Using tolerance 8.6 (2.2e-16 eps * 4 dim * 9.7e+15  max singular value)
    Estimated rank (data): 4
    data: rank 4 computed from 4 data channels with 0 projectors
Reducing data rank from 4 -> 4
Estimating class=0 covariance using LEDOIT_WOLF
Done.
Estimating class=1 covariance using LEDOIT_WOLF
Done.
Computing rank from data with rank=None
    Using tolerance 7.6 (2.2e-16 eps * 4 dim * 8.5e+15  max singular value)
    Estimated rank (data): 4
    data: rank 4 computed from 4 data channels with 0 projectors
Reducing data rank from 4 -> 4
Estimating class=0 covariance using LEDOIT_WOLF
Done.
Estimating class=1 covariance using LEDOIT_WOLF
Done.
Computing rank from data with rank=None
    Using tolerance 6 (2.2e-16 eps * 4 dim * 6.8e+15  max singular value)
    Estimated rank (data): 4
    data: rank 4 computed from 4 data channels with 0 projectors
Reducing data rank from 4 -> 4
Estimating class=0 covariance using LEDOIT_WOLF
Done.
Estimating class=1 covariance using LEDOIT_WOLF
Done.
Computing rank from data with rank=None
    Using tolerance 5.1 (2.2e-16 eps * 4 dim * 5.7e+15  max singular value)
    Estimated rank (data): 4
    data: rank 4 computed from 4 data channels with 0 projectors
Reducing data rank from 4 -> 4
Estimating class=0 covariance using LEDOIT_WOLF
Done.
Estimating class=1 covariance using LEDOIT_WOLF
Done.
Computing rank from data with rank=None
    Using tolerance 4.1 (2.2e-16 eps * 4 dim * 4.6e+15  max singular value)
    Estimated rank (data): 4
    data: rank 4 computed from 4 data channels with 0 projectors
Reducing data rank from 4 -> 4
Estimating class=0 covariance using LEDOIT_WOLF
Done.
Estimating class=1 covariance using LEDOIT_WOLF
Done.
Computing rank from data with rank=None
    Using tolerance 2.8 (2.2e-16 eps * 4 dim * 3.2e+15  max singular value)
    Estimated rank (data): 4
    data: rank 4 computed from 4 data channels with 0 projectors
Reducing data rank from 4 -> 4
Estimating class=0 covariance using LEDOIT_WOLF
Done.
Estimating class=1 covariance using LEDOIT_WOLF
Done.
Computing rank from data with rank=None
    Using tolerance 11 (2.2e-16 eps * 4 dim * 1.2e+16  max singular value)
    Estimated rank (data): 4
    data: rank 4 computed from 4 data channels with 0 projectors
Reducing data rank from 4 -> 4
Estimating class=0 covariance using LEDOIT_WOLF
Done.
Estimating class=1 covariance using LEDOIT_WOLF
Done.
Computing rank from data with rank=None
    Using tolerance 10 (2.2e-16 eps * 4 dim * 1.1e+16  max singular value)
    Estimated rank (data): 4
    data: rank 4 computed from 4 data channels with 0 projectors
Reducing data rank from 4 -> 4
Estimating class=0 covariance using LEDOIT_WOLF
Done.
Estimating class=1 covariance using LEDOIT_WOLF
Done.
Computing rank from data with rank=None
    Using tolerance 7 (2.2e-16 eps * 4 dim * 7.8e+15  max singular value)
    Estimated rank (data): 4
    data: rank 4 computed from 4 data channels with 0 projectors
Reducing data rank from 4 -> 4
Estimating class=0 covariance using LEDOIT_WOLF
Done.
Estimating class=1 covariance using LEDOIT_WOLF
Done.
Computing rank from data with rank=None
    Using tolerance 5.8 (2.2e-16 eps * 4 dim * 6.5e+15  max singular value)
    Estimated rank (data): 4
    data: rank 4 computed from 4 data channels with 0 projectors
Reducing data rank from 4 -> 4
Estimating class=0 covariance using LEDOIT_WOLF
Done.
Estimating class=1 covariance using LEDOIT_WOLF
Done.
Computing rank from data with rank=None
    Using tolerance 5.2 (2.2e-16 eps * 4 dim * 5.8e+15  max singular value)
    Estimated rank (data): 4
    data: rank 4 computed from 4 data channels with 0 projectors
Reducing data rank from 4 -> 4
Estimating class=0 covariance using LEDOIT_WOLF
Done.
Estimating class=1 covariance using LEDOIT_WOLF
Done.
Computing rank from data with rank=None
    Using tolerance 4.1 (2.2e-16 eps * 4 dim * 4.6e+15  max singular value)
    Estimated rank (data): 4
    data: rank 4 computed from 4 data channels with 0 projectors
Reducing data rank from 4 -> 4
Estimating class=0 covariance using LEDOIT_WOLF
Done.
Estimating class=1 covariance using LEDOIT_WOLF
Done.
Computing rank from data with rank=None
    Using tolerance 3.6 (2.2e-16 eps * 4 dim * 4e+15  max singular value)
    Estimated rank (data): 4
    data: rank 4 computed from 4 data channels with 0 projectors
Reducing data rank from 4 -> 4
Estimating class=0 covariance using LEDOIT_WOLF
Done.
Estimating class=1 covariance using LEDOIT_WOLF
Done.
Computing rank from data with rank=None
    Using tolerance 3 (2.2e-16 eps * 4 dim * 3.3e+15  max singular value)
    Estimated rank (data): 4
    data: rank 4 computed from 4 data channels with 0 projectors
Reducing data rank from 4 -> 4
Estimating class=0 covariance using LEDOIT_WOLF
Done.
Estimating class=1 covariance using LEDOIT_WOLF
Done.
Computing rank from data with rank=None
    Using tolerance 2 (2.2e-16 eps * 4 dim * 2.3e+15  max singular value)
    Estimated rank (data): 4
    data: rank 4 computed from 4 data channels with 0 projectors
Reducing data rank from 4 -> 4
Estimating class=0 covariance using LEDOIT_WOLF
Done.
Estimating class=1 covariance using LEDOIT_WOLF
Done.
      pool treinado (32s) — serve aos 5 alvos do grupo
      S012 fold 0: acc3=0.517
      S012 fold 1: acc3=0.552
      S012 fold 2: acc3=0.500
      S034 fold 0: acc3=0.500
      S034 fold 1: acc3=0.667
      S034 fold 2: acc3=0.517
      S060 fold 0: acc3=0.567
      S060 fold 1: acc3=0.655
      S060 fold 2: acc3=0.552
      S091 fold 0: acc3=0.433
      S091 fold 1: acc3=0.345
      S091 fold 2: acc3=0.517
      S095 fold 0: acc3=0.367
      S095 fold 1: acc3=0.414
      S095 fold 2: acc3=0.414
  grupo 4/6 | alvos [25, 31, 87, 106, 108] | pool=98 (2min)
Computing rank from data with rank=None
    Using tolerance 15 (2.2e-16 eps * 4 dim * 1.7e+16  max singular value)
    Estimated rank (data): 4
    data: rank 4 computed from 4 data channels with 0 projectors
Reducing data rank from 4 -> 4
Estimating class=0 covariance using LEDOIT_WOLF
Done.
Estimating class=1 covariance using LEDOIT_WOLF
Done.
Computing rank from data with rank=None
    Using tolerance 15 (2.2e-16 eps * 4 dim * 1.7e+16  max singular value)
    Estimated rank (data): 4
    data: rank 4 computed from 4 data channels with 0 projectors
Reducing data rank from 4 -> 4
Estimating class=0 covariance using LEDOIT_WOLF
Done.
Estimating class=1 covariance using LEDOIT_WOLF
Done.
Computing rank from data with rank=None
    Using tolerance 10 (2.2e-16 eps * 4 dim * 1.2e+16  max singular value)
    Estimated rank (data): 4
    data: rank 4 computed from 4 data channels with 0 projectors
Reducing data rank from 4 -> 4
Estimating class=0 covariance using LEDOIT_WOLF
Done.
Estimating class=1 covariance using LEDOIT_WOLF
Done.
Computing rank from data with rank=None
    Using tolerance 8.6 (2.2e-16 eps * 4 dim * 9.6e+15  max singular value)
    Estimated rank (data): 4
    data: rank 4 computed from 4 data channels with 0 projectors
Reducing data rank from 4 -> 4
Estimating class=0 covariance using LEDOIT_WOLF
Done.
Estimating class=1 covariance using LEDOIT_WOLF
Done.
Computing rank from data with rank=None
    Using tolerance 7.6 (2.2e-16 eps * 4 dim * 8.5e+15  max singular value)
    Estimated rank (data): 4
    data: rank 4 computed from 4 data channels with 0 projectors
Reducing data rank from 4 -> 4
Estimating class=0 covariance using LEDOIT_WOLF
Done.
Estimating class=1 covariance using LEDOIT_WOLF
Done.
Computing rank from data with rank=None
    Using tolerance 6 (2.2e-16 eps * 4 dim * 6.8e+15  max singular value)
    Estimated rank (data): 4
    data: rank 4 computed from 4 data channels with 0 projectors
Reducing data rank from 4 -> 4
Estimating class=0 covariance using LEDOIT_WOLF
Done.
Estimating class=1 covariance using LEDOIT_WOLF
Done.
Computing rank from data with rank=None
    Using tolerance 5.2 (2.2e-16 eps * 4 dim * 5.8e+15  max singular value)
    Estimated rank (data): 4
    data: rank 4 computed from 4 data channels with 0 projectors
Reducing data rank from 4 -> 4
Estimating class=0 covariance using LEDOIT_WOLF
Done.
Estimating class=1 covariance using LEDOIT_WOLF
Done.
Computing rank from data with rank=None
    Using tolerance 4.2 (2.2e-16 eps * 4 dim * 4.7e+15  max singular value)
    Estimated rank (data): 4
    data: rank 4 computed from 4 data channels with 0 projectors
Reducing data rank from 4 -> 4
Estimating class=0 covariance using LEDOIT_WOLF
Done.
Estimating class=1 covariance using LEDOIT_WOLF
Done.
Computing rank from data with rank=None
    Using tolerance 2.9 (2.2e-16 eps * 4 dim * 3.2e+15  max singular value)
    Estimated rank (data): 4
    data: rank 4 computed from 4 data channels with 0 projectors
Reducing data rank from 4 -> 4
Estimating class=0 covariance using LEDOIT_WOLF
Done.
Estimating class=1 covariance using LEDOIT_WOLF
Done.
Computing rank from data with rank=None
    Using tolerance 11 (2.2e-16 eps * 4 dim * 1.2e+16  max singular value)
    Estimated rank (data): 4
    data: rank 4 computed from 4 data channels with 0 projectors
Reducing data rank from 4 -> 4
Estimating class=0 covariance using LEDOIT_WOLF
Done.
Estimating class=1 covariance using LEDOIT_WOLF
Done.
Computing rank from data with rank=None
    Using tolerance 9.9 (2.2e-16 eps * 4 dim * 1.1e+16  max singular value)
    Estimated rank (data): 4
    data: rank 4 computed from 4 data channels with 0 projectors
Reducing data rank from 4 -> 4
Estimating class=0 covariance using LEDOIT_WOLF
Done.
Estimating class=1 covariance using LEDOIT_WOLF
Done.
Computing rank from data with rank=None
    Using tolerance 7 (2.2e-16 eps * 4 dim * 7.8e+15  max singular value)
    Estimated rank (data): 4
    data: rank 4 computed from 4 data channels with 0 projectors
Reducing data rank from 4 -> 4
Estimating class=0 covariance using LEDOIT_WOLF
Done.
Estimating class=1 covariance using LEDOIT_WOLF
Done.
Computing rank from data with rank=None
    Using tolerance 5.8 (2.2e-16 eps * 4 dim * 6.5e+15  max singular value)
    Estimated rank (data): 4
    data: rank 4 computed from 4 data channels with 0 projectors
Reducing data rank from 4 -> 4
Estimating class=0 covariance using LEDOIT_WOLF
Done.
Estimating class=1 covariance using LEDOIT_WOLF
Done.
Computing rank from data with rank=None
    Using tolerance 5.1 (2.2e-16 eps * 4 dim * 5.8e+15  max singular value)
    Estimated rank (data): 4
    data: rank 4 computed from 4 data channels with 0 projectors
Reducing data rank from 4 -> 4
Estimating class=0 covariance using LEDOIT_WOLF
Done.
Estimating class=1 covariance using LEDOIT_WOLF
Done.
Computing rank from data with rank=None
    Using tolerance 4.1 (2.2e-16 eps * 4 dim * 4.7e+15  max singular value)
    Estimated rank (data): 4
    data: rank 4 computed from 4 data channels with 0 projectors
Reducing data rank from 4 -> 4
Estimating class=0 covariance using LEDOIT_WOLF
Done.
Estimating class=1 covariance using LEDOIT_WOLF
Done.
Computing rank from data with rank=None
    Using tolerance 3.6 (2.2e-16 eps * 4 dim * 4.1e+15  max singular value)
    Estimated rank (data): 4
    data: rank 4 computed from 4 data channels with 0 projectors
Reducing data rank from 4 -> 4
Estimating class=0 covariance using LEDOIT_WOLF
Done.
Estimating class=1 covariance using LEDOIT_WOLF
Done.
Computing rank from data with rank=None
    Using tolerance 3 (2.2e-16 eps * 4 dim * 3.4e+15  max singular value)
    Estimated rank (data): 4
    data: rank 4 computed from 4 data channels with 0 projectors
Reducing data rank from 4 -> 4
Estimating class=0 covariance using LEDOIT_WOLF
Done.
Estimating class=1 covariance using LEDOIT_WOLF
Done.
Computing rank from data with rank=None
    Using tolerance 2 (2.2e-16 eps * 4 dim * 2.3e+15  max singular value)
    Estimated rank (data): 4
    data: rank 4 computed from 4 data channels with 0 projectors
Reducing data rank from 4 -> 4
Estimating class=0 covariance using LEDOIT_WOLF
Done.
Estimating class=1 covariance using LEDOIT_WOLF
Done.
      pool treinado (35s) — serve aos 5 alvos do grupo
      S025 fold 0: acc3=0.667
      S025 fold 1: acc3=0.586
      S025 fold 2: acc3=0.690
      S031 fold 0: acc3=0.567
      S031 fold 1: acc3=0.517
      S031 fold 2: acc3=0.448
      S087 fold 0: acc3=0.333
      S087 fold 1: acc3=0.448
      S087 fold 2: acc3=0.241
      S106 fold 0: acc3=0.517
      S106 fold 1: acc3=0.552
      S106 fold 2: acc3=0.552
      S108 fold 0: acc3=0.400
      S108 fold 1: acc3=0.276
      S108 fold 2: acc3=0.276
  grupo 5/6 | alvos [41, 45, 63, 83, 105] | pool=98 (3min)
Computing rank from data with rank=None
    Using tolerance 15 (2.2e-16 eps * 4 dim * 1.7e+16  max singular value)
    Estimated rank (data): 4
    data: rank 4 computed from 4 data channels with 0 projectors
Reducing data rank from 4 -> 4
Estimating class=0 covariance using LEDOIT_WOLF
Done.
Estimating class=1 covariance using LEDOIT_WOLF
Done.
Computing rank from data with rank=None
    Using tolerance 15 (2.2e-16 eps * 4 dim * 1.7e+16  max singular value)
    Estimated rank (data): 4
    data: rank 4 computed from 4 data channels with 0 projectors
Reducing data rank from 4 -> 4
Estimating class=0 covariance using LEDOIT_WOLF
Done.
Estimating class=1 covariance using LEDOIT_WOLF
Done.
Computing rank from data with rank=None
    Using tolerance 10 (2.2e-16 eps * 4 dim * 1.2e+16  max singular value)
    Estimated rank (data): 4
    data: rank 4 computed from 4 data channels with 0 projectors
Reducing data rank from 4 -> 4
Estimating class=0 covariance using LEDOIT_WOLF
Done.
Estimating class=1 covariance using LEDOIT_WOLF
Done.
Computing rank from data with rank=None
    Using tolerance 8.5 (2.2e-16 eps * 4 dim * 9.6e+15  max singular value)
    Estimated rank (data): 4
    data: rank 4 computed from 4 data channels with 0 projectors
Reducing data rank from 4 -> 4
Estimating class=0 covariance using LEDOIT_WOLF
Done.
Estimating class=1 covariance using LEDOIT_WOLF
Done.
Computing rank from data with rank=None
    Using tolerance 7.5 (2.2e-16 eps * 4 dim * 8.5e+15  max singular value)
    Estimated rank (data): 4
    data: rank 4 computed from 4 data channels with 0 projectors
Reducing data rank from 4 -> 4
Estimating class=0 covariance using LEDOIT_WOLF
Done.
Estimating class=1 covariance using LEDOIT_WOLF
Done.
Computing rank from data with rank=None
    Using tolerance 6 (2.2e-16 eps * 4 dim * 6.8e+15  max singular value)
    Estimated rank (data): 4
    data: rank 4 computed from 4 data channels with 0 projectors
Reducing data rank from 4 -> 4
Estimating class=0 covariance using LEDOIT_WOLF
Done.
Estimating class=1 covariance using LEDOIT_WOLF
Done.
Computing rank from data with rank=None
    Using tolerance 5.1 (2.2e-16 eps * 4 dim * 5.8e+15  max singular value)
    Estimated rank (data): 4
    data: rank 4 computed from 4 data channels with 0 projectors
Reducing data rank from 4 -> 4
Estimating class=0 covariance using LEDOIT_WOLF
Done.
Estimating class=1 covariance using LEDOIT_WOLF
Done.
Computing rank from data with rank=None
    Using tolerance 4.1 (2.2e-16 eps * 4 dim * 4.6e+15  max singular value)
    Estimated rank (data): 4
    data: rank 4 computed from 4 data channels with 0 projectors
Reducing data rank from 4 -> 4
Estimating class=0 covariance using LEDOIT_WOLF
Done.
Estimating class=1 covariance using LEDOIT_WOLF
Done.
Computing rank from data with rank=None
    Using tolerance 2.8 (2.2e-16 eps * 4 dim * 3.2e+15  max singular value)
    Estimated rank (data): 4
    data: rank 4 computed from 4 data channels with 0 projectors
Reducing data rank from 4 -> 4
Estimating class=0 covariance using LEDOIT_WOLF
Done.
Estimating class=1 covariance using LEDOIT_WOLF
Done.
Computing rank from data with rank=None
    Using tolerance 11 (2.2e-16 eps * 4 dim * 1.2e+16  max singular value)
    Estimated rank (data): 4
    data: rank 4 computed from 4 data channels with 0 projectors
Reducing data rank from 4 -> 4
Estimating class=0 covariance using LEDOIT_WOLF
Done.
Estimating class=1 covariance using LEDOIT_WOLF
Done.
Computing rank from data with rank=None
    Using tolerance 10 (2.2e-16 eps * 4 dim * 1.1e+16  max singular value)
    Estimated rank (data): 4
    data: rank 4 computed from 4 data channels with 0 projectors
Reducing data rank from 4 -> 4
Estimating class=0 covariance using LEDOIT_WOLF
Done.
Estimating class=1 covariance using LEDOIT_WOLF
Done.
Computing rank from data with rank=None
    Using tolerance 7 (2.2e-16 eps * 4 dim * 7.9e+15  max singular value)
    Estimated rank (data): 4
    data: rank 4 computed from 4 data channels with 0 projectors
Reducing data rank from 4 -> 4
Estimating class=0 covariance using LEDOIT_WOLF
Done.
Estimating class=1 covariance using LEDOIT_WOLF
Done.
Computing rank from data with rank=None
    Using tolerance 5.7 (2.2e-16 eps * 4 dim * 6.5e+15  max singular value)
    Estimated rank (data): 4
    data: rank 4 computed from 4 data channels with 0 projectors
Reducing data rank from 4 -> 4
Estimating class=0 covariance using LEDOIT_WOLF
Done.
Estimating class=1 covariance using LEDOIT_WOLF
Done.
Computing rank from data with rank=None
    Using tolerance 5.1 (2.2e-16 eps * 4 dim * 5.8e+15  max singular value)
    Estimated rank (data): 4
    data: rank 4 computed from 4 data channels with 0 projectors
Reducing data rank from 4 -> 4
Estimating class=0 covariance using LEDOIT_WOLF
Done.
Estimating class=1 covariance using LEDOIT_WOLF
Done.
Computing rank from data with rank=None
    Using tolerance 4.1 (2.2e-16 eps * 4 dim * 4.6e+15  max singular value)
    Estimated rank (data): 4
    data: rank 4 computed from 4 data channels with 0 projectors
Reducing data rank from 4 -> 4
Estimating class=0 covariance using LEDOIT_WOLF
Done.
Estimating class=1 covariance using LEDOIT_WOLF
Done.
Computing rank from data with rank=None
    Using tolerance 3.6 (2.2e-16 eps * 4 dim * 4e+15  max singular value)
    Estimated rank (data): 4
    data: rank 4 computed from 4 data channels with 0 projectors
Reducing data rank from 4 -> 4
Estimating class=0 covariance using LEDOIT_WOLF
Done.
Estimating class=1 covariance using LEDOIT_WOLF
Done.
Computing rank from data with rank=None
    Using tolerance 3 (2.2e-16 eps * 4 dim * 3.3e+15  max singular value)
    Estimated rank (data): 4
    data: rank 4 computed from 4 data channels with 0 projectors
Reducing data rank from 4 -> 4
Estimating class=0 covariance using LEDOIT_WOLF
Done.
Estimating class=1 covariance using LEDOIT_WOLF
Done.
Computing rank from data with rank=None
    Using tolerance 2 (2.2e-16 eps * 4 dim * 2.3e+15  max singular value)
    Estimated rank (data): 4
    data: rank 4 computed from 4 data channels with 0 projectors
Reducing data rank from 4 -> 4
Estimating class=0 covariance using LEDOIT_WOLF
Done.
Estimating class=1 covariance using LEDOIT_WOLF
Done.
      pool treinado (33s) — serve aos 5 alvos do grupo
      S041 fold 0: acc3=0.500
      S041 fold 1: acc3=0.367
      S041 fold 2: acc3=0.345
      S045 fold 0: acc3=0.500
      S045 fold 1: acc3=0.655
      S045 fold 2: acc3=0.552
      S063 fold 0: acc3=0.517
      S063 fold 1: acc3=0.429
      S063 fold 2: acc3=0.250
      S083 fold 0: acc3=0.517
      S083 fold 1: acc3=0.621
      S083 fold 2: acc3=0.276
      S105 fold 0: acc3=0.586
      S105 fold 1: acc3=0.448
      S105 fold 2: acc3=0.483
  grupo 6/6 | alvos [18, 49, 68, 76, 98] | pool=98 (3min)
Computing rank from data with rank=None
    Using tolerance 15 (2.2e-16 eps * 4 dim * 1.7e+16  max singular value)
    Estimated rank (data): 4
    data: rank 4 computed from 4 data channels with 0 projectors
Reducing data rank from 4 -> 4
Estimating class=0 covariance using LEDOIT_WOLF
Done.
Estimating class=1 covariance using LEDOIT_WOLF
Done.
Computing rank from data with rank=None
    Using tolerance 15 (2.2e-16 eps * 4 dim * 1.7e+16  max singular value)
    Estimated rank (data): 4
    data: rank 4 computed from 4 data channels with 0 projectors
Reducing data rank from 4 -> 4
Estimating class=0 covariance using LEDOIT_WOLF
Done.
Estimating class=1 covariance using LEDOIT_WOLF
Done.
Computing rank from data with rank=None
    Using tolerance 10 (2.2e-16 eps * 4 dim * 1.2e+16  max singular value)
    Estimated rank (data): 4
    data: rank 4 computed from 4 data channels with 0 projectors
Reducing data rank from 4 -> 4
Estimating class=0 covariance using LEDOIT_WOLF
Done.
Estimating class=1 covariance using LEDOIT_WOLF
Done.
Computing rank from data with rank=None
    Using tolerance 8.5 (2.2e-16 eps * 4 dim * 9.6e+15  max singular value)
    Estimated rank (data): 4
    data: rank 4 computed from 4 data channels with 0 projectors
Reducing data rank from 4 -> 4
Estimating class=0 covariance using LEDOIT_WOLF
Done.
Estimating class=1 covariance using LEDOIT_WOLF
Done.
Computing rank from data with rank=None
    Using tolerance 7.5 (2.2e-16 eps * 4 dim * 8.4e+15  max singular value)
    Estimated rank (data): 4
    data: rank 4 computed from 4 data channels with 0 projectors
Reducing data rank from 4 -> 4
Estimating class=0 covariance using LEDOIT_WOLF
Done.
Estimating class=1 covariance using LEDOIT_WOLF
Done.
Computing rank from data with rank=None
    Using tolerance 6 (2.2e-16 eps * 4 dim * 6.8e+15  max singular value)
    Estimated rank (data): 4
    data: rank 4 computed from 4 data channels with 0 projectors
Reducing data rank from 4 -> 4
Estimating class=0 covariance using LEDOIT_WOLF
Done.
Estimating class=1 covariance using LEDOIT_WOLF
Done.
Computing rank from data with rank=None
    Using tolerance 5.1 (2.2e-16 eps * 4 dim * 5.8e+15  max singular value)
    Estimated rank (data): 4
    data: rank 4 computed from 4 data channels with 0 projectors
Reducing data rank from 4 -> 4
Estimating class=0 covariance using LEDOIT_WOLF
Done.
Estimating class=1 covariance using LEDOIT_WOLF
Done.
Computing rank from data with rank=None
    Using tolerance 4.2 (2.2e-16 eps * 4 dim * 4.7e+15  max singular value)
    Estimated rank (data): 4
    data: rank 4 computed from 4 data channels with 0 projectors
Reducing data rank from 4 -> 4
Estimating class=0 covariance using LEDOIT_WOLF
Done.
Estimating class=1 covariance using LEDOIT_WOLF
Done.
Computing rank from data with rank=None
    Using tolerance 2.9 (2.2e-16 eps * 4 dim * 3.2e+15  max singular value)
    Estimated rank (data): 4
    data: rank 4 computed from 4 data channels with 0 projectors
Reducing data rank from 4 -> 4
Estimating class=0 covariance using LEDOIT_WOLF
Done.
Estimating class=1 covariance using LEDOIT_WOLF
Done.
Computing rank from data with rank=None
    Using tolerance 11 (2.2e-16 eps * 4 dim * 1.2e+16  max singular value)
    Estimated rank (data): 4
    data: rank 4 computed from 4 data channels with 0 projectors
Reducing data rank from 4 -> 4
Estimating class=0 covariance using LEDOIT_WOLF
Done.
Estimating class=1 covariance using LEDOIT_WOLF
Done.
Computing rank from data with rank=None
    Using tolerance 10 (2.2e-16 eps * 4 dim * 1.1e+16  max singular value)
    Estimated rank (data): 4
    data: rank 4 computed from 4 data channels with 0 projectors
Reducing data rank from 4 -> 4
Estimating class=0 covariance using LEDOIT_WOLF
Done.
Estimating class=1 covariance using LEDOIT_WOLF
Done.
Computing rank from data with rank=None
    Using tolerance 7 (2.2e-16 eps * 4 dim * 7.9e+15  max singular value)
    Estimated rank (data): 4
    data: rank 4 computed from 4 data channels with 0 projectors
Reducing data rank from 4 -> 4
Estimating class=0 covariance using LEDOIT_WOLF
Done.
Estimating class=1 covariance using LEDOIT_WOLF
Done.
Computing rank from data with rank=None
    Using tolerance 5.8 (2.2e-16 eps * 4 dim * 6.5e+15  max singular value)
    Estimated rank (data): 4
    data: rank 4 computed from 4 data channels with 0 projectors
Reducing data rank from 4 -> 4
Estimating class=0 covariance using LEDOIT_WOLF
Done.
Estimating class=1 covariance using LEDOIT_WOLF
Done.
Computing rank from data with rank=None
    Using tolerance 5.1 (2.2e-16 eps * 4 dim * 5.7e+15  max singular value)
    Estimated rank (data): 4
    data: rank 4 computed from 4 data channels with 0 projectors
Reducing data rank from 4 -> 4
Estimating class=0 covariance using LEDOIT_WOLF
Done.
Estimating class=1 covariance using LEDOIT_WOLF
Done.
Computing rank from data with rank=None
    Using tolerance 4.1 (2.2e-16 eps * 4 dim * 4.7e+15  max singular value)
    Estimated rank (data): 4
    data: rank 4 computed from 4 data channels with 0 projectors
Reducing data rank from 4 -> 4
Estimating class=0 covariance using LEDOIT_WOLF
Done.
Estimating class=1 covariance using LEDOIT_WOLF
Done.
Computing rank from data with rank=None
    Using tolerance 3.6 (2.2e-16 eps * 4 dim * 4e+15  max singular value)
    Estimated rank (data): 4
    data: rank 4 computed from 4 data channels with 0 projectors
Reducing data rank from 4 -> 4
Estimating class=0 covariance using LEDOIT_WOLF
Done.
Estimating class=1 covariance using LEDOIT_WOLF
Done.
Computing rank from data with rank=None
    Using tolerance 3 (2.2e-16 eps * 4 dim * 3.4e+15  max singular value)
    Estimated rank (data): 4
    data: rank 4 computed from 4 data channels with 0 projectors
Reducing data rank from 4 -> 4
Estimating class=0 covariance using LEDOIT_WOLF
Done.
Estimating class=1 covariance using LEDOIT_WOLF
Done.
Computing rank from data with rank=None
    Using tolerance 2 (2.2e-16 eps * 4 dim * 2.3e+15  max singular value)
    Estimated rank (data): 4
    data: rank 4 computed from 4 data channels with 0 projectors
Reducing data rank from 4 -> 4
Estimating class=0 covariance using LEDOIT_WOLF
Done.
Estimating class=1 covariance using LEDOIT_WOLF
Done.
      pool treinado (35s) — serve aos 5 alvos do grupo
      S018 fold 0: acc3=0.517
      S018 fold 1: acc3=0.552
      S018 fold 2: acc3=0.379
      S049 fold 0: acc3=0.600
      S049 fold 1: acc3=0.600
      S049 fold 2: acc3=0.552
      S068 fold 0: acc3=0.300
      S068 fold 1: acc3=0.500
      S068 fold 2: acc3=0.433
      S076 fold 0: acc3=0.267
      S076 fold 1: acc3=0.500
      S076 fold 2: acc3=0.483
      S098 fold 0: acc3=0.367
      S098 fold 1: acc3=0.467
      S098 fold 2: acc3=0.367

BENCH_MONTAGENS_DONE (4min)
CUDA=True | montagens=['4'] | modelos=['riemannian'] | alvos=30 | folds=3
  contrato 5cb6c6358c | banda 4-40 Hz ordem 5 | CAR on | IQR k=1.5 | calib 48 | fases mi
  aninhamento 2<4<8<16<21<32<64 verificado
  montagem      E  D centro  simetria
  64           27 27     10  sim
  32           14 14      4  sim
  21            9  8      4  NAO (aceita por decisao)
  16            6  6      4  sim
  8             3  3      2  sim
  4             2  2      0  sim
  2             1  1      0  sim
  3             1  1      1  sim
  sem_fz        4  3      1  NAO (aceita por decisao)
  posterior8    4  4      0  sim
  ocular4       2  2      0  sim
  celulas gemeas pendentes: riemannian.banda_do_artigo (rodar de novo com --banda 8 30)
  6 grupos de alvos (semente 42), pool = 98 sujeitos:
    grupo 1: [3, 22, 57, 102, 107]
    grupo 2: [7, 52, 71, 79, 109]
    grupo 3: [12, 34, 60, 91, 95]
    grupo 4: [25, 31, 87, 106, 108]
    grupo 5: [41, 45, 63, 83, 105]
    grupo 6: [18, 49, 68, 76, 98]
  retomando: 1800 celulas ja concluidas sob 5cb6c6358c

==============================================================
  MONTAGEM 4 (4 canais) | MODELO riemannian | 0min
==============================================================
  grupo 1/6 | alvos [3, 22, 57, 102, 107] | pool=98 (0min)
      pool treinado (2s) — serve aos 5 alvos do grupo
      S003 fold 0: acc3=0.393
      S003 fold 1: acc3=0.500
      S003 fold 2: acc3=0.444
      S022 fold 0: acc3=0.448
      S022 fold 1: acc3=0.345
      S022 fold 2: acc3=0.448
      S057 fold 0: acc3=0.500
      S057 fold 1: acc3=0.552
      S057 fold 2: acc3=0.345
      S102 fold 0: acc3=0.600
      S102 fold 1: acc3=0.500
      S102 fold 2: acc3=0.621
      S107 fold 0: acc3=0.333
      S107 fold 1: acc3=0.467
      S107 fold 2: acc3=0.483
  grupo 2/6 | alvos [7, 52, 71, 79, 109] | pool=98 (0min)
      pool treinado (2s) — serve aos 5 alvos do grupo
      S007 fold 0: acc3=0.667
      S007 fold 1: acc3=0.862
      S007 fold 2: acc3=0.655
      S052 fold 0: acc3=0.467
      S052 fold 1: acc3=0.700
      S052 fold 2: acc3=0.552
      S071 fold 0: acc3=0.467
      S071 fold 1: acc3=0.345
      S071 fold 2: acc3=0.621
      S079 fold 0: acc3=0.536
      S079 fold 1: acc3=0.500
      S079 fold 2: acc3=0.296
      S109 fold 0: acc3=0.300
      S109 fold 1: acc3=0.367
      S109 fold 2: acc3=0.379
  grupo 3/6 | alvos [12, 34, 60, 91, 95] | pool=98 (0min)
      pool treinado (2s) — serve aos 5 alvos do grupo
      S012 fold 0: acc3=0.586
      S012 fold 1: acc3=0.517
      S012 fold 2: acc3=0.536
      S034 fold 0: acc3=0.533
      S034 fold 1: acc3=0.767
      S034 fold 2: acc3=0.621
      S060 fold 0: acc3=0.467
      S060 fold 1: acc3=0.621
      S060 fold 2: acc3=0.724
      S091 fold 0: acc3=0.467
      S091 fold 1: acc3=0.310
      S091 fold 2: acc3=0.379
      S095 fold 0: acc3=0.433
      S095 fold 1: acc3=0.586
      S095 fold 2: acc3=0.586
  grupo 4/6 | alvos [25, 31, 87, 106, 108] | pool=98 (0min)
      pool treinado (2s) — serve aos 5 alvos do grupo
      S025 fold 0: acc3=0.667
      S025 fold 1: acc3=0.724
      S025 fold 2: acc3=0.517
      S031 fold 0: acc3=0.667
      S031 fold 1: acc3=0.621
      S031 fold 2: acc3=0.724
      S087 fold 0: acc3=0.433
      S087 fold 1: acc3=0.310
      S087 fold 2: acc3=0.379
      S106 fold 0: acc3=0.621
      S106 fold 1: acc3=0.586
      S106 fold 2: acc3=0.448
      S108 fold 0: acc3=0.200
      S108 fold 1: acc3=0.207
      S108 fold 2: acc3=0.345
  grupo 5/6 | alvos [41, 45, 63, 83, 105] | pool=98 (1min)
      pool treinado (3s) — serve aos 5 alvos do grupo
      S041 fold 0: acc3=0.600
      S041 fold 1: acc3=0.567
      S041 fold 2: acc3=0.483
      S045 fold 0: acc3=0.467
      S045 fold 1: acc3=0.586
      S045 fold 2: acc3=0.379
      S063 fold 0: acc3=0.517
      S063 fold 1: acc3=0.393
      S063 fold 2: acc3=0.429
      S083 fold 0: acc3=0.552
      S083 fold 1: acc3=0.379
      S083 fold 2: acc3=0.414
      S105 fold 0: acc3=0.276
      S105 fold 1: acc3=0.276
      S105 fold 2: acc3=0.690
  grupo 6/6 | alvos [18, 49, 68, 76, 98] | pool=98 (1min)
      pool treinado (2s) — serve aos 5 alvos do grupo
      S018 fold 0: acc3=0.345
      S018 fold 1: acc3=0.414
      S018 fold 2: acc3=0.345
      S049 fold 0: acc3=0.667
      S049 fold 1: acc3=0.567
      S049 fold 2: acc3=0.552
      S068 fold 0: acc3=0.367
      S068 fold 1: acc3=0.567
      S068 fold 2: acc3=0.400
      S076 fold 0: acc3=0.467
      S076 fold 1: acc3=0.433
      S076 fold 2: acc3=0.448
      S098 fold 0: acc3=0.333
      S098 fold 1: acc3=0.433
      S098 fold 2: acc3=0.400

BENCH_MONTAGENS_DONE (1min)
CUDA=True | montagens=['3'] | modelos=['csp_lda'] | alvos=30 | folds=3
  contrato 5cb6c6358c | banda 4-40 Hz ordem 5 | CAR on | IQR k=1.5 | calib 48 | fases mi
  aninhamento 2<4<8<16<21<32<64 verificado
  montagem      E  D centro  simetria
  64           27 27     10  sim
  32           14 14      4  sim
  21            9  8      4  NAO (aceita por decisao)
  16            6  6      4  sim
  8             3  3      2  sim
  4             2  2      0  sim
  2             1  1      0  sim
  3             1  1      1  sim
  sem_fz        4  3      1  NAO (aceita por decisao)
  posterior8    4  4      0  sim
  ocular4       2  2      0  sim
  6 grupos de alvos (semente 42), pool = 98 sujeitos:
    grupo 1: [3, 22, 57, 102, 107]
    grupo 2: [7, 52, 71, 79, 109]
    grupo 3: [12, 34, 60, 91, 95]
    grupo 4: [25, 31, 87, 106, 108]
    grupo 5: [41, 45, 63, 83, 105]
    grupo 6: [18, 49, 68, 76, 98]
  retomando: 1890 celulas ja concluidas sob 5cb6c6358c

==============================================================
  MONTAGEM 3 (3 canais) | MODELO csp_lda | 0min
==============================================================
  grupo 1/6 | alvos [3, 22, 57, 102, 107] | pool=98 (0min)
Computing rank from data with rank=None
    Using tolerance 20 (2.2e-16 eps * 3 dim * 3.1e+16  max singular value)
    Estimated rank (data): 3
    data: rank 3 computed from 3 data channels with 0 projectors
Reducing data rank from 3 -> 3
Estimating class=0 covariance using LEDOIT_WOLF
Done.
Estimating class=1 covariance using LEDOIT_WOLF
Done.
Computing rank from data with rank=None
    Using tolerance 14 (2.2e-16 eps * 3 dim * 2.1e+16  max singular value)
    Estimated rank (data): 3
    data: rank 3 computed from 3 data channels with 0 projectors
Reducing data rank from 3 -> 3
Estimating class=0 covariance using LEDOIT_WOLF
Done.
Estimating class=1 covariance using LEDOIT_WOLF
Done.
      pool treinado (1s) — serve aos 5 alvos do grupo
      S003 fold 0: acc3=0.321
      S003 fold 1: acc3=0.321
      S003 fold 2: acc3=0.571
      S022 fold 0: acc3=0.517
      S022 fold 1: acc3=0.321
      S022 fold 2: acc3=0.464
      S057 fold 0: acc3=0.300
      S057 fold 1: acc3=0.300
      S057 fold 2: acc3=0.414
      S102 fold 0: acc3=0.433
      S102 fold 1: acc3=0.367
      S102 fold 2: acc3=0.414
      S107 fold 0: acc3=0.233
      S107 fold 1: acc3=0.345
      S107 fold 2: acc3=0.310
  grupo 2/6 | alvos [7, 52, 71, 79, 109] | pool=98 (0min)
Computing rank from data with rank=None
    Using tolerance 13 (2.2e-16 eps * 3 dim * 2e+16  max singular value)
    Estimated rank (data): 3
    data: rank 3 computed from 3 data channels with 0 projectors
Reducing data rank from 3 -> 3
Estimating class=0 covariance using LEDOIT_WOLF
Done.
Estimating class=1 covariance using LEDOIT_WOLF
Done.
Computing rank from data with rank=None
    Using tolerance 9 (2.2e-16 eps * 3 dim * 1.4e+16  max singular value)
    Estimated rank (data): 3
    data: rank 3 computed from 3 data channels with 0 projectors
Reducing data rank from 3 -> 3
Estimating class=0 covariance using LEDOIT_WOLF
Done.
Estimating class=1 covariance using LEDOIT_WOLF
Done.
      pool treinado (1s) — serve aos 5 alvos do grupo
      S007 fold 0: acc3=0.700
      S007 fold 1: acc3=0.567
      S007 fold 2: acc3=0.586
      S052 fold 0: acc3=0.600
      S052 fold 1: acc3=0.600
      S052 fold 2: acc3=0.517
      S071 fold 0: acc3=0.533
      S071 fold 1: acc3=0.552
      S071 fold 2: acc3=0.483
      S079 fold 0: acc3=0.464
      S079 fold 1: acc3=0.464
      S079 fold 2: acc3=0.407
      S109 fold 0: acc3=0.333
      S109 fold 1: acc3=0.276
      S109 fold 2: acc3=0.310
  grupo 3/6 | alvos [12, 34, 60, 91, 95] | pool=98 (0min)
Computing rank from data with rank=None
    Using tolerance 20 (2.2e-16 eps * 3 dim * 3.1e+16  max singular value)
    Estimated rank (data): 3
    data: rank 3 computed from 3 data channels with 0 projectors
Reducing data rank from 3 -> 3
Estimating class=0 covariance using LEDOIT_WOLF
Done.
Estimating class=1 covariance using LEDOIT_WOLF
Done.
Computing rank from data with rank=None
    Using tolerance 14 (2.2e-16 eps * 3 dim * 2.1e+16  max singular value)
    Estimated rank (data): 3
    data: rank 3 computed from 3 data channels with 0 projectors
Reducing data rank from 3 -> 3
Estimating class=0 covariance using LEDOIT_WOLF
Done.
Estimating class=1 covariance using LEDOIT_WOLF
Done.
      pool treinado (1s) — serve aos 5 alvos do grupo
      S012 fold 0: acc3=0.310
      S012 fold 1: acc3=0.379
      S012 fold 2: acc3=0.357
      S034 fold 0: acc3=0.567
      S034 fold 1: acc3=0.633
      S034 fold 2: acc3=0.414
      S060 fold 0: acc3=0.467
      S060 fold 1: acc3=0.552
      S060 fold 2: acc3=0.448
      S091 fold 0: acc3=0.467
      S091 fold 1: acc3=0.467
      S091 fold 2: acc3=0.483
      S095 fold 0: acc3=0.448
      S095 fold 1: acc3=0.517
      S095 fold 2: acc3=0.464
  grupo 4/6 | alvos [25, 31, 87, 106, 108] | pool=98 (0min)
Computing rank from data with rank=None
    Using tolerance 20 (2.2e-16 eps * 3 dim * 3.1e+16  max singular value)
    Estimated rank (data): 3
    data: rank 3 computed from 3 data channels with 0 projectors
Reducing data rank from 3 -> 3
Estimating class=0 covariance using LEDOIT_WOLF
Done.
Estimating class=1 covariance using LEDOIT_WOLF
Done.
Computing rank from data with rank=None
    Using tolerance 14 (2.2e-16 eps * 3 dim * 2.1e+16  max singular value)
    Estimated rank (data): 3
    data: rank 3 computed from 3 data channels with 0 projectors
Reducing data rank from 3 -> 3
Estimating class=0 covariance using LEDOIT_WOLF
Done.
Estimating class=1 covariance using LEDOIT_WOLF
Done.
      pool treinado (1s) — serve aos 5 alvos do grupo
      S025 fold 0: acc3=0.667
      S025 fold 1: acc3=0.690
      S025 fold 2: acc3=0.621
      S031 fold 0: acc3=0.448
      S031 fold 1: acc3=0.500
      S031 fold 2: acc3=0.571
      S087 fold 0: acc3=0.367
      S087 fold 1: acc3=0.517
      S087 fold 2: acc3=0.448
      S106 fold 0: acc3=0.483
      S106 fold 1: acc3=0.448
      S106 fold 2: acc3=0.310
      S108 fold 0: acc3=0.333
      S108 fold 1: acc3=0.500
      S108 fold 2: acc3=0.448
  grupo 5/6 | alvos [41, 45, 63, 83, 105] | pool=98 (0min)
Computing rank from data with rank=None
    Using tolerance 20 (2.2e-16 eps * 3 dim * 3.1e+16  max singular value)
    Estimated rank (data): 3
    data: rank 3 computed from 3 data channels with 0 projectors
Reducing data rank from 3 -> 3
Estimating class=0 covariance using LEDOIT_WOLF
Done.
Estimating class=1 covariance using LEDOIT_WOLF
Done.
Computing rank from data with rank=None
    Using tolerance 14 (2.2e-16 eps * 3 dim * 2.1e+16  max singular value)
    Estimated rank (data): 3
    data: rank 3 computed from 3 data channels with 0 projectors
Reducing data rank from 3 -> 3
Estimating class=0 covariance using LEDOIT_WOLF
Done.
Estimating class=1 covariance using LEDOIT_WOLF
Done.
      pool treinado (1s) — serve aos 5 alvos do grupo
      S041 fold 0: acc3=0.700
      S041 fold 1: acc3=0.500
      S041 fold 2: acc3=0.483
      S045 fold 0: acc3=0.600
      S045 fold 1: acc3=0.600
      S045 fold 2: acc3=0.483
      S063 fold 0: acc3=0.321
      S063 fold 1: acc3=0.357
      S063 fold 2: acc3=0.393
      S083 fold 0: acc3=0.448
      S083 fold 1: acc3=0.414
      S083 fold 2: acc3=0.483
      S105 fold 0: acc3=0.400
      S105 fold 1: acc3=0.379
      S105 fold 2: acc3=0.517
  grupo 6/6 | alvos [18, 49, 68, 76, 98] | pool=98 (1min)
Computing rank from data with rank=None
    Using tolerance 20 (2.2e-16 eps * 3 dim * 3.1e+16  max singular value)
    Estimated rank (data): 3
    data: rank 3 computed from 3 data channels with 0 projectors
Reducing data rank from 3 -> 3
Estimating class=0 covariance using LEDOIT_WOLF
Done.
Estimating class=1 covariance using LEDOIT_WOLF
Done.
Computing rank from data with rank=None
    Using tolerance 14 (2.2e-16 eps * 3 dim * 2.1e+16  max singular value)
    Estimated rank (data): 3
    data: rank 3 computed from 3 data channels with 0 projectors
Reducing data rank from 3 -> 3
Estimating class=0 covariance using LEDOIT_WOLF
Done.
Estimating class=1 covariance using LEDOIT_WOLF
Done.
      pool treinado (1s) — serve aos 5 alvos do grupo
      S018 fold 0: acc3=0.400
      S018 fold 1: acc3=0.448
      S018 fold 2: acc3=0.448
      S049 fold 0: acc3=0.667
      S049 fold 1: acc3=0.655
      S049 fold 2: acc3=0.586
      S068 fold 0: acc3=0.367
      S068 fold 1: acc3=0.517
      S068 fold 2: acc3=0.448
      S076 fold 0: acc3=0.467
      S076 fold 1: acc3=0.400
      S076 fold 2: acc3=0.483
      S098 fold 0: acc3=0.500
      S098 fold 1: acc3=0.448
      S098 fold 2: acc3=0.310

BENCH_MONTAGENS_DONE (1min)
CUDA=True | montagens=['3'] | modelos=['fbcsp_svm'] | alvos=30 | folds=3
  contrato 5cb6c6358c | banda 4-40 Hz ordem 5 | CAR on | IQR k=1.5 | calib 48 | fases mi
  aninhamento 2<4<8<16<21<32<64 verificado
  montagem      E  D centro  simetria
  64           27 27     10  sim
  32           14 14      4  sim
  21            9  8      4  NAO (aceita por decisao)
  16            6  6      4  sim
  8             3  3      2  sim
  4             2  2      0  sim
  2             1  1      0  sim
  3             1  1      1  sim
  sem_fz        4  3      1  NAO (aceita por decisao)
  posterior8    4  4      0  sim
  ocular4       2  2      0  sim
  6 grupos de alvos (semente 42), pool = 98 sujeitos:
    grupo 1: [3, 22, 57, 102, 107]
    grupo 2: [7, 52, 71, 79, 109]
    grupo 3: [12, 34, 60, 91, 95]
    grupo 4: [25, 31, 87, 106, 108]
    grupo 5: [41, 45, 63, 83, 105]
    grupo 6: [18, 49, 68, 76, 98]
  retomando: 1980 celulas ja concluidas sob 5cb6c6358c

==============================================================
  MONTAGEM 3 (3 canais) | MODELO fbcsp_svm | 0min
==============================================================
  grupo 1/6 | alvos [3, 22, 57, 102, 107] | pool=98 (0min)
Computing rank from data with rank=None
    Using tolerance 11 (2.2e-16 eps * 3 dim * 1.6e+16  max singular value)
    Estimated rank (data): 3
    data: rank 3 computed from 3 data channels with 0 projectors
Reducing data rank from 3 -> 3
Estimating class=0 covariance using LEDOIT_WOLF
Done.
Estimating class=1 covariance using LEDOIT_WOLF
Done.
Computing rank from data with rank=None
    Using tolerance 9.9 (2.2e-16 eps * 3 dim * 1.5e+16  max singular value)
    Estimated rank (data): 3
    data: rank 3 computed from 3 data channels with 0 projectors
Reducing data rank from 3 -> 3
Estimating class=0 covariance using LEDOIT_WOLF
Done.
Estimating class=1 covariance using LEDOIT_WOLF
Done.
Computing rank from data with rank=None
    Using tolerance 7 (2.2e-16 eps * 3 dim * 1.1e+16  max singular value)
    Estimated rank (data): 3
    data: rank 3 computed from 3 data channels with 0 projectors
Reducing data rank from 3 -> 3
Estimating class=0 covariance using LEDOIT_WOLF
Done.
Estimating class=1 covariance using LEDOIT_WOLF
Done.
Computing rank from data with rank=None
    Using tolerance 5.7 (2.2e-16 eps * 3 dim * 8.6e+15  max singular value)
    Estimated rank (data): 3
    data: rank 3 computed from 3 data channels with 0 projectors
Reducing data rank from 3 -> 3
Estimating class=0 covariance using LEDOIT_WOLF
Done.
Estimating class=1 covariance using LEDOIT_WOLF
Done.
Computing rank from data with rank=None
    Using tolerance 5 (2.2e-16 eps * 3 dim * 7.6e+15  max singular value)
    Estimated rank (data): 3
    data: rank 3 computed from 3 data channels with 0 projectors
Reducing data rank from 3 -> 3
Estimating class=0 covariance using LEDOIT_WOLF
Done.
Estimating class=1 covariance using LEDOIT_WOLF
Done.
Computing rank from data with rank=None
    Using tolerance 4.1 (2.2e-16 eps * 3 dim * 6.1e+15  max singular value)
    Estimated rank (data): 3
    data: rank 3 computed from 3 data channels with 0 projectors
Reducing data rank from 3 -> 3
Estimating class=0 covariance using LEDOIT_WOLF
Done.
Estimating class=1 covariance using LEDOIT_WOLF
Done.
Computing rank from data with rank=None
    Using tolerance 3.5 (2.2e-16 eps * 3 dim * 5.3e+15  max singular value)
    Estimated rank (data): 3
    data: rank 3 computed from 3 data channels with 0 projectors
Reducing data rank from 3 -> 3
Estimating class=0 covariance using LEDOIT_WOLF
Done.
Estimating class=1 covariance using LEDOIT_WOLF
Done.
Computing rank from data with rank=None
    Using tolerance 2.9 (2.2e-16 eps * 3 dim * 4.3e+15  max singular value)
    Estimated rank (data): 3
    data: rank 3 computed from 3 data channels with 0 projectors
Reducing data rank from 3 -> 3
Estimating class=0 covariance using LEDOIT_WOLF
Done.
Estimating class=1 covariance using LEDOIT_WOLF
Done.
Computing rank from data with rank=None
    Using tolerance 2 (2.2e-16 eps * 3 dim * 3e+15  max singular value)
    Estimated rank (data): 3
    data: rank 3 computed from 3 data channels with 0 projectors
Reducing data rank from 3 -> 3
Estimating class=0 covariance using LEDOIT_WOLF
Done.
Estimating class=1 covariance using LEDOIT_WOLF
Done.
Computing rank from data with rank=None
    Using tolerance 7.5 (2.2e-16 eps * 3 dim * 1.1e+16  max singular value)
    Estimated rank (data): 3
    data: rank 3 computed from 3 data channels with 0 projectors
Reducing data rank from 3 -> 3
Estimating class=0 covariance using LEDOIT_WOLF
Done.
Estimating class=1 covariance using LEDOIT_WOLF
Done.
Computing rank from data with rank=None
    Using tolerance 6.7 (2.2e-16 eps * 3 dim * 1e+16  max singular value)
    Estimated rank (data): 3
    data: rank 3 computed from 3 data channels with 0 projectors
Reducing data rank from 3 -> 3
Estimating class=0 covariance using LEDOIT_WOLF
Done.
Estimating class=1 covariance using LEDOIT_WOLF
Done.
Computing rank from data with rank=None
    Using tolerance 4.8 (2.2e-16 eps * 3 dim * 7.2e+15  max singular value)
    Estimated rank (data): 3
    data: rank 3 computed from 3 data channels with 0 projectors
Reducing data rank from 3 -> 3
Estimating class=0 covariance using LEDOIT_WOLF
Done.
Estimating class=1 covariance using LEDOIT_WOLF
Done.
Computing rank from data with rank=None
    Using tolerance 3.9 (2.2e-16 eps * 3 dim * 5.9e+15  max singular value)
    Estimated rank (data): 3
    data: rank 3 computed from 3 data channels with 0 projectors
Reducing data rank from 3 -> 3
Estimating class=0 covariance using LEDOIT_WOLF
Done.
Estimating class=1 covariance using LEDOIT_WOLF
Done.
Computing rank from data with rank=None
    Using tolerance 3.5 (2.2e-16 eps * 3 dim * 5.2e+15  max singular value)
    Estimated rank (data): 3
    data: rank 3 computed from 3 data channels with 0 projectors
Reducing data rank from 3 -> 3
Estimating class=0 covariance using LEDOIT_WOLF
Done.
Estimating class=1 covariance using LEDOIT_WOLF
Done.
Computing rank from data with rank=None
    Using tolerance 2.8 (2.2e-16 eps * 3 dim * 4.2e+15  max singular value)
    Estimated rank (data): 3
    data: rank 3 computed from 3 data channels with 0 projectors
Reducing data rank from 3 -> 3
Estimating class=0 covariance using LEDOIT_WOLF
Done.
Estimating class=1 covariance using LEDOIT_WOLF
Done.
Computing rank from data with rank=None
    Using tolerance 2.5 (2.2e-16 eps * 3 dim * 3.7e+15  max singular value)
    Estimated rank (data): 3
    data: rank 3 computed from 3 data channels with 0 projectors
Reducing data rank from 3 -> 3
Estimating class=0 covariance using LEDOIT_WOLF
Done.
Estimating class=1 covariance using LEDOIT_WOLF
Done.
Computing rank from data with rank=None
    Using tolerance 2.1 (2.2e-16 eps * 3 dim * 3.1e+15  max singular value)
    Estimated rank (data): 3
    data: rank 3 computed from 3 data channels with 0 projectors
Reducing data rank from 3 -> 3
Estimating class=0 covariance using LEDOIT_WOLF
Done.
Estimating class=1 covariance using LEDOIT_WOLF
Done.
Computing rank from data with rank=None
    Using tolerance 1.4 (2.2e-16 eps * 3 dim * 2.1e+15  max singular value)
    Estimated rank (data): 3
    data: rank 3 computed from 3 data channels with 0 projectors
Reducing data rank from 3 -> 3
Estimating class=0 covariance using LEDOIT_WOLF
Done.
Estimating class=1 covariance using LEDOIT_WOLF
Done.
      pool treinado (31s) — serve aos 5 alvos do grupo
      S003 fold 0: acc3=0.357
      S003 fold 1: acc3=0.393
      S003 fold 2: acc3=0.429
      S022 fold 0: acc3=0.690
      S022 fold 1: acc3=0.429
      S022 fold 2: acc3=0.464
      S057 fold 0: acc3=0.533
      S057 fold 1: acc3=0.500
      S057 fold 2: acc3=0.517
      S102 fold 0: acc3=0.567
      S102 fold 1: acc3=0.633
      S102 fold 2: acc3=0.724
      S107 fold 0: acc3=0.267
      S107 fold 1: acc3=0.414
      S107 fold 2: acc3=0.276
  grupo 2/6 | alvos [7, 52, 71, 79, 109] | pool=98 (1min)
Computing rank from data with rank=None
    Using tolerance 5.5 (2.2e-16 eps * 3 dim * 8.2e+15  max singular value)
    Estimated rank (data): 3
    data: rank 3 computed from 3 data channels with 0 projectors
Reducing data rank from 3 -> 3
Estimating class=0 covariance using LEDOIT_WOLF
Done.
Estimating class=1 covariance using LEDOIT_WOLF
Done.
Computing rank from data with rank=None
    Using tolerance 6.8 (2.2e-16 eps * 3 dim * 1e+16  max singular value)
    Estimated rank (data): 3
    data: rank 3 computed from 3 data channels with 0 projectors
Reducing data rank from 3 -> 3
Estimating class=0 covariance using LEDOIT_WOLF
Done.
Estimating class=1 covariance using LEDOIT_WOLF
Done.
Computing rank from data with rank=None
    Using tolerance 4.4 (2.2e-16 eps * 3 dim * 6.7e+15  max singular value)
    Estimated rank (data): 3
    data: rank 3 computed from 3 data channels with 0 projectors
Reducing data rank from 3 -> 3
Estimating class=0 covariance using LEDOIT_WOLF
Done.
Estimating class=1 covariance using LEDOIT_WOLF
Done.
Computing rank from data with rank=None
    Using tolerance 4 (2.2e-16 eps * 3 dim * 6e+15  max singular value)
    Estimated rank (data): 3
    data: rank 3 computed from 3 data channels with 0 projectors
Reducing data rank from 3 -> 3
Estimating class=0 covariance using LEDOIT_WOLF
Done.
Estimating class=1 covariance using LEDOIT_WOLF
Done.
Computing rank from data with rank=None
    Using tolerance 3.8 (2.2e-16 eps * 3 dim * 5.7e+15  max singular value)
    Estimated rank (data): 3
    data: rank 3 computed from 3 data channels with 0 projectors
Reducing data rank from 3 -> 3
Estimating class=0 covariance using LEDOIT_WOLF
Done.
Estimating class=1 covariance using LEDOIT_WOLF
Done.
Computing rank from data with rank=None
    Using tolerance 3.1 (2.2e-16 eps * 3 dim * 4.7e+15  max singular value)
    Estimated rank (data): 3
    data: rank 3 computed from 3 data channels with 0 projectors
Reducing data rank from 3 -> 3
Estimating class=0 covariance using LEDOIT_WOLF
Done.
Estimating class=1 covariance using LEDOIT_WOLF
Done.
Computing rank from data with rank=None
    Using tolerance 2.8 (2.2e-16 eps * 3 dim * 4.1e+15  max singular value)
    Estimated rank (data): 3
    data: rank 3 computed from 3 data channels with 0 projectors
Reducing data rank from 3 -> 3
Estimating class=0 covariance using LEDOIT_WOLF
Done.
Estimating class=1 covariance using LEDOIT_WOLF
Done.
Computing rank from data with rank=None
    Using tolerance 2.3 (2.2e-16 eps * 3 dim * 3.4e+15  max singular value)
    Estimated rank (data): 3
    data: rank 3 computed from 3 data channels with 0 projectors
Reducing data rank from 3 -> 3
Estimating class=0 covariance using LEDOIT_WOLF
Done.
Estimating class=1 covariance using LEDOIT_WOLF
Done.
Computing rank from data with rank=None
    Using tolerance 1.6 (2.2e-16 eps * 3 dim * 2.4e+15  max singular value)
    Estimated rank (data): 3
    data: rank 3 computed from 3 data channels with 0 projectors
Reducing data rank from 3 -> 3
Estimating class=0 covariance using LEDOIT_WOLF
Done.
Estimating class=1 covariance using LEDOIT_WOLF
Done.
Computing rank from data with rank=None
    Using tolerance 3.8 (2.2e-16 eps * 3 dim * 5.7e+15  max singular value)
    Estimated rank (data): 3
    data: rank 3 computed from 3 data channels with 0 projectors
Reducing data rank from 3 -> 3
Estimating class=0 covariance using LEDOIT_WOLF
Done.
Estimating class=1 covariance using LEDOIT_WOLF
Done.
Computing rank from data with rank=None
    Using tolerance 4.4 (2.2e-16 eps * 3 dim * 6.6e+15  max singular value)
    Estimated rank (data): 3
    data: rank 3 computed from 3 data channels with 0 projectors
Reducing data rank from 3 -> 3
Estimating class=0 covariance using LEDOIT_WOLF
Done.
Estimating class=1 covariance using LEDOIT_WOLF
Done.
Computing rank from data with rank=None
    Using tolerance 3 (2.2e-16 eps * 3 dim * 4.5e+15  max singular value)
    Estimated rank (data): 3
    data: rank 3 computed from 3 data channels with 0 projectors
Reducing data rank from 3 -> 3
Estimating class=0 covariance using LEDOIT_WOLF
Done.
Estimating class=1 covariance using LEDOIT_WOLF
Done.
Computing rank from data with rank=None
    Using tolerance 2.7 (2.2e-16 eps * 3 dim * 4e+15  max singular value)
    Estimated rank (data): 3
    data: rank 3 computed from 3 data channels with 0 projectors
Reducing data rank from 3 -> 3
Estimating class=0 covariance using LEDOIT_WOLF
Done.
Estimating class=1 covariance using LEDOIT_WOLF
Done.
Computing rank from data with rank=None
    Using tolerance 2.5 (2.2e-16 eps * 3 dim * 3.8e+15  max singular value)
    Estimated rank (data): 3
    data: rank 3 computed from 3 data channels with 0 projectors
Reducing data rank from 3 -> 3
Estimating class=0 covariance using LEDOIT_WOLF
Done.
Estimating class=1 covariance using LEDOIT_WOLF
Done.
Computing rank from data with rank=None
    Using tolerance 2.1 (2.2e-16 eps * 3 dim * 3.2e+15  max singular value)
    Estimated rank (data): 3
    data: rank 3 computed from 3 data channels with 0 projectors
Reducing data rank from 3 -> 3
Estimating class=0 covariance using LEDOIT_WOLF
Done.
Estimating class=1 covariance using LEDOIT_WOLF
Done.
Computing rank from data with rank=None
    Using tolerance 1.9 (2.2e-16 eps * 3 dim * 2.9e+15  max singular value)
    Estimated rank (data): 3
    data: rank 3 computed from 3 data channels with 0 projectors
Reducing data rank from 3 -> 3
Estimating class=0 covariance using LEDOIT_WOLF
Done.
Estimating class=1 covariance using LEDOIT_WOLF
Done.
Computing rank from data with rank=None
    Using tolerance 1.6 (2.2e-16 eps * 3 dim * 2.4e+15  max singular value)
    Estimated rank (data): 3
    data: rank 3 computed from 3 data channels with 0 projectors
Reducing data rank from 3 -> 3
Estimating class=0 covariance using LEDOIT_WOLF
Done.
Estimating class=1 covariance using LEDOIT_WOLF
Done.
Computing rank from data with rank=None
    Using tolerance 1.1 (2.2e-16 eps * 3 dim * 1.7e+15  max singular value)
    Estimated rank (data): 3
    data: rank 3 computed from 3 data channels with 0 projectors
Reducing data rank from 3 -> 3
Estimating class=0 covariance using LEDOIT_WOLF
Done.
Estimating class=1 covariance using LEDOIT_WOLF
Done.
      pool treinado (33s) — serve aos 5 alvos do grupo
      S007 fold 0: acc3=0.600
      S007 fold 1: acc3=0.633
      S007 fold 2: acc3=0.586
      S052 fold 0: acc3=0.633
      S052 fold 1: acc3=0.633
      S052 fold 2: acc3=0.483
      S071 fold 0: acc3=0.500
      S071 fold 1: acc3=0.483
      S071 fold 2: acc3=0.690
      S079 fold 0: acc3=0.250
      S079 fold 1: acc3=0.429
      S079 fold 2: acc3=0.259
      S109 fold 0: acc3=0.400
      S109 fold 1: acc3=0.483
      S109 fold 2: acc3=0.414
  grupo 3/6 | alvos [12, 34, 60, 91, 95] | pool=98 (1min)
Computing rank from data with rank=None
    Using tolerance 11 (2.2e-16 eps * 3 dim * 1.6e+16  max singular value)
    Estimated rank (data): 3
    data: rank 3 computed from 3 data channels with 0 projectors
Reducing data rank from 3 -> 3
Estimating class=0 covariance using LEDOIT_WOLF
Done.
Estimating class=1 covariance using LEDOIT_WOLF
Done.
Computing rank from data with rank=None
    Using tolerance 9.9 (2.2e-16 eps * 3 dim * 1.5e+16  max singular value)
    Estimated rank (data): 3
    data: rank 3 computed from 3 data channels with 0 projectors
Reducing data rank from 3 -> 3
Estimating class=0 covariance using LEDOIT_WOLF
Done.
Estimating class=1 covariance using LEDOIT_WOLF
Done.
Computing rank from data with rank=None
    Using tolerance 7 (2.2e-16 eps * 3 dim * 1.1e+16  max singular value)
    Estimated rank (data): 3
    data: rank 3 computed from 3 data channels with 0 projectors
Reducing data rank from 3 -> 3
Estimating class=0 covariance using LEDOIT_WOLF
Done.
Estimating class=1 covariance using LEDOIT_WOLF
Done.
Computing rank from data with rank=None
    Using tolerance 5.7 (2.2e-16 eps * 3 dim * 8.6e+15  max singular value)
    Estimated rank (data): 3
    data: rank 3 computed from 3 data channels with 0 projectors
Reducing data rank from 3 -> 3
Estimating class=0 covariance using LEDOIT_WOLF
Done.
Estimating class=1 covariance using LEDOIT_WOLF
Done.
Computing rank from data with rank=None
    Using tolerance 5 (2.2e-16 eps * 3 dim * 7.5e+15  max singular value)
    Estimated rank (data): 3
    data: rank 3 computed from 3 data channels with 0 projectors
Reducing data rank from 3 -> 3
Estimating class=0 covariance using LEDOIT_WOLF
Done.
Estimating class=1 covariance using LEDOIT_WOLF
Done.
Computing rank from data with rank=None
    Using tolerance 4.1 (2.2e-16 eps * 3 dim * 6.1e+15  max singular value)
    Estimated rank (data): 3
    data: rank 3 computed from 3 data channels with 0 projectors
Reducing data rank from 3 -> 3
Estimating class=0 covariance using LEDOIT_WOLF
Done.
Estimating class=1 covariance using LEDOIT_WOLF
Done.
Computing rank from data with rank=None
    Using tolerance 3.5 (2.2e-16 eps * 3 dim * 5.2e+15  max singular value)
    Estimated rank (data): 3
    data: rank 3 computed from 3 data channels with 0 projectors
Reducing data rank from 3 -> 3
Estimating class=0 covariance using LEDOIT_WOLF
Done.
Estimating class=1 covariance using LEDOIT_WOLF
Done.
Computing rank from data with rank=None
    Using tolerance 2.8 (2.2e-16 eps * 3 dim * 4.3e+15  max singular value)
    Estimated rank (data): 3
    data: rank 3 computed from 3 data channels with 0 projectors
Reducing data rank from 3 -> 3
Estimating class=0 covariance using LEDOIT_WOLF
Done.
Estimating class=1 covariance using LEDOIT_WOLF
Done.
Computing rank from data with rank=None
    Using tolerance 2 (2.2e-16 eps * 3 dim * 2.9e+15  max singular value)
    Estimated rank (data): 3
    data: rank 3 computed from 3 data channels with 0 projectors
Reducing data rank from 3 -> 3
Estimating class=0 covariance using LEDOIT_WOLF
Done.
Estimating class=1 covariance using LEDOIT_WOLF
Done.
Computing rank from data with rank=None
    Using tolerance 7.5 (2.2e-16 eps * 3 dim * 1.1e+16  max singular value)
    Estimated rank (data): 3
    data: rank 3 computed from 3 data channels with 0 projectors
Reducing data rank from 3 -> 3
Estimating class=0 covariance using LEDOIT_WOLF
Done.
Estimating class=1 covariance using LEDOIT_WOLF
Done.
Computing rank from data with rank=None
    Using tolerance 6.7 (2.2e-16 eps * 3 dim * 1e+16  max singular value)
    Estimated rank (data): 3
    data: rank 3 computed from 3 data channels with 0 projectors
Reducing data rank from 3 -> 3
Estimating class=0 covariance using LEDOIT_WOLF
Done.
Estimating class=1 covariance using LEDOIT_WOLF
Done.
Computing rank from data with rank=None
    Using tolerance 4.8 (2.2e-16 eps * 3 dim * 7.2e+15  max singular value)
    Estimated rank (data): 3
    data: rank 3 computed from 3 data channels with 0 projectors
Reducing data rank from 3 -> 3
Estimating class=0 covariance using LEDOIT_WOLF
Done.
Estimating class=1 covariance using LEDOIT_WOLF
Done.
Computing rank from data with rank=None
    Using tolerance 3.9 (2.2e-16 eps * 3 dim * 5.9e+15  max singular value)
    Estimated rank (data): 3
    data: rank 3 computed from 3 data channels with 0 projectors
Reducing data rank from 3 -> 3
Estimating class=0 covariance using LEDOIT_WOLF
Done.
Estimating class=1 covariance using LEDOIT_WOLF
Done.
Computing rank from data with rank=None
    Using tolerance 3.5 (2.2e-16 eps * 3 dim * 5.2e+15  max singular value)
    Estimated rank (data): 3
    data: rank 3 computed from 3 data channels with 0 projectors
Reducing data rank from 3 -> 3
Estimating class=0 covariance using LEDOIT_WOLF
Done.
Estimating class=1 covariance using LEDOIT_WOLF
Done.
Computing rank from data with rank=None
    Using tolerance 2.8 (2.2e-16 eps * 3 dim * 4.2e+15  max singular value)
    Estimated rank (data): 3
    data: rank 3 computed from 3 data channels with 0 projectors
Reducing data rank from 3 -> 3
Estimating class=0 covariance using LEDOIT_WOLF
Done.
Estimating class=1 covariance using LEDOIT_WOLF
Done.
Computing rank from data with rank=None
    Using tolerance 2.5 (2.2e-16 eps * 3 dim * 3.7e+15  max singular value)
    Estimated rank (data): 3
    data: rank 3 computed from 3 data channels with 0 projectors
Reducing data rank from 3 -> 3
Estimating class=0 covariance using LEDOIT_WOLF
Done.
Estimating class=1 covariance using LEDOIT_WOLF
Done.
Computing rank from data with rank=None
    Using tolerance 2.1 (2.2e-16 eps * 3 dim * 3.1e+15  max singular value)
    Estimated rank (data): 3
    data: rank 3 computed from 3 data channels with 0 projectors
Reducing data rank from 3 -> 3
Estimating class=0 covariance using LEDOIT_WOLF
Done.
Estimating class=1 covariance using LEDOIT_WOLF
Done.
Computing rank from data with rank=None
    Using tolerance 1.4 (2.2e-16 eps * 3 dim * 2.1e+15  max singular value)
    Estimated rank (data): 3
    data: rank 3 computed from 3 data channels with 0 projectors
Reducing data rank from 3 -> 3
Estimating class=0 covariance using LEDOIT_WOLF
Done.
Estimating class=1 covariance using LEDOIT_WOLF
Done.
      pool treinado (29s) — serve aos 5 alvos do grupo
      S012 fold 0: acc3=0.379
      S012 fold 1: acc3=0.586
      S012 fold 2: acc3=0.571
      S034 fold 0: acc3=0.533
      S034 fold 1: acc3=0.733
      S034 fold 2: acc3=0.655
      S060 fold 0: acc3=0.500
      S060 fold 1: acc3=0.517
      S060 fold 2: acc3=0.517
      S091 fold 0: acc3=0.467
      S091 fold 1: acc3=0.433
      S091 fold 2: acc3=0.586
      S095 fold 0: acc3=0.345
      S095 fold 1: acc3=0.345
      S095 fold 2: acc3=0.464
  grupo 4/6 | alvos [25, 31, 87, 106, 108] | pool=98 (2min)
Computing rank from data with rank=None
    Using tolerance 10 (2.2e-16 eps * 3 dim * 1.6e+16  max singular value)
    Estimated rank (data): 3
    data: rank 3 computed from 3 data channels with 0 projectors
Reducing data rank from 3 -> 3
Estimating class=0 covariance using LEDOIT_WOLF
Done.
Estimating class=1 covariance using LEDOIT_WOLF
Done.
Computing rank from data with rank=None
    Using tolerance 9.8 (2.2e-16 eps * 3 dim * 1.5e+16  max singular value)
    Estimated rank (data): 3
    data: rank 3 computed from 3 data channels with 0 projectors
Reducing data rank from 3 -> 3
Estimating class=0 covariance using LEDOIT_WOLF
Done.
Estimating class=1 covariance using LEDOIT_WOLF
Done.
Computing rank from data with rank=None
    Using tolerance 7 (2.2e-16 eps * 3 dim * 1.1e+16  max singular value)
    Estimated rank (data): 3
    data: rank 3 computed from 3 data channels with 0 projectors
Reducing data rank from 3 -> 3
Estimating class=0 covariance using LEDOIT_WOLF
Done.
Estimating class=1 covariance using LEDOIT_WOLF
Done.
Computing rank from data with rank=None
    Using tolerance 5.7 (2.2e-16 eps * 3 dim * 8.6e+15  max singular value)
    Estimated rank (data): 3
    data: rank 3 computed from 3 data channels with 0 projectors
Reducing data rank from 3 -> 3
Estimating class=0 covariance using LEDOIT_WOLF
Done.
Estimating class=1 covariance using LEDOIT_WOLF
Done.
Computing rank from data with rank=None
    Using tolerance 5 (2.2e-16 eps * 3 dim * 7.6e+15  max singular value)
    Estimated rank (data): 3
    data: rank 3 computed from 3 data channels with 0 projectors
Reducing data rank from 3 -> 3
Estimating class=0 covariance using LEDOIT_WOLF
Done.
Estimating class=1 covariance using LEDOIT_WOLF
Done.
Computing rank from data with rank=None
    Using tolerance 4.1 (2.2e-16 eps * 3 dim * 6.2e+15  max singular value)
    Estimated rank (data): 3
    data: rank 3 computed from 3 data channels with 0 projectors
Reducing data rank from 3 -> 3
Estimating class=0 covariance using LEDOIT_WOLF
Done.
Estimating class=1 covariance using LEDOIT_WOLF
Done.
Computing rank from data with rank=None
    Using tolerance 3.5 (2.2e-16 eps * 3 dim * 5.3e+15  max singular value)
    Estimated rank (data): 3
    data: rank 3 computed from 3 data channels with 0 projectors
Reducing data rank from 3 -> 3
Estimating class=0 covariance using LEDOIT_WOLF
Done.
Estimating class=1 covariance using LEDOIT_WOLF
Done.
Computing rank from data with rank=None
    Using tolerance 2.9 (2.2e-16 eps * 3 dim * 4.3e+15  max singular value)
    Estimated rank (data): 3
    data: rank 3 computed from 3 data channels with 0 projectors
Reducing data rank from 3 -> 3
Estimating class=0 covariance using LEDOIT_WOLF
Done.
Estimating class=1 covariance using LEDOIT_WOLF
Done.
Computing rank from data with rank=None
    Using tolerance 2 (2.2e-16 eps * 3 dim * 3e+15  max singular value)
    Estimated rank (data): 3
    data: rank 3 computed from 3 data channels with 0 projectors
Reducing data rank from 3 -> 3
Estimating class=0 covariance using LEDOIT_WOLF
Done.
Estimating class=1 covariance using LEDOIT_WOLF
Done.
Computing rank from data with rank=None
    Using tolerance 7.5 (2.2e-16 eps * 3 dim * 1.1e+16  max singular value)
    Estimated rank (data): 3
    data: rank 3 computed from 3 data channels with 0 projectors
Reducing data rank from 3 -> 3
Estimating class=0 covariance using LEDOIT_WOLF
Done.
Estimating class=1 covariance using LEDOIT_WOLF
Done.
Computing rank from data with rank=None
    Using tolerance 6.7 (2.2e-16 eps * 3 dim * 1e+16  max singular value)
    Estimated rank (data): 3
    data: rank 3 computed from 3 data channels with 0 projectors
Reducing data rank from 3 -> 3
Estimating class=0 covariance using LEDOIT_WOLF
Done.
Estimating class=1 covariance using LEDOIT_WOLF
Done.
Computing rank from data with rank=None
    Using tolerance 4.8 (2.2e-16 eps * 3 dim * 7.2e+15  max singular value)
    Estimated rank (data): 3
    data: rank 3 computed from 3 data channels with 0 projectors
Reducing data rank from 3 -> 3
Estimating class=0 covariance using LEDOIT_WOLF
Done.
Estimating class=1 covariance using LEDOIT_WOLF
Done.
Computing rank from data with rank=None
    Using tolerance 3.9 (2.2e-16 eps * 3 dim * 5.9e+15  max singular value)
    Estimated rank (data): 3
    data: rank 3 computed from 3 data channels with 0 projectors
Reducing data rank from 3 -> 3
Estimating class=0 covariance using LEDOIT_WOLF
Done.
Estimating class=1 covariance using LEDOIT_WOLF
Done.
Computing rank from data with rank=None
    Using tolerance 3.5 (2.2e-16 eps * 3 dim * 5.2e+15  max singular value)
    Estimated rank (data): 3
    data: rank 3 computed from 3 data channels with 0 projectors
Reducing data rank from 3 -> 3
Estimating class=0 covariance using LEDOIT_WOLF
Done.
Estimating class=1 covariance using LEDOIT_WOLF
Done.
Computing rank from data with rank=None
    Using tolerance 2.8 (2.2e-16 eps * 3 dim * 4.2e+15  max singular value)
    Estimated rank (data): 3
    data: rank 3 computed from 3 data channels with 0 projectors
Reducing data rank from 3 -> 3
Estimating class=0 covariance using LEDOIT_WOLF
Done.
Estimating class=1 covariance using LEDOIT_WOLF
Done.
Computing rank from data with rank=None
    Using tolerance 2.5 (2.2e-16 eps * 3 dim * 3.7e+15  max singular value)
    Estimated rank (data): 3
    data: rank 3 computed from 3 data channels with 0 projectors
Reducing data rank from 3 -> 3
Estimating class=0 covariance using LEDOIT_WOLF
Done.
Estimating class=1 covariance using LEDOIT_WOLF
Done.
Computing rank from data with rank=None
    Using tolerance 2.1 (2.2e-16 eps * 3 dim * 3.1e+15  max singular value)
    Estimated rank (data): 3
    data: rank 3 computed from 3 data channels with 0 projectors
Reducing data rank from 3 -> 3
Estimating class=0 covariance using LEDOIT_WOLF
Done.
Estimating class=1 covariance using LEDOIT_WOLF
Done.
Computing rank from data with rank=None
    Using tolerance 1.4 (2.2e-16 eps * 3 dim * 2.1e+15  max singular value)
    Estimated rank (data): 3
    data: rank 3 computed from 3 data channels with 0 projectors
Reducing data rank from 3 -> 3
Estimating class=0 covariance using LEDOIT_WOLF
Done.
Estimating class=1 covariance using LEDOIT_WOLF
Done.
      pool treinado (31s) — serve aos 5 alvos do grupo
      S025 fold 0: acc3=0.600
      S025 fold 1: acc3=0.655
      S025 fold 2: acc3=0.690
      S031 fold 0: acc3=0.414
      S031 fold 1: acc3=0.250
      S031 fold 2: acc3=0.357
      S087 fold 0: acc3=0.267
      S087 fold 1: acc3=0.414
      S087 fold 2: acc3=0.345
      S106 fold 0: acc3=0.483
      S106 fold 1: acc3=0.586
      S106 fold 2: acc3=0.448
      S108 fold 0: acc3=0.467
      S108 fold 1: acc3=0.500
      S108 fold 2: acc3=0.517
  grupo 5/6 | alvos [41, 45, 63, 83, 105] | pool=98 (3min)
Computing rank from data with rank=None
    Using tolerance 11 (2.2e-16 eps * 3 dim * 1.6e+16  max singular value)
    Estimated rank (data): 3
    data: rank 3 computed from 3 data channels with 0 projectors
Reducing data rank from 3 -> 3
Estimating class=0 covariance using LEDOIT_WOLF
Done.
Estimating class=1 covariance using LEDOIT_WOLF
Done.
Computing rank from data with rank=None
    Using tolerance 9.9 (2.2e-16 eps * 3 dim * 1.5e+16  max singular value)
    Estimated rank (data): 3
    data: rank 3 computed from 3 data channels with 0 projectors
Reducing data rank from 3 -> 3
Estimating class=0 covariance using LEDOIT_WOLF
Done.
Estimating class=1 covariance using LEDOIT_WOLF
Done.
Computing rank from data with rank=None
    Using tolerance 7 (2.2e-16 eps * 3 dim * 1.1e+16  max singular value)
    Estimated rank (data): 3
    data: rank 3 computed from 3 data channels with 0 projectors
Reducing data rank from 3 -> 3
Estimating class=0 covariance using LEDOIT_WOLF
Done.
Estimating class=1 covariance using LEDOIT_WOLF
Done.
Computing rank from data with rank=None
    Using tolerance 5.7 (2.2e-16 eps * 3 dim * 8.6e+15  max singular value)
    Estimated rank (data): 3
    data: rank 3 computed from 3 data channels with 0 projectors
Reducing data rank from 3 -> 3
Estimating class=0 covariance using LEDOIT_WOLF
Done.
Estimating class=1 covariance using LEDOIT_WOLF
Done.
Computing rank from data with rank=None
    Using tolerance 5 (2.2e-16 eps * 3 dim * 7.5e+15  max singular value)
    Estimated rank (data): 3
    data: rank 3 computed from 3 data channels with 0 projectors
Reducing data rank from 3 -> 3
Estimating class=0 covariance using LEDOIT_WOLF
Done.
Estimating class=1 covariance using LEDOIT_WOLF
Done.
Computing rank from data with rank=None
    Using tolerance 4.1 (2.2e-16 eps * 3 dim * 6.1e+15  max singular value)
    Estimated rank (data): 3
    data: rank 3 computed from 3 data channels with 0 projectors
Reducing data rank from 3 -> 3
Estimating class=0 covariance using LEDOIT_WOLF
Done.
Estimating class=1 covariance using LEDOIT_WOLF
Done.
Computing rank from data with rank=None
    Using tolerance 3.5 (2.2e-16 eps * 3 dim * 5.3e+15  max singular value)
    Estimated rank (data): 3
    data: rank 3 computed from 3 data channels with 0 projectors
Reducing data rank from 3 -> 3
Estimating class=0 covariance using LEDOIT_WOLF
Done.
Estimating class=1 covariance using LEDOIT_WOLF
Done.
Computing rank from data with rank=None
    Using tolerance 2.8 (2.2e-16 eps * 3 dim * 4.3e+15  max singular value)
    Estimated rank (data): 3
    data: rank 3 computed from 3 data channels with 0 projectors
Reducing data rank from 3 -> 3
Estimating class=0 covariance using LEDOIT_WOLF
Done.
Estimating class=1 covariance using LEDOIT_WOLF
Done.
Computing rank from data with rank=None
    Using tolerance 2 (2.2e-16 eps * 3 dim * 2.9e+15  max singular value)
    Estimated rank (data): 3
    data: rank 3 computed from 3 data channels with 0 projectors
Reducing data rank from 3 -> 3
Estimating class=0 covariance using LEDOIT_WOLF
Done.
Estimating class=1 covariance using LEDOIT_WOLF
Done.
Computing rank from data with rank=None
    Using tolerance 7.5 (2.2e-16 eps * 3 dim * 1.1e+16  max singular value)
    Estimated rank (data): 3
    data: rank 3 computed from 3 data channels with 0 projectors
Reducing data rank from 3 -> 3
Estimating class=0 covariance using LEDOIT_WOLF
Done.
Estimating class=1 covariance using LEDOIT_WOLF
Done.
Computing rank from data with rank=None
    Using tolerance 6.7 (2.2e-16 eps * 3 dim * 1e+16  max singular value)
    Estimated rank (data): 3
    data: rank 3 computed from 3 data channels with 0 projectors
Reducing data rank from 3 -> 3
Estimating class=0 covariance using LEDOIT_WOLF
Done.
Estimating class=1 covariance using LEDOIT_WOLF
Done.
Computing rank from data with rank=None
    Using tolerance 4.8 (2.2e-16 eps * 3 dim * 7.2e+15  max singular value)
    Estimated rank (data): 3
    data: rank 3 computed from 3 data channels with 0 projectors
Reducing data rank from 3 -> 3
Estimating class=0 covariance using LEDOIT_WOLF
Done.
Estimating class=1 covariance using LEDOIT_WOLF
Done.
Computing rank from data with rank=None
    Using tolerance 3.9 (2.2e-16 eps * 3 dim * 5.9e+15  max singular value)
    Estimated rank (data): 3
    data: rank 3 computed from 3 data channels with 0 projectors
Reducing data rank from 3 -> 3
Estimating class=0 covariance using LEDOIT_WOLF
Done.
Estimating class=1 covariance using LEDOIT_WOLF
Done.
Computing rank from data with rank=None
    Using tolerance 3.5 (2.2e-16 eps * 3 dim * 5.2e+15  max singular value)
    Estimated rank (data): 3
    data: rank 3 computed from 3 data channels with 0 projectors
Reducing data rank from 3 -> 3
Estimating class=0 covariance using LEDOIT_WOLF
Done.
Estimating class=1 covariance using LEDOIT_WOLF
Done.
Computing rank from data with rank=None
    Using tolerance 2.8 (2.2e-16 eps * 3 dim * 4.2e+15  max singular value)
    Estimated rank (data): 3
    data: rank 3 computed from 3 data channels with 0 projectors
Reducing data rank from 3 -> 3
Estimating class=0 covariance using LEDOIT_WOLF
Done.
Estimating class=1 covariance using LEDOIT_WOLF
Done.
Computing rank from data with rank=None
    Using tolerance 2.5 (2.2e-16 eps * 3 dim * 3.7e+15  max singular value)
    Estimated rank (data): 3
    data: rank 3 computed from 3 data channels with 0 projectors
Reducing data rank from 3 -> 3
Estimating class=0 covariance using LEDOIT_WOLF
Done.
Estimating class=1 covariance using LEDOIT_WOLF
Done.
Computing rank from data with rank=None
    Using tolerance 2 (2.2e-16 eps * 3 dim * 3.1e+15  max singular value)
    Estimated rank (data): 3
    data: rank 3 computed from 3 data channels with 0 projectors
Reducing data rank from 3 -> 3
Estimating class=0 covariance using LEDOIT_WOLF
Done.
Estimating class=1 covariance using LEDOIT_WOLF
Done.
Computing rank from data with rank=None
    Using tolerance 1.4 (2.2e-16 eps * 3 dim * 2.1e+15  max singular value)
    Estimated rank (data): 3
    data: rank 3 computed from 3 data channels with 0 projectors
Reducing data rank from 3 -> 3
Estimating class=0 covariance using LEDOIT_WOLF
Done.
Estimating class=1 covariance using LEDOIT_WOLF
Done.
      pool treinado (30s) — serve aos 5 alvos do grupo
      S041 fold 0: acc3=0.433
      S041 fold 1: acc3=0.500
      S041 fold 2: acc3=0.448
      S045 fold 0: acc3=0.533
      S045 fold 1: acc3=0.600
      S045 fold 2: acc3=0.379
      S063 fold 0: acc3=0.464
      S063 fold 1: acc3=0.214
      S063 fold 2: acc3=0.429
      S083 fold 0: acc3=0.414
      S083 fold 1: acc3=0.414
      S083 fold 2: acc3=0.414
      S105 fold 0: acc3=0.700
      S105 fold 1: acc3=0.586
      S105 fold 2: acc3=0.586
  grupo 6/6 | alvos [18, 49, 68, 76, 98] | pool=98 (3min)
Computing rank from data with rank=None
    Using tolerance 11 (2.2e-16 eps * 3 dim * 1.6e+16  max singular value)
    Estimated rank (data): 3
    data: rank 3 computed from 3 data channels with 0 projectors
Reducing data rank from 3 -> 3
Estimating class=0 covariance using LEDOIT_WOLF
Done.
Estimating class=1 covariance using LEDOIT_WOLF
Done.
Computing rank from data with rank=None
    Using tolerance 9.9 (2.2e-16 eps * 3 dim * 1.5e+16  max singular value)
    Estimated rank (data): 3
    data: rank 3 computed from 3 data channels with 0 projectors
Reducing data rank from 3 -> 3
Estimating class=0 covariance using LEDOIT_WOLF
Done.
Estimating class=1 covariance using LEDOIT_WOLF
Done.
Computing rank from data with rank=None
    Using tolerance 7 (2.2e-16 eps * 3 dim * 1.1e+16  max singular value)
    Estimated rank (data): 3
    data: rank 3 computed from 3 data channels with 0 projectors
Reducing data rank from 3 -> 3
Estimating class=0 covariance using LEDOIT_WOLF
Done.
Estimating class=1 covariance using LEDOIT_WOLF
Done.
Computing rank from data with rank=None
    Using tolerance 5.7 (2.2e-16 eps * 3 dim * 8.6e+15  max singular value)
    Estimated rank (data): 3
    data: rank 3 computed from 3 data channels with 0 projectors
Reducing data rank from 3 -> 3
Estimating class=0 covariance using LEDOIT_WOLF
Done.
Estimating class=1 covariance using LEDOIT_WOLF
Done.
Computing rank from data with rank=None
    Using tolerance 5 (2.2e-16 eps * 3 dim * 7.5e+15  max singular value)
    Estimated rank (data): 3
    data: rank 3 computed from 3 data channels with 0 projectors
Reducing data rank from 3 -> 3
Estimating class=0 covariance using LEDOIT_WOLF
Done.
Estimating class=1 covariance using LEDOIT_WOLF
Done.
Computing rank from data with rank=None
    Using tolerance 4.1 (2.2e-16 eps * 3 dim * 6.2e+15  max singular value)
    Estimated rank (data): 3
    data: rank 3 computed from 3 data channels with 0 projectors
Reducing data rank from 3 -> 3
Estimating class=0 covariance using LEDOIT_WOLF
Done.
Estimating class=1 covariance using LEDOIT_WOLF
Done.
Computing rank from data with rank=None
    Using tolerance 3.5 (2.2e-16 eps * 3 dim * 5.2e+15  max singular value)
    Estimated rank (data): 3
    data: rank 3 computed from 3 data channels with 0 projectors
Reducing data rank from 3 -> 3
Estimating class=0 covariance using LEDOIT_WOLF
Done.
Estimating class=1 covariance using LEDOIT_WOLF
Done.
Computing rank from data with rank=None
    Using tolerance 2.9 (2.2e-16 eps * 3 dim * 4.3e+15  max singular value)
    Estimated rank (data): 3
    data: rank 3 computed from 3 data channels with 0 projectors
Reducing data rank from 3 -> 3
Estimating class=0 covariance using LEDOIT_WOLF
Done.
Estimating class=1 covariance using LEDOIT_WOLF
Done.
Computing rank from data with rank=None
    Using tolerance 2 (2.2e-16 eps * 3 dim * 3e+15  max singular value)
    Estimated rank (data): 3
    data: rank 3 computed from 3 data channels with 0 projectors
Reducing data rank from 3 -> 3
Estimating class=0 covariance using LEDOIT_WOLF
Done.
Estimating class=1 covariance using LEDOIT_WOLF
Done.
Computing rank from data with rank=None
    Using tolerance 7.5 (2.2e-16 eps * 3 dim * 1.1e+16  max singular value)
    Estimated rank (data): 3
    data: rank 3 computed from 3 data channels with 0 projectors
Reducing data rank from 3 -> 3
Estimating class=0 covariance using LEDOIT_WOLF
Done.
Estimating class=1 covariance using LEDOIT_WOLF
Done.
Computing rank from data with rank=None
    Using tolerance 6.7 (2.2e-16 eps * 3 dim * 1e+16  max singular value)
    Estimated rank (data): 3
    data: rank 3 computed from 3 data channels with 0 projectors
Reducing data rank from 3 -> 3
Estimating class=0 covariance using LEDOIT_WOLF
Done.
Estimating class=1 covariance using LEDOIT_WOLF
Done.
Computing rank from data with rank=None
    Using tolerance 4.8 (2.2e-16 eps * 3 dim * 7.3e+15  max singular value)
    Estimated rank (data): 3
    data: rank 3 computed from 3 data channels with 0 projectors
Reducing data rank from 3 -> 3
Estimating class=0 covariance using LEDOIT_WOLF
Done.
Estimating class=1 covariance using LEDOIT_WOLF
Done.
Computing rank from data with rank=None
    Using tolerance 3.9 (2.2e-16 eps * 3 dim * 5.9e+15  max singular value)
    Estimated rank (data): 3
    data: rank 3 computed from 3 data channels with 0 projectors
Reducing data rank from 3 -> 3
Estimating class=0 covariance using LEDOIT_WOLF
Done.
Estimating class=1 covariance using LEDOIT_WOLF
Done.
Computing rank from data with rank=None
    Using tolerance 3.5 (2.2e-16 eps * 3 dim * 5.2e+15  max singular value)
    Estimated rank (data): 3
    data: rank 3 computed from 3 data channels with 0 projectors
Reducing data rank from 3 -> 3
Estimating class=0 covariance using LEDOIT_WOLF
Done.
Estimating class=1 covariance using LEDOIT_WOLF
Done.
Computing rank from data with rank=None
    Using tolerance 2.8 (2.2e-16 eps * 3 dim * 4.2e+15  max singular value)
    Estimated rank (data): 3
    data: rank 3 computed from 3 data channels with 0 projectors
Reducing data rank from 3 -> 3
Estimating class=0 covariance using LEDOIT_WOLF
Done.
Estimating class=1 covariance using LEDOIT_WOLF
Done.
Computing rank from data with rank=None
    Using tolerance 2.5 (2.2e-16 eps * 3 dim * 3.7e+15  max singular value)
    Estimated rank (data): 3
    data: rank 3 computed from 3 data channels with 0 projectors
Reducing data rank from 3 -> 3
Estimating class=0 covariance using LEDOIT_WOLF
Done.
Estimating class=1 covariance using LEDOIT_WOLF
Done.
Computing rank from data with rank=None
    Using tolerance 2.1 (2.2e-16 eps * 3 dim * 3.1e+15  max singular value)
    Estimated rank (data): 3
    data: rank 3 computed from 3 data channels with 0 projectors
Reducing data rank from 3 -> 3
Estimating class=0 covariance using LEDOIT_WOLF
Done.
Estimating class=1 covariance using LEDOIT_WOLF
Done.
Computing rank from data with rank=None
    Using tolerance 1.4 (2.2e-16 eps * 3 dim * 2.1e+15  max singular value)
    Estimated rank (data): 3
    data: rank 3 computed from 3 data channels with 0 projectors
Reducing data rank from 3 -> 3
Estimating class=0 covariance using LEDOIT_WOLF
Done.
Estimating class=1 covariance using LEDOIT_WOLF
Done.
      pool treinado (29s) — serve aos 5 alvos do grupo
      S018 fold 0: acc3=0.367
      S018 fold 1: acc3=0.310
      S018 fold 2: acc3=0.448
      S049 fold 0: acc3=0.467
      S049 fold 1: acc3=0.655
      S049 fold 2: acc3=0.448
      S068 fold 0: acc3=0.600
      S068 fold 1: acc3=0.621
      S068 fold 2: acc3=0.379
      S076 fold 0: acc3=0.533
      S076 fold 1: acc3=0.500
      S076 fold 2: acc3=0.310
      S098 fold 0: acc3=0.367
      S098 fold 1: acc3=0.483
      S098 fold 2: acc3=0.483

BENCH_MONTAGENS_DONE (4min)
CUDA=True | montagens=['3'] | modelos=['riemannian'] | alvos=30 | folds=3
  contrato 5cb6c6358c | banda 4-40 Hz ordem 5 | CAR on | IQR k=1.5 | calib 48 | fases mi
  aninhamento 2<4<8<16<21<32<64 verificado
  montagem      E  D centro  simetria
  64           27 27     10  sim
  32           14 14      4  sim
  21            9  8      4  NAO (aceita por decisao)
  16            6  6      4  sim
  8             3  3      2  sim
  4             2  2      0  sim
  2             1  1      0  sim
  3             1  1      1  sim
  sem_fz        4  3      1  NAO (aceita por decisao)
  posterior8    4  4      0  sim
  ocular4       2  2      0  sim
  celulas gemeas pendentes: riemannian.banda_do_artigo (rodar de novo com --banda 8 30)
  6 grupos de alvos (semente 42), pool = 98 sujeitos:
    grupo 1: [3, 22, 57, 102, 107]
    grupo 2: [7, 52, 71, 79, 109]
    grupo 3: [12, 34, 60, 91, 95]
    grupo 4: [25, 31, 87, 106, 108]
    grupo 5: [41, 45, 63, 83, 105]
    grupo 6: [18, 49, 68, 76, 98]
  retomando: 2070 celulas ja concluidas sob 5cb6c6358c

==============================================================
  MONTAGEM 3 (3 canais) | MODELO riemannian | 0min
==============================================================
  grupo 1/6 | alvos [3, 22, 57, 102, 107] | pool=98 (0min)
      pool treinado (2s) — serve aos 5 alvos do grupo
      S003 fold 0: acc3=0.357
      S003 fold 1: acc3=0.393
      S003 fold 2: acc3=0.571
      S022 fold 0: acc3=0.517
      S022 fold 1: acc3=0.393
      S022 fold 2: acc3=0.500
      S057 fold 0: acc3=0.367
      S057 fold 1: acc3=0.500
      S057 fold 2: acc3=0.517
      S102 fold 0: acc3=0.667
      S102 fold 1: acc3=0.600
      S102 fold 2: acc3=0.621
      S107 fold 0: acc3=0.233
      S107 fold 1: acc3=0.345
      S107 fold 2: acc3=0.241
  grupo 2/6 | alvos [7, 52, 71, 79, 109] | pool=98 (0min)
      pool treinado (2s) — serve aos 5 alvos do grupo
      S007 fold 0: acc3=0.533
      S007 fold 1: acc3=0.633
      S007 fold 2: acc3=0.655
      S052 fold 0: acc3=0.667
      S052 fold 1: acc3=0.767
      S052 fold 2: acc3=0.448
      S071 fold 0: acc3=0.433
      S071 fold 1: acc3=0.517
      S071 fold 2: acc3=0.552
      S079 fold 0: acc3=0.464
      S079 fold 1: acc3=0.464
      S079 fold 2: acc3=0.370
      S109 fold 0: acc3=0.233
      S109 fold 1: acc3=0.414
      S109 fold 2: acc3=0.345
  grupo 3/6 | alvos [12, 34, 60, 91, 95] | pool=98 (0min)
      pool treinado (2s) — serve aos 5 alvos do grupo
      S012 fold 0: acc3=0.276
      S012 fold 1: acc3=0.276
      S012 fold 2: acc3=0.250
      S034 fold 0: acc3=0.700
      S034 fold 1: acc3=0.833
      S034 fold 2: acc3=0.621
      S060 fold 0: acc3=0.467
      S060 fold 1: acc3=0.621
      S060 fold 2: acc3=0.586
      S091 fold 0: acc3=0.333
      S091 fold 1: acc3=0.467
      S091 fold 2: acc3=0.483
      S095 fold 0: acc3=0.310
      S095 fold 1: acc3=0.448
      S095 fold 2: acc3=0.500
  grupo 4/6 | alvos [25, 31, 87, 106, 108] | pool=98 (0min)
      pool treinado (2s) — serve aos 5 alvos do grupo
      S025 fold 0: acc3=0.767
      S025 fold 1: acc3=0.759
      S025 fold 2: acc3=0.586
      S031 fold 0: acc3=0.310
      S031 fold 1: acc3=0.357
      S031 fold 2: acc3=0.429
      S087 fold 0: acc3=0.333
      S087 fold 1: acc3=0.345
      S087 fold 2: acc3=0.483
      S106 fold 0: acc3=0.483
      S106 fold 1: acc3=0.448
      S106 fold 2: acc3=0.517
      S108 fold 0: acc3=0.333
      S108 fold 1: acc3=0.500
      S108 fold 2: acc3=0.310
  grupo 5/6 | alvos [41, 45, 63, 83, 105] | pool=98 (1min)
      pool treinado (2s) — serve aos 5 alvos do grupo
      S041 fold 0: acc3=0.567
      S041 fold 1: acc3=0.533
      S041 fold 2: acc3=0.448
      S045 fold 0: acc3=0.567
      S045 fold 1: acc3=0.600
      S045 fold 2: acc3=0.483
      S063 fold 0: acc3=0.393
      S063 fold 1: acc3=0.393
      S063 fold 2: acc3=0.357
      S083 fold 0: acc3=0.586
      S083 fold 1: acc3=0.655
      S083 fold 2: acc3=0.379
      S105 fold 0: acc3=0.500
      S105 fold 1: acc3=0.517
      S105 fold 2: acc3=0.483
  grupo 6/6 | alvos [18, 49, 68, 76, 98] | pool=98 (1min)
      pool treinado (2s) — serve aos 5 alvos do grupo
      S018 fold 0: acc3=0.400
      S018 fold 1: acc3=0.276
      S018 fold 2: acc3=0.448
      S049 fold 0: acc3=0.633
      S049 fold 1: acc3=0.552
      S049 fold 2: acc3=0.655
      S068 fold 0: acc3=0.467
      S068 fold 1: acc3=0.517
      S068 fold 2: acc3=0.379
      S076 fold 0: acc3=0.533
      S076 fold 1: acc3=0.467
      S076 fold 2: acc3=0.517
      S098 fold 0: acc3=0.367
      S098 fold 1: acc3=0.345
      S098 fold 2: acc3=0.310

BENCH_MONTAGENS_DONE (1min)
CUDA=True | montagens=['16'] | modelos=['csp_lda'] | alvos=30 | folds=3
  contrato 5cb6c6358c | banda 4-40 Hz ordem 5 | CAR on | IQR k=1.5 | calib 48 | fases mi
  aninhamento 2<4<8<16<21<32<64 verificado
  montagem      E  D centro  simetria
  64           27 27     10  sim
  32           14 14      4  sim
  21            9  8      4  NAO (aceita por decisao)
  16            6  6      4  sim
  8             3  3      2  sim
  4             2  2      0  sim
  2             1  1      0  sim
  3             1  1      1  sim
  sem_fz        4  3      1  NAO (aceita por decisao)
  posterior8    4  4      0  sim
  ocular4       2  2      0  sim
  6 grupos de alvos (semente 42), pool = 98 sujeitos:
    grupo 1: [3, 22, 57, 102, 107]
    grupo 2: [7, 52, 71, 79, 109]
    grupo 3: [12, 34, 60, 91, 95]
    grupo 4: [25, 31, 87, 106, 108]
    grupo 5: [41, 45, 63, 83, 105]
    grupo 6: [18, 49, 68, 76, 98]
  retomando: 2160 celulas ja concluidas sob 5cb6c6358c

==============================================================
  MONTAGEM 16 (16 canais) | MODELO csp_lda | 0min
==============================================================
  grupo 1/6 | alvos [3, 22, 57, 102, 107] | pool=98 (0min)
Computing rank from data with rank=None
    Using tolerance 1.5e+02 (2.2e-16 eps * 16 dim * 4.4e+16  max singular value)
    Estimated rank (data): 16
    data: rank 16 computed from 16 data channels with 0 projectors
Reducing data rank from 16 -> 16
Estimating class=0 covariance using LEDOIT_WOLF
Done.
Estimating class=1 covariance using LEDOIT_WOLF
Done.
Computing rank from data with rank=None
    Using tolerance 1e+02 (2.2e-16 eps * 16 dim * 2.9e+16  max singular value)
    Estimated rank (data): 16
    data: rank 16 computed from 16 data channels with 0 projectors
Reducing data rank from 16 -> 16
Estimating class=0 covariance using LEDOIT_WOLF
Done.
Estimating class=1 covariance using LEDOIT_WOLF
Done.
      pool treinado (3s) — serve aos 5 alvos do grupo
      S003 fold 0: acc3=0.345
      S003 fold 1: acc3=0.310
      S003 fold 2: acc3=0.310
      S022 fold 0: acc3=0.586
      S022 fold 1: acc3=0.552
      S022 fold 2: acc3=0.571
      S057 fold 0: acc3=0.241
      S057 fold 1: acc3=0.321
      S057 fold 2: acc3=0.464
      S102 fold 0: acc3=0.517
      S102 fold 1: acc3=0.552
      S102 fold 2: acc3=0.714
      S107 fold 0: acc3=0.552
      S107 fold 1: acc3=0.379
      S107 fold 2: acc3=0.414
  grupo 2/6 | alvos [7, 52, 71, 79, 109] | pool=98 (0min)
Computing rank from data with rank=None
    Using tolerance 1.5e+02 (2.2e-16 eps * 16 dim * 4.1e+16  max singular value)
    Estimated rank (data): 16
    data: rank 16 computed from 16 data channels with 0 projectors
Reducing data rank from 16 -> 16
Estimating class=0 covariance using LEDOIT_WOLF
Done.
Estimating class=1 covariance using LEDOIT_WOLF
Done.
Computing rank from data with rank=None
    Using tolerance 99 (2.2e-16 eps * 16 dim * 2.8e+16  max singular value)
    Estimated rank (data): 16
    data: rank 16 computed from 16 data channels with 0 projectors
Reducing data rank from 16 -> 16
Estimating class=0 covariance using LEDOIT_WOLF
Done.
Estimating class=1 covariance using LEDOIT_WOLF
Done.
      pool treinado (3s) — serve aos 5 alvos do grupo
      S007 fold 0: acc3=0.733
      S007 fold 1: acc3=0.621
      S007 fold 2: acc3=0.828
      S052 fold 0: acc3=0.655
      S052 fold 1: acc3=0.714
      S052 fold 2: acc3=0.571
      S071 fold 0: acc3=0.367
      S071 fold 1: acc3=0.483
      S071 fold 2: acc3=0.517
      S079 fold 0: acc3=0.345
      S079 fold 1: acc3=0.483
      S079 fold 2: acc3=0.464
      S109 fold 0: acc3=0.367
      S109 fold 1: acc3=0.414
      S109 fold 2: acc3=0.379
  grupo 3/6 | alvos [12, 34, 60, 91, 95] | pool=98 (0min)
Computing rank from data with rank=None
    Using tolerance 1.5e+02 (2.2e-16 eps * 16 dim * 4.3e+16  max singular value)
    Estimated rank (data): 16
    data: rank 16 computed from 16 data channels with 0 projectors
Reducing data rank from 16 -> 16
Estimating class=0 covariance using LEDOIT_WOLF
Done.
Estimating class=1 covariance using LEDOIT_WOLF
Done.
Computing rank from data with rank=None
    Using tolerance 1e+02 (2.2e-16 eps * 16 dim * 2.9e+16  max singular value)
    Estimated rank (data): 16
    data: rank 16 computed from 16 data channels with 0 projectors
Reducing data rank from 16 -> 16
Estimating class=0 covariance using LEDOIT_WOLF
Done.
Estimating class=1 covariance using LEDOIT_WOLF
Done.
      pool treinado (3s) — serve aos 5 alvos do grupo
      S012 fold 0: acc3=0.286
      S012 fold 1: acc3=0.571
      S012 fold 2: acc3=0.286
      S034 fold 0: acc3=0.700
      S034 fold 1: acc3=0.793
      S034 fold 2: acc3=0.724
      S060 fold 0: acc3=0.357
      S060 fold 1: acc3=0.500
      S060 fold 2: acc3=0.607
      S091 fold 0: acc3=0.500
      S091 fold 1: acc3=0.467
      S091 fold 2: acc3=0.533
      S095 fold 0: acc3=0.464
      S095 fold 1: acc3=0.429
      S095 fold 2: acc3=0.393
  grupo 4/6 | alvos [25, 31, 87, 106, 108] | pool=98 (0min)
Computing rank from data with rank=None
    Using tolerance 1.5e+02 (2.2e-16 eps * 16 dim * 4.3e+16  max singular value)
    Estimated rank (data): 16
    data: rank 16 computed from 16 data channels with 0 projectors
Reducing data rank from 16 -> 16
Estimating class=0 covariance using LEDOIT_WOLF
Done.
Estimating class=1 covariance using LEDOIT_WOLF
Done.
Computing rank from data with rank=None
    Using tolerance 1e+02 (2.2e-16 eps * 16 dim * 2.9e+16  max singular value)
    Estimated rank (data): 16
    data: rank 16 computed from 16 data channels with 0 projectors
Reducing data rank from 16 -> 16
Estimating class=0 covariance using LEDOIT_WOLF
Done.
Estimating class=1 covariance using LEDOIT_WOLF
Done.
      pool treinado (3s) — serve aos 5 alvos do grupo
      S025 fold 0: acc3=0.733
      S025 fold 1: acc3=0.567
      S025 fold 2: acc3=0.667
      S031 fold 0: acc3=0.633
      S031 fold 1: acc3=0.533
      S031 fold 2: acc3=0.586
      S087 fold 0: acc3=0.357
      S087 fold 1: acc3=0.536
      S087 fold 2: acc3=0.429
      S106 fold 0: acc3=0.517
      S106 fold 1: acc3=0.517
      S106 fold 2: acc3=0.345
      S108 fold 0: acc3=0.448
      S108 fold 1: acc3=0.517
      S108 fold 2: acc3=0.714
  grupo 5/6 | alvos [41, 45, 63, 83, 105] | pool=98 (1min)
Computing rank from data with rank=None
    Using tolerance 1.5e+02 (2.2e-16 eps * 16 dim * 4.3e+16  max singular value)
    Estimated rank (data): 16
    data: rank 16 computed from 16 data channels with 0 projectors
Reducing data rank from 16 -> 16
Estimating class=0 covariance using LEDOIT_WOLF
Done.
Estimating class=1 covariance using LEDOIT_WOLF
Done.
Computing rank from data with rank=None
    Using tolerance 1e+02 (2.2e-16 eps * 16 dim * 2.9e+16  max singular value)
    Estimated rank (data): 16
    data: rank 16 computed from 16 data channels with 0 projectors
Reducing data rank from 16 -> 16
Estimating class=0 covariance using LEDOIT_WOLF
Done.
Estimating class=1 covariance using LEDOIT_WOLF
Done.
      pool treinado (3s) — serve aos 5 alvos do grupo
      S041 fold 0: acc3=0.533
      S041 fold 1: acc3=0.633
      S041 fold 2: acc3=0.500
      S045 fold 0: acc3=0.621
      S045 fold 1: acc3=0.552
      S045 fold 2: acc3=0.643
      S063 fold 0: acc3=0.533
      S063 fold 1: acc3=0.433
      S063 fold 2: acc3=0.345
      S083 fold 0: acc3=0.643
      S083 fold 1: acc3=0.643
      S083 fold 2: acc3=0.571
      S105 fold 0: acc3=0.414
      S105 fold 1: acc3=0.517
      S105 fold 2: acc3=0.448
  grupo 6/6 | alvos [18, 49, 68, 76, 98] | pool=98 (1min)
Computing rank from data with rank=None
    Using tolerance 1.5e+02 (2.2e-16 eps * 16 dim * 4.4e+16  max singular value)
    Estimated rank (data): 16
    data: rank 16 computed from 16 data channels with 0 projectors
Reducing data rank from 16 -> 16
Estimating class=0 covariance using LEDOIT_WOLF
Done.
Estimating class=1 covariance using LEDOIT_WOLF
Done.
Computing rank from data with rank=None
    Using tolerance 1e+02 (2.2e-16 eps * 16 dim * 3e+16  max singular value)
    Estimated rank (data): 16
    data: rank 16 computed from 16 data channels with 0 projectors
Reducing data rank from 16 -> 16
Estimating class=0 covariance using LEDOIT_WOLF
Done.
Estimating class=1 covariance using LEDOIT_WOLF
Done.
      pool treinado (3s) — serve aos 5 alvos do grupo
      S018 fold 0: acc3=0.500
      S018 fold 1: acc3=0.586
      S018 fold 2: acc3=0.448
      S049 fold 0: acc3=0.655
      S049 fold 1: acc3=0.655
      S049 fold 2: acc3=0.714
      S068 fold 0: acc3=0.467
      S068 fold 1: acc3=0.367
      S068 fold 2: acc3=0.517
      S076 fold 0: acc3=0.367
      S076 fold 1: acc3=0.345
      S076 fold 2: acc3=0.552
      S098 fold 0: acc3=0.433
      S098 fold 1: acc3=0.567
      S098 fold 2: acc3=0.345

BENCH_MONTAGENS_DONE (1min)
CUDA=True | montagens=['16'] | modelos=['fbcsp_svm'] | alvos=30 | folds=3
  contrato 5cb6c6358c | banda 4-40 Hz ordem 5 | CAR on | IQR k=1.5 | calib 48 | fases mi
  aninhamento 2<4<8<16<21<32<64 verificado
  montagem      E  D centro  simetria
  64           27 27     10  sim
  32           14 14      4  sim
  21            9  8      4  NAO (aceita por decisao)
  16            6  6      4  sim
  8             3  3      2  sim
  4             2  2      0  sim
  2             1  1      0  sim
  3             1  1      1  sim
  sem_fz        4  3      1  NAO (aceita por decisao)
  posterior8    4  4      0  sim
  ocular4       2  2      0  sim
  6 grupos de alvos (semente 42), pool = 98 sujeitos:
    grupo 1: [3, 22, 57, 102, 107]
    grupo 2: [7, 52, 71, 79, 109]
    grupo 3: [12, 34, 60, 91, 95]
    grupo 4: [25, 31, 87, 106, 108]
    grupo 5: [41, 45, 63, 83, 105]
    grupo 6: [18, 49, 68, 76, 98]
  retomando: 2250 celulas ja concluidas sob 5cb6c6358c

==============================================================
  MONTAGEM 16 (16 canais) | MODELO fbcsp_svm | 0min
==============================================================
  grupo 1/6 | alvos [3, 22, 57, 102, 107] | pool=98 (0min)
Computing rank from data with rank=None
    Using tolerance 70 (2.2e-16 eps * 16 dim * 2e+16  max singular value)
    Estimated rank (data): 16
    data: rank 16 computed from 16 data channels with 0 projectors
Reducing data rank from 16 -> 16
Estimating class=0 covariance using LEDOIT_WOLF
Done.
Estimating class=1 covariance using LEDOIT_WOLF
Done.
Computing rank from data with rank=None
    Using tolerance 78 (2.2e-16 eps * 16 dim * 2.2e+16  max singular value)
    Estimated rank (data): 16
    data: rank 16 computed from 16 data channels with 0 projectors
Reducing data rank from 16 -> 16
Estimating class=0 covariance using LEDOIT_WOLF
Done.
Estimating class=1 covariance using LEDOIT_WOLF
Done.
Computing rank from data with rank=None
    Using tolerance 51 (2.2e-16 eps * 16 dim * 1.4e+16  max singular value)
    Estimated rank (data): 16
    data: rank 16 computed from 16 data channels with 0 projectors
Reducing data rank from 16 -> 16
Estimating class=0 covariance using LEDOIT_WOLF
Done.
Estimating class=1 covariance using LEDOIT_WOLF
Done.
Computing rank from data with rank=None
    Using tolerance 45 (2.2e-16 eps * 16 dim * 1.3e+16  max singular value)
    Estimated rank (data): 16
    data: rank 16 computed from 16 data channels with 0 projectors
Reducing data rank from 16 -> 16
Estimating class=0 covariance using LEDOIT_WOLF
Done.
Estimating class=1 covariance using LEDOIT_WOLF
Done.
Computing rank from data with rank=None
    Using tolerance 42 (2.2e-16 eps * 16 dim * 1.2e+16  max singular value)
    Estimated rank (data): 16
    data: rank 16 computed from 16 data channels with 0 projectors
Reducing data rank from 16 -> 16
Estimating class=0 covariance using LEDOIT_WOLF
Done.
Estimating class=1 covariance using LEDOIT_WOLF
Done.
Computing rank from data with rank=None
    Using tolerance 35 (2.2e-16 eps * 16 dim * 1e+16  max singular value)
    Estimated rank (data): 16
    data: rank 16 computed from 16 data channels with 0 projectors
Reducing data rank from 16 -> 16
Estimating class=0 covariance using LEDOIT_WOLF
Done.
Estimating class=1 covariance using LEDOIT_WOLF
Done.
Computing rank from data with rank=None
    Using tolerance 32 (2.2e-16 eps * 16 dim * 9e+15  max singular value)
    Estimated rank (data): 16
    data: rank 16 computed from 16 data channels with 0 projectors
Reducing data rank from 16 -> 16
Estimating class=0 covariance using LEDOIT_WOLF
Done.
Estimating class=1 covariance using LEDOIT_WOLF
Done.
Computing rank from data with rank=None
    Using tolerance 27 (2.2e-16 eps * 16 dim * 7.5e+15  max singular value)
    Estimated rank (data): 16
    data: rank 16 computed from 16 data channels with 0 projectors
Reducing data rank from 16 -> 16
Estimating class=0 covariance using LEDOIT_WOLF
Done.
Estimating class=1 covariance using LEDOIT_WOLF
Done.
Computing rank from data with rank=None
    Using tolerance 19 (2.2e-16 eps * 16 dim * 5.4e+15  max singular value)
    Estimated rank (data): 16
    data: rank 16 computed from 16 data channels with 0 projectors
Reducing data rank from 16 -> 16
Estimating class=0 covariance using LEDOIT_WOLF
Done.
Estimating class=1 covariance using LEDOIT_WOLF
Done.
Computing rank from data with rank=None
    Using tolerance 49 (2.2e-16 eps * 16 dim * 1.4e+16  max singular value)
    Estimated rank (data): 16
    data: rank 16 computed from 16 data channels with 0 projectors
Reducing data rank from 16 -> 16
Estimating class=0 covariance using LEDOIT_WOLF
Done.
Estimating class=1 covariance using LEDOIT_WOLF
Done.
Computing rank from data with rank=None
    Using tolerance 51 (2.2e-16 eps * 16 dim * 1.4e+16  max singular value)
    Estimated rank (data): 16
    data: rank 16 computed from 16 data channels with 0 projectors
Reducing data rank from 16 -> 16
Estimating class=0 covariance using LEDOIT_WOLF
Done.
Estimating class=1 covariance using LEDOIT_WOLF
Done.
Computing rank from data with rank=None
    Using tolerance 35 (2.2e-16 eps * 16 dim * 9.7e+15  max singular value)
    Estimated rank (data): 16
    data: rank 16 computed from 16 data channels with 0 projectors
Reducing data rank from 16 -> 16
Estimating class=0 covariance using LEDOIT_WOLF
Done.
Estimating class=1 covariance using LEDOIT_WOLF
Done.
Computing rank from data with rank=None
    Using tolerance 30 (2.2e-16 eps * 16 dim * 8.5e+15  max singular value)
    Estimated rank (data): 16
    data: rank 16 computed from 16 data channels with 0 projectors
Reducing data rank from 16 -> 16
Estimating class=0 covariance using LEDOIT_WOLF
Done.
Estimating class=1 covariance using LEDOIT_WOLF
Done.
Computing rank from data with rank=None
    Using tolerance 28 (2.2e-16 eps * 16 dim * 7.9e+15  max singular value)
    Estimated rank (data): 16
    data: rank 16 computed from 16 data channels with 0 projectors
Reducing data rank from 16 -> 16
Estimating class=0 covariance using LEDOIT_WOLF
Done.
Estimating class=1 covariance using LEDOIT_WOLF
Done.
Computing rank from data with rank=None
    Using tolerance 24 (2.2e-16 eps * 16 dim * 6.8e+15  max singular value)
    Estimated rank (data): 16
    data: rank 16 computed from 16 data channels with 0 projectors
Reducing data rank from 16 -> 16
Estimating class=0 covariance using LEDOIT_WOLF
Done.
Estimating class=1 covariance using LEDOIT_WOLF
Done.
Computing rank from data with rank=None
    Using tolerance 22 (2.2e-16 eps * 16 dim * 6.3e+15  max singular value)
    Estimated rank (data): 16
    data: rank 16 computed from 16 data channels with 0 projectors
Reducing data rank from 16 -> 16
Estimating class=0 covariance using LEDOIT_WOLF
Done.
Estimating class=1 covariance using LEDOIT_WOLF
Done.
Computing rank from data with rank=None
    Using tolerance 19 (2.2e-16 eps * 16 dim * 5.4e+15  max singular value)
    Estimated rank (data): 16
    data: rank 16 computed from 16 data channels with 0 projectors
Reducing data rank from 16 -> 16
Estimating class=0 covariance using LEDOIT_WOLF
Done.
Estimating class=1 covariance using LEDOIT_WOLF
Done.
Computing rank from data with rank=None
    Using tolerance 14 (2.2e-16 eps * 16 dim * 3.8e+15  max singular value)
    Estimated rank (data): 16
    data: rank 16 computed from 16 data channels with 0 projectors
Reducing data rank from 16 -> 16
Estimating class=0 covariance using LEDOIT_WOLF
Done.
Estimating class=1 covariance using LEDOIT_WOLF
Done.
      pool treinado (67s) — serve aos 5 alvos do grupo
      S003 fold 0: acc3=0.483
      S003 fold 1: acc3=0.241
      S003 fold 2: acc3=0.310
      S022 fold 0: acc3=0.793
      S022 fold 1: acc3=0.621
      S022 fold 2: acc3=0.643
      S057 fold 0: acc3=0.345
      S057 fold 1: acc3=0.393
      S057 fold 2: acc3=0.536
      S102 fold 0: acc3=0.724
      S102 fold 1: acc3=0.517
      S102 fold 2: acc3=0.750
      S107 fold 0: acc3=0.414
      S107 fold 1: acc3=0.517
      S107 fold 2: acc3=0.345
  grupo 2/6 | alvos [7, 52, 71, 79, 109] | pool=98 (1min)
Computing rank from data with rank=None
    Using tolerance 65 (2.2e-16 eps * 16 dim * 1.8e+16  max singular value)
    Estimated rank (data): 16
    data: rank 16 computed from 16 data channels with 0 projectors
Reducing data rank from 16 -> 16
Estimating class=0 covariance using LEDOIT_WOLF
Done.
Estimating class=1 covariance using LEDOIT_WOLF
Done.
Computing rank from data with rank=None
    Using tolerance 74 (2.2e-16 eps * 16 dim * 2.1e+16  max singular value)
    Estimated rank (data): 16
    data: rank 16 computed from 16 data channels with 0 projectors
Reducing data rank from 16 -> 16
Estimating class=0 covariance using LEDOIT_WOLF
Done.
Estimating class=1 covariance using LEDOIT_WOLF
Done.
Computing rank from data with rank=None
    Using tolerance 48 (2.2e-16 eps * 16 dim * 1.3e+16  max singular value)
    Estimated rank (data): 16
    data: rank 16 computed from 16 data channels with 0 projectors
Reducing data rank from 16 -> 16
Estimating class=0 covariance using LEDOIT_WOLF
Done.
Estimating class=1 covariance using LEDOIT_WOLF
Done.
Computing rank from data with rank=None
    Using tolerance 44 (2.2e-16 eps * 16 dim * 1.2e+16  max singular value)
    Estimated rank (data): 16
    data: rank 16 computed from 16 data channels with 0 projectors
Reducing data rank from 16 -> 16
Estimating class=0 covariance using LEDOIT_WOLF
Done.
Estimating class=1 covariance using LEDOIT_WOLF
Done.
Computing rank from data with rank=None
    Using tolerance 41 (2.2e-16 eps * 16 dim * 1.2e+16  max singular value)
    Estimated rank (data): 16
    data: rank 16 computed from 16 data channels with 0 projectors
Reducing data rank from 16 -> 16
Estimating class=0 covariance using LEDOIT_WOLF
Done.
Estimating class=1 covariance using LEDOIT_WOLF
Done.
Computing rank from data with rank=None
    Using tolerance 35 (2.2e-16 eps * 16 dim * 9.8e+15  max singular value)
    Estimated rank (data): 16
    data: rank 16 computed from 16 data channels with 0 projectors
Reducing data rank from 16 -> 16
Estimating class=0 covariance using LEDOIT_WOLF
Done.
Estimating class=1 covariance using LEDOIT_WOLF
Done.
Computing rank from data with rank=None
    Using tolerance 32 (2.2e-16 eps * 16 dim * 8.9e+15  max singular value)
    Estimated rank (data): 16
    data: rank 16 computed from 16 data channels with 0 projectors
Reducing data rank from 16 -> 16
Estimating class=0 covariance using LEDOIT_WOLF
Done.
Estimating class=1 covariance using LEDOIT_WOLF
Done.
Computing rank from data with rank=None
    Using tolerance 27 (2.2e-16 eps * 16 dim * 7.5e+15  max singular value)
    Estimated rank (data): 16
    data: rank 16 computed from 16 data channels with 0 projectors
Reducing data rank from 16 -> 16
Estimating class=0 covariance using LEDOIT_WOLF
Done.
Estimating class=1 covariance using LEDOIT_WOLF
Done.
Computing rank from data with rank=None
    Using tolerance 19 (2.2e-16 eps * 16 dim * 5.4e+15  max singular value)
    Estimated rank (data): 16
    data: rank 16 computed from 16 data channels with 0 projectors
Reducing data rank from 16 -> 16
Estimating class=0 covariance using LEDOIT_WOLF
Done.
Estimating class=1 covariance using LEDOIT_WOLF
Done.
Computing rank from data with rank=None
    Using tolerance 45 (2.2e-16 eps * 16 dim * 1.3e+16  max singular value)
    Estimated rank (data): 16
    data: rank 16 computed from 16 data channels with 0 projectors
Reducing data rank from 16 -> 16
Estimating class=0 covariance using LEDOIT_WOLF
Done.
Estimating class=1 covariance using LEDOIT_WOLF
Done.
Computing rank from data with rank=None
    Using tolerance 48 (2.2e-16 eps * 16 dim * 1.4e+16  max singular value)
    Estimated rank (data): 16
    data: rank 16 computed from 16 data channels with 0 projectors
Reducing data rank from 16 -> 16
Estimating class=0 covariance using LEDOIT_WOLF
Done.
Estimating class=1 covariance using LEDOIT_WOLF
Done.
Computing rank from data with rank=None
    Using tolerance 32 (2.2e-16 eps * 16 dim * 9e+15  max singular value)
    Estimated rank (data): 16
    data: rank 16 computed from 16 data channels with 0 projectors
Reducing data rank from 16 -> 16
Estimating class=0 covariance using LEDOIT_WOLF
Done.
Estimating class=1 covariance using LEDOIT_WOLF
Done.
Computing rank from data with rank=None
    Using tolerance 29 (2.2e-16 eps * 16 dim * 8.2e+15  max singular value)
    Estimated rank (data): 16
    data: rank 16 computed from 16 data channels with 0 projectors
Reducing data rank from 16 -> 16
Estimating class=0 covariance using LEDOIT_WOLF
Done.
Estimating class=1 covariance using LEDOIT_WOLF
Done.
Computing rank from data with rank=None
    Using tolerance 27 (2.2e-16 eps * 16 dim * 7.7e+15  max singular value)
    Estimated rank (data): 16
    data: rank 16 computed from 16 data channels with 0 projectors
Reducing data rank from 16 -> 16
Estimating class=0 covariance using LEDOIT_WOLF
Done.
Estimating class=1 covariance using LEDOIT_WOLF
Done.
Computing rank from data with rank=None
    Using tolerance 24 (2.2e-16 eps * 16 dim * 6.7e+15  max singular value)
    Estimated rank (data): 16
    data: rank 16 computed from 16 data channels with 0 projectors
Reducing data rank from 16 -> 16
Estimating class=0 covariance using LEDOIT_WOLF
Done.
Estimating class=1 covariance using LEDOIT_WOLF
Done.
Computing rank from data with rank=None
    Using tolerance 22 (2.2e-16 eps * 16 dim * 6.2e+15  max singular value)
    Estimated rank (data): 16
    data: rank 16 computed from 16 data channels with 0 projectors
Reducing data rank from 16 -> 16
Estimating class=0 covariance using LEDOIT_WOLF
Done.
Estimating class=1 covariance using LEDOIT_WOLF
Done.
Computing rank from data with rank=None
    Using tolerance 19 (2.2e-16 eps * 16 dim * 5.3e+15  max singular value)
    Estimated rank (data): 16
    data: rank 16 computed from 16 data channels with 0 projectors
Reducing data rank from 16 -> 16
Estimating class=0 covariance using LEDOIT_WOLF
Done.
Estimating class=1 covariance using LEDOIT_WOLF
Done.
Computing rank from data with rank=None
    Using tolerance 14 (2.2e-16 eps * 16 dim * 3.8e+15  max singular value)
    Estimated rank (data): 16
    data: rank 16 computed from 16 data channels with 0 projectors
Reducing data rank from 16 -> 16
Estimating class=0 covariance using LEDOIT_WOLF
Done.
Estimating class=1 covariance using LEDOIT_WOLF
Done.
      pool treinado (68s) — serve aos 5 alvos do grupo
      S007 fold 0: acc3=0.700
      S007 fold 1: acc3=0.793
      S007 fold 2: acc3=0.828
      S052 fold 0: acc3=0.552
      S052 fold 1: acc3=0.571
      S052 fold 2: acc3=0.464
      S071 fold 0: acc3=0.500
      S071 fold 1: acc3=0.483
      S071 fold 2: acc3=0.448
      S079 fold 0: acc3=0.345
      S079 fold 1: acc3=0.483
      S079 fold 2: acc3=0.429
      S109 fold 0: acc3=0.433
      S109 fold 1: acc3=0.517
      S109 fold 2: acc3=0.276
  grupo 3/6 | alvos [12, 34, 60, 91, 95] | pool=98 (3min)
Computing rank from data with rank=None
    Using tolerance 70 (2.2e-16 eps * 16 dim * 2e+16  max singular value)
    Estimated rank (data): 16
    data: rank 16 computed from 16 data channels with 0 projectors
Reducing data rank from 16 -> 16
Estimating class=0 covariance using LEDOIT_WOLF
Done.
Estimating class=1 covariance using LEDOIT_WOLF
Done.
Computing rank from data with rank=None
    Using tolerance 78 (2.2e-16 eps * 16 dim * 2.2e+16  max singular value)
    Estimated rank (data): 16
    data: rank 16 computed from 16 data channels with 0 projectors
Reducing data rank from 16 -> 16
Estimating class=0 covariance using LEDOIT_WOLF
Done.
Estimating class=1 covariance using LEDOIT_WOLF
Done.
Computing rank from data with rank=None
    Using tolerance 51 (2.2e-16 eps * 16 dim * 1.4e+16  max singular value)
    Estimated rank (data): 16
    data: rank 16 computed from 16 data channels with 0 projectors
Reducing data rank from 16 -> 16
Estimating class=0 covariance using LEDOIT_WOLF
Done.
Estimating class=1 covariance using LEDOIT_WOLF
Done.
Computing rank from data with rank=None
    Using tolerance 45 (2.2e-16 eps * 16 dim * 1.3e+16  max singular value)
    Estimated rank (data): 16
    data: rank 16 computed from 16 data channels with 0 projectors
Reducing data rank from 16 -> 16
Estimating class=0 covariance using LEDOIT_WOLF
Done.
Estimating class=1 covariance using LEDOIT_WOLF
Done.
Computing rank from data with rank=None
    Using tolerance 42 (2.2e-16 eps * 16 dim * 1.2e+16  max singular value)
    Estimated rank (data): 16
    data: rank 16 computed from 16 data channels with 0 projectors
Reducing data rank from 16 -> 16
Estimating class=0 covariance using LEDOIT_WOLF
Done.
Estimating class=1 covariance using LEDOIT_WOLF
Done.
Computing rank from data with rank=None
    Using tolerance 35 (2.2e-16 eps * 16 dim * 9.9e+15  max singular value)
    Estimated rank (data): 16
    data: rank 16 computed from 16 data channels with 0 projectors
Reducing data rank from 16 -> 16
Estimating class=0 covariance using LEDOIT_WOLF
Done.
Estimating class=1 covariance using LEDOIT_WOLF
Done.
Computing rank from data with rank=None
    Using tolerance 32 (2.2e-16 eps * 16 dim * 8.9e+15  max singular value)
    Estimated rank (data): 16
    data: rank 16 computed from 16 data channels with 0 projectors
Reducing data rank from 16 -> 16
Estimating class=0 covariance using LEDOIT_WOLF
Done.
Estimating class=1 covariance using LEDOIT_WOLF
Done.
Computing rank from data with rank=None
    Using tolerance 26 (2.2e-16 eps * 16 dim * 7.4e+15  max singular value)
    Estimated rank (data): 16
    data: rank 16 computed from 16 data channels with 0 projectors
Reducing data rank from 16 -> 16
Estimating class=0 covariance using LEDOIT_WOLF
Done.
Estimating class=1 covariance using LEDOIT_WOLF
Done.
Computing rank from data with rank=None
    Using tolerance 19 (2.2e-16 eps * 16 dim * 5.3e+15  max singular value)
    Estimated rank (data): 16
    data: rank 16 computed from 16 data channels with 0 projectors
Reducing data rank from 16 -> 16
Estimating class=0 covariance using LEDOIT_WOLF
Done.
Estimating class=1 covariance using LEDOIT_WOLF
Done.
Computing rank from data with rank=None
    Using tolerance 49 (2.2e-16 eps * 16 dim * 1.4e+16  max singular value)
    Estimated rank (data): 16
    data: rank 16 computed from 16 data channels with 0 projectors
Reducing data rank from 16 -> 16
Estimating class=0 covariance using LEDOIT_WOLF
Done.
Estimating class=1 covariance using LEDOIT_WOLF
Done.
Computing rank from data with rank=None
    Using tolerance 51 (2.2e-16 eps * 16 dim * 1.4e+16  max singular value)
    Estimated rank (data): 16
    data: rank 16 computed from 16 data channels with 0 projectors
Reducing data rank from 16 -> 16
Estimating class=0 covariance using LEDOIT_WOLF
Done.
Estimating class=1 covariance using LEDOIT_WOLF
Done.
Computing rank from data with rank=None
    Using tolerance 34 (2.2e-16 eps * 16 dim * 9.6e+15  max singular value)
    Estimated rank (data): 16
    data: rank 16 computed from 16 data channels with 0 projectors
Reducing data rank from 16 -> 16
Estimating class=0 covariance using LEDOIT_WOLF
Done.
Estimating class=1 covariance using LEDOIT_WOLF
Done.
Computing rank from data with rank=None
    Using tolerance 30 (2.2e-16 eps * 16 dim * 8.5e+15  max singular value)
    Estimated rank (data): 16
    data: rank 16 computed from 16 data channels with 0 projectors
Reducing data rank from 16 -> 16
Estimating class=0 covariance using LEDOIT_WOLF
Done.
Estimating class=1 covariance using LEDOIT_WOLF
Done.
Computing rank from data with rank=None
    Using tolerance 28 (2.2e-16 eps * 16 dim * 7.9e+15  max singular value)
    Estimated rank (data): 16
    data: rank 16 computed from 16 data channels with 0 projectors
Reducing data rank from 16 -> 16
Estimating class=0 covariance using LEDOIT_WOLF
Done.
Estimating class=1 covariance using LEDOIT_WOLF
Done.
Computing rank from data with rank=None
    Using tolerance 24 (2.2e-16 eps * 16 dim * 6.7e+15  max singular value)
    Estimated rank (data): 16
    data: rank 16 computed from 16 data channels with 0 projectors
Reducing data rank from 16 -> 16
Estimating class=0 covariance using LEDOIT_WOLF
Done.
Estimating class=1 covariance using LEDOIT_WOLF
Done.
Computing rank from data with rank=None
    Using tolerance 22 (2.2e-16 eps * 16 dim * 6.2e+15  max singular value)
    Estimated rank (data): 16
    data: rank 16 computed from 16 data channels with 0 projectors
Reducing data rank from 16 -> 16
Estimating class=0 covariance using LEDOIT_WOLF
Done.
Estimating class=1 covariance using LEDOIT_WOLF
Done.
Computing rank from data with rank=None
    Using tolerance 19 (2.2e-16 eps * 16 dim * 5.3e+15  max singular value)
    Estimated rank (data): 16
    data: rank 16 computed from 16 data channels with 0 projectors
Reducing data rank from 16 -> 16
Estimating class=0 covariance using LEDOIT_WOLF
Done.
Estimating class=1 covariance using LEDOIT_WOLF
Done.
Computing rank from data with rank=None
    Using tolerance 13 (2.2e-16 eps * 16 dim * 3.8e+15  max singular value)
    Estimated rank (data): 16
    data: rank 16 computed from 16 data channels with 0 projectors
Reducing data rank from 16 -> 16
Estimating class=0 covariance using LEDOIT_WOLF
Done.
Estimating class=1 covariance using LEDOIT_WOLF
Done.
      pool treinado (69s) — serve aos 5 alvos do grupo
      S012 fold 0: acc3=0.464
      S012 fold 1: acc3=0.536
      S012 fold 2: acc3=0.393
      S034 fold 0: acc3=0.700
      S034 fold 1: acc3=0.690
      S034 fold 2: acc3=0.655
      S060 fold 0: acc3=0.357
      S060 fold 1: acc3=0.429
      S060 fold 2: acc3=0.607
      S091 fold 0: acc3=0.333
      S091 fold 1: acc3=0.333
      S091 fold 2: acc3=0.433
      S095 fold 0: acc3=0.429
      S095 fold 1: acc3=0.393
      S095 fold 2: acc3=0.429
  grupo 4/6 | alvos [25, 31, 87, 106, 108] | pool=98 (4min)
Computing rank from data with rank=None
    Using tolerance 70 (2.2e-16 eps * 16 dim * 2e+16  max singular value)
    Estimated rank (data): 16
    data: rank 16 computed from 16 data channels with 0 projectors
Reducing data rank from 16 -> 16
Estimating class=0 covariance using LEDOIT_WOLF
Done.
Estimating class=1 covariance using LEDOIT_WOLF
Done.
Computing rank from data with rank=None
    Using tolerance 77 (2.2e-16 eps * 16 dim * 2.2e+16  max singular value)
    Estimated rank (data): 16
    data: rank 16 computed from 16 data channels with 0 projectors
Reducing data rank from 16 -> 16
Estimating class=0 covariance using LEDOIT_WOLF
Done.
Estimating class=1 covariance using LEDOIT_WOLF
Done.
Computing rank from data with rank=None
    Using tolerance 51 (2.2e-16 eps * 16 dim * 1.4e+16  max singular value)
    Estimated rank (data): 16
    data: rank 16 computed from 16 data channels with 0 projectors
Reducing data rank from 16 -> 16
Estimating class=0 covariance using LEDOIT_WOLF
Done.
Estimating class=1 covariance using LEDOIT_WOLF
Done.
Computing rank from data with rank=None
    Using tolerance 45 (2.2e-16 eps * 16 dim * 1.3e+16  max singular value)
    Estimated rank (data): 16
    data: rank 16 computed from 16 data channels with 0 projectors
Reducing data rank from 16 -> 16
Estimating class=0 covariance using LEDOIT_WOLF
Done.
Estimating class=1 covariance using LEDOIT_WOLF
Done.
Computing rank from data with rank=None
    Using tolerance 42 (2.2e-16 eps * 16 dim * 1.2e+16  max singular value)
    Estimated rank (data): 16
    data: rank 16 computed from 16 data channels with 0 projectors
Reducing data rank from 16 -> 16
Estimating class=0 covariance using LEDOIT_WOLF
Done.
Estimating class=1 covariance using LEDOIT_WOLF
Done.
Computing rank from data with rank=None
    Using tolerance 35 (2.2e-16 eps * 16 dim * 9.9e+15  max singular value)
    Estimated rank (data): 16
    data: rank 16 computed from 16 data channels with 0 projectors
Reducing data rank from 16 -> 16
Estimating class=0 covariance using LEDOIT_WOLF
Done.
Estimating class=1 covariance using LEDOIT_WOLF
Done.
Computing rank from data with rank=None
    Using tolerance 32 (2.2e-16 eps * 16 dim * 9e+15  max singular value)
    Estimated rank (data): 16
    data: rank 16 computed from 16 data channels with 0 projectors
Reducing data rank from 16 -> 16
Estimating class=0 covariance using LEDOIT_WOLF
Done.
Estimating class=1 covariance using LEDOIT_WOLF
Done.
Computing rank from data with rank=None
    Using tolerance 27 (2.2e-16 eps * 16 dim * 7.5e+15  max singular value)
    Estimated rank (data): 16
    data: rank 16 computed from 16 data channels with 0 projectors
Reducing data rank from 16 -> 16
Estimating class=0 covariance using LEDOIT_WOLF
Done.
Estimating class=1 covariance using LEDOIT_WOLF
Done.
Computing rank from data with rank=None
    Using tolerance 19 (2.2e-16 eps * 16 dim * 5.4e+15  max singular value)
    Estimated rank (data): 16
    data: rank 16 computed from 16 data channels with 0 projectors
Reducing data rank from 16 -> 16
Estimating class=0 covariance using LEDOIT_WOLF
Done.
Estimating class=1 covariance using LEDOIT_WOLF
Done.
Computing rank from data with rank=None
    Using tolerance 49 (2.2e-16 eps * 16 dim * 1.4e+16  max singular value)
    Estimated rank (data): 16
    data: rank 16 computed from 16 data channels with 0 projectors
Reducing data rank from 16 -> 16
Estimating class=0 covariance using LEDOIT_WOLF
Done.
Estimating class=1 covariance using LEDOIT_WOLF
Done.
Computing rank from data with rank=None
    Using tolerance 51 (2.2e-16 eps * 16 dim * 1.4e+16  max singular value)
    Estimated rank (data): 16
    data: rank 16 computed from 16 data channels with 0 projectors
Reducing data rank from 16 -> 16
Estimating class=0 covariance using LEDOIT_WOLF
Done.
Estimating class=1 covariance using LEDOIT_WOLF
Done.
Computing rank from data with rank=None
    Using tolerance 34 (2.2e-16 eps * 16 dim * 9.7e+15  max singular value)
    Estimated rank (data): 16
    data: rank 16 computed from 16 data channels with 0 projectors
Reducing data rank from 16 -> 16
Estimating class=0 covariance using LEDOIT_WOLF
Done.
Estimating class=1 covariance using LEDOIT_WOLF
Done.
Computing rank from data with rank=None
    Using tolerance 30 (2.2e-16 eps * 16 dim * 8.5e+15  max singular value)
    Estimated rank (data): 16
    data: rank 16 computed from 16 data channels with 0 projectors
Reducing data rank from 16 -> 16
Estimating class=0 covariance using LEDOIT_WOLF
Done.
Estimating class=1 covariance using LEDOIT_WOLF
Done.
Computing rank from data with rank=None
    Using tolerance 28 (2.2e-16 eps * 16 dim * 7.9e+15  max singular value)
    Estimated rank (data): 16
    data: rank 16 computed from 16 data channels with 0 projectors
Reducing data rank from 16 -> 16
Estimating class=0 covariance using LEDOIT_WOLF
Done.
Estimating class=1 covariance using LEDOIT_WOLF
Done.
Computing rank from data with rank=None
    Using tolerance 24 (2.2e-16 eps * 16 dim * 6.8e+15  max singular value)
    Estimated rank (data): 16
    data: rank 16 computed from 16 data channels with 0 projectors
Reducing data rank from 16 -> 16
Estimating class=0 covariance using LEDOIT_WOLF
Done.
Estimating class=1 covariance using LEDOIT_WOLF
Done.
Computing rank from data with rank=None
    Using tolerance 22 (2.2e-16 eps * 16 dim * 6.3e+15  max singular value)
    Estimated rank (data): 16
    data: rank 16 computed from 16 data channels with 0 projectors
Reducing data rank from 16 -> 16
Estimating class=0 covariance using LEDOIT_WOLF
Done.
Estimating class=1 covariance using LEDOIT_WOLF
Done.
Computing rank from data with rank=None
    Using tolerance 19 (2.2e-16 eps * 16 dim * 5.3e+15  max singular value)
    Estimated rank (data): 16
    data: rank 16 computed from 16 data channels with 0 projectors
Reducing data rank from 16 -> 16
Estimating class=0 covariance using LEDOIT_WOLF
Done.
Estimating class=1 covariance using LEDOIT_WOLF
Done.
Computing rank from data with rank=None
    Using tolerance 14 (2.2e-16 eps * 16 dim * 3.8e+15  max singular value)
    Estimated rank (data): 16
    data: rank 16 computed from 16 data channels with 0 projectors
Reducing data rank from 16 -> 16
Estimating class=0 covariance using LEDOIT_WOLF
Done.
Estimating class=1 covariance using LEDOIT_WOLF
Done.
      pool treinado (69s) — serve aos 5 alvos do grupo
      S025 fold 0: acc3=0.700
      S025 fold 1: acc3=0.433
      S025 fold 2: acc3=0.667
      S031 fold 0: acc3=0.467
      S031 fold 1: acc3=0.600
      S031 fold 2: acc3=0.586
      S087 fold 0: acc3=0.464
      S087 fold 1: acc3=0.429
      S087 fold 2: acc3=0.250
      S106 fold 0: acc3=0.483
      S106 fold 1: acc3=0.517
      S106 fold 2: acc3=0.483
      S108 fold 0: acc3=0.414
      S108 fold 1: acc3=0.448
      S108 fold 2: acc3=0.536
  grupo 5/6 | alvos [41, 45, 63, 83, 105] | pool=98 (5min)
Computing rank from data with rank=None
    Using tolerance 71 (2.2e-16 eps * 16 dim * 2e+16  max singular value)
    Estimated rank (data): 16
    data: rank 16 computed from 16 data channels with 0 projectors
Reducing data rank from 16 -> 16
Estimating class=0 covariance using LEDOIT_WOLF
Done.
Estimating class=1 covariance using LEDOIT_WOLF
Done.
Computing rank from data with rank=None
    Using tolerance 78 (2.2e-16 eps * 16 dim * 2.2e+16  max singular value)
    Estimated rank (data): 16
    data: rank 16 computed from 16 data channels with 0 projectors
Reducing data rank from 16 -> 16
Estimating class=0 covariance using LEDOIT_WOLF
Done.
Estimating class=1 covariance using LEDOIT_WOLF
Done.
Computing rank from data with rank=None
    Using tolerance 51 (2.2e-16 eps * 16 dim * 1.4e+16  max singular value)
    Estimated rank (data): 16
    data: rank 16 computed from 16 data channels with 0 projectors
Reducing data rank from 16 -> 16
Estimating class=0 covariance using LEDOIT_WOLF
Done.
Estimating class=1 covariance using LEDOIT_WOLF
Done.
Computing rank from data with rank=None
    Using tolerance 45 (2.2e-16 eps * 16 dim * 1.3e+16  max singular value)
    Estimated rank (data): 16
    data: rank 16 computed from 16 data channels with 0 projectors
Reducing data rank from 16 -> 16
Estimating class=0 covariance using LEDOIT_WOLF
Done.
Estimating class=1 covariance using LEDOIT_WOLF
Done.
Computing rank from data with rank=None
    Using tolerance 41 (2.2e-16 eps * 16 dim * 1.2e+16  max singular value)
    Estimated rank (data): 16
    data: rank 16 computed from 16 data channels with 0 projectors
Reducing data rank from 16 -> 16
Estimating class=0 covariance using LEDOIT_WOLF
Done.
Estimating class=1 covariance using LEDOIT_WOLF
Done.
Computing rank from data with rank=None
    Using tolerance 35 (2.2e-16 eps * 16 dim * 9.9e+15  max singular value)
    Estimated rank (data): 16
    data: rank 16 computed from 16 data channels with 0 projectors
Reducing data rank from 16 -> 16
Estimating class=0 covariance using LEDOIT_WOLF
Done.
Estimating class=1 covariance using LEDOIT_WOLF
Done.
Computing rank from data with rank=None
    Using tolerance 32 (2.2e-16 eps * 16 dim * 8.9e+15  max singular value)
    Estimated rank (data): 16
    data: rank 16 computed from 16 data channels with 0 projectors
Reducing data rank from 16 -> 16
Estimating class=0 covariance using LEDOIT_WOLF
Done.
Estimating class=1 covariance using LEDOIT_WOLF
Done.
Computing rank from data with rank=None
    Using tolerance 26 (2.2e-16 eps * 16 dim * 7.3e+15  max singular value)
    Estimated rank (data): 16
    data: rank 16 computed from 16 data channels with 0 projectors
Reducing data rank from 16 -> 16
Estimating class=0 covariance using LEDOIT_WOLF
Done.
Estimating class=1 covariance using LEDOIT_WOLF
Done.
Computing rank from data with rank=None
    Using tolerance 19 (2.2e-16 eps * 16 dim * 5.3e+15  max singular value)
    Estimated rank (data): 16
    data: rank 16 computed from 16 data channels with 0 projectors
Reducing data rank from 16 -> 16
Estimating class=0 covariance using LEDOIT_WOLF
Done.
Estimating class=1 covariance using LEDOIT_WOLF
Done.
Computing rank from data with rank=None
    Using tolerance 50 (2.2e-16 eps * 16 dim * 1.4e+16  max singular value)
    Estimated rank (data): 16
    data: rank 16 computed from 16 data channels with 0 projectors
Reducing data rank from 16 -> 16
Estimating class=0 covariance using LEDOIT_WOLF
Done.
Estimating class=1 covariance using LEDOIT_WOLF
Done.
Computing rank from data with rank=None
    Using tolerance 51 (2.2e-16 eps * 16 dim * 1.4e+16  max singular value)
    Estimated rank (data): 16
    data: rank 16 computed from 16 data channels with 0 projectors
Reducing data rank from 16 -> 16
Estimating class=0 covariance using LEDOIT_WOLF
Done.
Estimating class=1 covariance using LEDOIT_WOLF
Done.
Computing rank from data with rank=None
    Using tolerance 35 (2.2e-16 eps * 16 dim * 9.7e+15  max singular value)
    Estimated rank (data): 16
    data: rank 16 computed from 16 data channels with 0 projectors
Reducing data rank from 16 -> 16
Estimating class=0 covariance using LEDOIT_WOLF
Done.
Estimating class=1 covariance using LEDOIT_WOLF
Done.
Computing rank from data with rank=None
    Using tolerance 30 (2.2e-16 eps * 16 dim * 8.5e+15  max singular value)
    Estimated rank (data): 16
    data: rank 16 computed from 16 data channels with 0 projectors
Reducing data rank from 16 -> 16
Estimating class=0 covariance using LEDOIT_WOLF
Done.
Estimating class=1 covariance using LEDOIT_WOLF
Done.
Computing rank from data with rank=None
    Using tolerance 28 (2.2e-16 eps * 16 dim * 7.8e+15  max singular value)
    Estimated rank (data): 16
    data: rank 16 computed from 16 data channels with 0 projectors
Reducing data rank from 16 -> 16
Estimating class=0 covariance using LEDOIT_WOLF
Done.
Estimating class=1 covariance using LEDOIT_WOLF
Done.
Computing rank from data with rank=None
    Using tolerance 24 (2.2e-16 eps * 16 dim * 6.8e+15  max singular value)
    Estimated rank (data): 16
    data: rank 16 computed from 16 data channels with 0 projectors
Reducing data rank from 16 -> 16
Estimating class=0 covariance using LEDOIT_WOLF
Done.
Estimating class=1 covariance using LEDOIT_WOLF
Done.
Computing rank from data with rank=None
    Using tolerance 22 (2.2e-16 eps * 16 dim * 6.2e+15  max singular value)
    Estimated rank (data): 16
    data: rank 16 computed from 16 data channels with 0 projectors
Reducing data rank from 16 -> 16
Estimating class=0 covariance using LEDOIT_WOLF
Done.
Estimating class=1 covariance using LEDOIT_WOLF
Done.
Computing rank from data with rank=None
    Using tolerance 19 (2.2e-16 eps * 16 dim * 5.2e+15  max singular value)
    Estimated rank (data): 16
    data: rank 16 computed from 16 data channels with 0 projectors
Reducing data rank from 16 -> 16
Estimating class=0 covariance using LEDOIT_WOLF
Done.
Estimating class=1 covariance using LEDOIT_WOLF
Done.
Computing rank from data with rank=None
    Using tolerance 13 (2.2e-16 eps * 16 dim * 3.8e+15  max singular value)
    Estimated rank (data): 16
    data: rank 16 computed from 16 data channels with 0 projectors
Reducing data rank from 16 -> 16
Estimating class=0 covariance using LEDOIT_WOLF
Done.
Estimating class=1 covariance using LEDOIT_WOLF
Done.
      pool treinado (71s) — serve aos 5 alvos do grupo
      S041 fold 0: acc3=0.533
      S041 fold 1: acc3=0.667
      S041 fold 2: acc3=0.367
      S045 fold 0: acc3=0.690
      S045 fold 1: acc3=0.586
      S045 fold 2: acc3=0.393
      S063 fold 0: acc3=0.500
      S063 fold 1: acc3=0.400
      S063 fold 2: acc3=0.448
      S083 fold 0: acc3=0.536
      S083 fold 1: acc3=0.500
      S083 fold 2: acc3=0.679
      S105 fold 0: acc3=0.621
      S105 fold 1: acc3=0.483
      S105 fold 2: acc3=0.586
  grupo 6/6 | alvos [18, 49, 68, 76, 98] | pool=98 (7min)
Computing rank from data with rank=None
    Using tolerance 71 (2.2e-16 eps * 16 dim * 2e+16  max singular value)
    Estimated rank (data): 16
    data: rank 16 computed from 16 data channels with 0 projectors
Reducing data rank from 16 -> 16
Estimating class=0 covariance using LEDOIT_WOLF
Done.
Estimating class=1 covariance using LEDOIT_WOLF
Done.
Computing rank from data with rank=None
    Using tolerance 78 (2.2e-16 eps * 16 dim * 2.2e+16  max singular value)
    Estimated rank (data): 16
    data: rank 16 computed from 16 data channels with 0 projectors
Reducing data rank from 16 -> 16
Estimating class=0 covariance using LEDOIT_WOLF
Done.
Estimating class=1 covariance using LEDOIT_WOLF
Done.
Computing rank from data with rank=None
    Using tolerance 52 (2.2e-16 eps * 16 dim * 1.5e+16  max singular value)
    Estimated rank (data): 16
    data: rank 16 computed from 16 data channels with 0 projectors
Reducing data rank from 16 -> 16
Estimating class=0 covariance using LEDOIT_WOLF
Done.
Estimating class=1 covariance using LEDOIT_WOLF
Done.
Computing rank from data with rank=None
    Using tolerance 45 (2.2e-16 eps * 16 dim * 1.3e+16  max singular value)
    Estimated rank (data): 16
    data: rank 16 computed from 16 data channels with 0 projectors
Reducing data rank from 16 -> 16
Estimating class=0 covariance using LEDOIT_WOLF
Done.
Estimating class=1 covariance using LEDOIT_WOLF
Done.
Computing rank from data with rank=None
    Using tolerance 41 (2.2e-16 eps * 16 dim * 1.2e+16  max singular value)
    Estimated rank (data): 16
    data: rank 16 computed from 16 data channels with 0 projectors
Reducing data rank from 16 -> 16
Estimating class=0 covariance using LEDOIT_WOLF
Done.
Estimating class=1 covariance using LEDOIT_WOLF
Done.
Computing rank from data with rank=None
    Using tolerance 36 (2.2e-16 eps * 16 dim * 1e+16  max singular value)
    Estimated rank (data): 16
    data: rank 16 computed from 16 data channels with 0 projectors
Reducing data rank from 16 -> 16
Estimating class=0 covariance using LEDOIT_WOLF
Done.
Estimating class=1 covariance using LEDOIT_WOLF
Done.
Computing rank from data with rank=None
    Using tolerance 32 (2.2e-16 eps * 16 dim * 8.9e+15  max singular value)
    Estimated rank (data): 16
    data: rank 16 computed from 16 data channels with 0 projectors
Reducing data rank from 16 -> 16
Estimating class=0 covariance using LEDOIT_WOLF
Done.
Estimating class=1 covariance using LEDOIT_WOLF
Done.
Computing rank from data with rank=None
    Using tolerance 27 (2.2e-16 eps * 16 dim * 7.6e+15  max singular value)
    Estimated rank (data): 16
    data: rank 16 computed from 16 data channels with 0 projectors
Reducing data rank from 16 -> 16
Estimating class=0 covariance using LEDOIT_WOLF
Done.
Estimating class=1 covariance using LEDOIT_WOLF
Done.
Computing rank from data with rank=None
    Using tolerance 19 (2.2e-16 eps * 16 dim * 5.4e+15  max singular value)
    Estimated rank (data): 16
    data: rank 16 computed from 16 data channels with 0 projectors
Reducing data rank from 16 -> 16
Estimating class=0 covariance using LEDOIT_WOLF
Done.
Estimating class=1 covariance using LEDOIT_WOLF
Done.
Computing rank from data with rank=None
    Using tolerance 50 (2.2e-16 eps * 16 dim * 1.4e+16  max singular value)
    Estimated rank (data): 16
    data: rank 16 computed from 16 data channels with 0 projectors
Reducing data rank from 16 -> 16
Estimating class=0 covariance using LEDOIT_WOLF
Done.
Estimating class=1 covariance using LEDOIT_WOLF
Done.
Computing rank from data with rank=None
    Using tolerance 51 (2.2e-16 eps * 16 dim * 1.4e+16  max singular value)
    Estimated rank (data): 16
    data: rank 16 computed from 16 data channels with 0 projectors
Reducing data rank from 16 -> 16
Estimating class=0 covariance using LEDOIT_WOLF
Done.
Estimating class=1 covariance using LEDOIT_WOLF
Done.
Computing rank from data with rank=None
    Using tolerance 35 (2.2e-16 eps * 16 dim * 9.8e+15  max singular value)
    Estimated rank (data): 16
    data: rank 16 computed from 16 data channels with 0 projectors
Reducing data rank from 16 -> 16
Estimating class=0 covariance using LEDOIT_WOLF
Done.
Estimating class=1 covariance using LEDOIT_WOLF
Done.
Computing rank from data with rank=None
    Using tolerance 30 (2.2e-16 eps * 16 dim * 8.5e+15  max singular value)
    Estimated rank (data): 16
    data: rank 16 computed from 16 data channels with 0 projectors
Reducing data rank from 16 -> 16
Estimating class=0 covariance using LEDOIT_WOLF
Done.
Estimating class=1 covariance using LEDOIT_WOLF
Done.
Computing rank from data with rank=None
    Using tolerance 28 (2.2e-16 eps * 16 dim * 7.8e+15  max singular value)
    Estimated rank (data): 16
    data: rank 16 computed from 16 data channels with 0 projectors
Reducing data rank from 16 -> 16
Estimating class=0 covariance using LEDOIT_WOLF
Done.
Estimating class=1 covariance using LEDOIT_WOLF
Done.
Computing rank from data with rank=None
    Using tolerance 24 (2.2e-16 eps * 16 dim * 6.9e+15  max singular value)
    Estimated rank (data): 16
    data: rank 16 computed from 16 data channels with 0 projectors
Reducing data rank from 16 -> 16
Estimating class=0 covariance using LEDOIT_WOLF
Done.
Estimating class=1 covariance using LEDOIT_WOLF
Done.
Computing rank from data with rank=None
    Using tolerance 22 (2.2e-16 eps * 16 dim * 6.2e+15  max singular value)
    Estimated rank (data): 16
    data: rank 16 computed from 16 data channels with 0 projectors
Reducing data rank from 16 -> 16
Estimating class=0 covariance using LEDOIT_WOLF
Done.
Estimating class=1 covariance using LEDOIT_WOLF
Done.
Computing rank from data with rank=None
    Using tolerance 19 (2.2e-16 eps * 16 dim * 5.4e+15  max singular value)
    Estimated rank (data): 16
    data: rank 16 computed from 16 data channels with 0 projectors
Reducing data rank from 16 -> 16
Estimating class=0 covariance using LEDOIT_WOLF
Done.
Estimating class=1 covariance using LEDOIT_WOLF
Done.
Computing rank from data with rank=None
    Using tolerance 14 (2.2e-16 eps * 16 dim * 3.9e+15  max singular value)
    Estimated rank (data): 16
    data: rank 16 computed from 16 data channels with 0 projectors
Reducing data rank from 16 -> 16
Estimating class=0 covariance using LEDOIT_WOLF
Done.
Estimating class=1 covariance using LEDOIT_WOLF
Done.
      pool treinado (70s) — serve aos 5 alvos do grupo
      S018 fold 0: acc3=0.467
      S018 fold 1: acc3=0.621
      S018 fold 2: acc3=0.310
      S049 fold 0: acc3=0.690
      S049 fold 1: acc3=0.414
      S049 fold 2: acc3=0.643
      S068 fold 0: acc3=0.400
      S068 fold 1: acc3=0.533
      S068 fold 2: acc3=0.552
      S076 fold 0: acc3=0.467
      S076 fold 1: acc3=0.241
      S076 fold 2: acc3=0.448
      S098 fold 0: acc3=0.333
      S098 fold 1: acc3=0.300
      S098 fold 2: acc3=0.414

BENCH_MONTAGENS_DONE (8min)
CUDA=True | montagens=['16'] | modelos=['riemannian'] | alvos=30 | folds=3
  contrato 5cb6c6358c | banda 4-40 Hz ordem 5 | CAR on | IQR k=1.5 | calib 48 | fases mi
  aninhamento 2<4<8<16<21<32<64 verificado
  montagem      E  D centro  simetria
  64           27 27     10  sim
  32           14 14      4  sim
  21            9  8      4  NAO (aceita por decisao)
  16            6  6      4  sim
  8             3  3      2  sim
  4             2  2      0  sim
  2             1  1      0  sim
  3             1  1      1  sim
  sem_fz        4  3      1  NAO (aceita por decisao)
  posterior8    4  4      0  sim
  ocular4       2  2      0  sim
  celulas gemeas pendentes: riemannian.banda_do_artigo (rodar de novo com --banda 8 30)
  6 grupos de alvos (semente 42), pool = 98 sujeitos:
    grupo 1: [3, 22, 57, 102, 107]
    grupo 2: [7, 52, 71, 79, 109]
    grupo 3: [12, 34, 60, 91, 95]
    grupo 4: [25, 31, 87, 106, 108]
    grupo 5: [41, 45, 63, 83, 105]
    grupo 6: [18, 49, 68, 76, 98]
  retomando: 2340 celulas ja concluidas sob 5cb6c6358c

==============================================================
  MONTAGEM 16 (16 canais) | MODELO riemannian | 0min
==============================================================
  grupo 1/6 | alvos [3, 22, 57, 102, 107] | pool=98 (0min)
      pool treinado (5s) — serve aos 5 alvos do grupo
      S003 fold 0: acc3=0.345
      S003 fold 1: acc3=0.414
      S003 fold 2: acc3=0.483
      S022 fold 0: acc3=0.586
      S022 fold 1: acc3=0.483
      S022 fold 2: acc3=0.607
      S057 fold 0: acc3=0.552
      S057 fold 1: acc3=0.571
      S057 fold 2: acc3=0.464
      S102 fold 0: acc3=0.655
      S102 fold 1: acc3=0.621
      S102 fold 2: acc3=0.714
      S107 fold 0: acc3=0.483
      S107 fold 1: acc3=0.310
      S107 fold 2: acc3=0.276
  grupo 2/6 | alvos [7, 52, 71, 79, 109] | pool=98 (0min)
      pool treinado (5s) — serve aos 5 alvos do grupo
      S007 fold 0: acc3=0.800
      S007 fold 1: acc3=0.793
      S007 fold 2: acc3=0.828
      S052 fold 0: acc3=0.552
      S052 fold 1: acc3=0.607
      S052 fold 2: acc3=0.500
      S071 fold 0: acc3=0.433
      S071 fold 1: acc3=0.690
      S071 fold 2: acc3=0.586
      S079 fold 0: acc3=0.483
      S079 fold 1: acc3=0.414
      S079 fold 2: acc3=0.464
      S109 fold 0: acc3=0.433
      S109 fold 1: acc3=0.310
      S109 fold 2: acc3=0.448
  grupo 3/6 | alvos [12, 34, 60, 91, 95] | pool=98 (0min)
      pool treinado (5s) — serve aos 5 alvos do grupo
      S012 fold 0: acc3=0.536
      S012 fold 1: acc3=0.607
      S012 fold 2: acc3=0.536
      S034 fold 0: acc3=0.733
      S034 fold 1: acc3=0.897
      S034 fold 2: acc3=0.793
      S060 fold 0: acc3=0.607
      S060 fold 1: acc3=0.607
      S060 fold 2: acc3=0.679
      S091 fold 0: acc3=0.433
      S091 fold 1: acc3=0.667
      S091 fold 2: acc3=0.600
      S095 fold 0: acc3=0.500
      S095 fold 1: acc3=0.500
      S095 fold 2: acc3=0.321
  grupo 4/6 | alvos [25, 31, 87, 106, 108] | pool=98 (1min)
      pool treinado (5s) — serve aos 5 alvos do grupo
      S025 fold 0: acc3=0.900
      S025 fold 1: acc3=0.767
      S025 fold 2: acc3=0.733
      S031 fold 0: acc3=0.700
      S031 fold 1: acc3=0.733
      S031 fold 2: acc3=0.828
      S087 fold 0: acc3=0.393
      S087 fold 1: acc3=0.393
      S087 fold 2: acc3=0.429
      S106 fold 0: acc3=0.448
      S106 fold 1: acc3=0.586
      S106 fold 2: acc3=0.517
      S108 fold 0: acc3=0.448
      S108 fold 1: acc3=0.517
      S108 fold 2: acc3=0.607
  grupo 5/6 | alvos [41, 45, 63, 83, 105] | pool=98 (1min)
      pool treinado (5s) — serve aos 5 alvos do grupo
      S041 fold 0: acc3=0.567
      S041 fold 1: acc3=0.567
      S041 fold 2: acc3=0.667
      S045 fold 0: acc3=0.621
      S045 fold 1: acc3=0.586
      S045 fold 2: acc3=0.571
      S063 fold 0: acc3=0.500
      S063 fold 1: acc3=0.567
      S063 fold 2: acc3=0.517
      S083 fold 0: acc3=0.607
      S083 fold 1: acc3=0.643
      S083 fold 2: acc3=0.571
      S105 fold 0: acc3=0.690
      S105 fold 1: acc3=0.586
      S105 fold 2: acc3=0.414
  grupo 6/6 | alvos [18, 49, 68, 76, 98] | pool=98 (1min)
      pool treinado (5s) — serve aos 5 alvos do grupo
      S018 fold 0: acc3=0.667
      S018 fold 1: acc3=0.517
      S018 fold 2: acc3=0.448
      S049 fold 0: acc3=0.655
      S049 fold 1: acc3=0.724
      S049 fold 2: acc3=0.750
      S068 fold 0: acc3=0.500
      S068 fold 1: acc3=0.533
      S068 fold 2: acc3=0.414
      S076 fold 0: acc3=0.467
      S076 fold 1: acc3=0.552
      S076 fold 2: acc3=0.448
      S098 fold 0: acc3=0.467
      S098 fold 1: acc3=0.567
      S098 fold 2: acc3=0.345

BENCH_MONTAGENS_DONE (1min)
CUDA=True | montagens=['21'] | modelos=['csp_lda'] | alvos=30 | folds=3
  contrato 5cb6c6358c | banda 4-40 Hz ordem 5 | CAR on | IQR k=1.5 | calib 48 | fases mi
  aninhamento 2<4<8<16<21<32<64 verificado
  montagem      E  D centro  simetria
  64           27 27     10  sim
  32           14 14      4  sim
  21            9  8      4  NAO (aceita por decisao)
  16            6  6      4  sim
  8             3  3      2  sim
  4             2  2      0  sim
  2             1  1      0  sim
  3             1  1      1  sim
  sem_fz        4  3      1  NAO (aceita por decisao)
  posterior8    4  4      0  sim
  ocular4       2  2      0  sim
  6 grupos de alvos (semente 42), pool = 98 sujeitos:
    grupo 1: [3, 22, 57, 102, 107]
    grupo 2: [7, 52, 71, 79, 109]
    grupo 3: [12, 34, 60, 91, 95]
    grupo 4: [25, 31, 87, 106, 108]
    grupo 5: [41, 45, 63, 83, 105]
    grupo 6: [18, 49, 68, 76, 98]
  retomando: 2430 celulas ja concluidas sob 5cb6c6358c

==============================================================
  MONTAGEM 21 (21 canais) | MODELO csp_lda | 0min
==============================================================
  grupo 1/6 | alvos [3, 22, 57, 102, 107] | pool=98 (0min)
Computing rank from data with rank=None
    Using tolerance 2.4e+02 (2.2e-16 eps * 21 dim * 5.2e+16  max singular value)
    Estimated rank (data): 21
    data: rank 21 computed from 21 data channels with 0 projectors
Reducing data rank from 21 -> 21
Estimating class=0 covariance using LEDOIT_WOLF
Done.
Estimating class=1 covariance using LEDOIT_WOLF
Done.
Computing rank from data with rank=None
    Using tolerance 1.6e+02 (2.2e-16 eps * 21 dim * 3.5e+16  max singular value)
    Estimated rank (data): 21
    data: rank 21 computed from 21 data channels with 0 projectors
Reducing data rank from 21 -> 21
Estimating class=0 covariance using LEDOIT_WOLF
Done.
Estimating class=1 covariance using LEDOIT_WOLF
Done.
      pool treinado (6s) — serve aos 5 alvos do grupo
      S003 fold 0: acc3=0.517
      S003 fold 1: acc3=0.464
      S003 fold 2: acc3=0.393
      S022 fold 0: acc3=0.586
      S022 fold 1: acc3=0.571
      S022 fold 2: acc3=0.500
      S057 fold 0: acc3=0.367
      S057 fold 1: acc3=0.276
      S057 fold 2: acc3=0.414
      S102 fold 0: acc3=0.607
      S102 fold 1: acc3=0.571
      S102 fold 2: acc3=0.357
      S107 fold 0: acc3=0.393
      S107 fold 1: acc3=0.321
      S107 fold 2: acc3=0.357
  grupo 2/6 | alvos [7, 52, 71, 79, 109] | pool=98 (0min)
Computing rank from data with rank=None
    Using tolerance 2.3e+02 (2.2e-16 eps * 21 dim * 5e+16  max singular value)
    Estimated rank (data): 21
    data: rank 21 computed from 21 data channels with 0 projectors
Reducing data rank from 21 -> 21
Estimating class=0 covariance using LEDOIT_WOLF
Done.
Estimating class=1 covariance using LEDOIT_WOLF
Done.
Computing rank from data with rank=None
    Using tolerance 1.6e+02 (2.2e-16 eps * 21 dim * 3.4e+16  max singular value)
    Estimated rank (data): 21
    data: rank 21 computed from 21 data channels with 0 projectors
Reducing data rank from 21 -> 21
Estimating class=0 covariance using LEDOIT_WOLF
Done.
Estimating class=1 covariance using LEDOIT_WOLF
Done.
      pool treinado (6s) — serve aos 5 alvos do grupo
      S007 fold 0: acc3=0.724
      S007 fold 1: acc3=0.655
      S007 fold 2: acc3=0.759
      S052 fold 0: acc3=0.500
      S052 fold 1: acc3=0.536
      S052 fold 2: acc3=0.536
      S071 fold 0: acc3=0.448
      S071 fold 1: acc3=0.483
      S071 fold 2: acc3=0.321
      S079 fold 0: acc3=0.481
      S079 fold 1: acc3=0.296
      S079 fold 2: acc3=0.444
      S109 fold 0: acc3=0.367
      S109 fold 1: acc3=0.207
      S109 fold 2: acc3=0.345
  grupo 3/6 | alvos [12, 34, 60, 91, 95] | pool=98 (1min)
Computing rank from data with rank=None
    Using tolerance 2.4e+02 (2.2e-16 eps * 21 dim * 5.1e+16  max singular value)
    Estimated rank (data): 21
    data: rank 21 computed from 21 data channels with 0 projectors
Reducing data rank from 21 -> 21
Estimating class=0 covariance using LEDOIT_WOLF
Done.
Estimating class=1 covariance using LEDOIT_WOLF
Done.
Computing rank from data with rank=None
    Using tolerance 1.6e+02 (2.2e-16 eps * 21 dim * 3.5e+16  max singular value)
    Estimated rank (data): 21
    data: rank 21 computed from 21 data channels with 0 projectors
Reducing data rank from 21 -> 21
Estimating class=0 covariance using LEDOIT_WOLF
Done.
Estimating class=1 covariance using LEDOIT_WOLF
Done.
      pool treinado (5s) — serve aos 5 alvos do grupo
      S012 fold 0: acc3=0.333
      S012 fold 1: acc3=0.483
      S012 fold 2: acc3=0.483
      S034 fold 0: acc3=0.655
      S034 fold 1: acc3=0.793
      S034 fold 2: acc3=0.759
      S060 fold 0: acc3=0.500
      S060 fold 1: acc3=0.571
      S060 fold 2: acc3=0.536
      S091 fold 0: acc3=0.433
      S091 fold 1: acc3=0.433
      S091 fold 2: acc3=0.500
      S095 fold 0: acc3=0.500
      S095 fold 1: acc3=0.571
      S095 fold 2: acc3=0.333
  grupo 4/6 | alvos [25, 31, 87, 106, 108] | pool=98 (1min)
Computing rank from data with rank=None
    Using tolerance 2.4e+02 (2.2e-16 eps * 21 dim * 5.1e+16  max singular value)
    Estimated rank (data): 21
    data: rank 21 computed from 21 data channels with 0 projectors
Reducing data rank from 21 -> 21
Estimating class=0 covariance using LEDOIT_WOLF
Done.
Estimating class=1 covariance using LEDOIT_WOLF
Done.
Computing rank from data with rank=None
    Using tolerance 1.6e+02 (2.2e-16 eps * 21 dim * 3.4e+16  max singular value)
    Estimated rank (data): 21
    data: rank 21 computed from 21 data channels with 0 projectors
Reducing data rank from 21 -> 21
Estimating class=0 covariance using LEDOIT_WOLF
Done.
Estimating class=1 covariance using LEDOIT_WOLF
Done.
      pool treinado (4s) — serve aos 5 alvos do grupo
      S025 fold 0: acc3=0.767
      S025 fold 1: acc3=0.667
      S025 fold 2: acc3=0.633
      S031 fold 0: acc3=0.600
      S031 fold 1: acc3=0.690
      S031 fold 2: acc3=0.690
      S087 fold 0: acc3=0.367
      S087 fold 1: acc3=0.467
      S087 fold 2: acc3=0.200
      S106 fold 0: acc3=0.433
      S106 fold 1: acc3=0.448
      S106 fold 2: acc3=0.276
      S108 fold 0: acc3=0.483
      S108 fold 1: acc3=0.483
      S108 fold 2: acc3=0.393
  grupo 5/6 | alvos [41, 45, 63, 83, 105] | pool=98 (1min)
Computing rank from data with rank=None
    Using tolerance 2.4e+02 (2.2e-16 eps * 21 dim * 5.1e+16  max singular value)
    Estimated rank (data): 21
    data: rank 21 computed from 21 data channels with 0 projectors
Reducing data rank from 21 -> 21
Estimating class=0 covariance using LEDOIT_WOLF
Done.
Estimating class=1 covariance using LEDOIT_WOLF
Done.
Computing rank from data with rank=None
    Using tolerance 1.6e+02 (2.2e-16 eps * 21 dim * 3.5e+16  max singular value)
    Estimated rank (data): 21
    data: rank 21 computed from 21 data channels with 0 projectors
Reducing data rank from 21 -> 21
Estimating class=0 covariance using LEDOIT_WOLF
Done.
Estimating class=1 covariance using LEDOIT_WOLF
Done.
      pool treinado (5s) — serve aos 5 alvos do grupo
      S041 fold 0: acc3=0.500
      S041 fold 1: acc3=0.667
      S041 fold 2: acc3=0.567
      S045 fold 0: acc3=0.379
      S045 fold 1: acc3=0.379
      S045 fold 2: acc3=0.552
      S063 fold 0: acc3=0.567
      S063 fold 1: acc3=0.433
      S063 fold 2: acc3=0.552
      S083 fold 0: acc3=0.536
      S083 fold 1: acc3=0.500
      S083 fold 2: acc3=0.593
      S105 fold 0: acc3=0.310
      S105 fold 1: acc3=0.586
      S105 fold 2: acc3=0.310
  grupo 6/6 | alvos [18, 49, 68, 76, 98] | pool=98 (1min)
Computing rank from data with rank=None
    Using tolerance 2.4e+02 (2.2e-16 eps * 21 dim * 5.2e+16  max singular value)
    Estimated rank (data): 21
    data: rank 21 computed from 21 data channels with 0 projectors
Reducing data rank from 21 -> 21
Estimating class=0 covariance using LEDOIT_WOLF
Done.
Estimating class=1 covariance using LEDOIT_WOLF
Done.
Computing rank from data with rank=None
    Using tolerance 1.6e+02 (2.2e-16 eps * 21 dim * 3.5e+16  max singular value)
    Estimated rank (data): 21
    data: rank 21 computed from 21 data channels with 0 projectors
Reducing data rank from 21 -> 21
Estimating class=0 covariance using LEDOIT_WOLF
Done.
Estimating class=1 covariance using LEDOIT_WOLF
Done.
      pool treinado (4s) — serve aos 5 alvos do grupo
      S018 fold 0: acc3=0.467
      S018 fold 1: acc3=0.379
      S018 fold 2: acc3=0.655
      S049 fold 0: acc3=0.500
      S049 fold 1: acc3=0.704
      S049 fold 2: acc3=0.593
      S068 fold 0: acc3=0.367
      S068 fold 1: acc3=0.414
      S068 fold 2: acc3=0.379
      S076 fold 0: acc3=0.300
      S076 fold 1: acc3=0.533
      S076 fold 2: acc3=0.379
      S098 fold 0: acc3=0.300
      S098 fold 1: acc3=0.600
      S098 fold 2: acc3=0.433

BENCH_MONTAGENS_DONE (1min)
CUDA=True | montagens=['21'] | modelos=['fbcsp_svm'] | alvos=30 | folds=3
  contrato 5cb6c6358c | banda 4-40 Hz ordem 5 | CAR on | IQR k=1.5 | calib 48 | fases mi
  aninhamento 2<4<8<16<21<32<64 verificado
  montagem      E  D centro  simetria
  64           27 27     10  sim
  32           14 14      4  sim
  21            9  8      4  NAO (aceita por decisao)
  16            6  6      4  sim
  8             3  3      2  sim
  4             2  2      0  sim
  2             1  1      0  sim
  3             1  1      1  sim
  sem_fz        4  3      1  NAO (aceita por decisao)
  posterior8    4  4      0  sim
  ocular4       2  2      0  sim
  6 grupos de alvos (semente 42), pool = 98 sujeitos:
    grupo 1: [3, 22, 57, 102, 107]
    grupo 2: [7, 52, 71, 79, 109]
    grupo 3: [12, 34, 60, 91, 95]
    grupo 4: [25, 31, 87, 106, 108]
    grupo 5: [41, 45, 63, 83, 105]
    grupo 6: [18, 49, 68, 76, 98]
  retomando: 2520 celulas ja concluidas sob 5cb6c6358c

==============================================================
  MONTAGEM 21 (21 canais) | MODELO fbcsp_svm | 0min
==============================================================
  grupo 1/6 | alvos [3, 22, 57, 102, 107] | pool=98 (0min)
Computing rank from data with rank=None
    Using tolerance 1e+02 (2.2e-16 eps * 21 dim * 2.2e+16  max singular value)
    Estimated rank (data): 21
    data: rank 21 computed from 21 data channels with 0 projectors
Reducing data rank from 21 -> 21
Estimating class=0 covariance using LEDOIT_WOLF
Done.
Estimating class=1 covariance using LEDOIT_WOLF
Done.
Computing rank from data with rank=None
    Using tolerance 1.2e+02 (2.2e-16 eps * 21 dim * 2.6e+16  max singular value)
    Estimated rank (data): 21
    data: rank 21 computed from 21 data channels with 0 projectors
Reducing data rank from 21 -> 21
Estimating class=0 covariance using LEDOIT_WOLF
Done.
Estimating class=1 covariance using LEDOIT_WOLF
Done.
Computing rank from data with rank=None
    Using tolerance 78 (2.2e-16 eps * 21 dim * 1.7e+16  max singular value)
    Estimated rank (data): 21
    data: rank 21 computed from 21 data channels with 0 projectors
Reducing data rank from 21 -> 21
Estimating class=0 covariance using LEDOIT_WOLF
Done.
Estimating class=1 covariance using LEDOIT_WOLF
Done.
Computing rank from data with rank=None
    Using tolerance 70 (2.2e-16 eps * 21 dim * 1.5e+16  max singular value)
    Estimated rank (data): 21
    data: rank 21 computed from 21 data channels with 0 projectors
Reducing data rank from 21 -> 21
Estimating class=0 covariance using LEDOIT_WOLF
Done.
Estimating class=1 covariance using LEDOIT_WOLF
Done.
Computing rank from data with rank=None
    Using tolerance 66 (2.2e-16 eps * 21 dim * 1.4e+16  max singular value)
    Estimated rank (data): 21
    data: rank 21 computed from 21 data channels with 0 projectors
Reducing data rank from 21 -> 21
Estimating class=0 covariance using LEDOIT_WOLF
Done.
Estimating class=1 covariance using LEDOIT_WOLF
Done.
Computing rank from data with rank=None
    Using tolerance 59 (2.2e-16 eps * 21 dim * 1.3e+16  max singular value)
    Estimated rank (data): 21
    data: rank 21 computed from 21 data channels with 0 projectors
Reducing data rank from 21 -> 21
Estimating class=0 covariance using LEDOIT_WOLF
Done.
Estimating class=1 covariance using LEDOIT_WOLF
Done.
Computing rank from data with rank=None
    Using tolerance 55 (2.2e-16 eps * 21 dim * 1.2e+16  max singular value)
    Estimated rank (data): 21
    data: rank 21 computed from 21 data channels with 0 projectors
Reducing data rank from 21 -> 21
Estimating class=0 covariance using LEDOIT_WOLF
Done.
Estimating class=1 covariance using LEDOIT_WOLF
Done.
Computing rank from data with rank=None
    Using tolerance 48 (2.2e-16 eps * 21 dim * 1e+16  max singular value)
    Estimated rank (data): 21
    data: rank 21 computed from 21 data channels with 0 projectors
Reducing data rank from 21 -> 21
Estimating class=0 covariance using LEDOIT_WOLF
Done.
Estimating class=1 covariance using LEDOIT_WOLF
Done.
Computing rank from data with rank=None
    Using tolerance 35 (2.2e-16 eps * 21 dim * 7.5e+15  max singular value)
    Estimated rank (data): 21
    data: rank 21 computed from 21 data channels with 0 projectors
Reducing data rank from 21 -> 21
Estimating class=0 covariance using LEDOIT_WOLF
Done.
Estimating class=1 covariance using LEDOIT_WOLF
Done.
Computing rank from data with rank=None
    Using tolerance 72 (2.2e-16 eps * 21 dim * 1.5e+16  max singular value)
    Estimated rank (data): 21
    data: rank 21 computed from 21 data channels with 0 projectors
Reducing data rank from 21 -> 21
Estimating class=0 covariance using LEDOIT_WOLF
Done.
Estimating class=1 covariance using LEDOIT_WOLF
Done.
Computing rank from data with rank=None
    Using tolerance 78 (2.2e-16 eps * 21 dim * 1.7e+16  max singular value)
    Estimated rank (data): 21
    data: rank 21 computed from 21 data channels with 0 projectors
Reducing data rank from 21 -> 21
Estimating class=0 covariance using LEDOIT_WOLF
Done.
Estimating class=1 covariance using LEDOIT_WOLF
Done.
Computing rank from data with rank=None
    Using tolerance 52 (2.2e-16 eps * 21 dim * 1.1e+16  max singular value)
    Estimated rank (data): 21
    data: rank 21 computed from 21 data channels with 0 projectors
Reducing data rank from 21 -> 21
Estimating class=0 covariance using LEDOIT_WOLF
Done.
Estimating class=1 covariance using LEDOIT_WOLF
Done.
Computing rank from data with rank=None
    Using tolerance 47 (2.2e-16 eps * 21 dim * 1e+16  max singular value)
    Estimated rank (data): 21
    data: rank 21 computed from 21 data channels with 0 projectors
Reducing data rank from 21 -> 21
Estimating class=0 covariance using LEDOIT_WOLF
Done.
Estimating class=1 covariance using LEDOIT_WOLF
Done.
Computing rank from data with rank=None
    Using tolerance 45 (2.2e-16 eps * 21 dim * 9.6e+15  max singular value)
    Estimated rank (data): 21
    data: rank 21 computed from 21 data channels with 0 projectors
Reducing data rank from 21 -> 21
Estimating class=0 covariance using LEDOIT_WOLF
Done.
Estimating class=1 covariance using LEDOIT_WOLF
Done.
Computing rank from data with rank=None
    Using tolerance 40 (2.2e-16 eps * 21 dim * 8.5e+15  max singular value)
    Estimated rank (data): 21
    data: rank 21 computed from 21 data channels with 0 projectors
Reducing data rank from 21 -> 21
Estimating class=0 covariance using LEDOIT_WOLF
Done.
Estimating class=1 covariance using LEDOIT_WOLF
Done.
Computing rank from data with rank=None
    Using tolerance 38 (2.2e-16 eps * 21 dim * 8.1e+15  max singular value)
    Estimated rank (data): 21
    data: rank 21 computed from 21 data channels with 0 projectors
Reducing data rank from 21 -> 21
Estimating class=0 covariance using LEDOIT_WOLF
Done.
Estimating class=1 covariance using LEDOIT_WOLF
Done.
Computing rank from data with rank=None
    Using tolerance 33 (2.2e-16 eps * 21 dim * 7.1e+15  max singular value)
    Estimated rank (data): 21
    data: rank 21 computed from 21 data channels with 0 projectors
Reducing data rank from 21 -> 21
Estimating class=0 covariance using LEDOIT_WOLF
Done.
Estimating class=1 covariance using LEDOIT_WOLF
Done.
Computing rank from data with rank=None
    Using tolerance 24 (2.2e-16 eps * 21 dim * 5.2e+15  max singular value)
    Estimated rank (data): 21
    data: rank 21 computed from 21 data channels with 0 projectors
Reducing data rank from 21 -> 21
Estimating class=0 covariance using LEDOIT_WOLF
Done.
Estimating class=1 covariance using LEDOIT_WOLF
Done.
      pool treinado (87s) — serve aos 5 alvos do grupo
      S003 fold 0: acc3=0.345
      S003 fold 1: acc3=0.393
      S003 fold 2: acc3=0.286
      S022 fold 0: acc3=0.379
      S022 fold 1: acc3=0.500
      S022 fold 2: acc3=0.571
      S057 fold 0: acc3=0.300
      S057 fold 1: acc3=0.345
      S057 fold 2: acc3=0.310
      S102 fold 0: acc3=0.679
      S102 fold 1: acc3=0.607
      S102 fold 2: acc3=0.607
      S107 fold 0: acc3=0.286
      S107 fold 1: acc3=0.500
      S107 fold 2: acc3=0.286
  grupo 2/6 | alvos [7, 52, 71, 79, 109] | pool=98 (2min)
Computing rank from data with rank=None
    Using tolerance 1e+02 (2.2e-16 eps * 21 dim * 2.1e+16  max singular value)
    Estimated rank (data): 21
    data: rank 21 computed from 21 data channels with 0 projectors
Reducing data rank from 21 -> 21
Estimating class=0 covariance using LEDOIT_WOLF
Done.
Estimating class=1 covariance using LEDOIT_WOLF
Done.
Computing rank from data with rank=None
    Using tolerance 1.2e+02 (2.2e-16 eps * 21 dim * 2.5e+16  max singular value)
    Estimated rank (data): 21
    data: rank 21 computed from 21 data channels with 0 projectors
Reducing data rank from 21 -> 21
Estimating class=0 covariance using LEDOIT_WOLF
Done.
Estimating class=1 covariance using LEDOIT_WOLF
Done.
Computing rank from data with rank=None
    Using tolerance 75 (2.2e-16 eps * 21 dim * 1.6e+16  max singular value)
    Estimated rank (data): 21
    data: rank 21 computed from 21 data channels with 0 projectors
Reducing data rank from 21 -> 21
Estimating class=0 covariance using LEDOIT_WOLF
Done.
Estimating class=1 covariance using LEDOIT_WOLF
Done.
Computing rank from data with rank=None
    Using tolerance 69 (2.2e-16 eps * 21 dim * 1.5e+16  max singular value)
    Estimated rank (data): 21
    data: rank 21 computed from 21 data channels with 0 projectors
Reducing data rank from 21 -> 21
Estimating class=0 covariance using LEDOIT_WOLF
Done.
Estimating class=1 covariance using LEDOIT_WOLF
Done.
Computing rank from data with rank=None
    Using tolerance 66 (2.2e-16 eps * 21 dim * 1.4e+16  max singular value)
    Estimated rank (data): 21
    data: rank 21 computed from 21 data channels with 0 projectors
Reducing data rank from 21 -> 21
Estimating class=0 covariance using LEDOIT_WOLF
Done.
Estimating class=1 covariance using LEDOIT_WOLF
Done.
Computing rank from data with rank=None
    Using tolerance 59 (2.2e-16 eps * 21 dim * 1.3e+16  max singular value)
    Estimated rank (data): 21
    data: rank 21 computed from 21 data channels with 0 projectors
Reducing data rank from 21 -> 21
Estimating class=0 covariance using LEDOIT_WOLF
Done.
Estimating class=1 covariance using LEDOIT_WOLF
Done.
Computing rank from data with rank=None
    Using tolerance 55 (2.2e-16 eps * 21 dim * 1.2e+16  max singular value)
    Estimated rank (data): 21
    data: rank 21 computed from 21 data channels with 0 projectors
Reducing data rank from 21 -> 21
Estimating class=0 covariance using LEDOIT_WOLF
Done.
Estimating class=1 covariance using LEDOIT_WOLF
Done.
Computing rank from data with rank=None
    Using tolerance 48 (2.2e-16 eps * 21 dim * 1e+16  max singular value)
    Estimated rank (data): 21
    data: rank 21 computed from 21 data channels with 0 projectors
Reducing data rank from 21 -> 21
Estimating class=0 covariance using LEDOIT_WOLF
Done.
Estimating class=1 covariance using LEDOIT_WOLF
Done.
Computing rank from data with rank=None
    Using tolerance 35 (2.2e-16 eps * 21 dim * 7.5e+15  max singular value)
    Estimated rank (data): 21
    data: rank 21 computed from 21 data channels with 0 projectors
Reducing data rank from 21 -> 21
Estimating class=0 covariance using LEDOIT_WOLF
Done.
Estimating class=1 covariance using LEDOIT_WOLF
Done.
Computing rank from data with rank=None
    Using tolerance 69 (2.2e-16 eps * 21 dim * 1.5e+16  max singular value)
    Estimated rank (data): 21
    data: rank 21 computed from 21 data channels with 0 projectors
Reducing data rank from 21 -> 21
Estimating class=0 covariance using LEDOIT_WOLF
Done.
Estimating class=1 covariance using LEDOIT_WOLF
Done.
Computing rank from data with rank=None
    Using tolerance 75 (2.2e-16 eps * 21 dim * 1.6e+16  max singular value)
    Estimated rank (data): 21
    data: rank 21 computed from 21 data channels with 0 projectors
Reducing data rank from 21 -> 21
Estimating class=0 covariance using LEDOIT_WOLF
Done.
Estimating class=1 covariance using LEDOIT_WOLF
Done.
Computing rank from data with rank=None
    Using tolerance 50 (2.2e-16 eps * 21 dim * 1.1e+16  max singular value)
    Estimated rank (data): 21
    data: rank 21 computed from 21 data channels with 0 projectors
Reducing data rank from 21 -> 21
Estimating class=0 covariance using LEDOIT_WOLF
Done.
Estimating class=1 covariance using LEDOIT_WOLF
Done.
Computing rank from data with rank=None
    Using tolerance 46 (2.2e-16 eps * 21 dim * 9.9e+15  max singular value)
    Estimated rank (data): 21
    data: rank 21 computed from 21 data channels with 0 projectors
Reducing data rank from 21 -> 21
Estimating class=0 covariance using LEDOIT_WOLF
Done.
Estimating class=1 covariance using LEDOIT_WOLF
Done.
Computing rank from data with rank=None
    Using tolerance 44 (2.2e-16 eps * 21 dim * 9.5e+15  max singular value)
    Estimated rank (data): 21
    data: rank 21 computed from 21 data channels with 0 projectors
Reducing data rank from 21 -> 21
Estimating class=0 covariance using LEDOIT_WOLF
Done.
Estimating class=1 covariance using LEDOIT_WOLF
Done.
Computing rank from data with rank=None
    Using tolerance 40 (2.2e-16 eps * 21 dim * 8.5e+15  max singular value)
    Estimated rank (data): 21
    data: rank 21 computed from 21 data channels with 0 projectors
Reducing data rank from 21 -> 21
Estimating class=0 covariance using LEDOIT_WOLF
Done.
Estimating class=1 covariance using LEDOIT_WOLF
Done.
Computing rank from data with rank=None
    Using tolerance 38 (2.2e-16 eps * 21 dim * 8.1e+15  max singular value)
    Estimated rank (data): 21
    data: rank 21 computed from 21 data channels with 0 projectors
Reducing data rank from 21 -> 21
Estimating class=0 covariance using LEDOIT_WOLF
Done.
Estimating class=1 covariance using LEDOIT_WOLF
Done.
Computing rank from data with rank=None
    Using tolerance 33 (2.2e-16 eps * 21 dim * 7.2e+15  max singular value)
    Estimated rank (data): 21
    data: rank 21 computed from 21 data channels with 0 projectors
Reducing data rank from 21 -> 21
Estimating class=0 covariance using LEDOIT_WOLF
Done.
Estimating class=1 covariance using LEDOIT_WOLF
Done.
Computing rank from data with rank=None
    Using tolerance 24 (2.2e-16 eps * 21 dim * 5.2e+15  max singular value)
    Estimated rank (data): 21
    data: rank 21 computed from 21 data channels with 0 projectors
Reducing data rank from 21 -> 21
Estimating class=0 covariance using LEDOIT_WOLF
Done.
Estimating class=1 covariance using LEDOIT_WOLF
Done.
      pool treinado (87s) — serve aos 5 alvos do grupo
      S007 fold 0: acc3=0.759
      S007 fold 1: acc3=0.517
      S007 fold 2: acc3=0.793
      S052 fold 0: acc3=0.500
      S052 fold 1: acc3=0.643
      S052 fold 2: acc3=0.393
      S071 fold 0: acc3=0.276
      S071 fold 1: acc3=0.276
      S071 fold 2: acc3=0.357
      S079 fold 0: acc3=0.333
      S079 fold 1: acc3=0.370
      S079 fold 2: acc3=0.519
      S109 fold 0: acc3=0.433
      S109 fold 1: acc3=0.379
      S109 fold 2: acc3=0.310
  grupo 3/6 | alvos [12, 34, 60, 91, 95] | pool=98 (3min)
Computing rank from data with rank=None
    Using tolerance 1e+02 (2.2e-16 eps * 21 dim * 2.2e+16  max singular value)
    Estimated rank (data): 21
    data: rank 21 computed from 21 data channels with 0 projectors
Reducing data rank from 21 -> 21
Estimating class=0 covariance using LEDOIT_WOLF
Done.
Estimating class=1 covariance using LEDOIT_WOLF
Done.
Computing rank from data with rank=None
    Using tolerance 1.2e+02 (2.2e-16 eps * 21 dim * 2.5e+16  max singular value)
    Estimated rank (data): 21
    data: rank 21 computed from 21 data channels with 0 projectors
Reducing data rank from 21 -> 21
Estimating class=0 covariance using LEDOIT_WOLF
Done.
Estimating class=1 covariance using LEDOIT_WOLF
Done.
Computing rank from data with rank=None
    Using tolerance 77 (2.2e-16 eps * 21 dim * 1.7e+16  max singular value)
    Estimated rank (data): 21
    data: rank 21 computed from 21 data channels with 0 projectors
Reducing data rank from 21 -> 21
Estimating class=0 covariance using LEDOIT_WOLF
Done.
Estimating class=1 covariance using LEDOIT_WOLF
Done.
Computing rank from data with rank=None
    Using tolerance 70 (2.2e-16 eps * 21 dim * 1.5e+16  max singular value)
    Estimated rank (data): 21
    data: rank 21 computed from 21 data channels with 0 projectors
Reducing data rank from 21 -> 21
Estimating class=0 covariance using LEDOIT_WOLF
Done.
Estimating class=1 covariance using LEDOIT_WOLF
Done.
Computing rank from data with rank=None
    Using tolerance 66 (2.2e-16 eps * 21 dim * 1.4e+16  max singular value)
    Estimated rank (data): 21
    data: rank 21 computed from 21 data channels with 0 projectors
Reducing data rank from 21 -> 21
Estimating class=0 covariance using LEDOIT_WOLF
Done.
Estimating class=1 covariance using LEDOIT_WOLF
Done.
Computing rank from data with rank=None
    Using tolerance 58 (2.2e-16 eps * 21 dim * 1.2e+16  max singular value)
    Estimated rank (data): 21
    data: rank 21 computed from 21 data channels with 0 projectors
Reducing data rank from 21 -> 21
Estimating class=0 covariance using LEDOIT_WOLF
Done.
Estimating class=1 covariance using LEDOIT_WOLF
Done.
Computing rank from data with rank=None
    Using tolerance 55 (2.2e-16 eps * 21 dim * 1.2e+16  max singular value)
    Estimated rank (data): 21
    data: rank 21 computed from 21 data channels with 0 projectors
Reducing data rank from 21 -> 21
Estimating class=0 covariance using LEDOIT_WOLF
Done.
Estimating class=1 covariance using LEDOIT_WOLF
Done.
Computing rank from data with rank=None
    Using tolerance 47 (2.2e-16 eps * 21 dim * 1e+16  max singular value)
    Estimated rank (data): 21
    data: rank 21 computed from 21 data channels with 0 projectors
Reducing data rank from 21 -> 21
Estimating class=0 covariance using LEDOIT_WOLF
Done.
Estimating class=1 covariance using LEDOIT_WOLF
Done.
Computing rank from data with rank=None
    Using tolerance 35 (2.2e-16 eps * 21 dim * 7.4e+15  max singular value)
    Estimated rank (data): 21
    data: rank 21 computed from 21 data channels with 0 projectors
Reducing data rank from 21 -> 21
Estimating class=0 covariance using LEDOIT_WOLF
Done.
Estimating class=1 covariance using LEDOIT_WOLF
Done.
Computing rank from data with rank=None
    Using tolerance 72 (2.2e-16 eps * 21 dim * 1.5e+16  max singular value)
    Estimated rank (data): 21
    data: rank 21 computed from 21 data channels with 0 projectors
Reducing data rank from 21 -> 21
Estimating class=0 covariance using LEDOIT_WOLF
Done.
Estimating class=1 covariance using LEDOIT_WOLF
Done.
Computing rank from data with rank=None
    Using tolerance 77 (2.2e-16 eps * 21 dim * 1.7e+16  max singular value)
    Estimated rank (data): 21
    data: rank 21 computed from 21 data channels with 0 projectors
Reducing data rank from 21 -> 21
Estimating class=0 covariance using LEDOIT_WOLF
Done.
Estimating class=1 covariance using LEDOIT_WOLF
Done.
Computing rank from data with rank=None
    Using tolerance 52 (2.2e-16 eps * 21 dim * 1.1e+16  max singular value)
    Estimated rank (data): 21
    data: rank 21 computed from 21 data channels with 0 projectors
Reducing data rank from 21 -> 21
Estimating class=0 covariance using LEDOIT_WOLF
Done.
Estimating class=1 covariance using LEDOIT_WOLF
Done.
Computing rank from data with rank=None
    Using tolerance 47 (2.2e-16 eps * 21 dim * 1e+16  max singular value)
    Estimated rank (data): 21
    data: rank 21 computed from 21 data channels with 0 projectors
Reducing data rank from 21 -> 21
Estimating class=0 covariance using LEDOIT_WOLF
Done.
Estimating class=1 covariance using LEDOIT_WOLF
Done.
Computing rank from data with rank=None
    Using tolerance 44 (2.2e-16 eps * 21 dim * 9.5e+15  max singular value)
    Estimated rank (data): 21
    data: rank 21 computed from 21 data channels with 0 projectors
Reducing data rank from 21 -> 21
Estimating class=0 covariance using LEDOIT_WOLF
Done.
Estimating class=1 covariance using LEDOIT_WOLF
Done.
Computing rank from data with rank=None
    Using tolerance 39 (2.2e-16 eps * 21 dim * 8.5e+15  max singular value)
    Estimated rank (data): 21
    data: rank 21 computed from 21 data channels with 0 projectors
Reducing data rank from 21 -> 21
Estimating class=0 covariance using LEDOIT_WOLF
Done.
Estimating class=1 covariance using LEDOIT_WOLF
Done.
Computing rank from data with rank=None
    Using tolerance 38 (2.2e-16 eps * 21 dim * 8.1e+15  max singular value)
    Estimated rank (data): 21
    data: rank 21 computed from 21 data channels with 0 projectors
Reducing data rank from 21 -> 21
Estimating class=0 covariance using LEDOIT_WOLF
Done.
Estimating class=1 covariance using LEDOIT_WOLF
Done.
Computing rank from data with rank=None
    Using tolerance 33 (2.2e-16 eps * 21 dim * 7.1e+15  max singular value)
    Estimated rank (data): 21
    data: rank 21 computed from 21 data channels with 0 projectors
Reducing data rank from 21 -> 21
Estimating class=0 covariance using LEDOIT_WOLF
Done.
Estimating class=1 covariance using LEDOIT_WOLF
Done.
Computing rank from data with rank=None
    Using tolerance 24 (2.2e-16 eps * 21 dim * 5.2e+15  max singular value)
    Estimated rank (data): 21
    data: rank 21 computed from 21 data channels with 0 projectors
Reducing data rank from 21 -> 21
Estimating class=0 covariance using LEDOIT_WOLF
Done.
Estimating class=1 covariance using LEDOIT_WOLF
Done.
      pool treinado (87s) — serve aos 5 alvos do grupo
      S012 fold 0: acc3=0.433
      S012 fold 1: acc3=0.483
      S012 fold 2: acc3=0.517
      S034 fold 0: acc3=0.655
      S034 fold 1: acc3=0.897
      S034 fold 2: acc3=0.621
      S060 fold 0: acc3=0.536
      S060 fold 1: acc3=0.429
      S060 fold 2: acc3=0.571
      S091 fold 0: acc3=0.467
      S091 fold 1: acc3=0.500
      S091 fold 2: acc3=0.467
      S095 fold 0: acc3=0.393
      S095 fold 1: acc3=0.143
      S095 fold 2: acc3=0.370
  grupo 4/6 | alvos [25, 31, 87, 106, 108] | pool=98 (5min)
Computing rank from data with rank=None
    Using tolerance 1e+02 (2.2e-16 eps * 21 dim * 2.2e+16  max singular value)
    Estimated rank (data): 21
    data: rank 21 computed from 21 data channels with 0 projectors
Reducing data rank from 21 -> 21
Estimating class=0 covariance using LEDOIT_WOLF
Done.
Estimating class=1 covariance using LEDOIT_WOLF
Done.
Computing rank from data with rank=None
    Using tolerance 1.2e+02 (2.2e-16 eps * 21 dim * 2.5e+16  max singular value)
    Estimated rank (data): 21
    data: rank 21 computed from 21 data channels with 0 projectors
Reducing data rank from 21 -> 21
Estimating class=0 covariance using LEDOIT_WOLF
Done.
Estimating class=1 covariance using LEDOIT_WOLF
Done.
Computing rank from data with rank=None
    Using tolerance 77 (2.2e-16 eps * 21 dim * 1.7e+16  max singular value)
    Estimated rank (data): 21
    data: rank 21 computed from 21 data channels with 0 projectors
Reducing data rank from 21 -> 21
Estimating class=0 covariance using LEDOIT_WOLF
Done.
Estimating class=1 covariance using LEDOIT_WOLF
Done.
Computing rank from data with rank=None
    Using tolerance 70 (2.2e-16 eps * 21 dim * 1.5e+16  max singular value)
    Estimated rank (data): 21
    data: rank 21 computed from 21 data channels with 0 projectors
Reducing data rank from 21 -> 21
Estimating class=0 covariance using LEDOIT_WOLF
Done.
Estimating class=1 covariance using LEDOIT_WOLF
Done.
Computing rank from data with rank=None
    Using tolerance 66 (2.2e-16 eps * 21 dim * 1.4e+16  max singular value)
    Estimated rank (data): 21
    data: rank 21 computed from 21 data channels with 0 projectors
Reducing data rank from 21 -> 21
Estimating class=0 covariance using LEDOIT_WOLF
Done.
Estimating class=1 covariance using LEDOIT_WOLF
Done.
Computing rank from data with rank=None
    Using tolerance 58 (2.2e-16 eps * 21 dim * 1.2e+16  max singular value)
    Estimated rank (data): 21
    data: rank 21 computed from 21 data channels with 0 projectors
Reducing data rank from 21 -> 21
Estimating class=0 covariance using LEDOIT_WOLF
Done.
Estimating class=1 covariance using LEDOIT_WOLF
Done.
Computing rank from data with rank=None
    Using tolerance 55 (2.2e-16 eps * 21 dim * 1.2e+16  max singular value)
    Estimated rank (data): 21
    data: rank 21 computed from 21 data channels with 0 projectors
Reducing data rank from 21 -> 21
Estimating class=0 covariance using LEDOIT_WOLF
Done.
Estimating class=1 covariance using LEDOIT_WOLF
Done.
Computing rank from data with rank=None
    Using tolerance 47 (2.2e-16 eps * 21 dim * 1e+16  max singular value)
    Estimated rank (data): 21
    data: rank 21 computed from 21 data channels with 0 projectors
Reducing data rank from 21 -> 21
Estimating class=0 covariance using LEDOIT_WOLF
Done.
Estimating class=1 covariance using LEDOIT_WOLF
Done.
Computing rank from data with rank=None
    Using tolerance 34 (2.2e-16 eps * 21 dim * 7.4e+15  max singular value)
    Estimated rank (data): 21
    data: rank 21 computed from 21 data channels with 0 projectors
Reducing data rank from 21 -> 21
Estimating class=0 covariance using LEDOIT_WOLF
Done.
Estimating class=1 covariance using LEDOIT_WOLF
Done.
Computing rank from data with rank=None
    Using tolerance 71 (2.2e-16 eps * 21 dim * 1.5e+16  max singular value)
    Estimated rank (data): 21
    data: rank 21 computed from 21 data channels with 0 projectors
Reducing data rank from 21 -> 21
Estimating class=0 covariance using LEDOIT_WOLF
Done.
Estimating class=1 covariance using LEDOIT_WOLF
Done.
Computing rank from data with rank=None
    Using tolerance 77 (2.2e-16 eps * 21 dim * 1.6e+16  max singular value)
    Estimated rank (data): 21
    data: rank 21 computed from 21 data channels with 0 projectors
Reducing data rank from 21 -> 21
Estimating class=0 covariance using LEDOIT_WOLF
Done.
Estimating class=1 covariance using LEDOIT_WOLF
Done.
Computing rank from data with rank=None
    Using tolerance 52 (2.2e-16 eps * 21 dim * 1.1e+16  max singular value)
    Estimated rank (data): 21
    data: rank 21 computed from 21 data channels with 0 projectors
Reducing data rank from 21 -> 21
Estimating class=0 covariance using LEDOIT_WOLF
Done.
Estimating class=1 covariance using LEDOIT_WOLF
Done.
Computing rank from data with rank=None
    Using tolerance 47 (2.2e-16 eps * 21 dim * 1e+16  max singular value)
    Estimated rank (data): 21
    data: rank 21 computed from 21 data channels with 0 projectors
Reducing data rank from 21 -> 21
Estimating class=0 covariance using LEDOIT_WOLF
Done.
Estimating class=1 covariance using LEDOIT_WOLF
Done.
Computing rank from data with rank=None
    Using tolerance 44 (2.2e-16 eps * 21 dim * 9.5e+15  max singular value)
    Estimated rank (data): 21
    data: rank 21 computed from 21 data channels with 0 projectors
Reducing data rank from 21 -> 21
Estimating class=0 covariance using LEDOIT_WOLF
Done.
Estimating class=1 covariance using LEDOIT_WOLF
Done.
Computing rank from data with rank=None
    Using tolerance 40 (2.2e-16 eps * 21 dim * 8.5e+15  max singular value)
    Estimated rank (data): 21
    data: rank 21 computed from 21 data channels with 0 projectors
Reducing data rank from 21 -> 21
Estimating class=0 covariance using LEDOIT_WOLF
Done.
Estimating class=1 covariance using LEDOIT_WOLF
Done.
Computing rank from data with rank=None
    Using tolerance 38 (2.2e-16 eps * 21 dim * 8.1e+15  max singular value)
    Estimated rank (data): 21
    data: rank 21 computed from 21 data channels with 0 projectors
Reducing data rank from 21 -> 21
Estimating class=0 covariance using LEDOIT_WOLF
Done.
Estimating class=1 covariance using LEDOIT_WOLF
Done.
Computing rank from data with rank=None
    Using tolerance 33 (2.2e-16 eps * 21 dim * 7.1e+15  max singular value)
    Estimated rank (data): 21
    data: rank 21 computed from 21 data channels with 0 projectors
Reducing data rank from 21 -> 21
Estimating class=0 covariance using LEDOIT_WOLF
Done.
Estimating class=1 covariance using LEDOIT_WOLF
Done.
Computing rank from data with rank=None
    Using tolerance 24 (2.2e-16 eps * 21 dim * 5.2e+15  max singular value)
    Estimated rank (data): 21
    data: rank 21 computed from 21 data channels with 0 projectors
Reducing data rank from 21 -> 21
Estimating class=0 covariance using LEDOIT_WOLF
Done.
Estimating class=1 covariance using LEDOIT_WOLF
Done.
      pool treinado (89s) — serve aos 5 alvos do grupo
      S025 fold 0: acc3=0.700
      S025 fold 1: acc3=0.633
      S025 fold 2: acc3=0.600
      S031 fold 0: acc3=0.533
      S031 fold 1: acc3=0.621
      S031 fold 2: acc3=0.724
      S087 fold 0: acc3=0.367
      S087 fold 1: acc3=0.633
      S087 fold 2: acc3=0.433
      S106 fold 0: acc3=0.333
      S106 fold 1: acc3=0.379
      S106 fold 2: acc3=0.276
      S108 fold 0: acc3=0.483
      S108 fold 1: acc3=0.310
      S108 fold 2: acc3=0.500
  grupo 5/6 | alvos [41, 45, 63, 83, 105] | pool=98 (7min)
Computing rank from data with rank=None
    Using tolerance 1e+02 (2.2e-16 eps * 21 dim * 2.2e+16  max singular value)
    Estimated rank (data): 21
    data: rank 21 computed from 21 data channels with 0 projectors
Reducing data rank from 21 -> 21
Estimating class=0 covariance using LEDOIT_WOLF
Done.
Estimating class=1 covariance using LEDOIT_WOLF
Done.
Computing rank from data with rank=None
    Using tolerance 1.2e+02 (2.2e-16 eps * 21 dim * 2.6e+16  max singular value)
    Estimated rank (data): 21
    data: rank 21 computed from 21 data channels with 0 projectors
Reducing data rank from 21 -> 21
Estimating class=0 covariance using LEDOIT_WOLF
Done.
Estimating class=1 covariance using LEDOIT_WOLF
Done.
Computing rank from data with rank=None
    Using tolerance 78 (2.2e-16 eps * 21 dim * 1.7e+16  max singular value)
    Estimated rank (data): 21
    data: rank 21 computed from 21 data channels with 0 projectors
Reducing data rank from 21 -> 21
Estimating class=0 covariance using LEDOIT_WOLF
Done.
Estimating class=1 covariance using LEDOIT_WOLF
Done.
Computing rank from data with rank=None
    Using tolerance 70 (2.2e-16 eps * 21 dim * 1.5e+16  max singular value)
    Estimated rank (data): 21
    data: rank 21 computed from 21 data channels with 0 projectors
Reducing data rank from 21 -> 21
Estimating class=0 covariance using LEDOIT_WOLF
Done.
Estimating class=1 covariance using LEDOIT_WOLF
Done.
Computing rank from data with rank=None
    Using tolerance 66 (2.2e-16 eps * 21 dim * 1.4e+16  max singular value)
    Estimated rank (data): 21
    data: rank 21 computed from 21 data channels with 0 projectors
Reducing data rank from 21 -> 21
Estimating class=0 covariance using LEDOIT_WOLF
Done.
Estimating class=1 covariance using LEDOIT_WOLF
Done.
Computing rank from data with rank=None
    Using tolerance 58 (2.2e-16 eps * 21 dim * 1.2e+16  max singular value)
    Estimated rank (data): 21
    data: rank 21 computed from 21 data channels with 0 projectors
Reducing data rank from 21 -> 21
Estimating class=0 covariance using LEDOIT_WOLF
Done.
Estimating class=1 covariance using LEDOIT_WOLF
Done.
Computing rank from data with rank=None
    Using tolerance 55 (2.2e-16 eps * 21 dim * 1.2e+16  max singular value)
    Estimated rank (data): 21
    data: rank 21 computed from 21 data channels with 0 projectors
Reducing data rank from 21 -> 21
Estimating class=0 covariance using LEDOIT_WOLF
Done.
Estimating class=1 covariance using LEDOIT_WOLF
Done.
Computing rank from data with rank=None
    Using tolerance 47 (2.2e-16 eps * 21 dim * 1e+16  max singular value)
    Estimated rank (data): 21
    data: rank 21 computed from 21 data channels with 0 projectors
Reducing data rank from 21 -> 21
Estimating class=0 covariance using LEDOIT_WOLF
Done.
Estimating class=1 covariance using LEDOIT_WOLF
Done.
Computing rank from data with rank=None
    Using tolerance 34 (2.2e-16 eps * 21 dim * 7.4e+15  max singular value)
    Estimated rank (data): 21
    data: rank 21 computed from 21 data channels with 0 projectors
Reducing data rank from 21 -> 21
Estimating class=0 covariance using LEDOIT_WOLF
Done.
Estimating class=1 covariance using LEDOIT_WOLF
Done.
Computing rank from data with rank=None
    Using tolerance 72 (2.2e-16 eps * 21 dim * 1.6e+16  max singular value)
    Estimated rank (data): 21
    data: rank 21 computed from 21 data channels with 0 projectors
Reducing data rank from 21 -> 21
Estimating class=0 covariance using LEDOIT_WOLF
Done.
Estimating class=1 covariance using LEDOIT_WOLF
Done.
Computing rank from data with rank=None
    Using tolerance 78 (2.2e-16 eps * 21 dim * 1.7e+16  max singular value)
    Estimated rank (data): 21
    data: rank 21 computed from 21 data channels with 0 projectors
Reducing data rank from 21 -> 21
Estimating class=0 covariance using LEDOIT_WOLF
Done.
Estimating class=1 covariance using LEDOIT_WOLF
Done.
Computing rank from data with rank=None
    Using tolerance 52 (2.2e-16 eps * 21 dim * 1.1e+16  max singular value)
    Estimated rank (data): 21
    data: rank 21 computed from 21 data channels with 0 projectors
Reducing data rank from 21 -> 21
Estimating class=0 covariance using LEDOIT_WOLF
Done.
Estimating class=1 covariance using LEDOIT_WOLF
Done.
Computing rank from data with rank=None
    Using tolerance 47 (2.2e-16 eps * 21 dim * 1e+16  max singular value)
    Estimated rank (data): 21
    data: rank 21 computed from 21 data channels with 0 projectors
Reducing data rank from 21 -> 21
Estimating class=0 covariance using LEDOIT_WOLF
Done.
Estimating class=1 covariance using LEDOIT_WOLF
Done.
Computing rank from data with rank=None
    Using tolerance 44 (2.2e-16 eps * 21 dim * 9.5e+15  max singular value)
    Estimated rank (data): 21
    data: rank 21 computed from 21 data channels with 0 projectors
Reducing data rank from 21 -> 21
Estimating class=0 covariance using LEDOIT_WOLF
Done.
Estimating class=1 covariance using LEDOIT_WOLF
Done.
Computing rank from data with rank=None
    Using tolerance 40 (2.2e-16 eps * 21 dim * 8.5e+15  max singular value)
    Estimated rank (data): 21
    data: rank 21 computed from 21 data channels with 0 projectors
Reducing data rank from 21 -> 21
Estimating class=0 covariance using LEDOIT_WOLF
Done.
Estimating class=1 covariance using LEDOIT_WOLF
Done.
Computing rank from data with rank=None
    Using tolerance 38 (2.2e-16 eps * 21 dim * 8.1e+15  max singular value)
    Estimated rank (data): 21
    data: rank 21 computed from 21 data channels with 0 projectors
Reducing data rank from 21 -> 21
Estimating class=0 covariance using LEDOIT_WOLF
Done.
Estimating class=1 covariance using LEDOIT_WOLF
Done.
Computing rank from data with rank=None
    Using tolerance 33 (2.2e-16 eps * 21 dim * 7.1e+15  max singular value)
    Estimated rank (data): 21
    data: rank 21 computed from 21 data channels with 0 projectors
Reducing data rank from 21 -> 21
Estimating class=0 covariance using LEDOIT_WOLF
Done.
Estimating class=1 covariance using LEDOIT_WOLF
Done.
Computing rank from data with rank=None
    Using tolerance 24 (2.2e-16 eps * 21 dim * 5.2e+15  max singular value)
    Estimated rank (data): 21
    data: rank 21 computed from 21 data channels with 0 projectors
Reducing data rank from 21 -> 21
Estimating class=0 covariance using LEDOIT_WOLF
Done.
Estimating class=1 covariance using LEDOIT_WOLF
Done.
      pool treinado (89s) — serve aos 5 alvos do grupo
      S041 fold 0: acc3=0.567
      S041 fold 1: acc3=0.700
      S041 fold 2: acc3=0.500
      S045 fold 0: acc3=0.517
      S045 fold 1: acc3=0.621
      S045 fold 2: acc3=0.655
      S063 fold 0: acc3=0.467
      S063 fold 1: acc3=0.467
      S063 fold 2: acc3=0.345
      S083 fold 0: acc3=0.500
      S083 fold 1: acc3=0.393
      S083 fold 2: acc3=0.778
      S105 fold 0: acc3=0.483
      S105 fold 1: acc3=0.448
      S105 fold 2: acc3=0.414
  grupo 6/6 | alvos [18, 49, 68, 76, 98] | pool=98 (8min)
Computing rank from data with rank=None
    Using tolerance 1e+02 (2.2e-16 eps * 21 dim * 2.2e+16  max singular value)
    Estimated rank (data): 21
    data: rank 21 computed from 21 data channels with 0 projectors
Reducing data rank from 21 -> 21
Estimating class=0 covariance using LEDOIT_WOLF
Done.
Estimating class=1 covariance using LEDOIT_WOLF
Done.
Computing rank from data with rank=None
    Using tolerance 1.2e+02 (2.2e-16 eps * 21 dim * 2.6e+16  max singular value)
    Estimated rank (data): 21
    data: rank 21 computed from 21 data channels with 0 projectors
Reducing data rank from 21 -> 21
Estimating class=0 covariance using LEDOIT_WOLF
Done.
Estimating class=1 covariance using LEDOIT_WOLF
Done.
Computing rank from data with rank=None
    Using tolerance 78 (2.2e-16 eps * 21 dim * 1.7e+16  max singular value)
    Estimated rank (data): 21
    data: rank 21 computed from 21 data channels with 0 projectors
Reducing data rank from 21 -> 21
Estimating class=0 covariance using LEDOIT_WOLF
Done.
Estimating class=1 covariance using LEDOIT_WOLF
Done.
Computing rank from data with rank=None
    Using tolerance 70 (2.2e-16 eps * 21 dim * 1.5e+16  max singular value)
    Estimated rank (data): 21
    data: rank 21 computed from 21 data channels with 0 projectors
Reducing data rank from 21 -> 21
Estimating class=0 covariance using LEDOIT_WOLF
Done.
Estimating class=1 covariance using LEDOIT_WOLF
Done.
Computing rank from data with rank=None
    Using tolerance 66 (2.2e-16 eps * 21 dim * 1.4e+16  max singular value)
    Estimated rank (data): 21
    data: rank 21 computed from 21 data channels with 0 projectors
Reducing data rank from 21 -> 21
Estimating class=0 covariance using LEDOIT_WOLF
Done.
Estimating class=1 covariance using LEDOIT_WOLF
Done.
Computing rank from data with rank=None
    Using tolerance 59 (2.2e-16 eps * 21 dim * 1.3e+16  max singular value)
    Estimated rank (data): 21
    data: rank 21 computed from 21 data channels with 0 projectors
Reducing data rank from 21 -> 21
Estimating class=0 covariance using LEDOIT_WOLF
Done.
Estimating class=1 covariance using LEDOIT_WOLF
Done.
Computing rank from data with rank=None
    Using tolerance 54 (2.2e-16 eps * 21 dim * 1.2e+16  max singular value)
    Estimated rank (data): 21
    data: rank 21 computed from 21 data channels with 0 projectors
Reducing data rank from 21 -> 21
Estimating class=0 covariance using LEDOIT_WOLF
Done.
Estimating class=1 covariance using LEDOIT_WOLF
Done.
Computing rank from data with rank=None
    Using tolerance 48 (2.2e-16 eps * 21 dim * 1e+16  max singular value)
    Estimated rank (data): 21
    data: rank 21 computed from 21 data channels with 0 projectors
Reducing data rank from 21 -> 21
Estimating class=0 covariance using LEDOIT_WOLF
Done.
Estimating class=1 covariance using LEDOIT_WOLF
Done.
Computing rank from data with rank=None
    Using tolerance 35 (2.2e-16 eps * 21 dim * 7.5e+15  max singular value)
    Estimated rank (data): 21
    data: rank 21 computed from 21 data channels with 0 projectors
Reducing data rank from 21 -> 21
Estimating class=0 covariance using LEDOIT_WOLF
Done.
Estimating class=1 covariance using LEDOIT_WOLF
Done.
Computing rank from data with rank=None
    Using tolerance 72 (2.2e-16 eps * 21 dim * 1.5e+16  max singular value)
    Estimated rank (data): 21
    data: rank 21 computed from 21 data channels with 0 projectors
Reducing data rank from 21 -> 21
Estimating class=0 covariance using LEDOIT_WOLF
Done.
Estimating class=1 covariance using LEDOIT_WOLF
Done.
Computing rank from data with rank=None
    Using tolerance 78 (2.2e-16 eps * 21 dim * 1.7e+16  max singular value)
    Estimated rank (data): 21
    data: rank 21 computed from 21 data channels with 0 projectors
Reducing data rank from 21 -> 21
Estimating class=0 covariance using LEDOIT_WOLF
Done.
Estimating class=1 covariance using LEDOIT_WOLF
Done.
Computing rank from data with rank=None
    Using tolerance 53 (2.2e-16 eps * 21 dim * 1.1e+16  max singular value)
    Estimated rank (data): 21
    data: rank 21 computed from 21 data channels with 0 projectors
Reducing data rank from 21 -> 21
Estimating class=0 covariance using LEDOIT_WOLF
Done.
Estimating class=1 covariance using LEDOIT_WOLF
Done.
Computing rank from data with rank=None
    Using tolerance 47 (2.2e-16 eps * 21 dim * 1e+16  max singular value)
    Estimated rank (data): 21
    data: rank 21 computed from 21 data channels with 0 projectors
Reducing data rank from 21 -> 21
Estimating class=0 covariance using LEDOIT_WOLF
Done.
Estimating class=1 covariance using LEDOIT_WOLF
Done.
Computing rank from data with rank=None
    Using tolerance 44 (2.2e-16 eps * 21 dim * 9.5e+15  max singular value)
    Estimated rank (data): 21
    data: rank 21 computed from 21 data channels with 0 projectors
Reducing data rank from 21 -> 21
Estimating class=0 covariance using LEDOIT_WOLF
Done.
Estimating class=1 covariance using LEDOIT_WOLF
Done.
Computing rank from data with rank=None
    Using tolerance 40 (2.2e-16 eps * 21 dim * 8.6e+15  max singular value)
    Estimated rank (data): 21
    data: rank 21 computed from 21 data channels with 0 projectors
Reducing data rank from 21 -> 21
Estimating class=0 covariance using LEDOIT_WOLF
Done.
Estimating class=1 covariance using LEDOIT_WOLF
Done.
Computing rank from data with rank=None
    Using tolerance 37 (2.2e-16 eps * 21 dim * 8e+15  max singular value)
    Estimated rank (data): 21
    data: rank 21 computed from 21 data channels with 0 projectors
Reducing data rank from 21 -> 21
Estimating class=0 covariance using LEDOIT_WOLF
Done.
Estimating class=1 covariance using LEDOIT_WOLF
Done.
Computing rank from data with rank=None
    Using tolerance 33 (2.2e-16 eps * 21 dim * 7.2e+15  max singular value)
    Estimated rank (data): 21
    data: rank 21 computed from 21 data channels with 0 projectors
Reducing data rank from 21 -> 21
Estimating class=0 covariance using LEDOIT_WOLF
Done.
Estimating class=1 covariance using LEDOIT_WOLF
Done.
Computing rank from data with rank=None
    Using tolerance 24 (2.2e-16 eps * 21 dim * 5.2e+15  max singular value)
    Estimated rank (data): 21
    data: rank 21 computed from 21 data channels with 0 projectors
Reducing data rank from 21 -> 21
Estimating class=0 covariance using LEDOIT_WOLF
Done.
Estimating class=1 covariance using LEDOIT_WOLF
Done.
      pool treinado (91s) — serve aos 5 alvos do grupo
      S018 fold 0: acc3=0.500
      S018 fold 1: acc3=0.483
      S018 fold 2: acc3=0.552
      S049 fold 0: acc3=0.643
      S049 fold 1: acc3=0.519
      S049 fold 2: acc3=0.593
      S068 fold 0: acc3=0.433
      S068 fold 1: acc3=0.448
      S068 fold 2: acc3=0.483
      S076 fold 0: acc3=0.400
      S076 fold 1: acc3=0.500
      S076 fold 2: acc3=0.483
      S098 fold 0: acc3=0.467
      S098 fold 1: acc3=0.433
      S098 fold 2: acc3=0.367

BENCH_MONTAGENS_DONE (10min)
CUDA=True | montagens=['21'] | modelos=['riemannian'] | alvos=30 | folds=3
  contrato 5cb6c6358c | banda 4-40 Hz ordem 5 | CAR on | IQR k=1.5 | calib 48 | fases mi
  aninhamento 2<4<8<16<21<32<64 verificado
  montagem      E  D centro  simetria
  64           27 27     10  sim
  32           14 14      4  sim
  21            9  8      4  NAO (aceita por decisao)
  16            6  6      4  sim
  8             3  3      2  sim
  4             2  2      0  sim
  2             1  1      0  sim
  3             1  1      1  sim
  sem_fz        4  3      1  NAO (aceita por decisao)
  posterior8    4  4      0  sim
  ocular4       2  2      0  sim
  celulas gemeas pendentes: riemannian.banda_do_artigo (rodar de novo com --banda 8 30)
  6 grupos de alvos (semente 42), pool = 98 sujeitos:
    grupo 1: [3, 22, 57, 102, 107]
    grupo 2: [7, 52, 71, 79, 109]
    grupo 3: [12, 34, 60, 91, 95]
    grupo 4: [25, 31, 87, 106, 108]
    grupo 5: [41, 45, 63, 83, 105]
    grupo 6: [18, 49, 68, 76, 98]
  retomando: 2610 celulas ja concluidas sob 5cb6c6358c

==============================================================
  MONTAGEM 21 (21 canais) | MODELO riemannian | 0min
==============================================================
  grupo 1/6 | alvos [3, 22, 57, 102, 107] | pool=98 (0min)
      pool treinado (7s) — serve aos 5 alvos do grupo
      S003 fold 0: acc3=0.241
      S003 fold 1: acc3=0.464
      S003 fold 2: acc3=0.429
      S022 fold 0: acc3=0.690
      S022 fold 1: acc3=0.607
      S022 fold 2: acc3=0.607
      S057 fold 0: acc3=0.367
      S057 fold 1: acc3=0.448
      S057 fold 2: acc3=0.448
      S102 fold 0: acc3=0.821
      S102 fold 1: acc3=0.714
      S102 fold 2: acc3=0.536
      S107 fold 0: acc3=0.250
      S107 fold 1: acc3=0.286
      S107 fold 2: acc3=0.500
  grupo 2/6 | alvos [7, 52, 71, 79, 109] | pool=98 (0min)
      pool treinado (6s) — serve aos 5 alvos do grupo
      S007 fold 0: acc3=0.862
      S007 fold 1: acc3=0.724
      S007 fold 2: acc3=0.828
      S052 fold 0: acc3=0.571
      S052 fold 1: acc3=0.607
      S052 fold 2: acc3=0.500
      S071 fold 0: acc3=0.517
      S071 fold 1: acc3=0.414
      S071 fold 2: acc3=0.571
      S079 fold 0: acc3=0.407
      S079 fold 1: acc3=0.444
      S079 fold 2: acc3=0.370
      S109 fold 0: acc3=0.300
      S109 fold 1: acc3=0.345
      S109 fold 2: acc3=0.448
  grupo 3/6 | alvos [12, 34, 60, 91, 95] | pool=98 (0min)
      pool treinado (6s) — serve aos 5 alvos do grupo
      S012 fold 0: acc3=0.567
      S012 fold 1: acc3=0.483
      S012 fold 2: acc3=0.621
      S034 fold 0: acc3=0.862
      S034 fold 1: acc3=0.862
      S034 fold 2: acc3=0.724
      S060 fold 0: acc3=0.607
      S060 fold 1: acc3=0.679
      S060 fold 2: acc3=0.714
      S091 fold 0: acc3=0.400
      S091 fold 1: acc3=0.700
      S091 fold 2: acc3=0.633
      S095 fold 0: acc3=0.393
      S095 fold 1: acc3=0.429
      S095 fold 2: acc3=0.519
  grupo 4/6 | alvos [25, 31, 87, 106, 108] | pool=98 (1min)
      pool treinado (7s) — serve aos 5 alvos do grupo
      S025 fold 0: acc3=0.933
      S025 fold 1: acc3=0.700
      S025 fold 2: acc3=0.700
      S031 fold 0: acc3=0.800
      S031 fold 1: acc3=0.862
      S031 fold 2: acc3=0.724
      S087 fold 0: acc3=0.400
      S087 fold 1: acc3=0.400
      S087 fold 2: acc3=0.433
      S106 fold 0: acc3=0.500
      S106 fold 1: acc3=0.483
      S106 fold 2: acc3=0.448
      S108 fold 0: acc3=0.586
      S108 fold 1: acc3=0.483
      S108 fold 2: acc3=0.571
  grupo 5/6 | alvos [41, 45, 63, 83, 105] | pool=98 (1min)
      pool treinado (7s) — serve aos 5 alvos do grupo
      S041 fold 0: acc3=0.633
      S041 fold 1: acc3=0.667
      S041 fold 2: acc3=0.633
      S045 fold 0: acc3=0.552
      S045 fold 1: acc3=0.724
      S045 fold 2: acc3=0.690
      S063 fold 0: acc3=0.533
      S063 fold 1: acc3=0.600
      S063 fold 2: acc3=0.517
      S083 fold 0: acc3=0.714
      S083 fold 1: acc3=0.571
      S083 fold 2: acc3=0.593
      S105 fold 0: acc3=0.655
      S105 fold 1: acc3=0.621
      S105 fold 2: acc3=0.483
  grupo 6/6 | alvos [18, 49, 68, 76, 98] | pool=98 (1min)
      pool treinado (7s) — serve aos 5 alvos do grupo
      S018 fold 0: acc3=0.467
      S018 fold 1: acc3=0.552
      S018 fold 2: acc3=0.517
      S049 fold 0: acc3=0.536
      S049 fold 1: acc3=0.778
      S049 fold 2: acc3=0.815
      S068 fold 0: acc3=0.500
      S068 fold 1: acc3=0.310
      S068 fold 2: acc3=0.483
      S076 fold 0: acc3=0.533
      S076 fold 1: acc3=0.533
      S076 fold 2: acc3=0.586
      S098 fold 0: acc3=0.433
      S098 fold 1: acc3=0.633
      S098 fold 2: acc3=0.533

BENCH_MONTAGENS_DONE (1min)
CUDA=True | montagens=['32'] | modelos=['csp_lda'] | alvos=30 | folds=3
  contrato 5cb6c6358c | banda 4-40 Hz ordem 5 | CAR on | IQR k=1.5 | calib 48 | fases mi
  aninhamento 2<4<8<16<21<32<64 verificado
  montagem      E  D centro  simetria
  64           27 27     10  sim
  32           14 14      4  sim
  21            9  8      4  NAO (aceita por decisao)
  16            6  6      4  sim
  8             3  3      2  sim
  4             2  2      0  sim
  2             1  1      0  sim
  3             1  1      1  sim
  sem_fz        4  3      1  NAO (aceita por decisao)
  posterior8    4  4      0  sim
  ocular4       2  2      0  sim
  6 grupos de alvos (semente 42), pool = 98 sujeitos:
    grupo 1: [3, 22, 57, 102, 107]
    grupo 2: [7, 52, 71, 79, 109]
    grupo 3: [12, 34, 60, 91, 95]
    grupo 4: [25, 31, 87, 106, 108]
    grupo 5: [41, 45, 63, 83, 105]
    grupo 6: [18, 49, 68, 76, 98]
  retomando: 2700 celulas ja concluidas sob 5cb6c6358c

==============================================================
  MONTAGEM 32 (32 canais) | MODELO csp_lda | 0min
==============================================================
  grupo 1/6 | alvos [3, 22, 57, 102, 107] | pool=98 (0min)
Computing rank from data with rank=None
    Using tolerance 4.6e+02 (2.2e-16 eps * 32 dim * 6.5e+16  max singular value)
    Estimated rank (data): 32
    data: rank 32 computed from 32 data channels with 0 projectors
Reducing data rank from 32 -> 32
Estimating class=0 covariance using LEDOIT_WOLF
Done.
Estimating class=1 covariance using LEDOIT_WOLF
Done.
Computing rank from data with rank=None
    Using tolerance 3.1e+02 (2.2e-16 eps * 32 dim * 4.4e+16  max singular value)
    Estimated rank (data): 32
    data: rank 32 computed from 32 data channels with 0 projectors
Reducing data rank from 32 -> 32
Estimating class=0 covariance using LEDOIT_WOLF
Done.
Estimating class=1 covariance using LEDOIT_WOLF
Done.
      pool treinado (7s) — serve aos 5 alvos do grupo
      S003 fold 0: acc3=0.400
      S003 fold 1: acc3=0.433
      S003 fold 2: acc3=0.433
      S022 fold 0: acc3=0.448
      S022 fold 1: acc3=0.655
      S022 fold 2: acc3=0.536
      S057 fold 0: acc3=0.433
      S057 fold 1: acc3=0.400
      S057 fold 2: acc3=0.433
      S102 fold 0: acc3=0.655
      S102 fold 1: acc3=0.448
      S102 fold 2: acc3=0.821
      S107 fold 0: acc3=0.357
      S107 fold 1: acc3=0.357
      S107 fold 2: acc3=0.333
  grupo 2/6 | alvos [7, 52, 71, 79, 109] | pool=98 (0min)
Computing rank from data with rank=None
    Using tolerance 4.6e+02 (2.2e-16 eps * 32 dim * 6.5e+16  max singular value)
    Estimated rank (data): 32
    data: rank 32 computed from 32 data channels with 0 projectors
Reducing data rank from 32 -> 32
Estimating class=0 covariance using LEDOIT_WOLF
Done.
Estimating class=1 covariance using LEDOIT_WOLF
Done.
Computing rank from data with rank=None
    Using tolerance 3.1e+02 (2.2e-16 eps * 32 dim * 4.3e+16  max singular value)
    Estimated rank (data): 32
    data: rank 32 computed from 32 data channels with 0 projectors
Reducing data rank from 32 -> 32
Estimating class=0 covariance using LEDOIT_WOLF
Done.
Estimating class=1 covariance using LEDOIT_WOLF
Done.
      pool treinado (7s) — serve aos 5 alvos do grupo
      S007 fold 0: acc3=0.667
      S007 fold 1: acc3=0.586
      S007 fold 2: acc3=0.828
      S052 fold 0: acc3=0.500
      S052 fold 1: acc3=0.500
      S052 fold 2: acc3=0.704
      S071 fold 0: acc3=0.552
      S071 fold 1: acc3=0.571
      S071 fold 2: acc3=0.500
      S079 fold 0: acc3=0.333
      S079 fold 1: acc3=0.333
      S079 fold 2: acc3=0.462
      S109 fold 0: acc3=0.333
      S109 fold 1: acc3=0.310
      S109 fold 2: acc3=0.276
  grupo 3/6 | alvos [12, 34, 60, 91, 95] | pool=98 (1min)
Computing rank from data with rank=None
    Using tolerance 4.6e+02 (2.2e-16 eps * 32 dim * 6.4e+16  max singular value)
    Estimated rank (data): 32
    data: rank 32 computed from 32 data channels with 0 projectors
Reducing data rank from 32 -> 32
Estimating class=0 covariance using LEDOIT_WOLF
Done.
Estimating class=1 covariance using LEDOIT_WOLF
Done.
Computing rank from data with rank=None
    Using tolerance 3.1e+02 (2.2e-16 eps * 32 dim * 4.3e+16  max singular value)
    Estimated rank (data): 32
    data: rank 32 computed from 32 data channels with 0 projectors
Reducing data rank from 32 -> 32
Estimating class=0 covariance using LEDOIT_WOLF
Done.
Estimating class=1 covariance using LEDOIT_WOLF
Done.
      pool treinado (9s) — serve aos 5 alvos do grupo
      S012 fold 0: acc3=0.467
      S012 fold 1: acc3=0.533
      S012 fold 2: acc3=0.379
      S034 fold 0: acc3=0.690
      S034 fold 1: acc3=0.828
      S034 fold 2: acc3=0.759
      S060 fold 0: acc3=0.690
      S060 fold 1: acc3=0.621
      S060 fold 2: acc3=0.621
      S091 fold 0: acc3=0.600
      S091 fold 1: acc3=0.600
      S091 fold 2: acc3=0.414
      S095 fold 0: acc3=0.407
      S095 fold 1: acc3=0.333
      S095 fold 2: acc3=0.407
  grupo 4/6 | alvos [25, 31, 87, 106, 108] | pool=98 (1min)
Computing rank from data with rank=None
    Using tolerance 4.6e+02 (2.2e-16 eps * 32 dim * 6.4e+16  max singular value)
    Estimated rank (data): 32
    data: rank 32 computed from 32 data channels with 0 projectors
Reducing data rank from 32 -> 32
Estimating class=0 covariance using LEDOIT_WOLF
Done.
Estimating class=1 covariance using LEDOIT_WOLF
Done.
Computing rank from data with rank=None
    Using tolerance 3.1e+02 (2.2e-16 eps * 32 dim * 4.3e+16  max singular value)
    Estimated rank (data): 32
    data: rank 32 computed from 32 data channels with 0 projectors
Reducing data rank from 32 -> 32
Estimating class=0 covariance using LEDOIT_WOLF
Done.
Estimating class=1 covariance using LEDOIT_WOLF
Done.
      pool treinado (10s) — serve aos 5 alvos do grupo
      S025 fold 0: acc3=0.800
      S025 fold 1: acc3=0.700
      S025 fold 2: acc3=0.621
      S031 fold 0: acc3=0.667
      S031 fold 1: acc3=0.433
      S031 fold 2: acc3=0.759
      S087 fold 0: acc3=0.379
      S087 fold 1: acc3=0.414
      S087 fold 2: acc3=0.241
      S106 fold 0: acc3=0.567
      S106 fold 1: acc3=0.552
      S106 fold 2: acc3=0.414
      S108 fold 0: acc3=0.207
      S108 fold 1: acc3=0.414
      S108 fold 2: acc3=0.552
  grupo 5/6 | alvos [41, 45, 63, 83, 105] | pool=98 (1min)
Computing rank from data with rank=None
    Using tolerance 4.6e+02 (2.2e-16 eps * 32 dim * 6.5e+16  max singular value)
    Estimated rank (data): 32
    data: rank 32 computed from 32 data channels with 0 projectors
Reducing data rank from 32 -> 32
Estimating class=0 covariance using LEDOIT_WOLF
Done.
Estimating class=1 covariance using LEDOIT_WOLF
Done.
Computing rank from data with rank=None
    Using tolerance 3.1e+02 (2.2e-16 eps * 32 dim * 4.4e+16  max singular value)
    Estimated rank (data): 32
    data: rank 32 computed from 32 data channels with 0 projectors
Reducing data rank from 32 -> 32
Estimating class=0 covariance using LEDOIT_WOLF
Done.
Estimating class=1 covariance using LEDOIT_WOLF
Done.
      pool treinado (7s) — serve aos 5 alvos do grupo
      S041 fold 0: acc3=0.667
      S041 fold 1: acc3=0.621
      S041 fold 2: acc3=0.655
      S045 fold 0: acc3=0.667
      S045 fold 1: acc3=0.567
      S045 fold 2: acc3=0.586
      S063 fold 0: acc3=0.414
      S063 fold 1: acc3=0.448
      S063 fold 2: acc3=0.393
      S083 fold 0: acc3=0.733
      S083 fold 1: acc3=0.567
      S083 fold 2: acc3=0.690
      S105 fold 0: acc3=0.533
      S105 fold 1: acc3=0.633
      S105 fold 2: acc3=0.483
  grupo 6/6 | alvos [18, 49, 68, 76, 98] | pool=98 (2min)
Computing rank from data with rank=None
    Using tolerance 4.6e+02 (2.2e-16 eps * 32 dim * 6.5e+16  max singular value)
    Estimated rank (data): 32
    data: rank 32 computed from 32 data channels with 0 projectors
Reducing data rank from 32 -> 32
Estimating class=0 covariance using LEDOIT_WOLF
Done.
Estimating class=1 covariance using LEDOIT_WOLF
Done.
Computing rank from data with rank=None
    Using tolerance 3.1e+02 (2.2e-16 eps * 32 dim * 4.4e+16  max singular value)
    Estimated rank (data): 32
    data: rank 32 computed from 32 data channels with 0 projectors
Reducing data rank from 32 -> 32
Estimating class=0 covariance using LEDOIT_WOLF
Done.
Estimating class=1 covariance using LEDOIT_WOLF
Done.
      pool treinado (7s) — serve aos 5 alvos do grupo
      S018 fold 0: acc3=0.567
      S018 fold 1: acc3=0.483
      S018 fold 2: acc3=0.483
      S049 fold 0: acc3=0.733
      S049 fold 1: acc3=0.600
      S049 fold 2: acc3=0.517
      S068 fold 0: acc3=0.345
      S068 fold 1: acc3=0.464
      S068 fold 2: acc3=0.393
      S076 fold 0: acc3=0.567
      S076 fold 1: acc3=0.517
      S076 fold 2: acc3=0.448
      S098 fold 0: acc3=0.333
      S098 fold 1: acc3=0.467
      S098 fold 2: acc3=0.345

BENCH_MONTAGENS_DONE (2min)
CUDA=True | montagens=['32'] | modelos=['fbcsp_svm'] | alvos=30 | folds=3
  contrato 5cb6c6358c | banda 4-40 Hz ordem 5 | CAR on | IQR k=1.5 | calib 48 | fases mi
  aninhamento 2<4<8<16<21<32<64 verificado
  montagem      E  D centro  simetria
  64           27 27     10  sim
  32           14 14      4  sim
  21            9  8      4  NAO (aceita por decisao)
  16            6  6      4  sim
  8             3  3      2  sim
  4             2  2      0  sim
  2             1  1      0  sim
  3             1  1      1  sim
  sem_fz        4  3      1  NAO (aceita por decisao)
  posterior8    4  4      0  sim
  ocular4       2  2      0  sim
  6 grupos de alvos (semente 42), pool = 98 sujeitos:
    grupo 1: [3, 22, 57, 102, 107]
    grupo 2: [7, 52, 71, 79, 109]
    grupo 3: [12, 34, 60, 91, 95]
    grupo 4: [25, 31, 87, 106, 108]
    grupo 5: [41, 45, 63, 83, 105]
    grupo 6: [18, 49, 68, 76, 98]
  retomando: 2790 celulas ja concluidas sob 5cb6c6358c

==============================================================
  MONTAGEM 32 (32 canais) | MODELO fbcsp_svm | 0min
==============================================================
  grupo 1/6 | alvos [3, 22, 57, 102, 107] | pool=98 (0min)
Computing rank from data with rank=None
    Using tolerance 2.4e+02 (2.2e-16 eps * 32 dim * 3.4e+16  max singular value)
    Estimated rank (data): 32
    data: rank 32 computed from 32 data channels with 0 projectors
Reducing data rank from 32 -> 32
Estimating class=0 covariance using LEDOIT_WOLF
Done.
Estimating class=1 covariance using LEDOIT_WOLF
Done.
Computing rank from data with rank=None
    Using tolerance 2.6e+02 (2.2e-16 eps * 32 dim * 3.6e+16  max singular value)
    Estimated rank (data): 32
    data: rank 32 computed from 32 data channels with 0 projectors
Reducing data rank from 32 -> 32
Estimating class=0 covariance using LEDOIT_WOLF
Done.
Estimating class=1 covariance using LEDOIT_WOLF
Done.
Computing rank from data with rank=None
    Using tolerance 1.5e+02 (2.2e-16 eps * 32 dim * 2.1e+16  max singular value)
    Estimated rank (data): 32
    data: rank 32 computed from 32 data channels with 0 projectors
Reducing data rank from 32 -> 32
Estimating class=0 covariance using LEDOIT_WOLF
Done.
Estimating class=1 covariance using LEDOIT_WOLF
Done.
Computing rank from data with rank=None
    Using tolerance 1.3e+02 (2.2e-16 eps * 32 dim * 1.8e+16  max singular value)
    Estimated rank (data): 32
    data: rank 32 computed from 32 data channels with 0 projectors
Reducing data rank from 32 -> 32
Estimating class=0 covariance using LEDOIT_WOLF
Done.
Estimating class=1 covariance using LEDOIT_WOLF
Done.
Computing rank from data with rank=None
    Using tolerance 1.2e+02 (2.2e-16 eps * 32 dim * 1.6e+16  max singular value)
    Estimated rank (data): 32
    data: rank 32 computed from 32 data channels with 0 projectors
Reducing data rank from 32 -> 32
Estimating class=0 covariance using LEDOIT_WOLF
Done.
Estimating class=1 covariance using LEDOIT_WOLF
Done.
Computing rank from data with rank=None
    Using tolerance 1e+02 (2.2e-16 eps * 32 dim * 1.4e+16  max singular value)
    Estimated rank (data): 32
    data: rank 32 computed from 32 data channels with 0 projectors
Reducing data rank from 32 -> 32
Estimating class=0 covariance using LEDOIT_WOLF
Done.
Estimating class=1 covariance using LEDOIT_WOLF
Done.
Computing rank from data with rank=None
    Using tolerance 93 (2.2e-16 eps * 32 dim * 1.3e+16  max singular value)
    Estimated rank (data): 32
    data: rank 32 computed from 32 data channels with 0 projectors
Reducing data rank from 32 -> 32
Estimating class=0 covariance using LEDOIT_WOLF
Done.
Estimating class=1 covariance using LEDOIT_WOLF
Done.
Computing rank from data with rank=None
    Using tolerance 80 (2.2e-16 eps * 32 dim * 1.1e+16  max singular value)
    Estimated rank (data): 32
    data: rank 32 computed from 32 data channels with 0 projectors
Reducing data rank from 32 -> 32
Estimating class=0 covariance using LEDOIT_WOLF
Done.
Estimating class=1 covariance using LEDOIT_WOLF
Done.
Computing rank from data with rank=None
    Using tolerance 59 (2.2e-16 eps * 32 dim * 8.3e+15  max singular value)
    Estimated rank (data): 32
    data: rank 32 computed from 32 data channels with 0 projectors
Reducing data rank from 32 -> 32
Estimating class=0 covariance using LEDOIT_WOLF
Done.
Estimating class=1 covariance using LEDOIT_WOLF
Done.
Computing rank from data with rank=None
    Using tolerance 1.6e+02 (2.2e-16 eps * 32 dim * 2.3e+16  max singular value)
    Estimated rank (data): 32
    data: rank 32 computed from 32 data channels with 0 projectors
Reducing data rank from 32 -> 32
Estimating class=0 covariance using LEDOIT_WOLF
Done.
Estimating class=1 covariance using LEDOIT_WOLF
Done.
Computing rank from data with rank=None
    Using tolerance 1.7e+02 (2.2e-16 eps * 32 dim * 2.4e+16  max singular value)
    Estimated rank (data): 32
    data: rank 32 computed from 32 data channels with 0 projectors
Reducing data rank from 32 -> 32
Estimating class=0 covariance using LEDOIT_WOLF
Done.
Estimating class=1 covariance using LEDOIT_WOLF
Done.
Computing rank from data with rank=None
    Using tolerance 99 (2.2e-16 eps * 32 dim * 1.4e+16  max singular value)
    Estimated rank (data): 32
    data: rank 32 computed from 32 data channels with 0 projectors
Reducing data rank from 32 -> 32
Estimating class=0 covariance using LEDOIT_WOLF
Done.
Estimating class=1 covariance using LEDOIT_WOLF
Done.
Computing rank from data with rank=None
    Using tolerance 86 (2.2e-16 eps * 32 dim * 1.2e+16  max singular value)
    Estimated rank (data): 32
    data: rank 32 computed from 32 data channels with 0 projectors
Reducing data rank from 32 -> 32
Estimating class=0 covariance using LEDOIT_WOLF
Done.
Estimating class=1 covariance using LEDOIT_WOLF
Done.
Computing rank from data with rank=None
    Using tolerance 79 (2.2e-16 eps * 32 dim * 1.1e+16  max singular value)
    Estimated rank (data): 32
    data: rank 32 computed from 32 data channels with 0 projectors
Reducing data rank from 32 -> 32
Estimating class=0 covariance using LEDOIT_WOLF
Done.
Estimating class=1 covariance using LEDOIT_WOLF
Done.
Computing rank from data with rank=None
    Using tolerance 69 (2.2e-16 eps * 32 dim * 9.7e+15  max singular value)
    Estimated rank (data): 32
    data: rank 32 computed from 32 data channels with 0 projectors
Reducing data rank from 32 -> 32
Estimating class=0 covariance using LEDOIT_WOLF
Done.
Estimating class=1 covariance using LEDOIT_WOLF
Done.
Computing rank from data with rank=None
    Using tolerance 64 (2.2e-16 eps * 32 dim * 9e+15  max singular value)
    Estimated rank (data): 32
    data: rank 32 computed from 32 data channels with 0 projectors
Reducing data rank from 32 -> 32
Estimating class=0 covariance using LEDOIT_WOLF
Done.
Estimating class=1 covariance using LEDOIT_WOLF
Done.
Computing rank from data with rank=None
    Using tolerance 57 (2.2e-16 eps * 32 dim * 8e+15  max singular value)
    Estimated rank (data): 32
    data: rank 32 computed from 32 data channels with 0 projectors
Reducing data rank from 32 -> 32
Estimating class=0 covariance using LEDOIT_WOLF
Done.
Estimating class=1 covariance using LEDOIT_WOLF
Done.
Computing rank from data with rank=None
    Using tolerance 42 (2.2e-16 eps * 32 dim * 5.9e+15  max singular value)
    Estimated rank (data): 32
    data: rank 32 computed from 32 data channels with 0 projectors
Reducing data rank from 32 -> 32
Estimating class=0 covariance using LEDOIT_WOLF
Done.
Estimating class=1 covariance using LEDOIT_WOLF
Done.
      pool treinado (121s) — serve aos 5 alvos do grupo
      S003 fold 0: acc3=0.467
      S003 fold 1: acc3=0.400
      S003 fold 2: acc3=0.367
      S022 fold 0: acc3=0.552
      S022 fold 1: acc3=0.690
      S022 fold 2: acc3=0.571
      S057 fold 0: acc3=0.300
      S057 fold 1: acc3=0.600
      S057 fold 2: acc3=0.467
      S102 fold 0: acc3=0.621
      S102 fold 1: acc3=0.759
      S102 fold 2: acc3=0.714
      S107 fold 0: acc3=0.393
      S107 fold 1: acc3=0.500
      S107 fold 2: acc3=0.333
  grupo 2/6 | alvos [7, 52, 71, 79, 109] | pool=98 (2min)
Computing rank from data with rank=None
    Using tolerance 2.4e+02 (2.2e-16 eps * 32 dim * 3.4e+16  max singular value)
    Estimated rank (data): 32
    data: rank 32 computed from 32 data channels with 0 projectors
Reducing data rank from 32 -> 32
Estimating class=0 covariance using LEDOIT_WOLF
Done.
Estimating class=1 covariance using LEDOIT_WOLF
Done.
Computing rank from data with rank=None
    Using tolerance 2.5e+02 (2.2e-16 eps * 32 dim * 3.5e+16  max singular value)
    Estimated rank (data): 32
    data: rank 32 computed from 32 data channels with 0 projectors
Reducing data rank from 32 -> 32
Estimating class=0 covariance using LEDOIT_WOLF
Done.
Estimating class=1 covariance using LEDOIT_WOLF
Done.
Computing rank from data with rank=None
    Using tolerance 1.4e+02 (2.2e-16 eps * 32 dim * 2e+16  max singular value)
    Estimated rank (data): 32
    data: rank 32 computed from 32 data channels with 0 projectors
Reducing data rank from 32 -> 32
Estimating class=0 covariance using LEDOIT_WOLF
Done.
Estimating class=1 covariance using LEDOIT_WOLF
Done.
Computing rank from data with rank=None
    Using tolerance 1.3e+02 (2.2e-16 eps * 32 dim * 1.8e+16  max singular value)
    Estimated rank (data): 32
    data: rank 32 computed from 32 data channels with 0 projectors
Reducing data rank from 32 -> 32
Estimating class=0 covariance using LEDOIT_WOLF
Done.
Estimating class=1 covariance using LEDOIT_WOLF
Done.
Computing rank from data with rank=None
    Using tolerance 1.2e+02 (2.2e-16 eps * 32 dim * 1.6e+16  max singular value)
    Estimated rank (data): 32
    data: rank 32 computed from 32 data channels with 0 projectors
Reducing data rank from 32 -> 32
Estimating class=0 covariance using LEDOIT_WOLF
Done.
Estimating class=1 covariance using LEDOIT_WOLF
Done.
Computing rank from data with rank=None
    Using tolerance 1e+02 (2.2e-16 eps * 32 dim * 1.4e+16  max singular value)
    Estimated rank (data): 32
    data: rank 32 computed from 32 data channels with 0 projectors
Reducing data rank from 32 -> 32
Estimating class=0 covariance using LEDOIT_WOLF
Done.
Estimating class=1 covariance using LEDOIT_WOLF
Done.
Computing rank from data with rank=None
    Using tolerance 93 (2.2e-16 eps * 32 dim * 1.3e+16  max singular value)
    Estimated rank (data): 32
    data: rank 32 computed from 32 data channels with 0 projectors
Reducing data rank from 32 -> 32
Estimating class=0 covariance using LEDOIT_WOLF
Done.
Estimating class=1 covariance using LEDOIT_WOLF
Done.
Computing rank from data with rank=None
    Using tolerance 81 (2.2e-16 eps * 32 dim * 1.1e+16  max singular value)
    Estimated rank (data): 32
    data: rank 32 computed from 32 data channels with 0 projectors
Reducing data rank from 32 -> 32
Estimating class=0 covariance using LEDOIT_WOLF
Done.
Estimating class=1 covariance using LEDOIT_WOLF
Done.
Computing rank from data with rank=None
    Using tolerance 60 (2.2e-16 eps * 32 dim * 8.5e+15  max singular value)
    Estimated rank (data): 32
    data: rank 32 computed from 32 data channels with 0 projectors
Reducing data rank from 32 -> 32
Estimating class=0 covariance using LEDOIT_WOLF
Done.
Estimating class=1 covariance using LEDOIT_WOLF
Done.
Computing rank from data with rank=None
    Using tolerance 1.6e+02 (2.2e-16 eps * 32 dim * 2.3e+16  max singular value)
    Estimated rank (data): 32
    data: rank 32 computed from 32 data channels with 0 projectors
Reducing data rank from 32 -> 32
Estimating class=0 covariance using LEDOIT_WOLF
Done.
Estimating class=1 covariance using LEDOIT_WOLF
Done.
Computing rank from data with rank=None
    Using tolerance 1.7e+02 (2.2e-16 eps * 32 dim * 2.4e+16  max singular value)
    Estimated rank (data): 32
    data: rank 32 computed from 32 data channels with 0 projectors
Reducing data rank from 32 -> 32
Estimating class=0 covariance using LEDOIT_WOLF
Done.
Estimating class=1 covariance using LEDOIT_WOLF
Done.
Computing rank from data with rank=None
    Using tolerance 97 (2.2e-16 eps * 32 dim * 1.4e+16  max singular value)
    Estimated rank (data): 32
    data: rank 32 computed from 32 data channels with 0 projectors
Reducing data rank from 32 -> 32
Estimating class=0 covariance using LEDOIT_WOLF
Done.
Estimating class=1 covariance using LEDOIT_WOLF
Done.
Computing rank from data with rank=None
    Using tolerance 85 (2.2e-16 eps * 32 dim * 1.2e+16  max singular value)
    Estimated rank (data): 32
    data: rank 32 computed from 32 data channels with 0 projectors
Reducing data rank from 32 -> 32
Estimating class=0 covariance using LEDOIT_WOLF
Done.
Estimating class=1 covariance using LEDOIT_WOLF
Done.
Computing rank from data with rank=None
    Using tolerance 78 (2.2e-16 eps * 32 dim * 1.1e+16  max singular value)
    Estimated rank (data): 32
    data: rank 32 computed from 32 data channels with 0 projectors
Reducing data rank from 32 -> 32
Estimating class=0 covariance using LEDOIT_WOLF
Done.
Estimating class=1 covariance using LEDOIT_WOLF
Done.
Computing rank from data with rank=None
    Using tolerance 69 (2.2e-16 eps * 32 dim * 9.7e+15  max singular value)
    Estimated rank (data): 32
    data: rank 32 computed from 32 data channels with 0 projectors
Reducing data rank from 32 -> 32
Estimating class=0 covariance using LEDOIT_WOLF
Done.
Estimating class=1 covariance using LEDOIT_WOLF
Done.
Computing rank from data with rank=None
    Using tolerance 64 (2.2e-16 eps * 32 dim * 9.1e+15  max singular value)
    Estimated rank (data): 32
    data: rank 32 computed from 32 data channels with 0 projectors
Reducing data rank from 32 -> 32
Estimating class=0 covariance using LEDOIT_WOLF
Done.
Estimating class=1 covariance using LEDOIT_WOLF
Done.
Computing rank from data with rank=None
    Using tolerance 57 (2.2e-16 eps * 32 dim * 8.1e+15  max singular value)
    Estimated rank (data): 32
    data: rank 32 computed from 32 data channels with 0 projectors
Reducing data rank from 32 -> 32
Estimating class=0 covariance using LEDOIT_WOLF
Done.
Estimating class=1 covariance using LEDOIT_WOLF
Done.
Computing rank from data with rank=None
    Using tolerance 43 (2.2e-16 eps * 32 dim * 6e+15  max singular value)
    Estimated rank (data): 32
    data: rank 32 computed from 32 data channels with 0 projectors
Reducing data rank from 32 -> 32
Estimating class=0 covariance using LEDOIT_WOLF
Done.
Estimating class=1 covariance using LEDOIT_WOLF
Done.
      pool treinado (122s) — serve aos 5 alvos do grupo
      S007 fold 0: acc3=0.733
      S007 fold 1: acc3=0.828
      S007 fold 2: acc3=0.862
      S052 fold 0: acc3=0.429
      S052 fold 1: acc3=0.429
      S052 fold 2: acc3=0.593
      S071 fold 0: acc3=0.655
      S071 fold 1: acc3=0.679
      S071 fold 2: acc3=0.464
      S079 fold 0: acc3=0.444
      S079 fold 1: acc3=0.296
      S079 fold 2: acc3=0.500
      S109 fold 0: acc3=0.300
      S109 fold 1: acc3=0.483
      S109 fold 2: acc3=0.207
  grupo 3/6 | alvos [12, 34, 60, 91, 95] | pool=98 (5min)
Computing rank from data with rank=None
    Using tolerance 2.4e+02 (2.2e-16 eps * 32 dim * 3.3e+16  max singular value)
    Estimated rank (data): 32
    data: rank 32 computed from 32 data channels with 0 projectors
Reducing data rank from 32 -> 32
Estimating class=0 covariance using LEDOIT_WOLF
Done.
Estimating class=1 covariance using LEDOIT_WOLF
Done.
Computing rank from data with rank=None
    Using tolerance 2.5e+02 (2.2e-16 eps * 32 dim * 3.6e+16  max singular value)
    Estimated rank (data): 32
    data: rank 32 computed from 32 data channels with 0 projectors
Reducing data rank from 32 -> 32
Estimating class=0 covariance using LEDOIT_WOLF
Done.
Estimating class=1 covariance using LEDOIT_WOLF
Done.
Computing rank from data with rank=None
    Using tolerance 1.5e+02 (2.2e-16 eps * 32 dim * 2e+16  max singular value)
    Estimated rank (data): 32
    data: rank 32 computed from 32 data channels with 0 projectors
Reducing data rank from 32 -> 32
Estimating class=0 covariance using LEDOIT_WOLF
Done.
Estimating class=1 covariance using LEDOIT_WOLF
Done.
Computing rank from data with rank=None
    Using tolerance 1.3e+02 (2.2e-16 eps * 32 dim * 1.8e+16  max singular value)
    Estimated rank (data): 32
    data: rank 32 computed from 32 data channels with 0 projectors
Reducing data rank from 32 -> 32
Estimating class=0 covariance using LEDOIT_WOLF
Done.
Estimating class=1 covariance using LEDOIT_WOLF
Done.
Computing rank from data with rank=None
    Using tolerance 1.2e+02 (2.2e-16 eps * 32 dim * 1.6e+16  max singular value)
    Estimated rank (data): 32
    data: rank 32 computed from 32 data channels with 0 projectors
Reducing data rank from 32 -> 32
Estimating class=0 covariance using LEDOIT_WOLF
Done.
Estimating class=1 covariance using LEDOIT_WOLF
Done.
Computing rank from data with rank=None
    Using tolerance 99 (2.2e-16 eps * 32 dim * 1.4e+16  max singular value)
    Estimated rank (data): 32
    data: rank 32 computed from 32 data channels with 0 projectors
Reducing data rank from 32 -> 32
Estimating class=0 covariance using LEDOIT_WOLF
Done.
Estimating class=1 covariance using LEDOIT_WOLF
Done.
Computing rank from data with rank=None
    Using tolerance 92 (2.2e-16 eps * 32 dim * 1.3e+16  max singular value)
    Estimated rank (data): 32
    data: rank 32 computed from 32 data channels with 0 projectors
Reducing data rank from 32 -> 32
Estimating class=0 covariance using LEDOIT_WOLF
Done.
Estimating class=1 covariance using LEDOIT_WOLF
Done.
Computing rank from data with rank=None
    Using tolerance 80 (2.2e-16 eps * 32 dim * 1.1e+16  max singular value)
    Estimated rank (data): 32
    data: rank 32 computed from 32 data channels with 0 projectors
Reducing data rank from 32 -> 32
Estimating class=0 covariance using LEDOIT_WOLF
Done.
Estimating class=1 covariance using LEDOIT_WOLF
Done.
Computing rank from data with rank=None
    Using tolerance 59 (2.2e-16 eps * 32 dim * 8.4e+15  max singular value)
    Estimated rank (data): 32
    data: rank 32 computed from 32 data channels with 0 projectors
Reducing data rank from 32 -> 32
Estimating class=0 covariance using LEDOIT_WOLF
Done.
Estimating class=1 covariance using LEDOIT_WOLF
Done.
Computing rank from data with rank=None
    Using tolerance 1.6e+02 (2.2e-16 eps * 32 dim * 2.3e+16  max singular value)
    Estimated rank (data): 32
    data: rank 32 computed from 32 data channels with 0 projectors
Reducing data rank from 32 -> 32
Estimating class=0 covariance using LEDOIT_WOLF
Done.
Estimating class=1 covariance using LEDOIT_WOLF
Done.
Computing rank from data with rank=None
    Using tolerance 1.7e+02 (2.2e-16 eps * 32 dim * 2.4e+16  max singular value)
    Estimated rank (data): 32
    data: rank 32 computed from 32 data channels with 0 projectors
Reducing data rank from 32 -> 32
Estimating class=0 covariance using LEDOIT_WOLF
Done.
Estimating class=1 covariance using LEDOIT_WOLF
Done.
Computing rank from data with rank=None
    Using tolerance 98 (2.2e-16 eps * 32 dim * 1.4e+16  max singular value)
    Estimated rank (data): 32
    data: rank 32 computed from 32 data channels with 0 projectors
Reducing data rank from 32 -> 32
Estimating class=0 covariance using LEDOIT_WOLF
Done.
Estimating class=1 covariance using LEDOIT_WOLF
Done.
Computing rank from data with rank=None
    Using tolerance 86 (2.2e-16 eps * 32 dim * 1.2e+16  max singular value)
    Estimated rank (data): 32
    data: rank 32 computed from 32 data channels with 0 projectors
Reducing data rank from 32 -> 32
Estimating class=0 covariance using LEDOIT_WOLF
Done.
Estimating class=1 covariance using LEDOIT_WOLF
Done.
Computing rank from data with rank=None
    Using tolerance 78 (2.2e-16 eps * 32 dim * 1.1e+16  max singular value)
    Estimated rank (data): 32
    data: rank 32 computed from 32 data channels with 0 projectors
Reducing data rank from 32 -> 32
Estimating class=0 covariance using LEDOIT_WOLF
Done.
Estimating class=1 covariance using LEDOIT_WOLF
Done.
Computing rank from data with rank=None
    Using tolerance 68 (2.2e-16 eps * 32 dim * 9.6e+15  max singular value)
    Estimated rank (data): 32
    data: rank 32 computed from 32 data channels with 0 projectors
Reducing data rank from 32 -> 32
Estimating class=0 covariance using LEDOIT_WOLF
Done.
Estimating class=1 covariance using LEDOIT_WOLF
Done.
Computing rank from data with rank=None
    Using tolerance 64 (2.2e-16 eps * 32 dim * 9e+15  max singular value)
    Estimated rank (data): 32
    data: rank 32 computed from 32 data channels with 0 projectors
Reducing data rank from 32 -> 32
Estimating class=0 covariance using LEDOIT_WOLF
Done.
Estimating class=1 covariance using LEDOIT_WOLF
Done.
Computing rank from data with rank=None
    Using tolerance 57 (2.2e-16 eps * 32 dim * 8e+15  max singular value)
    Estimated rank (data): 32
    data: rank 32 computed from 32 data channels with 0 projectors
Reducing data rank from 32 -> 32
Estimating class=0 covariance using LEDOIT_WOLF
Done.
Estimating class=1 covariance using LEDOIT_WOLF
Done.
Computing rank from data with rank=None
    Using tolerance 42 (2.2e-16 eps * 32 dim * 5.9e+15  max singular value)
    Estimated rank (data): 32
    data: rank 32 computed from 32 data channels with 0 projectors
Reducing data rank from 32 -> 32
Estimating class=0 covariance using LEDOIT_WOLF
Done.
Estimating class=1 covariance using LEDOIT_WOLF
Done.
      pool treinado (122s) — serve aos 5 alvos do grupo
      S012 fold 0: acc3=0.700
      S012 fold 1: acc3=0.467
      S012 fold 2: acc3=0.586
      S034 fold 0: acc3=0.586
      S034 fold 1: acc3=0.759
      S034 fold 2: acc3=0.655
      S060 fold 0: acc3=0.552
      S060 fold 1: acc3=0.586
      S060 fold 2: acc3=0.414
      S091 fold 0: acc3=0.500
      S091 fold 1: acc3=0.500
      S091 fold 2: acc3=0.517
      S095 fold 0: acc3=0.407
      S095 fold 1: acc3=0.444
      S095 fold 2: acc3=0.370
  grupo 4/6 | alvos [25, 31, 87, 106, 108] | pool=98 (7min)
Computing rank from data with rank=None
    Using tolerance 2.4e+02 (2.2e-16 eps * 32 dim * 3.4e+16  max singular value)
    Estimated rank (data): 32
    data: rank 32 computed from 32 data channels with 0 projectors
Reducing data rank from 32 -> 32
Estimating class=0 covariance using LEDOIT_WOLF
Done.
Estimating class=1 covariance using LEDOIT_WOLF
Done.
Computing rank from data with rank=None
    Using tolerance 2.5e+02 (2.2e-16 eps * 32 dim * 3.5e+16  max singular value)
    Estimated rank (data): 32
    data: rank 32 computed from 32 data channels with 0 projectors
Reducing data rank from 32 -> 32
Estimating class=0 covariance using LEDOIT_WOLF
Done.
Estimating class=1 covariance using LEDOIT_WOLF
Done.
Computing rank from data with rank=None
    Using tolerance 1.5e+02 (2.2e-16 eps * 32 dim * 2e+16  max singular value)
    Estimated rank (data): 32
    data: rank 32 computed from 32 data channels with 0 projectors
Reducing data rank from 32 -> 32
Estimating class=0 covariance using LEDOIT_WOLF
Done.
Estimating class=1 covariance using LEDOIT_WOLF
Done.
Computing rank from data with rank=None
    Using tolerance 1.3e+02 (2.2e-16 eps * 32 dim * 1.8e+16  max singular value)
    Estimated rank (data): 32
    data: rank 32 computed from 32 data channels with 0 projectors
Reducing data rank from 32 -> 32
Estimating class=0 covariance using LEDOIT_WOLF
Done.
Estimating class=1 covariance using LEDOIT_WOLF
Done.
Computing rank from data with rank=None
    Using tolerance 1.2e+02 (2.2e-16 eps * 32 dim * 1.6e+16  max singular value)
    Estimated rank (data): 32
    data: rank 32 computed from 32 data channels with 0 projectors
Reducing data rank from 32 -> 32
Estimating class=0 covariance using LEDOIT_WOLF
Done.
Estimating class=1 covariance using LEDOIT_WOLF
Done.
Computing rank from data with rank=None
    Using tolerance 99 (2.2e-16 eps * 32 dim * 1.4e+16  max singular value)
    Estimated rank (data): 32
    data: rank 32 computed from 32 data channels with 0 projectors
Reducing data rank from 32 -> 32
Estimating class=0 covariance using LEDOIT_WOLF
Done.
Estimating class=1 covariance using LEDOIT_WOLF
Done.
Computing rank from data with rank=None
    Using tolerance 92 (2.2e-16 eps * 32 dim * 1.3e+16  max singular value)
    Estimated rank (data): 32
    data: rank 32 computed from 32 data channels with 0 projectors
Reducing data rank from 32 -> 32
Estimating class=0 covariance using LEDOIT_WOLF
Done.
Estimating class=1 covariance using LEDOIT_WOLF
Done.
Computing rank from data with rank=None
    Using tolerance 80 (2.2e-16 eps * 32 dim * 1.1e+16  max singular value)
    Estimated rank (data): 32
    data: rank 32 computed from 32 data channels with 0 projectors
Reducing data rank from 32 -> 32
Estimating class=0 covariance using LEDOIT_WOLF
Done.
Estimating class=1 covariance using LEDOIT_WOLF
Done.
Computing rank from data with rank=None
    Using tolerance 60 (2.2e-16 eps * 32 dim * 8.4e+15  max singular value)
    Estimated rank (data): 32
    data: rank 32 computed from 32 data channels with 0 projectors
Reducing data rank from 32 -> 32
Estimating class=0 covariance using LEDOIT_WOLF
Done.
Estimating class=1 covariance using LEDOIT_WOLF
Done.
Computing rank from data with rank=None
    Using tolerance 1.6e+02 (2.2e-16 eps * 32 dim * 2.3e+16  max singular value)
    Estimated rank (data): 32
    data: rank 32 computed from 32 data channels with 0 projectors
Reducing data rank from 32 -> 32
Estimating class=0 covariance using LEDOIT_WOLF
Done.
Estimating class=1 covariance using LEDOIT_WOLF
Done.
Computing rank from data with rank=None
    Using tolerance 1.7e+02 (2.2e-16 eps * 32 dim * 2.3e+16  max singular value)
    Estimated rank (data): 32
    data: rank 32 computed from 32 data channels with 0 projectors
Reducing data rank from 32 -> 32
Estimating class=0 covariance using LEDOIT_WOLF
Done.
Estimating class=1 covariance using LEDOIT_WOLF
Done.
Computing rank from data with rank=None
    Using tolerance 98 (2.2e-16 eps * 32 dim * 1.4e+16  max singular value)
    Estimated rank (data): 32
    data: rank 32 computed from 32 data channels with 0 projectors
Reducing data rank from 32 -> 32
Estimating class=0 covariance using LEDOIT_WOLF
Done.
Estimating class=1 covariance using LEDOIT_WOLF
Done.
Computing rank from data with rank=None
    Using tolerance 86 (2.2e-16 eps * 32 dim * 1.2e+16  max singular value)
    Estimated rank (data): 32
    data: rank 32 computed from 32 data channels with 0 projectors
Reducing data rank from 32 -> 32
Estimating class=0 covariance using LEDOIT_WOLF
Done.
Estimating class=1 covariance using LEDOIT_WOLF
Done.
Computing rank from data with rank=None
    Using tolerance 78 (2.2e-16 eps * 32 dim * 1.1e+16  max singular value)
    Estimated rank (data): 32
    data: rank 32 computed from 32 data channels with 0 projectors
Reducing data rank from 32 -> 32
Estimating class=0 covariance using LEDOIT_WOLF
Done.
Estimating class=1 covariance using LEDOIT_WOLF
Done.
Computing rank from data with rank=None
    Using tolerance 69 (2.2e-16 eps * 32 dim * 9.6e+15  max singular value)
    Estimated rank (data): 32
    data: rank 32 computed from 32 data channels with 0 projectors
Reducing data rank from 32 -> 32
Estimating class=0 covariance using LEDOIT_WOLF
Done.
Estimating class=1 covariance using LEDOIT_WOLF
Done.
Computing rank from data with rank=None
    Using tolerance 64 (2.2e-16 eps * 32 dim * 9e+15  max singular value)
    Estimated rank (data): 32
    data: rank 32 computed from 32 data channels with 0 projectors
Reducing data rank from 32 -> 32
Estimating class=0 covariance using LEDOIT_WOLF
Done.
Estimating class=1 covariance using LEDOIT_WOLF
Done.
Computing rank from data with rank=None
    Using tolerance 57 (2.2e-16 eps * 32 dim * 8e+15  max singular value)
    Estimated rank (data): 32
    data: rank 32 computed from 32 data channels with 0 projectors
Reducing data rank from 32 -> 32
Estimating class=0 covariance using LEDOIT_WOLF
Done.
Estimating class=1 covariance using LEDOIT_WOLF
Done.
Computing rank from data with rank=None
    Using tolerance 42 (2.2e-16 eps * 32 dim * 6e+15  max singular value)
    Estimated rank (data): 32
    data: rank 32 computed from 32 data channels with 0 projectors
Reducing data rank from 32 -> 32
Estimating class=0 covariance using LEDOIT_WOLF
Done.
Estimating class=1 covariance using LEDOIT_WOLF
Done.
      pool treinado (121s) — serve aos 5 alvos do grupo
      S025 fold 0: acc3=0.567
      S025 fold 1: acc3=0.500
      S025 fold 2: acc3=0.724
      S031 fold 0: acc3=0.400
      S031 fold 1: acc3=0.533
      S031 fold 2: acc3=0.586
      S087 fold 0: acc3=0.207
      S087 fold 1: acc3=0.517
      S087 fold 2: acc3=0.241
      S106 fold 0: acc3=0.467
      S106 fold 1: acc3=0.586
      S106 fold 2: acc3=0.517
      S108 fold 0: acc3=0.586
      S108 fold 1: acc3=0.483
      S108 fold 2: acc3=0.517
  grupo 5/6 | alvos [41, 45, 63, 83, 105] | pool=98 (9min)
Computing rank from data with rank=None
    Using tolerance 2.5e+02 (2.2e-16 eps * 32 dim * 3.5e+16  max singular value)
    Estimated rank (data): 32
    data: rank 32 computed from 32 data channels with 0 projectors
Reducing data rank from 32 -> 32
Estimating class=0 covariance using LEDOIT_WOLF
Done.
Estimating class=1 covariance using LEDOIT_WOLF
Done.
Computing rank from data with rank=None
    Using tolerance 2.5e+02 (2.2e-16 eps * 32 dim * 3.6e+16  max singular value)
    Estimated rank (data): 32
    data: rank 32 computed from 32 data channels with 0 projectors
Reducing data rank from 32 -> 32
Estimating class=0 covariance using LEDOIT_WOLF
Done.
Estimating class=1 covariance using LEDOIT_WOLF
Done.
Computing rank from data with rank=None
    Using tolerance 1.5e+02 (2.2e-16 eps * 32 dim * 2.1e+16  max singular value)
    Estimated rank (data): 32
    data: rank 32 computed from 32 data channels with 0 projectors
Reducing data rank from 32 -> 32
Estimating class=0 covariance using LEDOIT_WOLF
Done.
Estimating class=1 covariance using LEDOIT_WOLF
Done.
Computing rank from data with rank=None
    Using tolerance 1.3e+02 (2.2e-16 eps * 32 dim * 1.8e+16  max singular value)
    Estimated rank (data): 32
    data: rank 32 computed from 32 data channels with 0 projectors
Reducing data rank from 32 -> 32
Estimating class=0 covariance using LEDOIT_WOLF
Done.
Estimating class=1 covariance using LEDOIT_WOLF
Done.
Computing rank from data with rank=None
    Using tolerance 1.2e+02 (2.2e-16 eps * 32 dim * 1.6e+16  max singular value)
    Estimated rank (data): 32
    data: rank 32 computed from 32 data channels with 0 projectors
Reducing data rank from 32 -> 32
Estimating class=0 covariance using LEDOIT_WOLF
Done.
Estimating class=1 covariance using LEDOIT_WOLF
Done.
Computing rank from data with rank=None
    Using tolerance 99 (2.2e-16 eps * 32 dim * 1.4e+16  max singular value)
    Estimated rank (data): 32
    data: rank 32 computed from 32 data channels with 0 projectors
Reducing data rank from 32 -> 32
Estimating class=0 covariance using LEDOIT_WOLF
Done.
Estimating class=1 covariance using LEDOIT_WOLF
Done.
Computing rank from data with rank=None
    Using tolerance 92 (2.2e-16 eps * 32 dim * 1.3e+16  max singular value)
    Estimated rank (data): 32
    data: rank 32 computed from 32 data channels with 0 projectors
Reducing data rank from 32 -> 32
Estimating class=0 covariance using LEDOIT_WOLF
Done.
Estimating class=1 covariance using LEDOIT_WOLF
Done.
Computing rank from data with rank=None
    Using tolerance 81 (2.2e-16 eps * 32 dim * 1.1e+16  max singular value)
    Estimated rank (data): 32
    data: rank 32 computed from 32 data channels with 0 projectors
Reducing data rank from 32 -> 32
Estimating class=0 covariance using LEDOIT_WOLF
Done.
Estimating class=1 covariance using LEDOIT_WOLF
Done.
Computing rank from data with rank=None
    Using tolerance 60 (2.2e-16 eps * 32 dim * 8.5e+15  max singular value)
    Estimated rank (data): 32
    data: rank 32 computed from 32 data channels with 0 projectors
Reducing data rank from 32 -> 32
Estimating class=0 covariance using LEDOIT_WOLF
Done.
Estimating class=1 covariance using LEDOIT_WOLF
Done.
Computing rank from data with rank=None
    Using tolerance 1.7e+02 (2.2e-16 eps * 32 dim * 2.3e+16  max singular value)
    Estimated rank (data): 32
    data: rank 32 computed from 32 data channels with 0 projectors
Reducing data rank from 32 -> 32
Estimating class=0 covariance using LEDOIT_WOLF
Done.
Estimating class=1 covariance using LEDOIT_WOLF
Done.
Computing rank from data with rank=None
    Using tolerance 1.7e+02 (2.2e-16 eps * 32 dim * 2.4e+16  max singular value)
    Estimated rank (data): 32
    data: rank 32 computed from 32 data channels with 0 projectors
Reducing data rank from 32 -> 32
Estimating class=0 covariance using LEDOIT_WOLF
Done.
Estimating class=1 covariance using LEDOIT_WOLF
Done.
Computing rank from data with rank=None
    Using tolerance 99 (2.2e-16 eps * 32 dim * 1.4e+16  max singular value)
    Estimated rank (data): 32
    data: rank 32 computed from 32 data channels with 0 projectors
Reducing data rank from 32 -> 32
Estimating class=0 covariance using LEDOIT_WOLF
Done.
Estimating class=1 covariance using LEDOIT_WOLF
Done.
Computing rank from data with rank=None
    Using tolerance 86 (2.2e-16 eps * 32 dim * 1.2e+16  max singular value)
    Estimated rank (data): 32
    data: rank 32 computed from 32 data channels with 0 projectors
Reducing data rank from 32 -> 32
Estimating class=0 covariance using LEDOIT_WOLF
Done.
Estimating class=1 covariance using LEDOIT_WOLF
Done.
Computing rank from data with rank=None
    Using tolerance 78 (2.2e-16 eps * 32 dim * 1.1e+16  max singular value)
    Estimated rank (data): 32
    data: rank 32 computed from 32 data channels with 0 projectors
Reducing data rank from 32 -> 32
Estimating class=0 covariance using LEDOIT_WOLF
Done.
Estimating class=1 covariance using LEDOIT_WOLF
Done.
Computing rank from data with rank=None
    Using tolerance 69 (2.2e-16 eps * 32 dim * 9.7e+15  max singular value)
    Estimated rank (data): 32
    data: rank 32 computed from 32 data channels with 0 projectors
Reducing data rank from 32 -> 32
Estimating class=0 covariance using LEDOIT_WOLF
Done.
Estimating class=1 covariance using LEDOIT_WOLF
Done.
Computing rank from data with rank=None
    Using tolerance 64 (2.2e-16 eps * 32 dim * 9e+15  max singular value)
    Estimated rank (data): 32
    data: rank 32 computed from 32 data channels with 0 projectors
Reducing data rank from 32 -> 32
Estimating class=0 covariance using LEDOIT_WOLF
Done.
Estimating class=1 covariance using LEDOIT_WOLF
Done.
Computing rank from data with rank=None
    Using tolerance 57 (2.2e-16 eps * 32 dim * 8.1e+15  max singular value)
    Estimated rank (data): 32
    data: rank 32 computed from 32 data channels with 0 projectors
Reducing data rank from 32 -> 32
Estimating class=0 covariance using LEDOIT_WOLF
Done.
Estimating class=1 covariance using LEDOIT_WOLF
Done.
Computing rank from data with rank=None
    Using tolerance 43 (2.2e-16 eps * 32 dim * 6e+15  max singular value)
    Estimated rank (data): 32
    data: rank 32 computed from 32 data channels with 0 projectors
Reducing data rank from 32 -> 32
Estimating class=0 covariance using LEDOIT_WOLF
Done.
Estimating class=1 covariance using LEDOIT_WOLF
Done.
      pool treinado (121s) — serve aos 5 alvos do grupo
      S041 fold 0: acc3=0.433
      S041 fold 1: acc3=0.414
      S041 fold 2: acc3=0.552
      S045 fold 0: acc3=0.600
      S045 fold 1: acc3=0.633
      S045 fold 2: acc3=0.586
      S063 fold 0: acc3=0.414
      S063 fold 1: acc3=0.276
      S063 fold 2: acc3=0.357
      S083 fold 0: acc3=0.533
      S083 fold 1: acc3=0.667
      S083 fold 2: acc3=0.655
      S105 fold 0: acc3=0.500
      S105 fold 1: acc3=0.467
      S105 fold 2: acc3=0.517
  grupo 6/6 | alvos [18, 49, 68, 76, 98] | pool=98 (11min)
Computing rank from data with rank=None
    Using tolerance 2.4e+02 (2.2e-16 eps * 32 dim * 3.4e+16  max singular value)
    Estimated rank (data): 32
    data: rank 32 computed from 32 data channels with 0 projectors
Reducing data rank from 32 -> 32
Estimating class=0 covariance using LEDOIT_WOLF
Done.
Estimating class=1 covariance using LEDOIT_WOLF
Done.
Computing rank from data with rank=None
    Using tolerance 2.6e+02 (2.2e-16 eps * 32 dim * 3.6e+16  max singular value)
    Estimated rank (data): 32
    data: rank 32 computed from 32 data channels with 0 projectors
Reducing data rank from 32 -> 32
Estimating class=0 covariance using LEDOIT_WOLF
Done.
Estimating class=1 covariance using LEDOIT_WOLF
Done.
Computing rank from data with rank=None
    Using tolerance 1.5e+02 (2.2e-16 eps * 32 dim * 2.1e+16  max singular value)
    Estimated rank (data): 32
    data: rank 32 computed from 32 data channels with 0 projectors
Reducing data rank from 32 -> 32
Estimating class=0 covariance using LEDOIT_WOLF
Done.
Estimating class=1 covariance using LEDOIT_WOLF
Done.
Computing rank from data with rank=None
    Using tolerance 1.3e+02 (2.2e-16 eps * 32 dim * 1.8e+16  max singular value)
    Estimated rank (data): 32
    data: rank 32 computed from 32 data channels with 0 projectors
Reducing data rank from 32 -> 32
Estimating class=0 covariance using LEDOIT_WOLF
Done.
Estimating class=1 covariance using LEDOIT_WOLF
Done.
Computing rank from data with rank=None
    Using tolerance 1.1e+02 (2.2e-16 eps * 32 dim * 1.6e+16  max singular value)
    Estimated rank (data): 32
    data: rank 32 computed from 32 data channels with 0 projectors
Reducing data rank from 32 -> 32
Estimating class=0 covariance using LEDOIT_WOLF
Done.
Estimating class=1 covariance using LEDOIT_WOLF
Done.
Computing rank from data with rank=None
    Using tolerance 1e+02 (2.2e-16 eps * 32 dim * 1.4e+16  max singular value)
    Estimated rank (data): 32
    data: rank 32 computed from 32 data channels with 0 projectors
Reducing data rank from 32 -> 32
Estimating class=0 covariance using LEDOIT_WOLF
Done.
Estimating class=1 covariance using LEDOIT_WOLF
Done.
Computing rank from data with rank=None
    Using tolerance 91 (2.2e-16 eps * 32 dim * 1.3e+16  max singular value)
    Estimated rank (data): 32
    data: rank 32 computed from 32 data channels with 0 projectors
Reducing data rank from 32 -> 32
Estimating class=0 covariance using LEDOIT_WOLF
Done.
Estimating class=1 covariance using LEDOIT_WOLF
Done.
Computing rank from data with rank=None
    Using tolerance 81 (2.2e-16 eps * 32 dim * 1.1e+16  max singular value)
    Estimated rank (data): 32
    data: rank 32 computed from 32 data channels with 0 projectors
Reducing data rank from 32 -> 32
Estimating class=0 covariance using LEDOIT_WOLF
Done.
Estimating class=1 covariance using LEDOIT_WOLF
Done.
Computing rank from data with rank=None
    Using tolerance 61 (2.2e-16 eps * 32 dim * 8.5e+15  max singular value)
    Estimated rank (data): 32
    data: rank 32 computed from 32 data channels with 0 projectors
Reducing data rank from 32 -> 32
Estimating class=0 covariance using LEDOIT_WOLF
Done.
Estimating class=1 covariance using LEDOIT_WOLF
Done.
Computing rank from data with rank=None
    Using tolerance 1.7e+02 (2.2e-16 eps * 32 dim * 2.3e+16  max singular value)
    Estimated rank (data): 32
    data: rank 32 computed from 32 data channels with 0 projectors
Reducing data rank from 32 -> 32
Estimating class=0 covariance using LEDOIT_WOLF
Done.
Estimating class=1 covariance using LEDOIT_WOLF
Done.
Computing rank from data with rank=None
    Using tolerance 1.7e+02 (2.2e-16 eps * 32 dim * 2.4e+16  max singular value)
    Estimated rank (data): 32
    data: rank 32 computed from 32 data channels with 0 projectors
Reducing data rank from 32 -> 32
Estimating class=0 covariance using LEDOIT_WOLF
Done.
Estimating class=1 covariance using LEDOIT_WOLF
Done.
Computing rank from data with rank=None
    Using tolerance 1e+02 (2.2e-16 eps * 32 dim * 1.4e+16  max singular value)
    Estimated rank (data): 32
    data: rank 32 computed from 32 data channels with 0 projectors
Reducing data rank from 32 -> 32
Estimating class=0 covariance using LEDOIT_WOLF
Done.
Estimating class=1 covariance using LEDOIT_WOLF
Done.
Computing rank from data with rank=None
    Using tolerance 86 (2.2e-16 eps * 32 dim * 1.2e+16  max singular value)
    Estimated rank (data): 32
    data: rank 32 computed from 32 data channels with 0 projectors
Reducing data rank from 32 -> 32
Estimating class=0 covariance using LEDOIT_WOLF
Done.
Estimating class=1 covariance using LEDOIT_WOLF
Done.
Computing rank from data with rank=None
    Using tolerance 78 (2.2e-16 eps * 32 dim * 1.1e+16  max singular value)
    Estimated rank (data): 32
    data: rank 32 computed from 32 data channels with 0 projectors
Reducing data rank from 32 -> 32
Estimating class=0 covariance using LEDOIT_WOLF
Done.
Estimating class=1 covariance using LEDOIT_WOLF
Done.
Computing rank from data with rank=None
    Using tolerance 69 (2.2e-16 eps * 32 dim * 9.7e+15  max singular value)
    Estimated rank (data): 32
    data: rank 32 computed from 32 data channels with 0 projectors
Reducing data rank from 32 -> 32
Estimating class=0 covariance using LEDOIT_WOLF
Done.
Estimating class=1 covariance using LEDOIT_WOLF
Done.
Computing rank from data with rank=None
    Using tolerance 64 (2.2e-16 eps * 32 dim * 9e+15  max singular value)
    Estimated rank (data): 32
    data: rank 32 computed from 32 data channels with 0 projectors
Reducing data rank from 32 -> 32
Estimating class=0 covariance using LEDOIT_WOLF
Done.
Estimating class=1 covariance using LEDOIT_WOLF
Done.
Computing rank from data with rank=None
    Using tolerance 58 (2.2e-16 eps * 32 dim * 8.1e+15  max singular value)
    Estimated rank (data): 32
    data: rank 32 computed from 32 data channels with 0 projectors
Reducing data rank from 32 -> 32
Estimating class=0 covariance using LEDOIT_WOLF
Done.
Estimating class=1 covariance using LEDOIT_WOLF
Done.
Computing rank from data with rank=None
    Using tolerance 43 (2.2e-16 eps * 32 dim * 6e+15  max singular value)
    Estimated rank (data): 32
    data: rank 32 computed from 32 data channels with 0 projectors
Reducing data rank from 32 -> 32
Estimating class=0 covariance using LEDOIT_WOLF
Done.
Estimating class=1 covariance using LEDOIT_WOLF
Done.
      pool treinado (123s) — serve aos 5 alvos do grupo
      S018 fold 0: acc3=0.533
      S018 fold 1: acc3=0.552
      S018 fold 2: acc3=0.310
      S049 fold 0: acc3=0.667
      S049 fold 1: acc3=0.467
      S049 fold 2: acc3=0.621
      S068 fold 0: acc3=0.586
      S068 fold 1: acc3=0.500
      S068 fold 2: acc3=0.464
      S076 fold 0: acc3=0.433
      S076 fold 1: acc3=0.517
      S076 fold 2: acc3=0.448
      S098 fold 0: acc3=0.467
      S098 fold 1: acc3=0.533
      S098 fold 2: acc3=0.379

BENCH_MONTAGENS_DONE (14min)
CUDA=True | montagens=['32'] | modelos=['riemannian'] | alvos=30 | folds=3
  contrato 5cb6c6358c | banda 4-40 Hz ordem 5 | CAR on | IQR k=1.5 | calib 48 | fases mi
  aninhamento 2<4<8<16<21<32<64 verificado
  montagem      E  D centro  simetria
  64           27 27     10  sim
  32           14 14      4  sim
  21            9  8      4  NAO (aceita por decisao)
  16            6  6      4  sim
  8             3  3      2  sim
  4             2  2      0  sim
  2             1  1      0  sim
  3             1  1      1  sim
  sem_fz        4  3      1  NAO (aceita por decisao)
  posterior8    4  4      0  sim
  ocular4       2  2      0  sim
  celulas gemeas pendentes: riemannian.banda_do_artigo (rodar de novo com --banda 8 30)
  6 grupos de alvos (semente 42), pool = 98 sujeitos:
    grupo 1: [3, 22, 57, 102, 107]
    grupo 2: [7, 52, 71, 79, 109]
    grupo 3: [12, 34, 60, 91, 95]
    grupo 4: [25, 31, 87, 106, 108]
    grupo 5: [41, 45, 63, 83, 105]
    grupo 6: [18, 49, 68, 76, 98]
  retomando: 2880 celulas ja concluidas sob 5cb6c6358c

==============================================================
  MONTAGEM 32 (32 canais) | MODELO riemannian | 0min
==============================================================
  grupo 1/6 | alvos [3, 22, 57, 102, 107] | pool=98 (0min)
      pool treinado (13s) — serve aos 5 alvos do grupo
      S003 fold 0: acc3=0.400
      S003 fold 1: acc3=0.600
      S003 fold 2: acc3=0.467
      S022 fold 0: acc3=0.690
      S022 fold 1: acc3=0.552
      S022 fold 2: acc3=0.643
      S057 fold 0: acc3=0.467
      S057 fold 1: acc3=0.433
      S057 fold 2: acc3=0.533
      S102 fold 0: acc3=0.828
      S102 fold 1: acc3=0.690
      S102 fold 2: acc3=0.786
      S107 fold 0: acc3=0.464
      S107 fold 1: acc3=0.357
      S107 fold 2: acc3=0.370
  grupo 2/6 | alvos [7, 52, 71, 79, 109] | pool=98 (0min)
      pool treinado (12s) — serve aos 5 alvos do grupo
      S007 fold 0: acc3=0.700
      S007 fold 1: acc3=0.828
      S007 fold 2: acc3=0.897
      S052 fold 0: acc3=0.607
      S052 fold 1: acc3=0.429
      S052 fold 2: acc3=0.704
      S071 fold 0: acc3=0.586
      S071 fold 1: acc3=0.464
      S071 fold 2: acc3=0.571
      S079 fold 0: acc3=0.370
      S079 fold 1: acc3=0.407
      S079 fold 2: acc3=0.308
      S109 fold 0: acc3=0.300
      S109 fold 1: acc3=0.276
      S109 fold 2: acc3=0.379
  grupo 3/6 | alvos [12, 34, 60, 91, 95] | pool=98 (1min)
      pool treinado (12s) — serve aos 5 alvos do grupo
      S012 fold 0: acc3=0.767
      S012 fold 1: acc3=0.600
      S012 fold 2: acc3=0.759
      S034 fold 0: acc3=0.828
      S034 fold 1: acc3=0.793
      S034 fold 2: acc3=0.759
      S060 fold 0: acc3=0.621
      S060 fold 1: acc3=0.690
      S060 fold 2: acc3=0.655
      S091 fold 0: acc3=0.467
      S091 fold 1: acc3=0.700
      S091 fold 2: acc3=0.621
      S095 fold 0: acc3=0.444
      S095 fold 1: acc3=0.407
      S095 fold 2: acc3=0.296
  grupo 4/6 | alvos [25, 31, 87, 106, 108] | pool=98 (1min)
      pool treinado (13s) — serve aos 5 alvos do grupo
      S025 fold 0: acc3=0.700
      S025 fold 1: acc3=0.567
      S025 fold 2: acc3=0.655
      S031 fold 0: acc3=0.733
      S031 fold 1: acc3=0.767
      S031 fold 2: acc3=0.862
      S087 fold 0: acc3=0.276
      S087 fold 1: acc3=0.379
      S087 fold 2: acc3=0.379
      S106 fold 0: acc3=0.433
      S106 fold 1: acc3=0.621
      S106 fold 2: acc3=0.552
      S108 fold 0: acc3=0.552
      S108 fold 1: acc3=0.448
      S108 fold 2: acc3=0.517
  grupo 5/6 | alvos [41, 45, 63, 83, 105] | pool=98 (2min)
      pool treinado (13s) — serve aos 5 alvos do grupo
      S041 fold 0: acc3=0.700
      S041 fold 1: acc3=0.586
      S041 fold 2: acc3=0.621
      S045 fold 0: acc3=0.633
      S045 fold 1: acc3=0.667
      S045 fold 2: acc3=0.724
      S063 fold 0: acc3=0.552
      S063 fold 1: acc3=0.655
      S063 fold 2: acc3=0.500
      S083 fold 0: acc3=0.533
      S083 fold 1: acc3=0.733
      S083 fold 2: acc3=0.690
      S105 fold 0: acc3=0.700
      S105 fold 1: acc3=0.633
      S105 fold 2: acc3=0.483
  grupo 6/6 | alvos [18, 49, 68, 76, 98] | pool=98 (2min)
      pool treinado (12s) — serve aos 5 alvos do grupo
      S018 fold 0: acc3=0.567
      S018 fold 1: acc3=0.552
      S018 fold 2: acc3=0.483
      S049 fold 0: acc3=0.700
      S049 fold 1: acc3=0.700
      S049 fold 2: acc3=0.724
      S068 fold 0: acc3=0.448
      S068 fold 1: acc3=0.536
      S068 fold 2: acc3=0.571
      S076 fold 0: acc3=0.500
      S076 fold 1: acc3=0.621
      S076 fold 2: acc3=0.345
      S098 fold 0: acc3=0.533
      S098 fold 1: acc3=0.733
      S098 fold 2: acc3=0.621

BENCH_MONTAGENS_DONE (2min)
CUDA=True | montagens=['posterior8'] | modelos=['csp_lda'] | alvos=30 | folds=3
  contrato 5cb6c6358c | banda 4-40 Hz ordem 5 | CAR on | IQR k=1.5 | calib 48 | fases mi
  aninhamento 2<4<8<16<21<32<64 verificado
  montagem      E  D centro  simetria
  64           27 27     10  sim
  32           14 14      4  sim
  21            9  8      4  NAO (aceita por decisao)
  16            6  6      4  sim
  8             3  3      2  sim
  4             2  2      0  sim
  2             1  1      0  sim
  3             1  1      1  sim
  sem_fz        4  3      1  NAO (aceita por decisao)
  posterior8    4  4      0  sim
  ocular4       2  2      0  sim
  6 grupos de alvos (semente 42), pool = 98 sujeitos:
    grupo 1: [3, 22, 57, 102, 107]
    grupo 2: [7, 52, 71, 79, 109]
    grupo 3: [12, 34, 60, 91, 95]
    grupo 4: [25, 31, 87, 106, 108]
    grupo 5: [41, 45, 63, 83, 105]
    grupo 6: [18, 49, 68, 76, 98]
  retomando: 2970 celulas ja concluidas sob 5cb6c6358c

==============================================================
  MONTAGEM posterior8 (8 canais) | MODELO csp_lda | 0min
==============================================================

BENCH_MONTAGENS_DONE (0min)
CUDA=True | montagens=['posterior8'] | modelos=['fbcsp_svm'] | alvos=30 | folds=3
  contrato 5cb6c6358c | banda 4-40 Hz ordem 5 | CAR on | IQR k=1.5 | calib 48 | fases mi
  aninhamento 2<4<8<16<21<32<64 verificado
  montagem      E  D centro  simetria
  64           27 27     10  sim
  32           14 14      4  sim
  21            9  8      4  NAO (aceita por decisao)
  16            6  6      4  sim
  8             3  3      2  sim
  4             2  2      0  sim
  2             1  1      0  sim
  3             1  1      1  sim
  sem_fz        4  3      1  NAO (aceita por decisao)
  posterior8    4  4      0  sim
  ocular4       2  2      0  sim
  6 grupos de alvos (semente 42), pool = 98 sujeitos:
    grupo 1: [3, 22, 57, 102, 107]
    grupo 2: [7, 52, 71, 79, 109]
    grupo 3: [12, 34, 60, 91, 95]
    grupo 4: [25, 31, 87, 106, 108]
    grupo 5: [41, 45, 63, 83, 105]
    grupo 6: [18, 49, 68, 76, 98]
  retomando: 2970 celulas ja concluidas sob 5cb6c6358c

==============================================================
  MONTAGEM posterior8 (8 canais) | MODELO fbcsp_svm | 0min
==============================================================

BENCH_MONTAGENS_DONE (0min)
CUDA=True | montagens=['posterior8'] | modelos=['riemannian'] | alvos=30 | folds=3
  contrato 5cb6c6358c | banda 4-40 Hz ordem 5 | CAR on | IQR k=1.5 | calib 48 | fases mi
  aninhamento 2<4<8<16<21<32<64 verificado
  montagem      E  D centro  simetria
  64           27 27     10  sim
  32           14 14      4  sim
  21            9  8      4  NAO (aceita por decisao)
  16            6  6      4  sim
  8             3  3      2  sim
  4             2  2      0  sim
  2             1  1      0  sim
  3             1  1      1  sim
  sem_fz        4  3      1  NAO (aceita por decisao)
  posterior8    4  4      0  sim
  ocular4       2  2      0  sim
  celulas gemeas pendentes: riemannian.banda_do_artigo (rodar de novo com --banda 8 30)
  6 grupos de alvos (semente 42), pool = 98 sujeitos:
    grupo 1: [3, 22, 57, 102, 107]
    grupo 2: [7, 52, 71, 79, 109]
    grupo 3: [12, 34, 60, 91, 95]
    grupo 4: [25, 31, 87, 106, 108]
    grupo 5: [41, 45, 63, 83, 105]
    grupo 6: [18, 49, 68, 76, 98]
  retomando: 2970 celulas ja concluidas sob 5cb6c6358c

==============================================================
  MONTAGEM posterior8 (8 canais) | MODELO riemannian | 0min
==============================================================

BENCH_MONTAGENS_DONE (0min)
CUDA=True | montagens=['sem_fz'] | modelos=['csp_lda'] | alvos=30 | folds=3
  contrato 5cb6c6358c | banda 4-40 Hz ordem 5 | CAR on | IQR k=1.5 | calib 48 | fases mi
  aninhamento 2<4<8<16<21<32<64 verificado
  montagem      E  D centro  simetria
  64           27 27     10  sim
  32           14 14      4  sim
  21            9  8      4  NAO (aceita por decisao)
  16            6  6      4  sim
  8             3  3      2  sim
  4             2  2      0  sim
  2             1  1      0  sim
  3             1  1      1  sim
  sem_fz        4  3      1  NAO (aceita por decisao)
  posterior8    4  4      0  sim
  ocular4       2  2      0  sim
  6 grupos de alvos (semente 42), pool = 98 sujeitos:
    grupo 1: [3, 22, 57, 102, 107]
    grupo 2: [7, 52, 71, 79, 109]
    grupo 3: [12, 34, 60, 91, 95]
    grupo 4: [25, 31, 87, 106, 108]
    grupo 5: [41, 45, 63, 83, 105]
    grupo 6: [18, 49, 68, 76, 98]
  retomando: 2970 celulas ja concluidas sob 5cb6c6358c

==============================================================
  MONTAGEM sem_fz (8 canais) | MODELO csp_lda | 0min
==============================================================

BENCH_MONTAGENS_DONE (0min)
CUDA=True | montagens=['sem_fz'] | modelos=['fbcsp_svm'] | alvos=30 | folds=3
  contrato 5cb6c6358c | banda 4-40 Hz ordem 5 | CAR on | IQR k=1.5 | calib 48 | fases mi
  aninhamento 2<4<8<16<21<32<64 verificado
  montagem      E  D centro  simetria
  64           27 27     10  sim
  32           14 14      4  sim
  21            9  8      4  NAO (aceita por decisao)
  16            6  6      4  sim
  8             3  3      2  sim
  4             2  2      0  sim
  2             1  1      0  sim
  3             1  1      1  sim
  sem_fz        4  3      1  NAO (aceita por decisao)
  posterior8    4  4      0  sim
  ocular4       2  2      0  sim
  6 grupos de alvos (semente 42), pool = 98 sujeitos:
    grupo 1: [3, 22, 57, 102, 107]
    grupo 2: [7, 52, 71, 79, 109]
    grupo 3: [12, 34, 60, 91, 95]
    grupo 4: [25, 31, 87, 106, 108]
    grupo 5: [41, 45, 63, 83, 105]
    grupo 6: [18, 49, 68, 76, 98]
  retomando: 2970 celulas ja concluidas sob 5cb6c6358c

==============================================================
  MONTAGEM sem_fz (8 canais) | MODELO fbcsp_svm | 0min
==============================================================

BENCH_MONTAGENS_DONE (0min)
CUDA=True | montagens=['sem_fz'] | modelos=['riemannian'] | alvos=30 | folds=3
  contrato 5cb6c6358c | banda 4-40 Hz ordem 5 | CAR on | IQR k=1.5 | calib 48 | fases mi
  aninhamento 2<4<8<16<21<32<64 verificado
  montagem      E  D centro  simetria
  64           27 27     10  sim
  32           14 14      4  sim
  21            9  8      4  NAO (aceita por decisao)
  16            6  6      4  sim
  8             3  3      2  sim
  4             2  2      0  sim
  2             1  1      0  sim
  3             1  1      1  sim
  sem_fz        4  3      1  NAO (aceita por decisao)
  posterior8    4  4      0  sim
  ocular4       2  2      0  sim
  celulas gemeas pendentes: riemannian.banda_do_artigo (rodar de novo com --banda 8 30)
  6 grupos de alvos (semente 42), pool = 98 sujeitos:
    grupo 1: [3, 22, 57, 102, 107]
    grupo 2: [7, 52, 71, 79, 109]
    grupo 3: [12, 34, 60, 91, 95]
    grupo 4: [25, 31, 87, 106, 108]
    grupo 5: [41, 45, 63, 83, 105]
    grupo 6: [18, 49, 68, 76, 98]
  retomando: 2970 celulas ja concluidas sob 5cb6c6358c

==============================================================
  MONTAGEM sem_fz (8 canais) | MODELO riemannian | 0min
==============================================================

BENCH_MONTAGENS_DONE (0min)
CUDA=True | montagens=['ocular4'] | modelos=['csp_lda'] | alvos=30 | folds=3
  contrato 5cb6c6358c | banda 4-40 Hz ordem 5 | CAR on | IQR k=1.5 | calib 48 | fases mi
  aninhamento 2<4<8<16<21<32<64 verificado
  montagem      E  D centro  simetria
  64           27 27     10  sim
  32           14 14      4  sim
  21            9  8      4  NAO (aceita por decisao)
  16            6  6      4  sim
  8             3  3      2  sim
  4             2  2      0  sim
  2             1  1      0  sim
  3             1  1      1  sim
  sem_fz        4  3      1  NAO (aceita por decisao)
  posterior8    4  4      0  sim
  ocular4       2  2      0  sim
  6 grupos de alvos (semente 42), pool = 98 sujeitos:
    grupo 1: [3, 22, 57, 102, 107]
    grupo 2: [7, 52, 71, 79, 109]
    grupo 3: [12, 34, 60, 91, 95]
    grupo 4: [25, 31, 87, 106, 108]
    grupo 5: [41, 45, 63, 83, 105]
    grupo 6: [18, 49, 68, 76, 98]
  retomando: 2970 celulas ja concluidas sob 5cb6c6358c

==============================================================
  MONTAGEM ocular4 (4 canais) | MODELO csp_lda | 0min
==============================================================

BENCH_MONTAGENS_DONE (0min)
CUDA=True | montagens=['ocular4'] | modelos=['fbcsp_svm'] | alvos=30 | folds=3
  contrato 5cb6c6358c | banda 4-40 Hz ordem 5 | CAR on | IQR k=1.5 | calib 48 | fases mi
  aninhamento 2<4<8<16<21<32<64 verificado
  montagem      E  D centro  simetria
  64           27 27     10  sim
  32           14 14      4  sim
  21            9  8      4  NAO (aceita por decisao)
  16            6  6      4  sim
  8             3  3      2  sim
  4             2  2      0  sim
  2             1  1      0  sim
  3             1  1      1  sim
  sem_fz        4  3      1  NAO (aceita por decisao)
  posterior8    4  4      0  sim
  ocular4       2  2      0  sim
  6 grupos de alvos (semente 42), pool = 98 sujeitos:
    grupo 1: [3, 22, 57, 102, 107]
    grupo 2: [7, 52, 71, 79, 109]
    grupo 3: [12, 34, 60, 91, 95]
    grupo 4: [25, 31, 87, 106, 108]
    grupo 5: [41, 45, 63, 83, 105]
    grupo 6: [18, 49, 68, 76, 98]
  retomando: 2970 celulas ja concluidas sob 5cb6c6358c

==============================================================
  MONTAGEM ocular4 (4 canais) | MODELO fbcsp_svm | 0min
==============================================================

BENCH_MONTAGENS_DONE (0min)
CUDA=True | montagens=['ocular4'] | modelos=['riemannian'] | alvos=30 | folds=3
  contrato 5cb6c6358c | banda 4-40 Hz ordem 5 | CAR on | IQR k=1.5 | calib 48 | fases mi
  aninhamento 2<4<8<16<21<32<64 verificado
  montagem      E  D centro  simetria
  64           27 27     10  sim
  32           14 14      4  sim
  21            9  8      4  NAO (aceita por decisao)
  16            6  6      4  sim
  8             3  3      2  sim
  4             2  2      0  sim
  2             1  1      0  sim
  3             1  1      1  sim
  sem_fz        4  3      1  NAO (aceita por decisao)
  posterior8    4  4      0  sim
  ocular4       2  2      0  sim
  celulas gemeas pendentes: riemannian.banda_do_artigo (rodar de novo com --banda 8 30)
  6 grupos de alvos (semente 42), pool = 98 sujeitos:
    grupo 1: [3, 22, 57, 102, 107]
    grupo 2: [7, 52, 71, 79, 109]
    grupo 3: [12, 34, 60, 91, 95]
    grupo 4: [25, 31, 87, 106, 108]
    grupo 5: [41, 45, 63, 83, 105]
    grupo 6: [18, 49, 68, 76, 98]
  retomando: 2970 celulas ja concluidas sob 5cb6c6358c

==============================================================
  MONTAGEM ocular4 (4 canais) | MODELO riemannian | 0min
==============================================================

BENCH_MONTAGENS_DONE (0min)
CUDA=True | montagens=['8'] | modelos=['csp_lda'] | alvos=30 | folds=3
  contrato 5cb6c6358c | banda 4-40 Hz ordem 5 | CAR on | IQR k=1.5 | calib 48 | fases mi
  aninhamento 2<4<8<16<21<32<64 verificado
  montagem      E  D centro  simetria
  64           27 27     10  sim
  32           14 14      4  sim
  21            9  8      4  NAO (aceita por decisao)
  16            6  6      4  sim
  8             3  3      2  sim
  4             2  2      0  sim
  2             1  1      0  sim
  3             1  1      1  sim
  sem_fz        4  3      1  NAO (aceita por decisao)
  posterior8    4  4      0  sim
  ocular4       2  2      0  sim
  6 grupos de alvos (semente 42), pool = 98 sujeitos:
    grupo 1: [3, 22, 57, 102, 107]
    grupo 2: [7, 52, 71, 79, 109]
    grupo 3: [12, 34, 60, 91, 95]
    grupo 4: [25, 31, 87, 106, 108]
    grupo 5: [41, 45, 63, 83, 105]
    grupo 6: [18, 49, 68, 76, 98]
  retomando: 2970 celulas ja concluidas sob 5cb6c6358c

==============================================================
  MONTAGEM 8 (8 canais) | MODELO csp_lda | 0min
==============================================================

BENCH_MONTAGENS_DONE (0min)
CUDA=True | montagens=['8'] | modelos=['fbcsp_svm'] | alvos=30 | folds=3
  contrato 5cb6c6358c | banda 4-40 Hz ordem 5 | CAR on | IQR k=1.5 | calib 48 | fases mi
  aninhamento 2<4<8<16<21<32<64 verificado
  montagem      E  D centro  simetria
  64           27 27     10  sim
  32           14 14      4  sim
  21            9  8      4  NAO (aceita por decisao)
  16            6  6      4  sim
  8             3  3      2  sim
  4             2  2      0  sim
  2             1  1      0  sim
  3             1  1      1  sim
  sem_fz        4  3      1  NAO (aceita por decisao)
  posterior8    4  4      0  sim
  ocular4       2  2      0  sim
  6 grupos de alvos (semente 42), pool = 98 sujeitos:
    grupo 1: [3, 22, 57, 102, 107]
    grupo 2: [7, 52, 71, 79, 109]
    grupo 3: [12, 34, 60, 91, 95]
    grupo 4: [25, 31, 87, 106, 108]
    grupo 5: [41, 45, 63, 83, 105]
    grupo 6: [18, 49, 68, 76, 98]
  retomando: 2970 celulas ja concluidas sob 5cb6c6358c

==============================================================
  MONTAGEM 8 (8 canais) | MODELO fbcsp_svm | 0min
==============================================================

BENCH_MONTAGENS_DONE (0min)
CUDA=True | montagens=['8'] | modelos=['riemannian'] | alvos=30 | folds=3
  contrato 5cb6c6358c | banda 4-40 Hz ordem 5 | CAR on | IQR k=1.5 | calib 48 | fases mi
  aninhamento 2<4<8<16<21<32<64 verificado
  montagem      E  D centro  simetria
  64           27 27     10  sim
  32           14 14      4  sim
  21            9  8      4  NAO (aceita por decisao)
  16            6  6      4  sim
  8             3  3      2  sim
  4             2  2      0  sim
  2             1  1      0  sim
  3             1  1      1  sim
  sem_fz        4  3      1  NAO (aceita por decisao)
  posterior8    4  4      0  sim
  ocular4       2  2      0  sim
  celulas gemeas pendentes: riemannian.banda_do_artigo (rodar de novo com --banda 8 30)
  6 grupos de alvos (semente 42), pool = 98 sujeitos:
    grupo 1: [3, 22, 57, 102, 107]
    grupo 2: [7, 52, 71, 79, 109]
    grupo 3: [12, 34, 60, 91, 95]
    grupo 4: [25, 31, 87, 106, 108]
    grupo 5: [41, 45, 63, 83, 105]
    grupo 6: [18, 49, 68, 76, 98]
  retomando: 2970 celulas ja concluidas sob 5cb6c6358c

==============================================================
  MONTAGEM 8 (8 canais) | MODELO riemannian | 0min
==============================================================

BENCH_MONTAGENS_DONE (0min)
CUDA=True | montagens=['64'] | modelos=['csp_lda'] | alvos=30 | folds=3
  contrato 5cb6c6358c | banda 4-40 Hz ordem 5 | CAR on | IQR k=1.5 | calib 48 | fases mi
  aninhamento 2<4<8<16<21<32<64 verificado
  montagem      E  D centro  simetria
  64           27 27     10  sim
  32           14 14      4  sim
  21            9  8      4  NAO (aceita por decisao)
  16            6  6      4  sim
  8             3  3      2  sim
  4             2  2      0  sim
  2             1  1      0  sim
  3             1  1      1  sim
  sem_fz        4  3      1  NAO (aceita por decisao)
  posterior8    4  4      0  sim
  ocular4       2  2      0  sim
  6 grupos de alvos (semente 42), pool = 98 sujeitos:
    grupo 1: [3, 22, 57, 102, 107]
    grupo 2: [7, 52, 71, 79, 109]
    grupo 3: [12, 34, 60, 91, 95]
    grupo 4: [25, 31, 87, 106, 108]
    grupo 5: [41, 45, 63, 83, 105]
    grupo 6: [18, 49, 68, 76, 98]
  retomando: 2970 celulas ja concluidas sob 5cb6c6358c

==============================================================
  MONTAGEM 64 (64 canais) | MODELO csp_lda | 0min
==============================================================

BENCH_MONTAGENS_DONE (0min)
CUDA=True | montagens=['64'] | modelos=['fbcsp_svm'] | alvos=30 | folds=3
  contrato 5cb6c6358c | banda 4-40 Hz ordem 5 | CAR on | IQR k=1.5 | calib 48 | fases mi
  aninhamento 2<4<8<16<21<32<64 verificado
  montagem      E  D centro  simetria
  64           27 27     10  sim
  32           14 14      4  sim
  21            9  8      4  NAO (aceita por decisao)
  16            6  6      4  sim
  8             3  3      2  sim
  4             2  2      0  sim
  2             1  1      0  sim
  3             1  1      1  sim
  sem_fz        4  3      1  NAO (aceita por decisao)
  posterior8    4  4      0  sim
  ocular4       2  2      0  sim
  6 grupos de alvos (semente 42), pool = 98 sujeitos:
    grupo 1: [3, 22, 57, 102, 107]
    grupo 2: [7, 52, 71, 79, 109]
    grupo 3: [12, 34, 60, 91, 95]
    grupo 4: [25, 31, 87, 106, 108]
    grupo 5: [41, 45, 63, 83, 105]
    grupo 6: [18, 49, 68, 76, 98]
  retomando: 2970 celulas ja concluidas sob 5cb6c6358c

==============================================================
  MONTAGEM 64 (64 canais) | MODELO fbcsp_svm | 0min
==============================================================

BENCH_MONTAGENS_DONE (0min)
CUDA=True | montagens=['64'] | modelos=['riemannian'] | alvos=30 | folds=3
  contrato 5cb6c6358c | banda 4-40 Hz ordem 5 | CAR on | IQR k=1.5 | calib 48 | fases mi
  aninhamento 2<4<8<16<21<32<64 verificado
  montagem      E  D centro  simetria
  64           27 27     10  sim
  32           14 14      4  sim
  21            9  8      4  NAO (aceita por decisao)
  16            6  6      4  sim
  8             3  3      2  sim
  4             2  2      0  sim
  2             1  1      0  sim
  3             1  1      1  sim
  sem_fz        4  3      1  NAO (aceita por decisao)
  posterior8    4  4      0  sim
  ocular4       2  2      0  sim
  celulas gemeas pendentes: riemannian.banda_do_artigo (rodar de novo com --banda 8 30)
  6 grupos de alvos (semente 42), pool = 98 sujeitos:
    grupo 1: [3, 22, 57, 102, 107]
    grupo 2: [7, 52, 71, 79, 109]
    grupo 3: [12, 34, 60, 91, 95]
    grupo 4: [25, 31, 87, 106, 108]
    grupo 5: [41, 45, 63, 83, 105]
    grupo 6: [18, 49, 68, 76, 98]
  retomando: 2970 celulas ja concluidas sob 5cb6c6358c

==============================================================
  MONTAGEM 64 (64 canais) | MODELO riemannian | 0min
==============================================================

BENCH_MONTAGENS_DONE (0min)
CUDA=True | montagens=['2'] | modelos=['csp_lda'] | alvos=30 | folds=3
  contrato 5cb6c6358c | banda 4-40 Hz ordem 5 | CAR on | IQR k=1.5 | calib 48 | fases mi
  aninhamento 2<4<8<16<21<32<64 verificado
  montagem      E  D centro  simetria
  64           27 27     10  sim
  32           14 14      4  sim
  21            9  8      4  NAO (aceita por decisao)
  16            6  6      4  sim
  8             3  3      2  sim
  4             2  2      0  sim
  2             1  1      0  sim
  3             1  1      1  sim
  sem_fz        4  3      1  NAO (aceita por decisao)
  posterior8    4  4      0  sim
  ocular4       2  2      0  sim
  6 grupos de alvos (semente 42), pool = 98 sujeitos:
    grupo 1: [3, 22, 57, 102, 107]
    grupo 2: [7, 52, 71, 79, 109]
    grupo 3: [12, 34, 60, 91, 95]
    grupo 4: [25, 31, 87, 106, 108]
    grupo 5: [41, 45, 63, 83, 105]
    grupo 6: [18, 49, 68, 76, 98]
  retomando: 2970 celulas ja concluidas sob 5cb6c6358c

==============================================================
  MONTAGEM 2 (2 canais) | MODELO csp_lda | 0min
==============================================================

BENCH_MONTAGENS_DONE (0min)
CUDA=True | montagens=['2'] | modelos=['fbcsp_svm'] | alvos=30 | folds=3
  contrato 5cb6c6358c | banda 4-40 Hz ordem 5 | CAR on | IQR k=1.5 | calib 48 | fases mi
  aninhamento 2<4<8<16<21<32<64 verificado
  montagem      E  D centro  simetria
  64           27 27     10  sim
  32           14 14      4  sim
  21            9  8      4  NAO (aceita por decisao)
  16            6  6      4  sim
  8             3  3      2  sim
  4             2  2      0  sim
  2             1  1      0  sim
  3             1  1      1  sim
  sem_fz        4  3      1  NAO (aceita por decisao)
  posterior8    4  4      0  sim
  ocular4       2  2      0  sim
  6 grupos de alvos (semente 42), pool = 98 sujeitos:
    grupo 1: [3, 22, 57, 102, 107]
    grupo 2: [7, 52, 71, 79, 109]
    grupo 3: [12, 34, 60, 91, 95]
    grupo 4: [25, 31, 87, 106, 108]
    grupo 5: [41, 45, 63, 83, 105]
    grupo 6: [18, 49, 68, 76, 98]
  retomando: 2970 celulas ja concluidas sob 5cb6c6358c

==============================================================
  MONTAGEM 2 (2 canais) | MODELO fbcsp_svm | 0min
==============================================================

BENCH_MONTAGENS_DONE (0min)
CUDA=True | montagens=['2'] | modelos=['riemannian'] | alvos=30 | folds=3
  contrato 5cb6c6358c | banda 4-40 Hz ordem 5 | CAR on | IQR k=1.5 | calib 48 | fases mi
  aninhamento 2<4<8<16<21<32<64 verificado
  montagem      E  D centro  simetria
  64           27 27     10  sim
  32           14 14      4  sim
  21            9  8      4  NAO (aceita por decisao)
  16            6  6      4  sim
  8             3  3      2  sim
  4             2  2      0  sim
  2             1  1      0  sim
  3             1  1      1  sim
  sem_fz        4  3      1  NAO (aceita por decisao)
  posterior8    4  4      0  sim
  ocular4       2  2      0  sim
  celulas gemeas pendentes: riemannian.banda_do_artigo (rodar de novo com --banda 8 30)
  6 grupos de alvos (semente 42), pool = 98 sujeitos:
    grupo 1: [3, 22, 57, 102, 107]
    grupo 2: [7, 52, 71, 79, 109]
    grupo 3: [12, 34, 60, 91, 95]
    grupo 4: [25, 31, 87, 106, 108]
    grupo 5: [41, 45, 63, 83, 105]
    grupo 6: [18, 49, 68, 76, 98]
  retomando: 2970 celulas ja concluidas sob 5cb6c6358c

==============================================================
  MONTAGEM 2 (2 canais) | MODELO riemannian | 0min
==============================================================

BENCH_MONTAGENS_DONE (0min)
CUDA=True | montagens=['4'] | modelos=['csp_lda'] | alvos=30 | folds=3
  contrato 5cb6c6358c | banda 4-40 Hz ordem 5 | CAR on | IQR k=1.5 | calib 48 | fases mi
  aninhamento 2<4<8<16<21<32<64 verificado
  montagem      E  D centro  simetria
  64           27 27     10  sim
  32           14 14      4  sim
  21            9  8      4  NAO (aceita por decisao)
  16            6  6      4  sim
  8             3  3      2  sim
  4             2  2      0  sim
  2             1  1      0  sim
  3             1  1      1  sim
  sem_fz        4  3      1  NAO (aceita por decisao)
  posterior8    4  4      0  sim
  ocular4       2  2      0  sim
  6 grupos de alvos (semente 42), pool = 98 sujeitos:
    grupo 1: [3, 22, 57, 102, 107]
    grupo 2: [7, 52, 71, 79, 109]
    grupo 3: [12, 34, 60, 91, 95]
    grupo 4: [25, 31, 87, 106, 108]
    grupo 5: [41, 45, 63, 83, 105]
    grupo 6: [18, 49, 68, 76, 98]
  retomando: 2970 celulas ja concluidas sob 5cb6c6358c

==============================================================
  MONTAGEM 4 (4 canais) | MODELO csp_lda | 0min
==============================================================

BENCH_MONTAGENS_DONE (0min)
CUDA=True | montagens=['4'] | modelos=['fbcsp_svm'] | alvos=30 | folds=3
  contrato 5cb6c6358c | banda 4-40 Hz ordem 5 | CAR on | IQR k=1.5 | calib 48 | fases mi
  aninhamento 2<4<8<16<21<32<64 verificado
  montagem      E  D centro  simetria
  64           27 27     10  sim
  32           14 14      4  sim
  21            9  8      4  NAO (aceita por decisao)
  16            6  6      4  sim
  8             3  3      2  sim
  4             2  2      0  sim
  2             1  1      0  sim
  3             1  1      1  sim
  sem_fz        4  3      1  NAO (aceita por decisao)
  posterior8    4  4      0  sim
  ocular4       2  2      0  sim
  6 grupos de alvos (semente 42), pool = 98 sujeitos:
    grupo 1: [3, 22, 57, 102, 107]
    grupo 2: [7, 52, 71, 79, 109]
    grupo 3: [12, 34, 60, 91, 95]
    grupo 4: [25, 31, 87, 106, 108]
    grupo 5: [41, 45, 63, 83, 105]
    grupo 6: [18, 49, 68, 76, 98]
  retomando: 2970 celulas ja concluidas sob 5cb6c6358c

==============================================================
  MONTAGEM 4 (4 canais) | MODELO fbcsp_svm | 0min
==============================================================

BENCH_MONTAGENS_DONE (0min)
CUDA=True | montagens=['4'] | modelos=['riemannian'] | alvos=30 | folds=3
  contrato 5cb6c6358c | banda 4-40 Hz ordem 5 | CAR on | IQR k=1.5 | calib 48 | fases mi
  aninhamento 2<4<8<16<21<32<64 verificado
  montagem      E  D centro  simetria
  64           27 27     10  sim
  32           14 14      4  sim
  21            9  8      4  NAO (aceita por decisao)
  16            6  6      4  sim
  8             3  3      2  sim
  4             2  2      0  sim
  2             1  1      0  sim
  3             1  1      1  sim
  sem_fz        4  3      1  NAO (aceita por decisao)
  posterior8    4  4      0  sim
  ocular4       2  2      0  sim
  celulas gemeas pendentes: riemannian.banda_do_artigo (rodar de novo com --banda 8 30)
  6 grupos de alvos (semente 42), pool = 98 sujeitos:
    grupo 1: [3, 22, 57, 102, 107]
    grupo 2: [7, 52, 71, 79, 109]
    grupo 3: [12, 34, 60, 91, 95]
    grupo 4: [25, 31, 87, 106, 108]
    grupo 5: [41, 45, 63, 83, 105]
    grupo 6: [18, 49, 68, 76, 98]
  retomando: 2970 celulas ja concluidas sob 5cb6c6358c

==============================================================
  MONTAGEM 4 (4 canais) | MODELO riemannian | 0min
==============================================================

BENCH_MONTAGENS_DONE (0min)
CUDA=True | montagens=['3'] | modelos=['csp_lda'] | alvos=30 | folds=3
  contrato 5cb6c6358c | banda 4-40 Hz ordem 5 | CAR on | IQR k=1.5 | calib 48 | fases mi
  aninhamento 2<4<8<16<21<32<64 verificado
  montagem      E  D centro  simetria
  64           27 27     10  sim
  32           14 14      4  sim
  21            9  8      4  NAO (aceita por decisao)
  16            6  6      4  sim
  8             3  3      2  sim
  4             2  2      0  sim
  2             1  1      0  sim
  3             1  1      1  sim
  sem_fz        4  3      1  NAO (aceita por decisao)
  posterior8    4  4      0  sim
  ocular4       2  2      0  sim
  6 grupos de alvos (semente 42), pool = 98 sujeitos:
    grupo 1: [3, 22, 57, 102, 107]
    grupo 2: [7, 52, 71, 79, 109]
    grupo 3: [12, 34, 60, 91, 95]
    grupo 4: [25, 31, 87, 106, 108]
    grupo 5: [41, 45, 63, 83, 105]
    grupo 6: [18, 49, 68, 76, 98]
  retomando: 2970 celulas ja concluidas sob 5cb6c6358c

==============================================================
  MONTAGEM 3 (3 canais) | MODELO csp_lda | 0min
==============================================================

BENCH_MONTAGENS_DONE (0min)
CUDA=True | montagens=['3'] | modelos=['fbcsp_svm'] | alvos=30 | folds=3
  contrato 5cb6c6358c | banda 4-40 Hz ordem 5 | CAR on | IQR k=1.5 | calib 48 | fases mi
  aninhamento 2<4<8<16<21<32<64 verificado
  montagem      E  D centro  simetria
  64           27 27     10  sim
  32           14 14      4  sim
  21            9  8      4  NAO (aceita por decisao)
  16            6  6      4  sim
  8             3  3      2  sim
  4             2  2      0  sim
  2             1  1      0  sim
  3             1  1      1  sim
  sem_fz        4  3      1  NAO (aceita por decisao)
  posterior8    4  4      0  sim
  ocular4       2  2      0  sim
  6 grupos de alvos (semente 42), pool = 98 sujeitos:
    grupo 1: [3, 22, 57, 102, 107]
    grupo 2: [7, 52, 71, 79, 109]
    grupo 3: [12, 34, 60, 91, 95]
    grupo 4: [25, 31, 87, 106, 108]
    grupo 5: [41, 45, 63, 83, 105]
    grupo 6: [18, 49, 68, 76, 98]
  retomando: 2970 celulas ja concluidas sob 5cb6c6358c

==============================================================
  MONTAGEM 3 (3 canais) | MODELO fbcsp_svm | 0min
==============================================================

BENCH_MONTAGENS_DONE (0min)
CUDA=True | montagens=['3'] | modelos=['riemannian'] | alvos=30 | folds=3
  contrato 5cb6c6358c | banda 4-40 Hz ordem 5 | CAR on | IQR k=1.5 | calib 48 | fases mi
  aninhamento 2<4<8<16<21<32<64 verificado
  montagem      E  D centro  simetria
  64           27 27     10  sim
  32           14 14      4  sim
  21            9  8      4  NAO (aceita por decisao)
  16            6  6      4  sim
  8             3  3      2  sim
  4             2  2      0  sim
  2             1  1      0  sim
  3             1  1      1  sim
  sem_fz        4  3      1  NAO (aceita por decisao)
  posterior8    4  4      0  sim
  ocular4       2  2      0  sim
  celulas gemeas pendentes: riemannian.banda_do_artigo (rodar de novo com --banda 8 30)
  6 grupos de alvos (semente 42), pool = 98 sujeitos:
    grupo 1: [3, 22, 57, 102, 107]
    grupo 2: [7, 52, 71, 79, 109]
    grupo 3: [12, 34, 60, 91, 95]
    grupo 4: [25, 31, 87, 106, 108]
    grupo 5: [41, 45, 63, 83, 105]
    grupo 6: [18, 49, 68, 76, 98]
  retomando: 2970 celulas ja concluidas sob 5cb6c6358c

==============================================================
  MONTAGEM 3 (3 canais) | MODELO riemannian | 0min
==============================================================

BENCH_MONTAGENS_DONE (0min)
CUDA=True | montagens=['16'] | modelos=['csp_lda'] | alvos=30 | folds=3
  contrato 5cb6c6358c | banda 4-40 Hz ordem 5 | CAR on | IQR k=1.5 | calib 48 | fases mi
  aninhamento 2<4<8<16<21<32<64 verificado
  montagem      E  D centro  simetria
  64           27 27     10  sim
  32           14 14      4  sim
  21            9  8      4  NAO (aceita por decisao)
  16            6  6      4  sim
  8             3  3      2  sim
  4             2  2      0  sim
  2             1  1      0  sim
  3             1  1      1  sim
  sem_fz        4  3      1  NAO (aceita por decisao)
  posterior8    4  4      0  sim
  ocular4       2  2      0  sim
  6 grupos de alvos (semente 42), pool = 98 sujeitos:
    grupo 1: [3, 22, 57, 102, 107]
    grupo 2: [7, 52, 71, 79, 109]
    grupo 3: [12, 34, 60, 91, 95]
    grupo 4: [25, 31, 87, 106, 108]
    grupo 5: [41, 45, 63, 83, 105]
    grupo 6: [18, 49, 68, 76, 98]
  retomando: 2970 celulas ja concluidas sob 5cb6c6358c

==============================================================
  MONTAGEM 16 (16 canais) | MODELO csp_lda | 0min
==============================================================

BENCH_MONTAGENS_DONE (0min)
CUDA=True | montagens=['16'] | modelos=['fbcsp_svm'] | alvos=30 | folds=3
  contrato 5cb6c6358c | banda 4-40 Hz ordem 5 | CAR on | IQR k=1.5 | calib 48 | fases mi
  aninhamento 2<4<8<16<21<32<64 verificado
  montagem      E  D centro  simetria
  64           27 27     10  sim
  32           14 14      4  sim
  21            9  8      4  NAO (aceita por decisao)
  16            6  6      4  sim
  8             3  3      2  sim
  4             2  2      0  sim
  2             1  1      0  sim
  3             1  1      1  sim
  sem_fz        4  3      1  NAO (aceita por decisao)
  posterior8    4  4      0  sim
  ocular4       2  2      0  sim
  6 grupos de alvos (semente 42), pool = 98 sujeitos:
    grupo 1: [3, 22, 57, 102, 107]
    grupo 2: [7, 52, 71, 79, 109]
    grupo 3: [12, 34, 60, 91, 95]
    grupo 4: [25, 31, 87, 106, 108]
    grupo 5: [41, 45, 63, 83, 105]
    grupo 6: [18, 49, 68, 76, 98]
  retomando: 2970 celulas ja concluidas sob 5cb6c6358c

==============================================================
  MONTAGEM 16 (16 canais) | MODELO fbcsp_svm | 0min
==============================================================

BENCH_MONTAGENS_DONE (0min)
CUDA=True | montagens=['16'] | modelos=['riemannian'] | alvos=30 | folds=3
  contrato 5cb6c6358c | banda 4-40 Hz ordem 5 | CAR on | IQR k=1.5 | calib 48 | fases mi
  aninhamento 2<4<8<16<21<32<64 verificado
  montagem      E  D centro  simetria
  64           27 27     10  sim
  32           14 14      4  sim
  21            9  8      4  NAO (aceita por decisao)
  16            6  6      4  sim
  8             3  3      2  sim
  4             2  2      0  sim
  2             1  1      0  sim
  3             1  1      1  sim
  sem_fz        4  3      1  NAO (aceita por decisao)
  posterior8    4  4      0  sim
  ocular4       2  2      0  sim
  celulas gemeas pendentes: riemannian.banda_do_artigo (rodar de novo com --banda 8 30)
  6 grupos de alvos (semente 42), pool = 98 sujeitos:
    grupo 1: [3, 22, 57, 102, 107]
    grupo 2: [7, 52, 71, 79, 109]
    grupo 3: [12, 34, 60, 91, 95]
    grupo 4: [25, 31, 87, 106, 108]
    grupo 5: [41, 45, 63, 83, 105]
    grupo 6: [18, 49, 68, 76, 98]
  retomando: 2970 celulas ja concluidas sob 5cb6c6358c

==============================================================
  MONTAGEM 16 (16 canais) | MODELO riemannian | 0min
==============================================================

BENCH_MONTAGENS_DONE (0min)
CUDA=True | montagens=['21'] | modelos=['csp_lda'] | alvos=30 | folds=3
  contrato 5cb6c6358c | banda 4-40 Hz ordem 5 | CAR on | IQR k=1.5 | calib 48 | fases mi
  aninhamento 2<4<8<16<21<32<64 verificado
  montagem      E  D centro  simetria
  64           27 27     10  sim
  32           14 14      4  sim
  21            9  8      4  NAO (aceita por decisao)
  16            6  6      4  sim
  8             3  3      2  sim
  4             2  2      0  sim
  2             1  1      0  sim
  3             1  1      1  sim
  sem_fz        4  3      1  NAO (aceita por decisao)
  posterior8    4  4      0  sim
  ocular4       2  2      0  sim
  6 grupos de alvos (semente 42), pool = 98 sujeitos:
    grupo 1: [3, 22, 57, 102, 107]
    grupo 2: [7, 52, 71, 79, 109]
    grupo 3: [12, 34, 60, 91, 95]
    grupo 4: [25, 31, 87, 106, 108]
    grupo 5: [41, 45, 63, 83, 105]
    grupo 6: [18, 49, 68, 76, 98]
  retomando: 2970 celulas ja concluidas sob 5cb6c6358c

==============================================================
  MONTAGEM 21 (21 canais) | MODELO csp_lda | 0min
==============================================================

BENCH_MONTAGENS_DONE (0min)
CUDA=True | montagens=['21'] | modelos=['fbcsp_svm'] | alvos=30 | folds=3
  contrato 5cb6c6358c | banda 4-40 Hz ordem 5 | CAR on | IQR k=1.5 | calib 48 | fases mi
  aninhamento 2<4<8<16<21<32<64 verificado
  montagem      E  D centro  simetria
  64           27 27     10  sim
  32           14 14      4  sim
  21            9  8      4  NAO (aceita por decisao)
  16            6  6      4  sim
  8             3  3      2  sim
  4             2  2      0  sim
  2             1  1      0  sim
  3             1  1      1  sim
  sem_fz        4  3      1  NAO (aceita por decisao)
  posterior8    4  4      0  sim
  ocular4       2  2      0  sim
  6 grupos de alvos (semente 42), pool = 98 sujeitos:
    grupo 1: [3, 22, 57, 102, 107]
    grupo 2: [7, 52, 71, 79, 109]
    grupo 3: [12, 34, 60, 91, 95]
    grupo 4: [25, 31, 87, 106, 108]
    grupo 5: [41, 45, 63, 83, 105]
    grupo 6: [18, 49, 68, 76, 98]
  retomando: 2970 celulas ja concluidas sob 5cb6c6358c

==============================================================
  MONTAGEM 21 (21 canais) | MODELO fbcsp_svm | 0min
==============================================================

BENCH_MONTAGENS_DONE (0min)
CUDA=True | montagens=['21'] | modelos=['riemannian'] | alvos=30 | folds=3
  contrato 5cb6c6358c | banda 4-40 Hz ordem 5 | CAR on | IQR k=1.5 | calib 48 | fases mi
  aninhamento 2<4<8<16<21<32<64 verificado
  montagem      E  D centro  simetria
  64           27 27     10  sim
  32           14 14      4  sim
  21            9  8      4  NAO (aceita por decisao)
  16            6  6      4  sim
  8             3  3      2  sim
  4             2  2      0  sim
  2             1  1      0  sim
  3             1  1      1  sim
  sem_fz        4  3      1  NAO (aceita por decisao)
  posterior8    4  4      0  sim
  ocular4       2  2      0  sim
  celulas gemeas pendentes: riemannian.banda_do_artigo (rodar de novo com --banda 8 30)
  6 grupos de alvos (semente 42), pool = 98 sujeitos:
    grupo 1: [3, 22, 57, 102, 107]
    grupo 2: [7, 52, 71, 79, 109]
    grupo 3: [12, 34, 60, 91, 95]
    grupo 4: [25, 31, 87, 106, 108]
    grupo 5: [41, 45, 63, 83, 105]
    grupo 6: [18, 49, 68, 76, 98]
  retomando: 2970 celulas ja concluidas sob 5cb6c6358c

==============================================================
  MONTAGEM 21 (21 canais) | MODELO riemannian | 0min
==============================================================

BENCH_MONTAGENS_DONE (0min)
CUDA=True | montagens=['32'] | modelos=['csp_lda'] | alvos=30 | folds=3
  contrato 5cb6c6358c | banda 4-40 Hz ordem 5 | CAR on | IQR k=1.5 | calib 48 | fases mi
  aninhamento 2<4<8<16<21<32<64 verificado
  montagem      E  D centro  simetria
  64           27 27     10  sim
  32           14 14      4  sim
  21            9  8      4  NAO (aceita por decisao)
  16            6  6      4  sim
  8             3  3      2  sim
  4             2  2      0  sim
  2             1  1      0  sim
  3             1  1      1  sim
  sem_fz        4  3      1  NAO (aceita por decisao)
  posterior8    4  4      0  sim
  ocular4       2  2      0  sim
  6 grupos de alvos (semente 42), pool = 98 sujeitos:
    grupo 1: [3, 22, 57, 102, 107]
    grupo 2: [7, 52, 71, 79, 109]
    grupo 3: [12, 34, 60, 91, 95]
    grupo 4: [25, 31, 87, 106, 108]
    grupo 5: [41, 45, 63, 83, 105]
    grupo 6: [18, 49, 68, 76, 98]
  retomando: 2970 celulas ja concluidas sob 5cb6c6358c

==============================================================
  MONTAGEM 32 (32 canais) | MODELO csp_lda | 0min
==============================================================

BENCH_MONTAGENS_DONE (0min)
CUDA=True | montagens=['32'] | modelos=['fbcsp_svm'] | alvos=30 | folds=3
  contrato 5cb6c6358c | banda 4-40 Hz ordem 5 | CAR on | IQR k=1.5 | calib 48 | fases mi
  aninhamento 2<4<8<16<21<32<64 verificado
  montagem      E  D centro  simetria
  64           27 27     10  sim
  32           14 14      4  sim
  21            9  8      4  NAO (aceita por decisao)
  16            6  6      4  sim
  8             3  3      2  sim
  4             2  2      0  sim
  2             1  1      0  sim
  3             1  1      1  sim
  sem_fz        4  3      1  NAO (aceita por decisao)
  posterior8    4  4      0  sim
  ocular4       2  2      0  sim
  6 grupos de alvos (semente 42), pool = 98 sujeitos:
    grupo 1: [3, 22, 57, 102, 107]
    grupo 2: [7, 52, 71, 79, 109]
    grupo 3: [12, 34, 60, 91, 95]
    grupo 4: [25, 31, 87, 106, 108]
    grupo 5: [41, 45, 63, 83, 105]
    grupo 6: [18, 49, 68, 76, 98]
  retomando: 2970 celulas ja concluidas sob 5cb6c6358c

==============================================================
  MONTAGEM 32 (32 canais) | MODELO fbcsp_svm | 0min
==============================================================

BENCH_MONTAGENS_DONE (0min)
CUDA=True | montagens=['32'] | modelos=['riemannian'] | alvos=30 | folds=3
  contrato 5cb6c6358c | banda 4-40 Hz ordem 5 | CAR on | IQR k=1.5 | calib 48 | fases mi
  aninhamento 2<4<8<16<21<32<64 verificado
  montagem      E  D centro  simetria
  64           27 27     10  sim
  32           14 14      4  sim
  21            9  8      4  NAO (aceita por decisao)
  16            6  6      4  sim
  8             3  3      2  sim
  4             2  2      0  sim
  2             1  1      0  sim
  3             1  1      1  sim
  sem_fz        4  3      1  NAO (aceita por decisao)
  posterior8    4  4      0  sim
  ocular4       2  2      0  sim
  celulas gemeas pendentes: riemannian.banda_do_artigo (rodar de novo com --banda 8 30)
  6 grupos de alvos (semente 42), pool = 98 sujeitos:
    grupo 1: [3, 22, 57, 102, 107]
    grupo 2: [7, 52, 71, 79, 109]
    grupo 3: [12, 34, 60, 91, 95]
    grupo 4: [25, 31, 87, 106, 108]
    grupo 5: [41, 45, 63, 83, 105]
    grupo 6: [18, 49, 68, 76, 98]
  retomando: 2970 celulas ja concluidas sob 5cb6c6358c

==============================================================
  MONTAGEM 32 (32 canais) | MODELO riemannian | 0min
==============================================================

BENCH_MONTAGENS_DONE (0min)
